"Commodity","Category","Item","Units","Size","Region","Country","Year","Value","Survey base year"
"Barley","Allocated overhead","Opportunity cost of land","dollars per planted acre","No specific size","Northern Crescent","United States",2025,110.88,"Base survey of 2019"
"Barley","Allocated overhead","Taxes and insurance","dollars per planted acre","No specific size","U.S. total","United States",2025,16.33,"Base survey of 2019"
"Barley","Gross value of production","Total, gross value of production","dollars per planted acre","No specific size","Northern Great Plains","United States",2025,294.68,"Base survey of 2019"
"Barley","Allocated overhead","Opportunity cost of unpaid labor","dollars per planted acre","No specific size","U.S. total","United States",2025,20.94,"Base survey of 2019"
"Barley","Supporting information","Enterprise size","planted acres","No specific size","Basin and Range","United States",2025,329,"Base survey of 2019"
"Barley","Gross value of production","Secondary product, silage/straw/grazing","dollars per planted acre","No specific size","U.S. total","United States",2025,15.17,"Base survey of 2019"
"Barley","Net value","Value of production less operating costs","dollars per planted acre","No specific size","Fruitful Rim","United States",2025,338.98,"Base survey of 2019"
"Barley","Operating costs","Fertilizer  ","dollars per planted acre","No specific size","U.S. total","United States",2025,68.13,"Base survey of 2019"
"Barley","Gross value of production","Secondary product, silage/straw/grazing","dollars per planted acre","No specific size","Fruitful Rim","United States",2025,37.05,"Base survey of 2019"
"Barley","Operating costs","Interest on operating inputs","dollars per planted acre","No specific size","Fruitful Rim","United States",2025,4.74,"Base survey of 2019"
"Barley","Operating costs","Repairs","dollars per planted acre","No specific size","Northern Crescent","United States",2025,26.1,"Base survey of 2019"
"Barley","Allocated overhead","Hired labor","dollars per planted acre","No specific size","Basin and Range","United States",2025,7.56,"Base survey of 2019"
"Barley","Allocated overhead","Taxes and insurance","dollars per planted acre","No specific size","Northern Crescent","United States",2025,22.18,"Base survey of 2019"
"Barley","Costs listed","Total, costs listed","dollars per planted acre","No specific size","Basin and Range","United States",2025,553.34,"Base survey of 2019"
"Barley","Allocated overhead","Opportunity cost of unpaid labor","dollars per planted acre","No specific size","Basin and Range","United States",2025,20.89,"Base survey of 2019"
"Barley","Costs listed","Total, costs listed","dollars per planted acre","No specific size","Northern Great Plains","United States",2025,406.66,"Base survey of 2019"
"Barley","Allocated overhead","Total, allocated overhead","dollars per planted acre","No specific size","Basin and Range","United States",2025,320.19,"Base survey of 2019"
"Barley","Operating costs","Seed","dollars per planted acre","No specific size","Northern Crescent","United States",2025,36.9,"Base survey of 2019"
"Barley","Operating costs","Seed","dollars per planted acre","No specific size","Fruitful Rim","United States",2025,30.23,"Base survey of 2019"
"Barley","Operating costs","Fertilizer  ","dollars per planted acre","No specific size","Basin and Range","United States",2025,94.17,"Base survey of 2019"
"Barley","Supporting information","Enterprise size","planted acres","No specific size","Northern Great Plains","United States",2025,436,"Base survey of 2019"
"Barley","Costs listed","Total, costs listed","dollars per planted acre","No specific size","Northern Crescent","United States",2025,557.18,"Base survey of 2019"
"Barley","Gross value of production","Primary product, grain","dollars per planted acre","No specific size","U.S. total","United States",2025,358.82,"Base survey of 2019"
"Barley","Supporting information","Price","dollars per bushel at harvest","No specific size","Northern Great Plains","United States",2025,5.01,"Base survey of 2019"
"Barley","Operating costs","Interest on operating inputs","dollars per planted acre","No specific size","Basin and Range","United States",2025,4.53,"Base survey of 2019"
"Barley","Allocated overhead","Opportunity cost of land","dollars per planted acre","No specific size","Northern Great Plains","United States",2025,55.95,"Base survey of 2019"
"Barley","Operating costs","Fuel, lube, and electricity","dollars per planted acre","No specific size","Basin and Range","United States",2025,22.6,"Base survey of 2019"
"Barley","Net value","Value of production less total costs listed","dollars per planted acre","No specific size","Northern Great Plains","United States",2025,-111.98,"Base survey of 2019"
"Barley","Operating costs","Custom services","dollars per planted acre","No specific size","Northern Great Plains","United States",2025,6.08,"Base survey of 2019"
"Barley","Operating costs","Chemicals","dollars per planted acre","No specific size","U.S. total","United States",2025,24.87,"Base survey of 2019"
"Barley","Gross value of production","Primary product, grain","dollars per planted acre","No specific size","Basin and Range","United States",2025,378.93,"Base survey of 2019"
"Barley","Gross value of production","Total, gross value of production","dollars per planted acre","No specific size","Fruitful Rim","United States",2025,583.17,"Base survey of 2019"
"Barley","Allocated overhead","Opportunity cost of land","dollars per planted acre","No specific size","Basin and Range","United States",2025,84.46,"Base survey of 2019"
"Barley","Supporting information","Enterprise size","planted acres","No specific size","Northern Crescent","United States",2025,36,"Base survey of 2019"
"Barley","Net value","Value of production less operating costs","dollars per planted acre","No specific size","Northern Great Plains","United States",2025,143.47,"Base survey of 2019"
"Barley","Gross value of production","Secondary product, silage/straw/grazing","dollars per planted acre","No specific size","Basin and Range","United States",2025,9.08,"Base survey of 2019"
"Barley","Operating costs","Custom services","dollars per planted acre","No specific size","Basin and Range","United States",2025,7.9,"Base survey of 2019"
"Barley","Operating costs","Seed","dollars per planted acre","No specific size","Northern Great Plains","United States",2025,18.18,"Base survey of 2019"
"Barley","Operating costs","Fertilizer  ","dollars per planted acre","No specific size","Northern Crescent","United States",2025,102.07,"Base survey of 2019"
"Barley","Allocated overhead","Capital recovery of machinery and equipment","dollars per planted acre","No specific size","Northern Great Plains","United States",2025,146.76,"Base survey of 2019"
"Barley","Allocated overhead","General farm overhead","dollars per planted acre","No specific size","U.S. total","United States",2025,24.78,"Base survey of 2019"
"Barley","Supporting information","Enterprise size","planted acres","No specific size","U.S. total","United States",2025,282,"Base survey of 2019"
"Barley","Allocated overhead","General farm overhead","dollars per planted acre","No specific size","Northern Great Plains","United States",2025,19.55,"Base survey of 2019"
"Barley","Allocated overhead","Total, allocated overhead","dollars per planted acre","No specific size","Northern Crescent","United States",2025,316.5,"Base survey of 2019"
"Barley","Operating costs","Chemicals","dollars per planted acre","No specific size","Northern Crescent","United States",2025,17.05,"Base survey of 2019"
"Barley","Allocated overhead","Hired labor","dollars per planted acre","No specific size","Northern Crescent","United States",2025,3.38,"Base survey of 2019"
"Barley","Operating costs","Fuel, lube, and electricity","dollars per planted acre","No specific size","Northern Great Plains","United States",2025,11.02,"Base survey of 2019"
"Barley","Supporting information","Price","dollars per bushel at harvest","No specific size","Basin and Range","United States",2025,5.45,"Base survey of 2019"
"Barley","Operating costs","Other variable expenses  ","dollars per planted acre","No specific size","Fruitful Rim","United States",2025,9.43,"Base survey of 2019"
"Barley","Supporting information","Enterprise size","planted acres","No specific size","Fruitful Rim","United States",2025,215,"Base survey of 2019"
"Barley","Allocated overhead","Hired labor","dollars per planted acre","No specific size","Northern Great Plains","United States",2025,3.51,"Base survey of 2019"
"Barley","Operating costs","Chemicals","dollars per planted acre","No specific size","Northern Great Plains","United States",2025,25.45,"Base survey of 2019"
"Barley","Operating costs","Seed","dollars per planted acre","No specific size","U.S. total","United States",2025,24.2,"Base survey of 2019"
"Barley","Operating costs","Chemicals","dollars per planted acre","No specific size","Fruitful Rim","United States",2025,23.76,"Base survey of 2019"
"Barley","Allocated overhead","Opportunity cost of unpaid labor","dollars per planted acre","No specific size","Northern Great Plains","United States",2025,18.64,"Base survey of 2019"
"Barley","Operating costs","Other variable expenses  ","dollars per planted acre","No specific size","Northern Great Plains","United States",2025,0.47,"Base survey of 2019"
"Barley","Production practices","Irrigated","percent of acres","No specific size","Northern Crescent","United States",2025,0,"Base survey of 2019"
"Barley","Supporting information","Yield","bushels per planted acre","No specific size","U.S. total","United States",2025,68,"Base survey of 2019"
"Barley","Net value","Value of production less total costs listed","dollars per planted acre","No specific size","Northern Crescent","United States",2025,-242.95,"Base survey of 2019"
"Barley","Operating costs","Interest on operating inputs","dollars per planted acre","No specific size","Northern Great Plains","United States",2025,2.94,"Base survey of 2019"
"Barley","Production practices","Dryland","percent of acres","No specific size","Fruitful Rim","United States",2025,55,"Base survey of 2019"
"Barley","Production practices","Irrigated","percent of acres","No specific size","Basin and Range","United States",2025,31,"Base survey of 2019"
"Barley","Operating costs","Total, operating costs","dollars per planted acre","No specific size","Basin and Range","United States",2025,233.15,"Base survey of 2019"
"Barley","Allocated overhead","Capital recovery of machinery and equipment","dollars per planted acre","No specific size","Fruitful Rim","United States",2025,154.95,"Base survey of 2019"
"Barley","Gross value of production","Total, gross value of production","dollars per planted acre","No specific size","U.S. total","United States",2025,374,"Base survey of 2019"
"Barley","Operating costs","Total, operating costs","dollars per planted acre","No specific size","Fruitful Rim","United States",2025,244.19,"Base survey of 2019"
"Barley","Production practices","Dryland","percent of acres","No specific size","Northern Great Plains","United States",2025,98,"Base survey of 2019"
"Barley","Production practices","Dryland","percent of acres","No specific size","Northern Crescent","United States",2025,100,"Base survey of 2019"
"Barley","Production practices","Irrigated","percent of acres","No specific size","Northern Great Plains","United States",2025,2,"Base survey of 2019"
"Barley","Allocated overhead","Hired labor","dollars per planted acre","No specific size","Fruitful Rim","United States",2025,9.89,"Base survey of 2019"
"Barley","Allocated overhead","General farm overhead","dollars per planted acre","No specific size","Basin and Range","United States",2025,29.48,"Base survey of 2019"
"Barley","Allocated overhead","Total, allocated overhead","dollars per planted acre","No specific size","Fruitful Rim","United States",2025,442.03,"Base survey of 2019"
"Barley","Operating costs","Repairs","dollars per planted acre","No specific size","Northern Great Plains","United States",2025,33.02,"Base survey of 2019"
"Barley","Allocated overhead","Capital recovery of machinery and equipment","dollars per planted acre","No specific size","U.S. total","United States",2025,148.8,"Base survey of 2019"
"Barley","Allocated overhead","General farm overhead","dollars per planted acre","No specific size","Northern Crescent","United States",2025,45.71,"Base survey of 2019"
"Barley","Allocated overhead","Taxes and insurance","dollars per planted acre","No specific size","Northern Great Plains","United States",2025,11.04,"Base survey of 2019"
"Barley","Operating costs","Other variable expenses  ","dollars per planted acre","No specific size","U.S. total","United States",2025,3.5,"Base survey of 2019"
"Barley","Costs listed","Total, costs listed","dollars per planted acre","No specific size","Fruitful Rim","United States",2025,686.22,"Base survey of 2019"
"Barley","Net value","Value of production less total costs listed","dollars per planted acre","No specific size","Fruitful Rim","United States",2025,-103.05,"Base survey of 2019"
"Barley","Operating costs","Other variable expenses  ","dollars per planted acre","No specific size","Northern Crescent","United States",2025,3.7,"Base survey of 2019"
"Barley","Operating costs","Total, operating costs","dollars per planted acre","No specific size","Northern Crescent","United States",2025,240.68,"Base survey of 2019"
"Barley","Allocated overhead","General farm overhead","dollars per planted acre","No specific size","Fruitful Rim","United States",2025,32.48,"Base survey of 2019"
"Barley","Operating costs","Interest on operating inputs","dollars per planted acre","No specific size","Northern Crescent","United States",2025,4.67,"Base survey of 2019"
"Barley","Operating costs","Seed","dollars per planted acre","No specific size","Basin and Range","United States",2025,33.53,"Base survey of 2019"
"Barley","Net value","Value of production less operating costs","dollars per planted acre","No specific size","Basin and Range","United States",2025,154.85,"Base survey of 2019"
"Barley","Allocated overhead","Capital recovery of machinery and equipment","dollars per planted acre","No specific size","Basin and Range","United States",2025,154.45,"Base survey of 2019"
"Barley","Operating costs","Other variable expenses  ","dollars per planted acre","No specific size","Basin and Range","United States",2025,5.84,"Base survey of 2019"
"Barley","Operating costs","Repairs","dollars per planted acre","No specific size","Fruitful Rim","United States",2025,45.33,"Base survey of 2019"
"Barley","Allocated overhead","Taxes and insurance","dollars per planted acre","No specific size","Fruitful Rim","United States",2025,23.75,"Base survey of 2019"
"Barley","Net value","Value of production less operating costs","dollars per planted acre","No specific size","U.S. total","United States",2025,184.66,"Base survey of 2019"
"Barley","Operating costs","Fuel, lube, and electricity","dollars per planted acre","No specific size","Fruitful Rim","United States",2025,44.32,"Base survey of 2019"
"Barley","Supporting information","Price","dollars per bushel at harvest","No specific size","U.S. total","United States",2025,5.28,"Base survey of 2019"
"Barley","Allocated overhead","Opportunity cost of land","dollars per planted acre","No specific size","U.S. total","United States",2025,92.15,"Base survey of 2019"
"Barley","Costs listed","Total, costs listed","dollars per planted acre","No specific size","U.S. total","United States",2025,497.97,"Base survey of 2019"
"Barley","Production practices","Irrigated","percent of acres","No specific size","Fruitful Rim","United States",2025,45,"Base survey of 2019"
"Barley","Operating costs","Fertilizer  ","dollars per planted acre","No specific size","Northern Great Plains","United States",2025,54.05,"Base survey of 2019"
"Barley","Supporting information","Price","dollars per bushel at harvest","No specific size","Fruitful Rim","United States",2025,5.67,"Base survey of 2019"
"Barley","Gross value of production","Secondary product, silage/straw/grazing","dollars per planted acre","No specific size","Northern Great Plains","United States",2025,7.67,"Base survey of 2019"
"Barley","Operating costs","Total, operating costs","dollars per planted acre","No specific size","Northern Great Plains","United States",2025,151.21,"Base survey of 2019"
"Barley","Operating costs","Custom services","dollars per planted acre","No specific size","U.S. total","United States",2025,7.85,"Base survey of 2019"
"Barley","Allocated overhead","Total, allocated overhead","dollars per planted acre","No specific size","Northern Great Plains","United States",2025,255.45,"Base survey of 2019"
"Barley","Supporting information","Price","dollars per bushel at harvest","No specific size","Northern Crescent","United States",2025,4.55,"Base survey of 2019"
"Barley","Net value","Value of production less total costs listed","dollars per planted acre","No specific size","Basin and Range","United States",2025,-165.34,"Base survey of 2019"
"Barley","Allocated overhead","Total, allocated overhead","dollars per planted acre","No specific size","U.S. total","United States",2025,308.63,"Base survey of 2019"
"Barley","Allocated overhead","Capital recovery of machinery and equipment","dollars per planted acre","No specific size","Northern Crescent","United States",2025,108.39,"Base survey of 2019"
"Barley","Production practices","Dryland","percent of acres","No specific size","Basin and Range","United States",2025,69,"Base survey of 2019"
"Barley","Gross value of production","Primary product, grain","dollars per planted acre","No specific size","U.S. total","United States",2003,164.74,"Base survey of 2003"
"Barley","Gross value of production","Primary product, grain","dollars per planted acre","No specific size","U.S. total","United States",2004,161,"Base survey of 2003"
"Barley","Gross value of production","Primary product, grain","dollars per planted acre","No specific size","U.S. total","United States",2005,134.87,"Base survey of 2003"
"Barley","Gross value of production","Primary product, grain","dollars per planted acre","No specific size","U.S. total","United States",2006,134.64,"Base survey of 2003"
"Barley","Gross value of production","Primary product, grain","dollars per planted acre","No specific size","U.S. total","United States",2007,178.19,"Base survey of 2003"
"Barley","Gross value of production","Primary product, grain","dollars per planted acre","No specific size","U.S. total","United States",2008,289.19,"Base survey of 2003"
"Barley","Gross value of production","Primary product, grain","dollars per planted acre","No specific size","U.S. total","United States",2009,294.53,"Base survey of 2003"
"Barley","Gross value of production","Primary product, grain","dollars per planted acre","No specific size","U.S. total","United States",2010,238.9,"Base survey of 2003"
"Barley","Gross value of production","Primary product, grain","dollars per planted acre","No specific size","U.S. total","United States",2011,351.88,"Base survey of 2011"
"Barley","Gross value of production","Primary product, grain","dollars per planted acre","No specific size","U.S. total","United States",2012,413.09,"Base survey of 2011"
"Barley","Gross value of production","Primary product, grain","dollars per planted acre","No specific size","U.S. total","United States",2013,407.32,"Base survey of 2011"
"Barley","Gross value of production","Primary product, grain","dollars per planted acre","No specific size","U.S. total","United States",2014,355.23,"Base survey of 2011"
"Barley","Gross value of production","Primary product, grain","dollars per planted acre","No specific size","U.S. total","United States",2015,348.87,"Base survey of 2011"
"Barley","Gross value of production","Primary product, grain","dollars per planted acre","No specific size","U.S. total","United States",2016,336.78,"Base survey of 2011"
"Barley","Gross value of production","Primary product, grain","dollars per planted acre","No specific size","U.S. total","United States",2017,279.46,"Base survey of 2011"
"Barley","Gross value of production","Primary product, grain","dollars per planted acre","No specific size","U.S. total","United States",2018,303.74,"Base survey of 2011"
"Barley","Gross value of production","Primary product, grain","dollars per planted acre","No specific size","U.S. total","United States",2019,323.22,"Base survey of 2019"
"Barley","Gross value of production","Primary product, grain","dollars per planted acre","No specific size","U.S. total","United States",2020,313.93,"Base survey of 2019"
"Barley","Gross value of production","Primary product, grain","dollars per planted acre","No specific size","U.S. total","United States",2021,246.93,"Base survey of 2019"
"Barley","Gross value of production","Primary product, grain","dollars per planted acre","No specific size","U.S. total","United States",2022,493.01,"Base survey of 2019"
"Barley","Gross value of production","Primary product, grain","dollars per planted acre","No specific size","U.S. total","United States",2023,496.93,"Base survey of 2019"
"Barley","Gross value of production","Primary product, grain","dollars per planted acre","No specific size","U.S. total","United States",2024,421.57,"Base survey of 2019"
"Barley","Gross value of production","Primary product, grain","dollars per planted acre","No specific size","Heartland","United States",2003,153.44,"Base survey of 2003"
"Barley","Gross value of production","Primary product, grain","dollars per planted acre","No specific size","Heartland","United States",2004,109.74,"Base survey of 2003"
"Barley","Gross value of production","Primary product, grain","dollars per planted acre","No specific size","Heartland","United States",2005,74.84,"Base survey of 2003"
"Barley","Gross value of production","Primary product, grain","dollars per planted acre","No specific size","Heartland","United States",2006,95.55,"Base survey of 2003"
"Barley","Gross value of production","Primary product, grain","dollars per planted acre","No specific size","Heartland","United States",2007,133.62,"Base survey of 2003"
"Barley","Gross value of production","Primary product, grain","dollars per planted acre","No specific size","Heartland","United States",2008,230.46,"Base survey of 2003"
"Barley","Gross value of production","Primary product, grain","dollars per planted acre","No specific size","Heartland","United States",2009,206.58,"Base survey of 2003"
"Barley","Gross value of production","Primary product, grain","dollars per planted acre","No specific size","Heartland","United States",2010,141.35,"Base survey of 2003"
"Barley","Gross value of production","Primary product, grain","dollars per planted acre","No specific size","Northern Crescent","United States",2003,149.6,"Base survey of 2003"
"Barley","Gross value of production","Primary product, grain","dollars per planted acre","No specific size","Northern Crescent","United States",2004,121.55,"Base survey of 2003"
"Barley","Gross value of production","Primary product, grain","dollars per planted acre","No specific size","Northern Crescent","United States",2005,105.4,"Base survey of 2003"
"Barley","Gross value of production","Primary product, grain","dollars per planted acre","No specific size","Northern Crescent","United States",2006,133.87,"Base survey of 2003"
"Barley","Gross value of production","Primary product, grain","dollars per planted acre","No specific size","Northern Crescent","United States",2007,161.76,"Base survey of 2003"
"Barley","Gross value of production","Primary product, grain","dollars per planted acre","No specific size","Northern Crescent","United States",2008,295.36,"Base survey of 2003"
"Barley","Gross value of production","Primary product, grain","dollars per planted acre","No specific size","Northern Crescent","United States",2009,265.21,"Base survey of 2003"
"Barley","Gross value of production","Primary product, grain","dollars per planted acre","No specific size","Northern Crescent","United States",2010,190.5,"Base survey of 2003"
"Barley","Gross value of production","Primary product, grain","dollars per planted acre","No specific size","Northern Crescent","United States",2011,249.68,"Base survey of 2011"
"Barley","Gross value of production","Primary product, grain","dollars per planted acre","No specific size","Northern Crescent","United States",2012,335.92,"Base survey of 2011"
"Barley","Gross value of production","Primary product, grain","dollars per planted acre","No specific size","Northern Crescent","United States",2013,255.39,"Base survey of 2011"
"Barley","Gross value of production","Primary product, grain","dollars per planted acre","No specific size","Northern Crescent","United States",2014,221.12,"Base survey of 2011"
"Barley","Gross value of production","Primary product, grain","dollars per planted acre","No specific size","Northern Crescent","United States",2015,234.35,"Base survey of 2011"
"Barley","Gross value of production","Primary product, grain","dollars per planted acre","No specific size","Northern Crescent","United States",2016,289.67,"Base survey of 2011"
"Barley","Gross value of production","Primary product, grain","dollars per planted acre","No specific size","Northern Crescent","United States",2017,281.87,"Base survey of 2011"
"Barley","Gross value of production","Primary product, grain","dollars per planted acre","No specific size","Northern Crescent","United States",2018,198.51,"Base survey of 2011"
"Barley","Gross value of production","Primary product, grain","dollars per planted acre","No specific size","Northern Crescent","United States",2019,283.48,"Base survey of 2019"
"Barley","Gross value of production","Primary product, grain","dollars per planted acre","No specific size","Northern Crescent","United States",2020,215.87,"Base survey of 2019"
"Barley","Gross value of production","Primary product, grain","dollars per planted acre","No specific size","Northern Crescent","United States",2021,281.17,"Base survey of 2019"
"Barley","Gross value of production","Primary product, grain","dollars per planted acre","No specific size","Northern Crescent","United States",2022,387.2,"Base survey of 2019"
"Barley","Gross value of production","Primary product, grain","dollars per planted acre","No specific size","Northern Crescent","United States",2023,424.53,"Base survey of 2019"
"Barley","Gross value of production","Primary product, grain","dollars per planted acre","No specific size","Northern Crescent","United States",2024,348.38,"Base survey of 2019"
"Barley","Gross value of production","Primary product, grain","dollars per planted acre","No specific size","Northern Great Plains","United States",2003,154.25,"Base survey of 2003"
"Barley","Gross value of production","Primary product, grain","dollars per planted acre","No specific size","Northern Great Plains","United States",2004,137.39,"Base survey of 2003"
"Barley","Gross value of production","Primary product, grain","dollars per planted acre","No specific size","Northern Great Plains","United States",2005,93.53,"Base survey of 2003"
"Barley","Gross value of production","Primary product, grain","dollars per planted acre","No specific size","Northern Great Plains","United States",2006,101.86,"Base survey of 2003"
"Barley","Gross value of production","Primary product, grain","dollars per planted acre","No specific size","Northern Great Plains","United States",2007,162.62,"Base survey of 2003"
"Barley","Gross value of production","Primary product, grain","dollars per planted acre","No specific size","Northern Great Plains","United States",2008,262.58,"Base survey of 2003"
"Barley","Gross value of production","Primary product, grain","dollars per planted acre","No specific size","Northern Great Plains","United States",2009,255,"Base survey of 2003"
"Barley","Gross value of production","Primary product, grain","dollars per planted acre","No specific size","Northern Great Plains","United States",2010,192.55,"Base survey of 2003"
"Barley","Gross value of production","Primary product, grain","dollars per planted acre","No specific size","Northern Great Plains","United States",2011,231.54,"Base survey of 2011"
"Barley","Gross value of production","Primary product, grain","dollars per planted acre","No specific size","Northern Great Plains","United States",2012,344.66,"Base survey of 2011"
"Barley","Gross value of production","Primary product, grain","dollars per planted acre","No specific size","Northern Great Plains","United States",2013,346.39,"Base survey of 2011"
"Barley","Gross value of production","Primary product, grain","dollars per planted acre","No specific size","Northern Great Plains","United States",2014,309.62,"Base survey of 2011"
"Barley","Gross value of production","Primary product, grain","dollars per planted acre","No specific size","Northern Great Plains","United States",2015,291.84,"Base survey of 2011"
"Barley","Gross value of production","Primary product, grain","dollars per planted acre","No specific size","Northern Great Plains","United States",2016,250.06,"Base survey of 2011"
"Barley","Gross value of production","Primary product, grain","dollars per planted acre","No specific size","Northern Great Plains","United States",2017,204.67,"Base survey of 2011"
"Barley","Gross value of production","Primary product, grain","dollars per planted acre","No specific size","Northern Great Plains","United States",2018,232.2,"Base survey of 2011"
"Barley","Gross value of production","Primary product, grain","dollars per planted acre","No specific size","Northern Great Plains","United States",2019,258.92,"Base survey of 2019"
"Barley","Gross value of production","Primary product, grain","dollars per planted acre","No specific size","Northern Great Plains","United States",2020,252.25,"Base survey of 2019"
"Barley","Gross value of production","Primary product, grain","dollars per planted acre","No specific size","Northern Great Plains","United States",2021,186.56,"Base survey of 2019"
"Barley","Gross value of production","Primary product, grain","dollars per planted acre","No specific size","Northern Great Plains","United States",2022,428.49,"Base survey of 2019"
"Barley","Gross value of production","Primary product, grain","dollars per planted acre","No specific size","Northern Great Plains","United States",2023,413.7,"Base survey of 2019"
"Barley","Gross value of production","Primary product, grain","dollars per planted acre","No specific size","Northern Great Plains","United States",2024,315.73,"Base survey of 2019"
"Barley","Gross value of production","Primary product, grain","dollars per planted acre","No specific size","Basin and Range","United States",2003,152.65,"Base survey of 2003"
"Barley","Gross value of production","Primary product, grain","dollars per planted acre","No specific size","Basin and Range","United States",2004,154.58,"Base survey of 2003"
"Barley","Gross value of production","Primary product, grain","dollars per planted acre","No specific size","Basin and Range","United States",2005,138.52,"Base survey of 2003"
"Barley","Gross value of production","Primary product, grain","dollars per planted acre","No specific size","Basin and Range","United States",2006,124.58,"Base survey of 2003"
"Barley","Gross value of production","Primary product, grain","dollars per planted acre","No specific size","Basin and Range","United States",2007,148.51,"Base survey of 2003"
"Barley","Gross value of production","Primary product, grain","dollars per planted acre","No specific size","Basin and Range","United States",2008,265.53,"Base survey of 2003"
"Barley","Gross value of production","Primary product, grain","dollars per planted acre","No specific size","Basin and Range","United States",2009,270.92,"Base survey of 2003"
"Barley","Gross value of production","Primary product, grain","dollars per planted acre","No specific size","Basin and Range","United States",2010,220.99,"Base survey of 2003"
"Barley","Gross value of production","Primary product, grain","dollars per planted acre","No specific size","Basin and Range","United States",2011,370.39,"Base survey of 2011"
"Barley","Gross value of production","Primary product, grain","dollars per planted acre","No specific size","Basin and Range","United States",2012,432.29,"Base survey of 2011"
"Barley","Gross value of production","Primary product, grain","dollars per planted acre","No specific size","Basin and Range","United States",2013,398.29,"Base survey of 2011"
"Barley","Gross value of production","Primary product, grain","dollars per planted acre","No specific size","Basin and Range","United States",2014,369.6,"Base survey of 2011"
"Barley","Gross value of production","Primary product, grain","dollars per planted acre","No specific size","Basin and Range","United States",2015,366.99,"Base survey of 2011"
"Barley","Gross value of production","Primary product, grain","dollars per planted acre","No specific size","Basin and Range","United States",2016,355.95,"Base survey of 2011"
"Barley","Gross value of production","Primary product, grain","dollars per planted acre","No specific size","Basin and Range","United States",2017,283.96,"Base survey of 2011"
"Barley","Gross value of production","Primary product, grain","dollars per planted acre","No specific size","Basin and Range","United States",2018,292.95,"Base survey of 2011"
"Barley","Gross value of production","Primary product, grain","dollars per planted acre","No specific size","Basin and Range","United States",2019,392.15,"Base survey of 2019"
"Barley","Gross value of production","Primary product, grain","dollars per planted acre","No specific size","Basin and Range","United States",2020,389.86,"Base survey of 2019"
"Barley","Gross value of production","Primary product, grain","dollars per planted acre","No specific size","Basin and Range","United States",2021,297.05,"Base survey of 2019"
"Barley","Gross value of production","Primary product, grain","dollars per planted acre","No specific size","Basin and Range","United States",2022,475.73,"Base survey of 2019"
"Barley","Gross value of production","Primary product, grain","dollars per planted acre","No specific size","Basin and Range","United States",2023,564.09,"Base survey of 2019"
"Barley","Gross value of production","Primary product, grain","dollars per planted acre","No specific size","Basin and Range","United States",2024,490.93,"Base survey of 2019"
"Barley","Gross value of production","Primary product, grain","dollars per planted acre","No specific size","Fruitful Rim","United States",2003,214.72,"Base survey of 2003"
"Barley","Gross value of production","Primary product, grain","dollars per planted acre","No specific size","Fruitful Rim","United States",2004,232.72,"Base survey of 2003"
"Barley","Gross value of production","Primary product, grain","dollars per planted acre","No specific size","Fruitful Rim","United States",2005,225.43,"Base survey of 2003"
"Barley","Gross value of production","Primary product, grain","dollars per planted acre","No specific size","Fruitful Rim","United States",2006,215.78,"Base survey of 2003"
"Barley","Gross value of production","Primary product, grain","dollars per planted acre","No specific size","Fruitful Rim","United States",2007,246.33,"Base survey of 2003"
"Barley","Gross value of production","Primary product, grain","dollars per planted acre","No specific size","Fruitful Rim","United States",2008,380.87,"Base survey of 2003"
"Barley","Gross value of production","Primary product, grain","dollars per planted acre","No specific size","Fruitful Rim","United States",2009,440.08,"Base survey of 2003"
"Barley","Gross value of production","Primary product, grain","dollars per planted acre","No specific size","Fruitful Rim","United States",2010,377.63,"Base survey of 2003"
"Barley","Gross value of production","Primary product, grain","dollars per planted acre","No specific size","Fruitful Rim","United States",2011,517.88,"Base survey of 2011"
"Barley","Gross value of production","Primary product, grain","dollars per planted acre","No specific size","Fruitful Rim","United States",2012,576.85,"Base survey of 2011"
"Barley","Gross value of production","Primary product, grain","dollars per planted acre","No specific size","Fruitful Rim","United States",2013,569.97,"Base survey of 2011"
"Barley","Gross value of production","Primary product, grain","dollars per planted acre","No specific size","Fruitful Rim","United States",2014,471.52,"Base survey of 2011"
"Barley","Gross value of production","Primary product, grain","dollars per planted acre","No specific size","Fruitful Rim","United States",2015,544.29,"Base survey of 2011"
"Barley","Gross value of production","Primary product, grain","dollars per planted acre","No specific size","Fruitful Rim","United States",2016,545.76,"Base survey of 2011"
"Barley","Gross value of production","Primary product, grain","dollars per planted acre","No specific size","Fruitful Rim","United States",2017,423.15,"Base survey of 2011"
"Barley","Gross value of production","Primary product, grain","dollars per planted acre","No specific size","Fruitful Rim","United States",2018,481.12,"Base survey of 2011"
"Barley","Gross value of production","Primary product, grain","dollars per planted acre","No specific size","Fruitful Rim","United States",2019,460.04,"Base survey of 2019"
"Barley","Gross value of production","Primary product, grain","dollars per planted acre","No specific size","Fruitful Rim","United States",2020,450.83,"Base survey of 2019"
"Barley","Gross value of production","Primary product, grain","dollars per planted acre","No specific size","Fruitful Rim","United States",2021,387.92,"Base survey of 2019"
"Barley","Gross value of production","Primary product, grain","dollars per planted acre","No specific size","Fruitful Rim","United States",2022,743.69,"Base survey of 2019"
"Barley","Gross value of production","Primary product, grain","dollars per planted acre","No specific size","Fruitful Rim","United States",2023,742.72,"Base survey of 2019"
"Barley","Gross value of production","Primary product, grain","dollars per planted acre","No specific size","Fruitful Rim","United States",2024,647.43,"Base survey of 2019"
"Barley","Gross value of production","Secondary product, silage/straw/grazing","dollars per planted acre","No specific size","U.S. total","United States",2003,7.99,"Base survey of 2003"
"Barley","Gross value of production","Secondary product, silage/straw/grazing","dollars per planted acre","No specific size","U.S. total","United States",2004,8.38,"Base survey of 2003"
"Barley","Gross value of production","Secondary product, silage/straw/grazing","dollars per planted acre","No specific size","U.S. total","United States",2005,9.14,"Base survey of 2003"
"Barley","Gross value of production","Secondary product, silage/straw/grazing","dollars per planted acre","No specific size","U.S. total","United States",2006,9.27,"Base survey of 2003"
"Barley","Gross value of production","Secondary product, silage/straw/grazing","dollars per planted acre","No specific size","U.S. total","United States",2007,11.56,"Base survey of 2003"
"Barley","Gross value of production","Secondary product, silage/straw/grazing","dollars per planted acre","No specific size","U.S. total","United States",2008,13.51,"Base survey of 2003"
"Barley","Gross value of production","Secondary product, silage/straw/grazing","dollars per planted acre","No specific size","U.S. total","United States",2009,11.94,"Base survey of 2003"
"Barley","Gross value of production","Secondary product, silage/straw/grazing","dollars per planted acre","No specific size","U.S. total","United States",2010,11.98,"Base survey of 2003"
"Barley","Gross value of production","Secondary product, silage/straw/grazing","dollars per planted acre","No specific size","U.S. total","United States",2011,11.76,"Base survey of 2011"
"Barley","Gross value of production","Secondary product, silage/straw/grazing","dollars per planted acre","No specific size","U.S. total","United States",2012,10.44,"Base survey of 2011"
"Barley","Gross value of production","Secondary product, silage/straw/grazing","dollars per planted acre","No specific size","U.S. total","United States",2013,11.07,"Base survey of 2011"
"Barley","Gross value of production","Secondary product, silage/straw/grazing","dollars per planted acre","No specific size","U.S. total","United States",2014,10.33,"Base survey of 2011"
"Barley","Gross value of production","Secondary product, silage/straw/grazing","dollars per planted acre","No specific size","U.S. total","United States",2015,8.18,"Base survey of 2011"
"Barley","Gross value of production","Secondary product, silage/straw/grazing","dollars per planted acre","No specific size","U.S. total","United States",2016,8.45,"Base survey of 2011"
"Barley","Gross value of production","Secondary product, silage/straw/grazing","dollars per planted acre","No specific size","U.S. total","United States",2017,9.23,"Base survey of 2011"
"Barley","Gross value of production","Secondary product, silage/straw/grazing","dollars per planted acre","No specific size","U.S. total","United States",2018,10.55,"Base survey of 2011"
"Barley","Gross value of production","Secondary product, silage/straw/grazing","dollars per planted acre","No specific size","U.S. total","United States",2019,13.84,"Base survey of 2019"
"Barley","Gross value of production","Secondary product, silage/straw/grazing","dollars per planted acre","No specific size","U.S. total","United States",2020,13.65,"Base survey of 2019"
"Barley","Gross value of production","Secondary product, silage/straw/grazing","dollars per planted acre","No specific size","U.S. total","United States",2021,18.15,"Base survey of 2019"
"Barley","Gross value of production","Secondary product, silage/straw/grazing","dollars per planted acre","No specific size","U.S. total","United States",2022,20.15,"Base survey of 2019"
"Barley","Gross value of production","Secondary product, silage/straw/grazing","dollars per planted acre","No specific size","U.S. total","United States",2023,17.11,"Base survey of 2019"
"Barley","Gross value of production","Secondary product, silage/straw/grazing","dollars per planted acre","No specific size","U.S. total","United States",2024,14.54,"Base survey of 2019"
"Barley","Gross value of production","Secondary product, silage/straw/grazing","dollars per planted acre","No specific size","Heartland","United States",2003,13.72,"Base survey of 2003"
"Barley","Gross value of production","Secondary product, silage/straw/grazing","dollars per planted acre","No specific size","Heartland","United States",2004,14.39,"Base survey of 2003"
"Barley","Gross value of production","Secondary product, silage/straw/grazing","dollars per planted acre","No specific size","Heartland","United States",2005,15.7,"Base survey of 2003"
"Barley","Gross value of production","Secondary product, silage/straw/grazing","dollars per planted acre","No specific size","Heartland","United States",2006,15.92,"Base survey of 2003"
"Barley","Gross value of production","Secondary product, silage/straw/grazing","dollars per planted acre","No specific size","Heartland","United States",2007,18.09,"Base survey of 2003"
"Barley","Gross value of production","Secondary product, silage/straw/grazing","dollars per planted acre","No specific size","Heartland","United States",2008,21.43,"Base survey of 2003"
"Barley","Gross value of production","Secondary product, silage/straw/grazing","dollars per planted acre","No specific size","Heartland","United States",2009,18.57,"Base survey of 2003"
"Barley","Gross value of production","Secondary product, silage/straw/grazing","dollars per planted acre","No specific size","Heartland","United States",2010,17.01,"Base survey of 2003"
"Barley","Gross value of production","Secondary product, silage/straw/grazing","dollars per planted acre","No specific size","Northern Crescent","United States",2003,55.86,"Base survey of 2003"
"Barley","Gross value of production","Secondary product, silage/straw/grazing","dollars per planted acre","No specific size","Northern Crescent","United States",2004,58.6,"Base survey of 2003"
"Barley","Gross value of production","Secondary product, silage/straw/grazing","dollars per planted acre","No specific size","Northern Crescent","United States",2005,63.94,"Base survey of 2003"
"Barley","Gross value of production","Secondary product, silage/straw/grazing","dollars per planted acre","No specific size","Northern Crescent","United States",2006,64.83,"Base survey of 2003"
"Barley","Gross value of production","Secondary product, silage/straw/grazing","dollars per planted acre","No specific size","Northern Crescent","United States",2007,73.64,"Base survey of 2003"
"Barley","Gross value of production","Secondary product, silage/straw/grazing","dollars per planted acre","No specific size","Northern Crescent","United States",2008,87.27,"Base survey of 2003"
"Barley","Gross value of production","Secondary product, silage/straw/grazing","dollars per planted acre","No specific size","Northern Crescent","United States",2009,75.62,"Base survey of 2003"
"Barley","Gross value of production","Secondary product, silage/straw/grazing","dollars per planted acre","No specific size","Northern Crescent","United States",2010,69.24,"Base survey of 2003"
"Barley","Gross value of production","Secondary product, silage/straw/grazing","dollars per planted acre","No specific size","Northern Crescent","United States",2011,34.48,"Base survey of 2011"
"Barley","Gross value of production","Secondary product, silage/straw/grazing","dollars per planted acre","No specific size","Northern Crescent","United States",2012,37.09,"Base survey of 2011"
"Barley","Gross value of production","Secondary product, silage/straw/grazing","dollars per planted acre","No specific size","Northern Crescent","United States",2013,36.31,"Base survey of 2011"
"Barley","Gross value of production","Secondary product, silage/straw/grazing","dollars per planted acre","No specific size","Northern Crescent","United States",2014,34.22,"Base survey of 2011"
"Barley","Gross value of production","Secondary product, silage/straw/grazing","dollars per planted acre","No specific size","Northern Crescent","United States",2015,31.61,"Base survey of 2011"
"Barley","Gross value of production","Secondary product, silage/straw/grazing","dollars per planted acre","No specific size","Northern Crescent","United States",2016,30.82,"Base survey of 2011"
"Barley","Gross value of production","Secondary product, silage/straw/grazing","dollars per planted acre","No specific size","Northern Crescent","United States",2017,31.08,"Base survey of 2011"
"Barley","Gross value of production","Secondary product, silage/straw/grazing","dollars per planted acre","No specific size","Northern Crescent","United States",2018,34.74,"Base survey of 2011"
"Barley","Gross value of production","Secondary product, silage/straw/grazing","dollars per planted acre","No specific size","Northern Crescent","United States",2019,40.26,"Base survey of 2019"
"Barley","Gross value of production","Secondary product, silage/straw/grazing","dollars per planted acre","No specific size","Northern Crescent","United States",2020,37.93,"Base survey of 2019"
"Barley","Gross value of production","Secondary product, silage/straw/grazing","dollars per planted acre","No specific size","Northern Crescent","United States",2021,36.25,"Base survey of 2019"
"Barley","Gross value of production","Secondary product, silage/straw/grazing","dollars per planted acre","No specific size","Northern Crescent","United States",2022,37.87,"Base survey of 2019"
"Barley","Gross value of production","Secondary product, silage/straw/grazing","dollars per planted acre","No specific size","Northern Crescent","United States",2023,41.22,"Base survey of 2019"
"Barley","Gross value of production","Secondary product, silage/straw/grazing","dollars per planted acre","No specific size","Northern Crescent","United States",2024,40.06,"Base survey of 2019"
"Barley","Gross value of production","Secondary product, silage/straw/grazing","dollars per planted acre","No specific size","Northern Great Plains","United States",2003,4.13,"Base survey of 2003"
"Barley","Gross value of production","Secondary product, silage/straw/grazing","dollars per planted acre","No specific size","Northern Great Plains","United States",2004,4.33,"Base survey of 2003"
"Barley","Gross value of production","Secondary product, silage/straw/grazing","dollars per planted acre","No specific size","Northern Great Plains","United States",2005,4.72,"Base survey of 2003"
"Barley","Gross value of production","Secondary product, silage/straw/grazing","dollars per planted acre","No specific size","Northern Great Plains","United States",2006,4.79,"Base survey of 2003"
"Barley","Gross value of production","Secondary product, silage/straw/grazing","dollars per planted acre","No specific size","Northern Great Plains","United States",2007,5.44,"Base survey of 2003"
"Barley","Gross value of production","Secondary product, silage/straw/grazing","dollars per planted acre","No specific size","Northern Great Plains","United States",2008,6.45,"Base survey of 2003"
"Barley","Gross value of production","Secondary product, silage/straw/grazing","dollars per planted acre","No specific size","Northern Great Plains","United States",2009,5.59,"Base survey of 2003"
"Barley","Gross value of production","Secondary product, silage/straw/grazing","dollars per planted acre","No specific size","Northern Great Plains","United States",2010,5.12,"Base survey of 2003"
"Barley","Gross value of production","Secondary product, silage/straw/grazing","dollars per planted acre","No specific size","Northern Great Plains","United States",2011,1.73,"Base survey of 2011"
"Barley","Gross value of production","Secondary product, silage/straw/grazing","dollars per planted acre","No specific size","Northern Great Plains","United States",2012,1.86,"Base survey of 2011"
"Barley","Gross value of production","Secondary product, silage/straw/grazing","dollars per planted acre","No specific size","Northern Great Plains","United States",2013,1.82,"Base survey of 2011"
"Barley","Gross value of production","Secondary product, silage/straw/grazing","dollars per planted acre","No specific size","Northern Great Plains","United States",2014,1.72,"Base survey of 2011"
"Barley","Gross value of production","Secondary product, silage/straw/grazing","dollars per planted acre","No specific size","Northern Great Plains","United States",2015,1.59,"Base survey of 2011"
"Barley","Gross value of production","Secondary product, silage/straw/grazing","dollars per planted acre","No specific size","Northern Great Plains","United States",2016,1.55,"Base survey of 2011"
"Barley","Gross value of production","Secondary product, silage/straw/grazing","dollars per planted acre","No specific size","Northern Great Plains","United States",2017,1.56,"Base survey of 2011"
"Barley","Gross value of production","Secondary product, silage/straw/grazing","dollars per planted acre","No specific size","Northern Great Plains","United States",2018,1.74,"Base survey of 2011"
"Barley","Gross value of production","Secondary product, silage/straw/grazing","dollars per planted acre","No specific size","Northern Great Plains","United States",2019,8.14,"Base survey of 2019"
"Barley","Gross value of production","Secondary product, silage/straw/grazing","dollars per planted acre","No specific size","Northern Great Plains","United States",2020,7.97,"Base survey of 2019"
"Barley","Gross value of production","Secondary product, silage/straw/grazing","dollars per planted acre","No specific size","Northern Great Plains","United States",2021,12.68,"Base survey of 2019"
"Barley","Gross value of production","Secondary product, silage/straw/grazing","dollars per planted acre","No specific size","Northern Great Plains","United States",2022,11.71,"Base survey of 2019"
"Barley","Gross value of production","Secondary product, silage/straw/grazing","dollars per planted acre","No specific size","Northern Great Plains","United States",2023,10.07,"Base survey of 2019"
"Barley","Gross value of production","Secondary product, silage/straw/grazing","dollars per planted acre","No specific size","Northern Great Plains","United States",2024,7.9,"Base survey of 2019"
"Barley","Gross value of production","Secondary product, silage/straw/grazing","dollars per planted acre","No specific size","Basin and Range","United States",2003,8.54,"Base survey of 2003"
"Barley","Gross value of production","Secondary product, silage/straw/grazing","dollars per planted acre","No specific size","Basin and Range","United States",2004,8.96,"Base survey of 2003"
"Barley","Gross value of production","Secondary product, silage/straw/grazing","dollars per planted acre","No specific size","Basin and Range","United States",2005,9.78,"Base survey of 2003"
"Barley","Gross value of production","Secondary product, silage/straw/grazing","dollars per planted acre","No specific size","Basin and Range","United States",2006,9.92,"Base survey of 2003"
"Barley","Gross value of production","Secondary product, silage/straw/grazing","dollars per planted acre","No specific size","Basin and Range","United States",2007,11.26,"Base survey of 2003"
"Barley","Gross value of production","Secondary product, silage/straw/grazing","dollars per planted acre","No specific size","Basin and Range","United States",2008,13.34,"Base survey of 2003"
"Barley","Gross value of production","Secondary product, silage/straw/grazing","dollars per planted acre","No specific size","Basin and Range","United States",2009,11.56,"Base survey of 2003"
"Barley","Gross value of production","Secondary product, silage/straw/grazing","dollars per planted acre","No specific size","Basin and Range","United States",2010,10.59,"Base survey of 2003"
"Barley","Gross value of production","Secondary product, silage/straw/grazing","dollars per planted acre","No specific size","Basin and Range","United States",2011,12.18,"Base survey of 2011"
"Barley","Gross value of production","Secondary product, silage/straw/grazing","dollars per planted acre","No specific size","Basin and Range","United States",2012,13.1,"Base survey of 2011"
"Barley","Gross value of production","Secondary product, silage/straw/grazing","dollars per planted acre","No specific size","Basin and Range","United States",2013,12.83,"Base survey of 2011"
"Barley","Gross value of production","Secondary product, silage/straw/grazing","dollars per planted acre","No specific size","Basin and Range","United States",2014,12.09,"Base survey of 2011"
"Barley","Gross value of production","Secondary product, silage/straw/grazing","dollars per planted acre","No specific size","Basin and Range","United States",2015,11.17,"Base survey of 2011"
"Barley","Gross value of production","Secondary product, silage/straw/grazing","dollars per planted acre","No specific size","Basin and Range","United States",2016,10.89,"Base survey of 2011"
"Barley","Gross value of production","Secondary product, silage/straw/grazing","dollars per planted acre","No specific size","Basin and Range","United States",2017,10.98,"Base survey of 2011"
"Barley","Gross value of production","Secondary product, silage/straw/grazing","dollars per planted acre","No specific size","Basin and Range","United States",2018,12.27,"Base survey of 2011"
"Barley","Gross value of production","Secondary product, silage/straw/grazing","dollars per planted acre","No specific size","Basin and Range","United States",2019,11.67,"Base survey of 2019"
"Barley","Gross value of production","Secondary product, silage/straw/grazing","dollars per planted acre","No specific size","Basin and Range","United States",2020,11.61,"Base survey of 2019"
"Barley","Gross value of production","Secondary product, silage/straw/grazing","dollars per planted acre","No specific size","Basin and Range","United States",2021,14.98,"Base survey of 2019"
"Barley","Gross value of production","Secondary product, silage/straw/grazing","dollars per planted acre","No specific size","Basin and Range","United States",2022,17.31,"Base survey of 2019"
"Barley","Gross value of production","Secondary product, silage/straw/grazing","dollars per planted acre","No specific size","Basin and Range","United States",2023,13.96,"Base survey of 2019"
"Barley","Gross value of production","Secondary product, silage/straw/grazing","dollars per planted acre","No specific size","Basin and Range","United States",2024,10.06,"Base survey of 2019"
"Barley","Gross value of production","Secondary product, silage/straw/grazing","dollars per planted acre","No specific size","Fruitful Rim","United States",2003,12.21,"Base survey of 2003"
"Barley","Gross value of production","Secondary product, silage/straw/grazing","dollars per planted acre","No specific size","Fruitful Rim","United States",2004,12.81,"Base survey of 2003"
"Barley","Gross value of production","Secondary product, silage/straw/grazing","dollars per planted acre","No specific size","Fruitful Rim","United States",2005,13.98,"Base survey of 2003"
"Barley","Gross value of production","Secondary product, silage/straw/grazing","dollars per planted acre","No specific size","Fruitful Rim","United States",2006,14.17,"Base survey of 2003"
"Barley","Gross value of production","Secondary product, silage/straw/grazing","dollars per planted acre","No specific size","Fruitful Rim","United States",2007,16.1,"Base survey of 2003"
"Barley","Gross value of production","Secondary product, silage/straw/grazing","dollars per planted acre","No specific size","Fruitful Rim","United States",2008,19.08,"Base survey of 2003"
"Barley","Gross value of production","Secondary product, silage/straw/grazing","dollars per planted acre","No specific size","Fruitful Rim","United States",2009,16.53,"Base survey of 2003"
"Barley","Gross value of production","Secondary product, silage/straw/grazing","dollars per planted acre","No specific size","Fruitful Rim","United States",2010,15.13,"Base survey of 2003"
"Barley","Gross value of production","Secondary product, silage/straw/grazing","dollars per planted acre","No specific size","Fruitful Rim","United States",2011,19.9,"Base survey of 2011"
"Barley","Gross value of production","Secondary product, silage/straw/grazing","dollars per planted acre","No specific size","Fruitful Rim","United States",2012,21.41,"Base survey of 2011"
"Barley","Gross value of production","Secondary product, silage/straw/grazing","dollars per planted acre","No specific size","Fruitful Rim","United States",2013,20.96,"Base survey of 2011"
"Barley","Gross value of production","Secondary product, silage/straw/grazing","dollars per planted acre","No specific size","Fruitful Rim","United States",2014,19.75,"Base survey of 2011"
"Barley","Gross value of production","Secondary product, silage/straw/grazing","dollars per planted acre","No specific size","Fruitful Rim","United States",2015,18.24,"Base survey of 2011"
"Barley","Gross value of production","Secondary product, silage/straw/grazing","dollars per planted acre","No specific size","Fruitful Rim","United States",2016,17.79,"Base survey of 2011"
"Barley","Gross value of production","Secondary product, silage/straw/grazing","dollars per planted acre","No specific size","Fruitful Rim","United States",2017,17.94,"Base survey of 2011"
"Barley","Gross value of production","Secondary product, silage/straw/grazing","dollars per planted acre","No specific size","Fruitful Rim","United States",2018,20.05,"Base survey of 2011"
"Barley","Gross value of production","Secondary product, silage/straw/grazing","dollars per planted acre","No specific size","Fruitful Rim","United States",2019,30.04,"Base survey of 2019"
"Barley","Gross value of production","Secondary product, silage/straw/grazing","dollars per planted acre","No specific size","Fruitful Rim","United States",2020,29.48,"Base survey of 2019"
"Barley","Gross value of production","Secondary product, silage/straw/grazing","dollars per planted acre","No specific size","Fruitful Rim","United States",2021,36.29,"Base survey of 2019"
"Barley","Gross value of production","Secondary product, silage/straw/grazing","dollars per planted acre","No specific size","Fruitful Rim","United States",2022,50.37,"Base survey of 2019"
"Barley","Gross value of production","Secondary product, silage/straw/grazing","dollars per planted acre","No specific size","Fruitful Rim","United States",2023,42.68,"Base survey of 2019"
"Barley","Gross value of production","Secondary product, silage/straw/grazing","dollars per planted acre","No specific size","Fruitful Rim","United States",2024,33.31,"Base survey of 2019"
"Barley","Gross value of production","Total, gross value of production","dollars per planted acre","No specific size","U.S. total","United States",2003,172.73,"Base survey of 2003"
"Barley","Gross value of production","Total, gross value of production","dollars per planted acre","No specific size","U.S. total","United States",2004,169.38,"Base survey of 2003"
"Barley","Gross value of production","Total, gross value of production","dollars per planted acre","No specific size","U.S. total","United States",2005,144.01,"Base survey of 2003"
"Barley","Gross value of production","Total, gross value of production","dollars per planted acre","No specific size","U.S. total","United States",2006,143.91,"Base survey of 2003"
"Barley","Gross value of production","Total, gross value of production","dollars per planted acre","No specific size","U.S. total","United States",2007,189.75,"Base survey of 2003"
"Barley","Gross value of production","Total, gross value of production","dollars per planted acre","No specific size","U.S. total","United States",2008,302.7,"Base survey of 2003"
"Barley","Gross value of production","Total, gross value of production","dollars per planted acre","No specific size","U.S. total","United States",2009,306.47,"Base survey of 2003"
"Barley","Gross value of production","Total, gross value of production","dollars per planted acre","No specific size","U.S. total","United States",2010,250.88,"Base survey of 2003"
"Barley","Gross value of production","Total, gross value of production","dollars per planted acre","No specific size","U.S. total","United States",2011,363.64,"Base survey of 2011"
"Barley","Gross value of production","Total, gross value of production","dollars per planted acre","No specific size","U.S. total","United States",2012,423.53,"Base survey of 2011"
"Barley","Gross value of production","Total, gross value of production","dollars per planted acre","No specific size","U.S. total","United States",2013,418.39,"Base survey of 2011"
"Barley","Gross value of production","Total, gross value of production","dollars per planted acre","No specific size","U.S. total","United States",2014,365.56,"Base survey of 2011"
"Barley","Gross value of production","Total, gross value of production","dollars per planted acre","No specific size","U.S. total","United States",2015,357.05,"Base survey of 2011"
"Barley","Gross value of production","Total, gross value of production","dollars per planted acre","No specific size","U.S. total","United States",2016,345.23,"Base survey of 2011"
"Barley","Gross value of production","Total, gross value of production","dollars per planted acre","No specific size","U.S. total","United States",2017,288.69,"Base survey of 2011"
"Barley","Gross value of production","Total, gross value of production","dollars per planted acre","No specific size","U.S. total","United States",2018,314.29,"Base survey of 2011"
"Barley","Gross value of production","Total, gross value of production","dollars per planted acre","No specific size","U.S. total","United States",2019,337.06,"Base survey of 2019"
"Barley","Gross value of production","Total, gross value of production","dollars per planted acre","No specific size","U.S. total","United States",2020,327.59,"Base survey of 2019"
"Barley","Gross value of production","Total, gross value of production","dollars per planted acre","No specific size","U.S. total","United States",2021,265.08,"Base survey of 2019"
"Barley","Gross value of production","Total, gross value of production","dollars per planted acre","No specific size","U.S. total","United States",2022,513.16,"Base survey of 2019"
"Barley","Gross value of production","Total, gross value of production","dollars per planted acre","No specific size","U.S. total","United States",2023,514.04,"Base survey of 2019"
"Barley","Gross value of production","Total, gross value of production","dollars per planted acre","No specific size","U.S. total","United States",2024,436.11,"Base survey of 2019"
"Barley","Gross value of production","Total, gross value of production","dollars per planted acre","No specific size","Heartland","United States",2003,167.16,"Base survey of 2003"
"Barley","Gross value of production","Total, gross value of production","dollars per planted acre","No specific size","Heartland","United States",2004,124.13,"Base survey of 2003"
"Barley","Gross value of production","Total, gross value of production","dollars per planted acre","No specific size","Heartland","United States",2005,90.54,"Base survey of 2003"
"Barley","Gross value of production","Total, gross value of production","dollars per planted acre","No specific size","Heartland","United States",2006,111.47,"Base survey of 2003"
"Barley","Gross value of production","Total, gross value of production","dollars per planted acre","No specific size","Heartland","United States",2007,151.71,"Base survey of 2003"
"Barley","Gross value of production","Total, gross value of production","dollars per planted acre","No specific size","Heartland","United States",2008,251.89,"Base survey of 2003"
"Barley","Gross value of production","Total, gross value of production","dollars per planted acre","No specific size","Heartland","United States",2009,225.15,"Base survey of 2003"
"Barley","Gross value of production","Total, gross value of production","dollars per planted acre","No specific size","Heartland","United States",2010,158.36,"Base survey of 2003"
"Barley","Gross value of production","Total, gross value of production","dollars per planted acre","No specific size","Northern Crescent","United States",2003,205.46,"Base survey of 2003"
"Barley","Gross value of production","Total, gross value of production","dollars per planted acre","No specific size","Northern Crescent","United States",2004,180.15,"Base survey of 2003"
"Barley","Gross value of production","Total, gross value of production","dollars per planted acre","No specific size","Northern Crescent","United States",2005,169.34,"Base survey of 2003"
"Barley","Gross value of production","Total, gross value of production","dollars per planted acre","No specific size","Northern Crescent","United States",2006,198.7,"Base survey of 2003"
"Barley","Gross value of production","Total, gross value of production","dollars per planted acre","No specific size","Northern Crescent","United States",2007,235.4,"Base survey of 2003"
"Barley","Gross value of production","Total, gross value of production","dollars per planted acre","No specific size","Northern Crescent","United States",2008,382.63,"Base survey of 2003"
"Barley","Gross value of production","Total, gross value of production","dollars per planted acre","No specific size","Northern Crescent","United States",2009,340.83,"Base survey of 2003"
"Barley","Gross value of production","Total, gross value of production","dollars per planted acre","No specific size","Northern Crescent","United States",2010,259.74,"Base survey of 2003"
"Barley","Gross value of production","Total, gross value of production","dollars per planted acre","No specific size","Northern Crescent","United States",2011,284.16,"Base survey of 2011"
"Barley","Gross value of production","Total, gross value of production","dollars per planted acre","No specific size","Northern Crescent","United States",2012,373.01,"Base survey of 2011"
"Barley","Gross value of production","Total, gross value of production","dollars per planted acre","No specific size","Northern Crescent","United States",2013,291.7,"Base survey of 2011"
"Barley","Gross value of production","Total, gross value of production","dollars per planted acre","No specific size","Northern Crescent","United States",2014,255.34,"Base survey of 2011"
"Barley","Gross value of production","Total, gross value of production","dollars per planted acre","No specific size","Northern Crescent","United States",2015,265.96,"Base survey of 2011"
"Barley","Gross value of production","Total, gross value of production","dollars per planted acre","No specific size","Northern Crescent","United States",2016,320.49,"Base survey of 2011"
"Barley","Gross value of production","Total, gross value of production","dollars per planted acre","No specific size","Northern Crescent","United States",2017,312.95,"Base survey of 2011"
"Barley","Gross value of production","Total, gross value of production","dollars per planted acre","No specific size","Northern Crescent","United States",2018,233.25,"Base survey of 2011"
"Barley","Gross value of production","Total, gross value of production","dollars per planted acre","No specific size","Northern Crescent","United States",2019,323.74,"Base survey of 2019"
"Barley","Gross value of production","Total, gross value of production","dollars per planted acre","No specific size","Northern Crescent","United States",2020,253.8,"Base survey of 2019"
"Barley","Gross value of production","Total, gross value of production","dollars per planted acre","No specific size","Northern Crescent","United States",2021,317.42,"Base survey of 2019"
"Barley","Gross value of production","Total, gross value of production","dollars per planted acre","No specific size","Northern Crescent","United States",2022,425.07,"Base survey of 2019"
"Barley","Gross value of production","Total, gross value of production","dollars per planted acre","No specific size","Northern Crescent","United States",2023,465.75,"Base survey of 2019"
"Barley","Gross value of production","Total, gross value of production","dollars per planted acre","No specific size","Northern Crescent","United States",2024,388.44,"Base survey of 2019"
"Barley","Gross value of production","Total, gross value of production","dollars per planted acre","No specific size","Northern Great Plains","United States",2003,158.38,"Base survey of 2003"
"Barley","Gross value of production","Total, gross value of production","dollars per planted acre","No specific size","Northern Great Plains","United States",2004,141.72,"Base survey of 2003"
"Barley","Gross value of production","Total, gross value of production","dollars per planted acre","No specific size","Northern Great Plains","United States",2005,98.25,"Base survey of 2003"
"Barley","Gross value of production","Total, gross value of production","dollars per planted acre","No specific size","Northern Great Plains","United States",2006,106.65,"Base survey of 2003"
"Barley","Gross value of production","Total, gross value of production","dollars per planted acre","No specific size","Northern Great Plains","United States",2007,168.06,"Base survey of 2003"
"Barley","Gross value of production","Total, gross value of production","dollars per planted acre","No specific size","Northern Great Plains","United States",2008,269.03,"Base survey of 2003"
"Barley","Gross value of production","Total, gross value of production","dollars per planted acre","No specific size","Northern Great Plains","United States",2009,260.59,"Base survey of 2003"
"Barley","Gross value of production","Total, gross value of production","dollars per planted acre","No specific size","Northern Great Plains","United States",2010,197.67,"Base survey of 2003"
"Barley","Gross value of production","Total, gross value of production","dollars per planted acre","No specific size","Northern Great Plains","United States",2011,233.27,"Base survey of 2011"
"Barley","Gross value of production","Total, gross value of production","dollars per planted acre","No specific size","Northern Great Plains","United States",2012,346.52,"Base survey of 2011"
"Barley","Gross value of production","Total, gross value of production","dollars per planted acre","No specific size","Northern Great Plains","United States",2013,348.21,"Base survey of 2011"
"Barley","Gross value of production","Total, gross value of production","dollars per planted acre","No specific size","Northern Great Plains","United States",2014,311.34,"Base survey of 2011"
"Barley","Gross value of production","Total, gross value of production","dollars per planted acre","No specific size","Northern Great Plains","United States",2015,293.43,"Base survey of 2011"
"Barley","Gross value of production","Total, gross value of production","dollars per planted acre","No specific size","Northern Great Plains","United States",2016,251.61,"Base survey of 2011"
"Barley","Gross value of production","Total, gross value of production","dollars per planted acre","No specific size","Northern Great Plains","United States",2017,206.23,"Base survey of 2011"
"Barley","Gross value of production","Total, gross value of production","dollars per planted acre","No specific size","Northern Great Plains","United States",2018,233.94,"Base survey of 2011"
"Barley","Gross value of production","Total, gross value of production","dollars per planted acre","No specific size","Northern Great Plains","United States",2019,267.06,"Base survey of 2019"
"Barley","Gross value of production","Total, gross value of production","dollars per planted acre","No specific size","Northern Great Plains","United States",2020,260.22,"Base survey of 2019"
"Barley","Gross value of production","Total, gross value of production","dollars per planted acre","No specific size","Northern Great Plains","United States",2021,199.24,"Base survey of 2019"
"Barley","Gross value of production","Total, gross value of production","dollars per planted acre","No specific size","Northern Great Plains","United States",2022,440.2,"Base survey of 2019"
"Barley","Gross value of production","Total, gross value of production","dollars per planted acre","No specific size","Northern Great Plains","United States",2023,423.77,"Base survey of 2019"
"Barley","Gross value of production","Total, gross value of production","dollars per planted acre","No specific size","Northern Great Plains","United States",2024,323.62,"Base survey of 2019"
"Barley","Gross value of production","Total, gross value of production","dollars per planted acre","No specific size","Basin and Range","United States",2003,161.19,"Base survey of 2003"
"Barley","Gross value of production","Total, gross value of production","dollars per planted acre","No specific size","Basin and Range","United States",2004,163.54,"Base survey of 2003"
"Barley","Gross value of production","Total, gross value of production","dollars per planted acre","No specific size","Basin and Range","United States",2005,148.3,"Base survey of 2003"
"Barley","Gross value of production","Total, gross value of production","dollars per planted acre","No specific size","Basin and Range","United States",2006,134.5,"Base survey of 2003"
"Barley","Gross value of production","Total, gross value of production","dollars per planted acre","No specific size","Basin and Range","United States",2007,159.77,"Base survey of 2003"
"Barley","Gross value of production","Total, gross value of production","dollars per planted acre","No specific size","Basin and Range","United States",2008,278.87,"Base survey of 2003"
"Barley","Gross value of production","Total, gross value of production","dollars per planted acre","No specific size","Basin and Range","United States",2009,282.48,"Base survey of 2003"
"Barley","Gross value of production","Total, gross value of production","dollars per planted acre","No specific size","Basin and Range","United States",2010,231.58,"Base survey of 2003"
"Barley","Gross value of production","Total, gross value of production","dollars per planted acre","No specific size","Basin and Range","United States",2011,382.57,"Base survey of 2011"
"Barley","Gross value of production","Total, gross value of production","dollars per planted acre","No specific size","Basin and Range","United States",2012,445.39,"Base survey of 2011"
"Barley","Gross value of production","Total, gross value of production","dollars per planted acre","No specific size","Basin and Range","United States",2013,411.12,"Base survey of 2011"
"Barley","Gross value of production","Total, gross value of production","dollars per planted acre","No specific size","Basin and Range","United States",2014,381.69,"Base survey of 2011"
"Barley","Gross value of production","Total, gross value of production","dollars per planted acre","No specific size","Basin and Range","United States",2015,378.16,"Base survey of 2011"
"Barley","Gross value of production","Total, gross value of production","dollars per planted acre","No specific size","Basin and Range","United States",2016,366.84,"Base survey of 2011"
"Barley","Gross value of production","Total, gross value of production","dollars per planted acre","No specific size","Basin and Range","United States",2017,294.94,"Base survey of 2011"
"Barley","Gross value of production","Total, gross value of production","dollars per planted acre","No specific size","Basin and Range","United States",2018,305.22,"Base survey of 2011"
"Barley","Gross value of production","Total, gross value of production","dollars per planted acre","No specific size","Basin and Range","United States",2019,403.82,"Base survey of 2019"
"Barley","Gross value of production","Total, gross value of production","dollars per planted acre","No specific size","Basin and Range","United States",2020,401.47,"Base survey of 2019"
"Barley","Gross value of production","Total, gross value of production","dollars per planted acre","No specific size","Basin and Range","United States",2021,312.03,"Base survey of 2019"
"Barley","Gross value of production","Total, gross value of production","dollars per planted acre","No specific size","Basin and Range","United States",2022,493.04,"Base survey of 2019"
"Barley","Gross value of production","Total, gross value of production","dollars per planted acre","No specific size","Basin and Range","United States",2023,578.05,"Base survey of 2019"
"Barley","Gross value of production","Total, gross value of production","dollars per planted acre","No specific size","Basin and Range","United States",2024,500.99,"Base survey of 2019"
"Barley","Gross value of production","Total, gross value of production","dollars per planted acre","No specific size","Fruitful Rim","United States",2003,226.93,"Base survey of 2003"
"Barley","Gross value of production","Total, gross value of production","dollars per planted acre","No specific size","Fruitful Rim","United States",2004,245.53,"Base survey of 2003"
"Barley","Gross value of production","Total, gross value of production","dollars per planted acre","No specific size","Fruitful Rim","United States",2005,239.41,"Base survey of 2003"
"Barley","Gross value of production","Total, gross value of production","dollars per planted acre","No specific size","Fruitful Rim","United States",2006,229.95,"Base survey of 2003"
"Barley","Gross value of production","Total, gross value of production","dollars per planted acre","No specific size","Fruitful Rim","United States",2007,262.43,"Base survey of 2003"
"Barley","Gross value of production","Total, gross value of production","dollars per planted acre","No specific size","Fruitful Rim","United States",2008,399.95,"Base survey of 2003"
"Barley","Gross value of production","Total, gross value of production","dollars per planted acre","No specific size","Fruitful Rim","United States",2009,456.61,"Base survey of 2003"
"Barley","Gross value of production","Total, gross value of production","dollars per planted acre","No specific size","Fruitful Rim","United States",2010,392.76,"Base survey of 2003"
"Barley","Gross value of production","Total, gross value of production","dollars per planted acre","No specific size","Fruitful Rim","United States",2011,537.78,"Base survey of 2011"
"Barley","Gross value of production","Total, gross value of production","dollars per planted acre","No specific size","Fruitful Rim","United States",2012,598.26,"Base survey of 2011"
"Barley","Gross value of production","Total, gross value of production","dollars per planted acre","No specific size","Fruitful Rim","United States",2013,590.93,"Base survey of 2011"
"Barley","Gross value of production","Total, gross value of production","dollars per planted acre","No specific size","Fruitful Rim","United States",2014,491.27,"Base survey of 2011"
"Barley","Gross value of production","Total, gross value of production","dollars per planted acre","No specific size","Fruitful Rim","United States",2015,562.53,"Base survey of 2011"
"Barley","Gross value of production","Total, gross value of production","dollars per planted acre","No specific size","Fruitful Rim","United States",2016,563.55,"Base survey of 2011"
"Barley","Gross value of production","Total, gross value of production","dollars per planted acre","No specific size","Fruitful Rim","United States",2017,441.09,"Base survey of 2011"
"Barley","Gross value of production","Total, gross value of production","dollars per planted acre","No specific size","Fruitful Rim","United States",2018,501.17,"Base survey of 2011"
"Barley","Gross value of production","Total, gross value of production","dollars per planted acre","No specific size","Fruitful Rim","United States",2019,490.09,"Base survey of 2019"
"Barley","Gross value of production","Total, gross value of production","dollars per planted acre","No specific size","Fruitful Rim","United States",2020,480.32,"Base survey of 2019"
"Barley","Gross value of production","Total, gross value of production","dollars per planted acre","No specific size","Fruitful Rim","United States",2021,424.22,"Base survey of 2019"
"Barley","Gross value of production","Total, gross value of production","dollars per planted acre","No specific size","Fruitful Rim","United States",2022,794.06,"Base survey of 2019"
"Barley","Gross value of production","Total, gross value of production","dollars per planted acre","No specific size","Fruitful Rim","United States",2023,785.41,"Base survey of 2019"
"Barley","Gross value of production","Total, gross value of production","dollars per planted acre","No specific size","Fruitful Rim","United States",2024,680.74,"Base survey of 2019"
"Barley","Operating costs","Seed","dollars per planted acre","No specific size","U.S. total","United States",2003,9.65,"Base survey of 2003"
"Barley","Operating costs","Seed","dollars per planted acre","No specific size","U.S. total","United States",2004,9.28,"Base survey of 2003"
"Barley","Operating costs","Seed","dollars per planted acre","No specific size","U.S. total","United States",2005,9.4,"Base survey of 2003"
"Barley","Operating costs","Seed","dollars per planted acre","No specific size","U.S. total","United States",2006,9.2,"Base survey of 2003"
"Barley","Operating costs","Seed","dollars per planted acre","No specific size","U.S. total","United States",2007,10.34,"Base survey of 2003"
"Barley","Operating costs","Seed","dollars per planted acre","No specific size","U.S. total","United States",2008,14.44,"Base survey of 2003"
"Barley","Operating costs","Seed","dollars per planted acre","No specific size","U.S. total","United States",2009,14.09,"Base survey of 2003"
"Barley","Operating costs","Seed","dollars per planted acre","No specific size","U.S. total","United States",2010,12.66,"Base survey of 2003"
"Barley","Operating costs","Seed","dollars per planted acre","No specific size","U.S. total","United States",2011,16.87,"Base survey of 2011"
"Barley","Operating costs","Seed","dollars per planted acre","No specific size","U.S. total","United States",2012,20.38,"Base survey of 2011"
"Barley","Operating costs","Seed","dollars per planted acre","No specific size","U.S. total","United States",2013,22.04,"Base survey of 2011"
"Barley","Operating costs","Seed","dollars per planted acre","No specific size","U.S. total","United States",2014,21.97,"Base survey of 2011"
"Barley","Operating costs","Seed","dollars per planted acre","No specific size","U.S. total","United States",2015,23.28,"Base survey of 2011"
"Barley","Operating costs","Seed","dollars per planted acre","No specific size","U.S. total","United States",2016,23.08,"Base survey of 2011"
"Barley","Operating costs","Seed","dollars per planted acre","No specific size","U.S. total","United States",2017,23.25,"Base survey of 2011"
"Barley","Operating costs","Seed","dollars per planted acre","No specific size","U.S. total","United States",2018,23.1,"Base survey of 2011"
"Barley","Operating costs","Seed","dollars per planted acre","No specific size","U.S. total","United States",2019,20.24,"Base survey of 2019"
"Barley","Operating costs","Seed","dollars per planted acre","No specific size","U.S. total","United States",2020,20.17,"Base survey of 2019"
"Barley","Operating costs","Seed","dollars per planted acre","No specific size","U.S. total","United States",2021,20.94,"Base survey of 2019"
"Barley","Operating costs","Seed","dollars per planted acre","No specific size","U.S. total","United States",2022,23.24,"Base survey of 2019"
"Barley","Operating costs","Seed","dollars per planted acre","No specific size","U.S. total","United States",2023,24.16,"Base survey of 2019"
"Barley","Operating costs","Seed","dollars per planted acre","No specific size","U.S. total","United States",2024,23.88,"Base survey of 2019"
"Barley","Operating costs","Seed","dollars per planted acre","No specific size","Heartland","United States",2003,10.8,"Base survey of 2003"
"Barley","Operating costs","Seed","dollars per planted acre","No specific size","Heartland","United States",2004,10.38,"Base survey of 2003"
"Barley","Operating costs","Seed","dollars per planted acre","No specific size","Heartland","United States",2005,10.52,"Base survey of 2003"
"Barley","Operating costs","Seed","dollars per planted acre","No specific size","Heartland","United States",2006,10.3,"Base survey of 2003"
"Barley","Operating costs","Seed","dollars per planted acre","No specific size","Heartland","United States",2007,11.24,"Base survey of 2003"
"Barley","Operating costs","Seed","dollars per planted acre","No specific size","Heartland","United States",2008,15.81,"Base survey of 2003"
"Barley","Operating costs","Seed","dollars per planted acre","No specific size","Heartland","United States",2009,15.31,"Base survey of 2003"
"Barley","Operating costs","Seed","dollars per planted acre","No specific size","Heartland","United States",2010,13.34,"Base survey of 2003"
"Barley","Operating costs","Seed","dollars per planted acre","No specific size","Northern Crescent","United States",2003,13.03,"Base survey of 2003"
"Barley","Operating costs","Seed","dollars per planted acre","No specific size","Northern Crescent","United States",2004,12.53,"Base survey of 2003"
"Barley","Operating costs","Seed","dollars per planted acre","No specific size","Northern Crescent","United States",2005,12.69,"Base survey of 2003"
"Barley","Operating costs","Seed","dollars per planted acre","No specific size","Northern Crescent","United States",2006,12.43,"Base survey of 2003"
"Barley","Operating costs","Seed","dollars per planted acre","No specific size","Northern Crescent","United States",2007,13.56,"Base survey of 2003"
"Barley","Operating costs","Seed","dollars per planted acre","No specific size","Northern Crescent","United States",2008,19.07,"Base survey of 2003"
"Barley","Operating costs","Seed","dollars per planted acre","No specific size","Northern Crescent","United States",2009,18.47,"Base survey of 2003"
"Barley","Operating costs","Seed","dollars per planted acre","No specific size","Northern Crescent","United States",2010,16.09,"Base survey of 2003"
"Barley","Operating costs","Seed","dollars per planted acre","No specific size","Northern Crescent","United States",2011,20.98,"Base survey of 2011"
"Barley","Operating costs","Seed","dollars per planted acre","No specific size","Northern Crescent","United States",2012,26.68,"Base survey of 2011"
"Barley","Operating costs","Seed","dollars per planted acre","No specific size","Northern Crescent","United States",2013,28.31,"Base survey of 2011"
"Barley","Operating costs","Seed","dollars per planted acre","No specific size","Northern Crescent","United States",2014,28.31,"Base survey of 2011"
"Barley","Operating costs","Seed","dollars per planted acre","No specific size","Northern Crescent","United States",2015,31.08,"Base survey of 2011"
"Barley","Operating costs","Seed","dollars per planted acre","No specific size","Northern Crescent","United States",2016,30.28,"Base survey of 2011"
"Barley","Operating costs","Seed","dollars per planted acre","No specific size","Northern Crescent","United States",2017,29.91,"Base survey of 2011"
"Barley","Operating costs","Seed","dollars per planted acre","No specific size","Northern Crescent","United States",2018,29.56,"Base survey of 2011"
"Barley","Operating costs","Seed","dollars per planted acre","No specific size","Northern Crescent","United States",2019,29.46,"Base survey of 2019"
"Barley","Operating costs","Seed","dollars per planted acre","No specific size","Northern Crescent","United States",2020,29.52,"Base survey of 2019"
"Barley","Operating costs","Seed","dollars per planted acre","No specific size","Northern Crescent","United States",2021,31.54,"Base survey of 2019"
"Barley","Operating costs","Seed","dollars per planted acre","No specific size","Northern Crescent","United States",2022,35.04,"Base survey of 2019"
"Barley","Operating costs","Seed","dollars per planted acre","No specific size","Northern Crescent","United States",2023,37.99,"Base survey of 2019"
"Barley","Operating costs","Seed","dollars per planted acre","No specific size","Northern Crescent","United States",2024,36.43,"Base survey of 2019"
"Barley","Operating costs","Seed","dollars per planted acre","No specific size","Northern Great Plains","United States",2003,8.21,"Base survey of 2003"
"Barley","Operating costs","Seed","dollars per planted acre","No specific size","Northern Great Plains","United States",2004,7.89,"Base survey of 2003"
"Barley","Operating costs","Seed","dollars per planted acre","No specific size","Northern Great Plains","United States",2005,8,"Base survey of 2003"
"Barley","Operating costs","Seed","dollars per planted acre","No specific size","Northern Great Plains","United States",2006,7.83,"Base survey of 2003"
"Barley","Operating costs","Seed","dollars per planted acre","No specific size","Northern Great Plains","United States",2007,8.54,"Base survey of 2003"
"Barley","Operating costs","Seed","dollars per planted acre","No specific size","Northern Great Plains","United States",2008,12.02,"Base survey of 2003"
"Barley","Operating costs","Seed","dollars per planted acre","No specific size","Northern Great Plains","United States",2009,11.64,"Base survey of 2003"
"Barley","Operating costs","Seed","dollars per planted acre","No specific size","Northern Great Plains","United States",2010,10.14,"Base survey of 2003"
"Barley","Operating costs","Seed","dollars per planted acre","No specific size","Northern Great Plains","United States",2011,12.78,"Base survey of 2011"
"Barley","Operating costs","Seed","dollars per planted acre","No specific size","Northern Great Plains","United States",2012,16.25,"Base survey of 2011"
"Barley","Operating costs","Seed","dollars per planted acre","No specific size","Northern Great Plains","United States",2013,17.25,"Base survey of 2011"
"Barley","Operating costs","Seed","dollars per planted acre","No specific size","Northern Great Plains","United States",2014,17.25,"Base survey of 2011"
"Barley","Operating costs","Seed","dollars per planted acre","No specific size","Northern Great Plains","United States",2015,18.93,"Base survey of 2011"
"Barley","Operating costs","Seed","dollars per planted acre","No specific size","Northern Great Plains","United States",2016,18.45,"Base survey of 2011"
"Barley","Operating costs","Seed","dollars per planted acre","No specific size","Northern Great Plains","United States",2017,18.22,"Base survey of 2011"
"Barley","Operating costs","Seed","dollars per planted acre","No specific size","Northern Great Plains","United States",2018,18.01,"Base survey of 2011"
"Barley","Operating costs","Seed","dollars per planted acre","No specific size","Northern Great Plains","United States",2019,15.54,"Base survey of 2019"
"Barley","Operating costs","Seed","dollars per planted acre","No specific size","Northern Great Plains","United States",2020,15.37,"Base survey of 2019"
"Barley","Operating costs","Seed","dollars per planted acre","No specific size","Northern Great Plains","United States",2021,16.16,"Base survey of 2019"
"Barley","Operating costs","Seed","dollars per planted acre","No specific size","Northern Great Plains","United States",2022,18.42,"Base survey of 2019"
"Barley","Operating costs","Seed","dollars per planted acre","No specific size","Northern Great Plains","United States",2023,18.88,"Base survey of 2019"
"Barley","Operating costs","Seed","dollars per planted acre","No specific size","Northern Great Plains","United States",2024,17.44,"Base survey of 2019"
"Barley","Operating costs","Seed","dollars per planted acre","No specific size","Basin and Range","United States",2003,10.81,"Base survey of 2003"
"Barley","Operating costs","Seed","dollars per planted acre","No specific size","Basin and Range","United States",2004,10.39,"Base survey of 2003"
"Barley","Operating costs","Seed","dollars per planted acre","No specific size","Basin and Range","United States",2005,10.53,"Base survey of 2003"
"Barley","Operating costs","Seed","dollars per planted acre","No specific size","Basin and Range","United States",2006,10.31,"Base survey of 2003"
"Barley","Operating costs","Seed","dollars per planted acre","No specific size","Basin and Range","United States",2007,11.25,"Base survey of 2003"
"Barley","Operating costs","Seed","dollars per planted acre","No specific size","Basin and Range","United States",2008,15.82,"Base survey of 2003"
"Barley","Operating costs","Seed","dollars per planted acre","No specific size","Basin and Range","United States",2009,15.32,"Base survey of 2003"
"Barley","Operating costs","Seed","dollars per planted acre","No specific size","Basin and Range","United States",2010,13.35,"Base survey of 2003"
"Barley","Operating costs","Seed","dollars per planted acre","No specific size","Basin and Range","United States",2011,16.28,"Base survey of 2011"
"Barley","Operating costs","Seed","dollars per planted acre","No specific size","Basin and Range","United States",2012,20.71,"Base survey of 2011"
"Barley","Operating costs","Seed","dollars per planted acre","No specific size","Basin and Range","United States",2013,21.97,"Base survey of 2011"
"Barley","Operating costs","Seed","dollars per planted acre","No specific size","Basin and Range","United States",2014,21.97,"Base survey of 2011"
"Barley","Operating costs","Seed","dollars per planted acre","No specific size","Basin and Range","United States",2015,24.12,"Base survey of 2011"
"Barley","Operating costs","Seed","dollars per planted acre","No specific size","Basin and Range","United States",2016,23.5,"Base survey of 2011"
"Barley","Operating costs","Seed","dollars per planted acre","No specific size","Basin and Range","United States",2017,23.21,"Base survey of 2011"
"Barley","Operating costs","Seed","dollars per planted acre","No specific size","Basin and Range","United States",2018,22.94,"Base survey of 2011"
"Barley","Operating costs","Seed","dollars per planted acre","No specific size","Basin and Range","United States",2019,28.47,"Base survey of 2019"
"Barley","Operating costs","Seed","dollars per planted acre","No specific size","Basin and Range","United States",2020,28.35,"Base survey of 2019"
"Barley","Operating costs","Seed","dollars per planted acre","No specific size","Basin and Range","United States",2021,29.37,"Base survey of 2019"
"Barley","Operating costs","Seed","dollars per planted acre","No specific size","Basin and Range","United States",2022,32.4,"Base survey of 2019"
"Barley","Operating costs","Seed","dollars per planted acre","No specific size","Basin and Range","United States",2023,34.28,"Base survey of 2019"
"Barley","Operating costs","Seed","dollars per planted acre","No specific size","Basin and Range","United States",2024,33.42,"Base survey of 2019"
"Barley","Operating costs","Seed","dollars per planted acre","No specific size","Fruitful Rim","United States",2003,12.97,"Base survey of 2003"
"Barley","Operating costs","Seed","dollars per planted acre","No specific size","Fruitful Rim","United States",2004,12.47,"Base survey of 2003"
"Barley","Operating costs","Seed","dollars per planted acre","No specific size","Fruitful Rim","United States",2005,12.63,"Base survey of 2003"
"Barley","Operating costs","Seed","dollars per planted acre","No specific size","Fruitful Rim","United States",2006,12.37,"Base survey of 2003"
"Barley","Operating costs","Seed","dollars per planted acre","No specific size","Fruitful Rim","United States",2007,13.5,"Base survey of 2003"
"Barley","Operating costs","Seed","dollars per planted acre","No specific size","Fruitful Rim","United States",2008,18.99,"Base survey of 2003"
"Barley","Operating costs","Seed","dollars per planted acre","No specific size","Fruitful Rim","United States",2009,18.38,"Base survey of 2003"
"Barley","Operating costs","Seed","dollars per planted acre","No specific size","Fruitful Rim","United States",2010,16.02,"Base survey of 2003"
"Barley","Operating costs","Seed","dollars per planted acre","No specific size","Fruitful Rim","United States",2011,21.8,"Base survey of 2011"
"Barley","Operating costs","Seed","dollars per planted acre","No specific size","Fruitful Rim","United States",2012,27.73,"Base survey of 2011"
"Barley","Operating costs","Seed","dollars per planted acre","No specific size","Fruitful Rim","United States",2013,29.42,"Base survey of 2011"
"Barley","Operating costs","Seed","dollars per planted acre","No specific size","Fruitful Rim","United States",2014,29.42,"Base survey of 2011"
"Barley","Operating costs","Seed","dollars per planted acre","No specific size","Fruitful Rim","United States",2015,32.3,"Base survey of 2011"
"Barley","Operating costs","Seed","dollars per planted acre","No specific size","Fruitful Rim","United States",2016,31.47,"Base survey of 2011"
"Barley","Operating costs","Seed","dollars per planted acre","No specific size","Fruitful Rim","United States",2017,31.08,"Base survey of 2011"
"Barley","Operating costs","Seed","dollars per planted acre","No specific size","Fruitful Rim","United States",2018,30.72,"Base survey of 2011"
"Barley","Operating costs","Seed","dollars per planted acre","No specific size","Fruitful Rim","United States",2019,25.46,"Base survey of 2019"
"Barley","Operating costs","Seed","dollars per planted acre","No specific size","Fruitful Rim","United States",2020,25.49,"Base survey of 2019"
"Barley","Operating costs","Seed","dollars per planted acre","No specific size","Fruitful Rim","United States",2021,26.54,"Base survey of 2019"
"Barley","Operating costs","Seed","dollars per planted acre","No specific size","Fruitful Rim","United States",2022,29.79,"Base survey of 2019"
"Barley","Operating costs","Seed","dollars per planted acre","No specific size","Fruitful Rim","United States",2023,31.28,"Base survey of 2019"
"Barley","Operating costs","Seed","dollars per planted acre","No specific size","Fruitful Rim","United States",2024,30.21,"Base survey of 2019"
"Barley","Operating costs","Fertilizer  ","dollars per planted acre","No specific size","U.S. total","United States",2003,19.91,"Base survey of 2003"
"Barley","Operating costs","Fertilizer  ","dollars per planted acre","No specific size","U.S. total","United States",2004,21.14,"Base survey of 2003"
"Barley","Operating costs","Fertilizer  ","dollars per planted acre","No specific size","U.S. total","United States",2005,26.33,"Base survey of 2003"
"Barley","Operating costs","Fertilizer  ","dollars per planted acre","No specific size","U.S. total","United States",2006,28.1,"Base survey of 2003"
"Barley","Operating costs","Fertilizer  ","dollars per planted acre","No specific size","U.S. total","United States",2007,33.38,"Base survey of 2003"
"Barley","Operating costs","Fertilizer  ","dollars per planted acre","No specific size","U.S. total","United States",2008,55.24,"Base survey of 2003"
"Barley","Operating costs","Fertilizer  ","dollars per planted acre","No specific size","U.S. total","United States",2009,52.57,"Base survey of 2003"
"Barley","Operating costs","Fertilizer  ","dollars per planted acre","No specific size","U.S. total","United States",2010,42.04,"Base survey of 2003"
"Barley","Operating costs","Fertilizer  ","dollars per planted acre","No specific size","U.S. total","United States",2011,62.45,"Base survey of 2011"
"Barley","Operating costs","Fertilizer  ","dollars per planted acre","No specific size","U.S. total","United States",2012,63.23,"Base survey of 2011"
"Barley","Operating costs","Fertilizer  ","dollars per planted acre","No specific size","U.S. total","United States",2013,63.5,"Base survey of 2011"
"Barley","Operating costs","Fertilizer  ","dollars per planted acre","No specific size","U.S. total","United States",2014,60.6,"Base survey of 2011"
"Barley","Operating costs","Fertilizer  ","dollars per planted acre","No specific size","U.S. total","United States",2015,54.1,"Base survey of 2011"
"Barley","Operating costs","Fertilizer  ","dollars per planted acre","No specific size","U.S. total","United States",2016,46.68,"Base survey of 2011"
"Barley","Operating costs","Fertilizer  ","dollars per planted acre","No specific size","U.S. total","United States",2017,42.81,"Base survey of 2011"
"Barley","Operating costs","Fertilizer  ","dollars per planted acre","No specific size","U.S. total","United States",2018,41.22,"Base survey of 2011"
"Barley","Operating costs","Fertilizer  ","dollars per planted acre","No specific size","U.S. total","United States",2019,47.48,"Base survey of 2019"
"Barley","Operating costs","Fertilizer  ","dollars per planted acre","No specific size","U.S. total","United States",2020,42.37,"Base survey of 2019"
"Barley","Operating costs","Fertilizer  ","dollars per planted acre","No specific size","U.S. total","United States",2021,50.36,"Base survey of 2019"
"Barley","Operating costs","Fertilizer  ","dollars per planted acre","No specific size","U.S. total","United States",2022,94.53,"Base survey of 2019"
"Barley","Operating costs","Fertilizer  ","dollars per planted acre","No specific size","U.S. total","United States",2023,73.66,"Base survey of 2019"
"Barley","Operating costs","Fertilizer  ","dollars per planted acre","No specific size","U.S. total","United States",2024,64.24,"Base survey of 2019"
"Barley","Operating costs","Fertilizer  ","dollars per planted acre","No specific size","Heartland","United States",2003,19.76,"Base survey of 2003"
"Barley","Operating costs","Fertilizer  ","dollars per planted acre","No specific size","Heartland","United States",2004,20.99,"Base survey of 2003"
"Barley","Operating costs","Fertilizer  ","dollars per planted acre","No specific size","Heartland","United States",2005,26.13,"Base survey of 2003"
"Barley","Operating costs","Fertilizer  ","dollars per planted acre","No specific size","Heartland","United States",2006,27.89,"Base survey of 2003"
"Barley","Operating costs","Fertilizer  ","dollars per planted acre","No specific size","Heartland","United States",2007,32.11,"Base survey of 2003"
"Barley","Operating costs","Fertilizer  ","dollars per planted acre","No specific size","Heartland","United States",2008,53.63,"Base survey of 2003"
"Barley","Operating costs","Fertilizer  ","dollars per planted acre","No specific size","Heartland","United States",2009,50.49,"Base survey of 2003"
"Barley","Operating costs","Fertilizer  ","dollars per planted acre","No specific size","Heartland","United States",2010,39.01,"Base survey of 2003"
"Barley","Operating costs","Fertilizer  ","dollars per planted acre","No specific size","Northern Crescent","United States",2003,22.09,"Base survey of 2003"
"Barley","Operating costs","Fertilizer  ","dollars per planted acre","No specific size","Northern Crescent","United States",2004,23.46,"Base survey of 2003"
"Barley","Operating costs","Fertilizer  ","dollars per planted acre","No specific size","Northern Crescent","United States",2005,29.22,"Base survey of 2003"
"Barley","Operating costs","Fertilizer  ","dollars per planted acre","No specific size","Northern Crescent","United States",2006,31.18,"Base survey of 2003"
"Barley","Operating costs","Fertilizer  ","dollars per planted acre","No specific size","Northern Crescent","United States",2007,35.9,"Base survey of 2003"
"Barley","Operating costs","Fertilizer  ","dollars per planted acre","No specific size","Northern Crescent","United States",2008,59.96,"Base survey of 2003"
"Barley","Operating costs","Fertilizer  ","dollars per planted acre","No specific size","Northern Crescent","United States",2009,56.44,"Base survey of 2003"
"Barley","Operating costs","Fertilizer  ","dollars per planted acre","No specific size","Northern Crescent","United States",2010,43.61,"Base survey of 2003"
"Barley","Operating costs","Fertilizer  ","dollars per planted acre","No specific size","Northern Crescent","United States",2011,76.98,"Base survey of 2011"
"Barley","Operating costs","Fertilizer  ","dollars per planted acre","No specific size","Northern Crescent","United States",2012,82.15,"Base survey of 2011"
"Barley","Operating costs","Fertilizer  ","dollars per planted acre","No specific size","Northern Crescent","United States",2013,80.69,"Base survey of 2011"
"Barley","Operating costs","Fertilizer  ","dollars per planted acre","No specific size","Northern Crescent","United States",2014,77.31,"Base survey of 2011"
"Barley","Operating costs","Fertilizer  ","dollars per planted acre","No specific size","Northern Crescent","United States",2015,71.83,"Base survey of 2011"
"Barley","Operating costs","Fertilizer  ","dollars per planted acre","No specific size","Northern Crescent","United States",2016,60.78,"Base survey of 2011"
"Barley","Operating costs","Fertilizer  ","dollars per planted acre","No specific size","Northern Crescent","United States",2017,54.64,"Base survey of 2011"
"Barley","Operating costs","Fertilizer  ","dollars per planted acre","No specific size","Northern Crescent","United States",2018,52.37,"Base survey of 2011"
"Barley","Operating costs","Fertilizer  ","dollars per planted acre","No specific size","Northern Crescent","United States",2019,68.14,"Base survey of 2019"
"Barley","Operating costs","Fertilizer  ","dollars per planted acre","No specific size","Northern Crescent","United States",2020,60.36,"Base survey of 2019"
"Barley","Operating costs","Fertilizer  ","dollars per planted acre","No specific size","Northern Crescent","United States",2021,74,"Base survey of 2019"
"Barley","Operating costs","Fertilizer  ","dollars per planted acre","No specific size","Northern Crescent","United States",2022,139.1,"Base survey of 2019"
"Barley","Operating costs","Fertilizer  ","dollars per planted acre","No specific size","Northern Crescent","United States",2023,114.27,"Base survey of 2019"
"Barley","Operating costs","Fertilizer  ","dollars per planted acre","No specific size","Northern Crescent","United States",2024,95.84,"Base survey of 2019"
"Barley","Operating costs","Fertilizer  ","dollars per planted acre","No specific size","Northern Great Plains","United States",2003,16.43,"Base survey of 2003"
"Barley","Operating costs","Fertilizer  ","dollars per planted acre","No specific size","Northern Great Plains","United States",2004,17.45,"Base survey of 2003"
"Barley","Operating costs","Fertilizer  ","dollars per planted acre","No specific size","Northern Great Plains","United States",2005,21.73,"Base survey of 2003"
"Barley","Operating costs","Fertilizer  ","dollars per planted acre","No specific size","Northern Great Plains","United States",2006,23.19,"Base survey of 2003"
"Barley","Operating costs","Fertilizer  ","dollars per planted acre","No specific size","Northern Great Plains","United States",2007,26.7,"Base survey of 2003"
"Barley","Operating costs","Fertilizer  ","dollars per planted acre","No specific size","Northern Great Plains","United States",2008,44.6,"Base survey of 2003"
"Barley","Operating costs","Fertilizer  ","dollars per planted acre","No specific size","Northern Great Plains","United States",2009,41.98,"Base survey of 2003"
"Barley","Operating costs","Fertilizer  ","dollars per planted acre","No specific size","Northern Great Plains","United States",2010,32.43,"Base survey of 2003"
"Barley","Operating costs","Fertilizer  ","dollars per planted acre","No specific size","Northern Great Plains","United States",2011,46.36,"Base survey of 2011"
"Barley","Operating costs","Fertilizer  ","dollars per planted acre","No specific size","Northern Great Plains","United States",2012,49.47,"Base survey of 2011"
"Barley","Operating costs","Fertilizer  ","dollars per planted acre","No specific size","Northern Great Plains","United States",2013,48.6,"Base survey of 2011"
"Barley","Operating costs","Fertilizer  ","dollars per planted acre","No specific size","Northern Great Plains","United States",2014,46.56,"Base survey of 2011"
"Barley","Operating costs","Fertilizer  ","dollars per planted acre","No specific size","Northern Great Plains","United States",2015,43.26,"Base survey of 2011"
"Barley","Operating costs","Fertilizer  ","dollars per planted acre","No specific size","Northern Great Plains","United States",2016,36.6,"Base survey of 2011"
"Barley","Operating costs","Fertilizer  ","dollars per planted acre","No specific size","Northern Great Plains","United States",2017,32.91,"Base survey of 2011"
"Barley","Operating costs","Fertilizer  ","dollars per planted acre","No specific size","Northern Great Plains","United States",2018,31.54,"Base survey of 2011"
"Barley","Operating costs","Fertilizer  ","dollars per planted acre","No specific size","Northern Great Plains","United States",2019,38.67,"Base survey of 2019"
"Barley","Operating costs","Fertilizer  ","dollars per planted acre","No specific size","Northern Great Plains","United States",2020,34.22,"Base survey of 2019"
"Barley","Operating costs","Fertilizer  ","dollars per planted acre","No specific size","Northern Great Plains","United States",2021,40.79,"Base survey of 2019"
"Barley","Operating costs","Fertilizer  ","dollars per planted acre","No specific size","Northern Great Plains","United States",2022,78.31,"Base survey of 2019"
"Barley","Operating costs","Fertilizer  ","dollars per planted acre","No specific size","Northern Great Plains","United States",2023,60.17,"Base survey of 2019"
"Barley","Operating costs","Fertilizer  ","dollars per planted acre","No specific size","Northern Great Plains","United States",2024,49.39,"Base survey of 2019"
"Barley","Operating costs","Fertilizer  ","dollars per planted acre","No specific size","Basin and Range","United States",2003,24.7,"Base survey of 2003"
"Barley","Operating costs","Fertilizer  ","dollars per planted acre","No specific size","Basin and Range","United States",2004,26.23,"Base survey of 2003"
"Barley","Operating costs","Fertilizer  ","dollars per planted acre","No specific size","Basin and Range","United States",2005,32.67,"Base survey of 2003"
"Barley","Operating costs","Fertilizer  ","dollars per planted acre","No specific size","Basin and Range","United States",2006,34.86,"Base survey of 2003"
"Barley","Operating costs","Fertilizer  ","dollars per planted acre","No specific size","Basin and Range","United States",2007,40.14,"Base survey of 2003"
"Barley","Operating costs","Fertilizer  ","dollars per planted acre","No specific size","Basin and Range","United States",2008,67.04,"Base survey of 2003"
"Barley","Operating costs","Fertilizer  ","dollars per planted acre","No specific size","Basin and Range","United States",2009,63.11,"Base survey of 2003"
"Barley","Operating costs","Fertilizer  ","dollars per planted acre","No specific size","Basin and Range","United States",2010,48.76,"Base survey of 2003"
"Barley","Operating costs","Fertilizer  ","dollars per planted acre","No specific size","Basin and Range","United States",2011,64.71,"Base survey of 2011"
"Barley","Operating costs","Fertilizer  ","dollars per planted acre","No specific size","Basin and Range","United States",2012,69.05,"Base survey of 2011"
"Barley","Operating costs","Fertilizer  ","dollars per planted acre","No specific size","Basin and Range","United States",2013,67.83,"Base survey of 2011"
"Barley","Operating costs","Fertilizer  ","dollars per planted acre","No specific size","Basin and Range","United States",2014,64.99,"Base survey of 2011"
"Barley","Operating costs","Fertilizer  ","dollars per planted acre","No specific size","Basin and Range","United States",2015,60.38,"Base survey of 2011"
"Barley","Operating costs","Fertilizer  ","dollars per planted acre","No specific size","Basin and Range","United States",2016,51.09,"Base survey of 2011"
"Barley","Operating costs","Fertilizer  ","dollars per planted acre","No specific size","Basin and Range","United States",2017,45.93,"Base survey of 2011"
"Barley","Operating costs","Fertilizer  ","dollars per planted acre","No specific size","Basin and Range","United States",2018,44.02,"Base survey of 2011"
"Barley","Operating costs","Fertilizer  ","dollars per planted acre","No specific size","Basin and Range","United States",2019,65.68,"Base survey of 2019"
"Barley","Operating costs","Fertilizer  ","dollars per planted acre","No specific size","Basin and Range","United States",2020,58.84,"Base survey of 2019"
"Barley","Operating costs","Fertilizer  ","dollars per planted acre","No specific size","Basin and Range","United States",2021,70.25,"Base survey of 2019"
"Barley","Operating costs","Fertilizer  ","dollars per planted acre","No specific size","Basin and Range","United States",2022,132.33,"Base survey of 2019"
"Barley","Operating costs","Fertilizer  ","dollars per planted acre","No specific size","Basin and Range","United States",2023,103.94,"Base survey of 2019"
"Barley","Operating costs","Fertilizer  ","dollars per planted acre","No specific size","Basin and Range","United States",2024,89.75,"Base survey of 2019"
"Barley","Operating costs","Fertilizer  ","dollars per planted acre","No specific size","Fruitful Rim","United States",2003,27.4,"Base survey of 2003"
"Barley","Operating costs","Fertilizer  ","dollars per planted acre","No specific size","Fruitful Rim","United States",2004,29.1,"Base survey of 2003"
"Barley","Operating costs","Fertilizer  ","dollars per planted acre","No specific size","Fruitful Rim","United States",2005,36.24,"Base survey of 2003"
"Barley","Operating costs","Fertilizer  ","dollars per planted acre","No specific size","Fruitful Rim","United States",2006,38.67,"Base survey of 2003"
"Barley","Operating costs","Fertilizer  ","dollars per planted acre","No specific size","Fruitful Rim","United States",2007,44.53,"Base survey of 2003"
"Barley","Operating costs","Fertilizer  ","dollars per planted acre","No specific size","Fruitful Rim","United States",2008,74.37,"Base survey of 2003"
"Barley","Operating costs","Fertilizer  ","dollars per planted acre","No specific size","Fruitful Rim","United States",2009,70.01,"Base survey of 2003"
"Barley","Operating costs","Fertilizer  ","dollars per planted acre","No specific size","Fruitful Rim","United States",2010,54.09,"Base survey of 2003"
"Barley","Operating costs","Fertilizer  ","dollars per planted acre","No specific size","Fruitful Rim","United States",2011,78.43,"Base survey of 2011"
"Barley","Operating costs","Fertilizer  ","dollars per planted acre","No specific size","Fruitful Rim","United States",2012,83.69,"Base survey of 2011"
"Barley","Operating costs","Fertilizer  ","dollars per planted acre","No specific size","Fruitful Rim","United States",2013,82.21,"Base survey of 2011"
"Barley","Operating costs","Fertilizer  ","dollars per planted acre","No specific size","Fruitful Rim","United States",2014,78.77,"Base survey of 2011"
"Barley","Operating costs","Fertilizer  ","dollars per planted acre","No specific size","Fruitful Rim","United States",2015,73.18,"Base survey of 2011"
"Barley","Operating costs","Fertilizer  ","dollars per planted acre","No specific size","Fruitful Rim","United States",2016,61.92,"Base survey of 2011"
"Barley","Operating costs","Fertilizer  ","dollars per planted acre","No specific size","Fruitful Rim","United States",2017,55.67,"Base survey of 2011"
"Barley","Operating costs","Fertilizer  ","dollars per planted acre","No specific size","Fruitful Rim","United States",2018,53.35,"Base survey of 2011"
"Barley","Operating costs","Fertilizer  ","dollars per planted acre","No specific size","Fruitful Rim","United States",2019,53.86,"Base survey of 2019"
"Barley","Operating costs","Fertilizer  ","dollars per planted acre","No specific size","Fruitful Rim","United States",2020,48.17,"Base survey of 2019"
"Barley","Operating costs","Fertilizer  ","dollars per planted acre","No specific size","Fruitful Rim","United States",2021,57.8,"Base survey of 2019"
"Barley","Operating costs","Fertilizer  ","dollars per planted acre","No specific size","Fruitful Rim","United States",2022,109.34,"Base survey of 2019"
"Barley","Operating costs","Fertilizer  ","dollars per planted acre","No specific size","Fruitful Rim","United States",2023,86.26,"Base survey of 2019"
"Barley","Operating costs","Fertilizer  ","dollars per planted acre","No specific size","Fruitful Rim","United States",2024,73.64,"Base survey of 2019"
"Barley","Operating costs","Chemicals","dollars per planted acre","No specific size","U.S. total","United States",2003,12.42,"Base survey of 2003"
"Barley","Operating costs","Chemicals","dollars per planted acre","No specific size","U.S. total","United States",2004,12.42,"Base survey of 2003"
"Barley","Operating costs","Chemicals","dollars per planted acre","No specific size","U.S. total","United States",2005,12.63,"Base survey of 2003"
"Barley","Operating costs","Chemicals","dollars per planted acre","No specific size","U.S. total","United States",2006,13.14,"Base survey of 2003"
"Barley","Operating costs","Chemicals","dollars per planted acre","No specific size","U.S. total","United States",2007,13.11,"Base survey of 2003"
"Barley","Operating costs","Chemicals","dollars per planted acre","No specific size","U.S. total","United States",2008,13.83,"Base survey of 2003"
"Barley","Operating costs","Chemicals","dollars per planted acre","No specific size","U.S. total","United States",2009,15.26,"Base survey of 2003"
"Barley","Operating costs","Chemicals","dollars per planted acre","No specific size","U.S. total","United States",2010,14.78,"Base survey of 2003"
"Barley","Operating costs","Chemicals","dollars per planted acre","No specific size","U.S. total","United States",2011,18.33,"Base survey of 2011"
"Barley","Operating costs","Chemicals","dollars per planted acre","No specific size","U.S. total","United States",2012,19.67,"Base survey of 2011"
"Barley","Operating costs","Chemicals","dollars per planted acre","No specific size","U.S. total","United States",2013,20.13,"Base survey of 2011"
"Barley","Operating costs","Chemicals","dollars per planted acre","No specific size","U.S. total","United States",2014,20.44,"Base survey of 2011"
"Barley","Operating costs","Chemicals","dollars per planted acre","No specific size","U.S. total","United States",2015,20.12,"Base survey of 2011"
"Barley","Operating costs","Chemicals","dollars per planted acre","No specific size","U.S. total","United States",2016,20.75,"Base survey of 2011"
"Barley","Operating costs","Chemicals","dollars per planted acre","No specific size","U.S. total","United States",2017,19.94,"Base survey of 2011"
"Barley","Operating costs","Chemicals","dollars per planted acre","No specific size","U.S. total","United States",2018,19.37,"Base survey of 2011"
"Barley","Operating costs","Chemicals","dollars per planted acre","No specific size","U.S. total","United States",2019,21.69,"Base survey of 2019"
"Barley","Operating costs","Chemicals","dollars per planted acre","No specific size","U.S. total","United States",2020,20.31,"Base survey of 2019"
"Barley","Operating costs","Chemicals","dollars per planted acre","No specific size","U.S. total","United States",2021,21.24,"Base survey of 2019"
"Barley","Operating costs","Chemicals","dollars per planted acre","No specific size","U.S. total","United States",2022,32.71,"Base survey of 2019"
"Barley","Operating costs","Chemicals","dollars per planted acre","No specific size","U.S. total","United States",2023,31.52,"Base survey of 2019"
"Barley","Operating costs","Chemicals","dollars per planted acre","No specific size","U.S. total","United States",2024,24.4,"Base survey of 2019"
"Barley","Operating costs","Chemicals","dollars per planted acre","No specific size","Heartland","United States",2003,5.02,"Base survey of 2003"
"Barley","Operating costs","Chemicals","dollars per planted acre","No specific size","Heartland","United States",2004,5.02,"Base survey of 2003"
"Barley","Operating costs","Chemicals","dollars per planted acre","No specific size","Heartland","United States",2005,5.1,"Base survey of 2003"
"Barley","Operating costs","Chemicals","dollars per planted acre","No specific size","Heartland","United States",2006,5.31,"Base survey of 2003"
"Barley","Operating costs","Chemicals","dollars per planted acre","No specific size","Heartland","United States",2007,5.29,"Base survey of 2003"
"Barley","Operating costs","Chemicals","dollars per planted acre","No specific size","Heartland","United States",2008,5.59,"Base survey of 2003"
"Barley","Operating costs","Chemicals","dollars per planted acre","No specific size","Heartland","United States",2009,6.18,"Base survey of 2003"
"Barley","Operating costs","Chemicals","dollars per planted acre","No specific size","Heartland","United States",2010,5.96,"Base survey of 2003"
"Barley","Operating costs","Chemicals","dollars per planted acre","No specific size","Northern Crescent","United States",2003,2.87,"Base survey of 2003"
"Barley","Operating costs","Chemicals","dollars per planted acre","No specific size","Northern Crescent","United States",2004,2.87,"Base survey of 2003"
"Barley","Operating costs","Chemicals","dollars per planted acre","No specific size","Northern Crescent","United States",2005,2.92,"Base survey of 2003"
"Barley","Operating costs","Chemicals","dollars per planted acre","No specific size","Northern Crescent","United States",2006,3.04,"Base survey of 2003"
"Barley","Operating costs","Chemicals","dollars per planted acre","No specific size","Northern Crescent","United States",2007,3.02,"Base survey of 2003"
"Barley","Operating costs","Chemicals","dollars per planted acre","No specific size","Northern Crescent","United States",2008,3.2,"Base survey of 2003"
"Barley","Operating costs","Chemicals","dollars per planted acre","No specific size","Northern Crescent","United States",2009,3.53,"Base survey of 2003"
"Barley","Operating costs","Chemicals","dollars per planted acre","No specific size","Northern Crescent","United States",2010,3.41,"Base survey of 2003"
"Barley","Operating costs","Chemicals","dollars per planted acre","No specific size","Northern Crescent","United States",2011,2.22,"Base survey of 2011"
"Barley","Operating costs","Chemicals","dollars per planted acre","No specific size","Northern Crescent","United States",2012,2.32,"Base survey of 2011"
"Barley","Operating costs","Chemicals","dollars per planted acre","No specific size","Northern Crescent","United States",2013,2.41,"Base survey of 2011"
"Barley","Operating costs","Chemicals","dollars per planted acre","No specific size","Northern Crescent","United States",2014,2.45,"Base survey of 2011"
"Barley","Operating costs","Chemicals","dollars per planted acre","No specific size","Northern Crescent","United States",2015,2.35,"Base survey of 2011"
"Barley","Operating costs","Chemicals","dollars per planted acre","No specific size","Northern Crescent","United States",2016,2.43,"Base survey of 2011"
"Barley","Operating costs","Chemicals","dollars per planted acre","No specific size","Northern Crescent","United States",2017,2.37,"Base survey of 2011"
"Barley","Operating costs","Chemicals","dollars per planted acre","No specific size","Northern Crescent","United States",2018,2.31,"Base survey of 2011"
"Barley","Operating costs","Chemicals","dollars per planted acre","No specific size","Northern Crescent","United States",2019,14.81,"Base survey of 2019"
"Barley","Operating costs","Chemicals","dollars per planted acre","No specific size","Northern Crescent","United States",2020,13.8,"Base survey of 2019"
"Barley","Operating costs","Chemicals","dollars per planted acre","No specific size","Northern Crescent","United States",2021,14.39,"Base survey of 2019"
"Barley","Operating costs","Chemicals","dollars per planted acre","No specific size","Northern Crescent","United States",2022,22.05,"Base survey of 2019"
"Barley","Operating costs","Chemicals","dollars per planted acre","No specific size","Northern Crescent","United States",2023,21.6,"Base survey of 2019"
"Barley","Operating costs","Chemicals","dollars per planted acre","No specific size","Northern Crescent","United States",2024,16.91,"Base survey of 2019"
"Barley","Operating costs","Chemicals","dollars per planted acre","No specific size","Northern Great Plains","United States",2003,12.16,"Base survey of 2003"
"Barley","Operating costs","Chemicals","dollars per planted acre","No specific size","Northern Great Plains","United States",2004,12.16,"Base survey of 2003"
"Barley","Operating costs","Chemicals","dollars per planted acre","No specific size","Northern Great Plains","United States",2005,12.36,"Base survey of 2003"
"Barley","Operating costs","Chemicals","dollars per planted acre","No specific size","Northern Great Plains","United States",2006,12.86,"Base survey of 2003"
"Barley","Operating costs","Chemicals","dollars per planted acre","No specific size","Northern Great Plains","United States",2007,12.81,"Base survey of 2003"
"Barley","Operating costs","Chemicals","dollars per planted acre","No specific size","Northern Great Plains","United States",2008,13.55,"Base survey of 2003"
"Barley","Operating costs","Chemicals","dollars per planted acre","No specific size","Northern Great Plains","United States",2009,14.97,"Base survey of 2003"
"Barley","Operating costs","Chemicals","dollars per planted acre","No specific size","Northern Great Plains","United States",2010,14.44,"Base survey of 2003"
"Barley","Operating costs","Chemicals","dollars per planted acre","No specific size","Northern Great Plains","United States",2011,21.43,"Base survey of 2011"
"Barley","Operating costs","Chemicals","dollars per planted acre","No specific size","Northern Great Plains","United States",2012,22.44,"Base survey of 2011"
"Barley","Operating costs","Chemicals","dollars per planted acre","No specific size","Northern Great Plains","United States",2013,23.3,"Base survey of 2011"
"Barley","Operating costs","Chemicals","dollars per planted acre","No specific size","Northern Great Plains","United States",2014,23.64,"Base survey of 2011"
"Barley","Operating costs","Chemicals","dollars per planted acre","No specific size","Northern Great Plains","United States",2015,22.71,"Base survey of 2011"
"Barley","Operating costs","Chemicals","dollars per planted acre","No specific size","Northern Great Plains","United States",2016,23.47,"Base survey of 2011"
"Barley","Operating costs","Chemicals","dollars per planted acre","No specific size","Northern Great Plains","United States",2017,22.85,"Base survey of 2011"
"Barley","Operating costs","Chemicals","dollars per planted acre","No specific size","Northern Great Plains","United States",2018,22.3,"Base survey of 2011"
"Barley","Operating costs","Chemicals","dollars per planted acre","No specific size","Northern Great Plains","United States",2019,22.16,"Base survey of 2019"
"Barley","Operating costs","Chemicals","dollars per planted acre","No specific size","Northern Great Plains","United States",2020,20.67,"Base survey of 2019"
"Barley","Operating costs","Chemicals","dollars per planted acre","No specific size","Northern Great Plains","United States",2021,21.65,"Base survey of 2019"
"Barley","Operating costs","Chemicals","dollars per planted acre","No specific size","Northern Great Plains","United States",2022,33.53,"Base survey of 2019"
"Barley","Operating costs","Chemicals","dollars per planted acre","No specific size","Northern Great Plains","United States",2023,31.81,"Base survey of 2019"
"Barley","Operating costs","Chemicals","dollars per planted acre","No specific size","Northern Great Plains","United States",2024,24.38,"Base survey of 2019"
"Barley","Operating costs","Chemicals","dollars per planted acre","No specific size","Basin and Range","United States",2003,12.22,"Base survey of 2003"
"Barley","Operating costs","Chemicals","dollars per planted acre","No specific size","Basin and Range","United States",2004,12.22,"Base survey of 2003"
"Barley","Operating costs","Chemicals","dollars per planted acre","No specific size","Basin and Range","United States",2005,12.42,"Base survey of 2003"
"Barley","Operating costs","Chemicals","dollars per planted acre","No specific size","Basin and Range","United States",2006,12.93,"Base survey of 2003"
"Barley","Operating costs","Chemicals","dollars per planted acre","No specific size","Basin and Range","United States",2007,12.87,"Base survey of 2003"
"Barley","Operating costs","Chemicals","dollars per planted acre","No specific size","Basin and Range","United States",2008,13.61,"Base survey of 2003"
"Barley","Operating costs","Chemicals","dollars per planted acre","No specific size","Basin and Range","United States",2009,15.05,"Base survey of 2003"
"Barley","Operating costs","Chemicals","dollars per planted acre","No specific size","Basin and Range","United States",2010,14.51,"Base survey of 2003"
"Barley","Operating costs","Chemicals","dollars per planted acre","No specific size","Basin and Range","United States",2011,15.94,"Base survey of 2011"
"Barley","Operating costs","Chemicals","dollars per planted acre","No specific size","Basin and Range","United States",2012,16.69,"Base survey of 2011"
"Barley","Operating costs","Chemicals","dollars per planted acre","No specific size","Basin and Range","United States",2013,17.33,"Base survey of 2011"
"Barley","Operating costs","Chemicals","dollars per planted acre","No specific size","Basin and Range","United States",2014,17.58,"Base survey of 2011"
"Barley","Operating costs","Chemicals","dollars per planted acre","No specific size","Basin and Range","United States",2015,16.89,"Base survey of 2011"
"Barley","Operating costs","Chemicals","dollars per planted acre","No specific size","Basin and Range","United States",2016,17.45,"Base survey of 2011"
"Barley","Operating costs","Chemicals","dollars per planted acre","No specific size","Basin and Range","United States",2017,17,"Base survey of 2011"
"Barley","Operating costs","Chemicals","dollars per planted acre","No specific size","Basin and Range","United States",2018,16.59,"Base survey of 2011"
"Barley","Operating costs","Chemicals","dollars per planted acre","No specific size","Basin and Range","United States",2019,22.1,"Base survey of 2019"
"Barley","Operating costs","Chemicals","dollars per planted acre","No specific size","Basin and Range","United States",2020,21.02,"Base survey of 2019"
"Barley","Operating costs","Chemicals","dollars per planted acre","No specific size","Basin and Range","United States",2021,21.86,"Base survey of 2019"
"Barley","Operating costs","Chemicals","dollars per planted acre","No specific size","Basin and Range","United States",2022,33.3,"Base survey of 2019"
"Barley","Operating costs","Chemicals","dollars per planted acre","No specific size","Basin and Range","United States",2023,33.17,"Base survey of 2019"
"Barley","Operating costs","Chemicals","dollars per planted acre","No specific size","Basin and Range","United States",2024,25.57,"Base survey of 2019"
"Barley","Operating costs","Chemicals","dollars per planted acre","No specific size","Fruitful Rim","United States",2003,15.58,"Base survey of 2003"
"Barley","Operating costs","Chemicals","dollars per planted acre","No specific size","Fruitful Rim","United States",2004,15.58,"Base survey of 2003"
"Barley","Operating costs","Chemicals","dollars per planted acre","No specific size","Fruitful Rim","United States",2005,15.84,"Base survey of 2003"
"Barley","Operating costs","Chemicals","dollars per planted acre","No specific size","Fruitful Rim","United States",2006,16.48,"Base survey of 2003"
"Barley","Operating costs","Chemicals","dollars per planted acre","No specific size","Fruitful Rim","United States",2007,16.41,"Base survey of 2003"
"Barley","Operating costs","Chemicals","dollars per planted acre","No specific size","Fruitful Rim","United States",2008,17.36,"Base survey of 2003"
"Barley","Operating costs","Chemicals","dollars per planted acre","No specific size","Fruitful Rim","United States",2009,19.19,"Base survey of 2003"
"Barley","Operating costs","Chemicals","dollars per planted acre","No specific size","Fruitful Rim","United States",2010,18.5,"Base survey of 2003"
"Barley","Operating costs","Chemicals","dollars per planted acre","No specific size","Fruitful Rim","United States",2011,19.3,"Base survey of 2011"
"Barley","Operating costs","Chemicals","dollars per planted acre","No specific size","Fruitful Rim","United States",2012,20.21,"Base survey of 2011"
"Barley","Operating costs","Chemicals","dollars per planted acre","No specific size","Fruitful Rim","United States",2013,20.98,"Base survey of 2011"
"Barley","Operating costs","Chemicals","dollars per planted acre","No specific size","Fruitful Rim","United States",2014,21.29,"Base survey of 2011"
"Barley","Operating costs","Chemicals","dollars per planted acre","No specific size","Fruitful Rim","United States",2015,20.46,"Base survey of 2011"
"Barley","Operating costs","Chemicals","dollars per planted acre","No specific size","Fruitful Rim","United States",2016,21.13,"Base survey of 2011"
"Barley","Operating costs","Chemicals","dollars per planted acre","No specific size","Fruitful Rim","United States",2017,20.58,"Base survey of 2011"
"Barley","Operating costs","Chemicals","dollars per planted acre","No specific size","Fruitful Rim","United States",2018,20.09,"Base survey of 2011"
"Barley","Operating costs","Chemicals","dollars per planted acre","No specific size","Fruitful Rim","United States",2019,20.56,"Base survey of 2019"
"Barley","Operating costs","Chemicals","dollars per planted acre","No specific size","Fruitful Rim","United States",2020,19.35,"Base survey of 2019"
"Barley","Operating costs","Chemicals","dollars per planted acre","No specific size","Fruitful Rim","United States",2021,20.1,"Base survey of 2019"
"Barley","Operating costs","Chemicals","dollars per planted acre","No specific size","Fruitful Rim","United States",2022,30.55,"Base survey of 2019"
"Barley","Operating costs","Chemicals","dollars per planted acre","No specific size","Fruitful Rim","United States",2023,29.78,"Base survey of 2019"
"Barley","Operating costs","Chemicals","dollars per planted acre","No specific size","Fruitful Rim","United States",2024,23.8,"Base survey of 2019"
"Barley","Operating costs","Custom services","dollars per planted acre","No specific size","U.S. total","United States",2003,7.7,"Base survey of 2003"
"Barley","Operating costs","Custom services","dollars per planted acre","No specific size","U.S. total","United States",2004,7.76,"Base survey of 2003"
"Barley","Operating costs","Custom services","dollars per planted acre","No specific size","U.S. total","United States",2005,7.45,"Base survey of 2003"
"Barley","Operating costs","Custom services","dollars per planted acre","No specific size","U.S. total","United States",2006,7.58,"Base survey of 2003"
"Barley","Operating costs","Custom services","dollars per planted acre","No specific size","U.S. total","United States",2007,8.09,"Base survey of 2003"
"Barley","Operating costs","Custom services","dollars per planted acre","No specific size","U.S. total","United States",2008,9.24,"Base survey of 2003"
"Barley","Operating costs","Custom services","dollars per planted acre","No specific size","U.S. total","United States",2009,9.36,"Base survey of 2003"
"Barley","Operating costs","Custom services","dollars per planted acre","No specific size","U.S. total","United States",2010,9.78,"Base survey of 2003"
"Barley","Operating costs","Custom services","dollars per planted acre","No specific size","U.S. total","United States",2011,13.59,"Base survey of 2011"
"Barley","Operating costs","Custom services","dollars per planted acre","No specific size","U.S. total","United States",2012,12.48,"Base survey of 2011"
"Barley","Operating costs","Custom services","dollars per planted acre","No specific size","U.S. total","United States",2013,13.42,"Base survey of 2011"
"Barley","Operating costs","Custom services","dollars per planted acre","No specific size","U.S. total","United States",2014,13.75,"Base survey of 2011"
"Barley","Operating costs","Custom services","dollars per planted acre","No specific size","U.S. total","United States",2015,13.14,"Base survey of 2011"
"Barley","Operating costs","Custom services","dollars per planted acre","No specific size","U.S. total","United States",2016,13.54,"Base survey of 2011"
"Barley","Operating costs","Custom services","dollars per planted acre","No specific size","U.S. total","United States",2017,14.47,"Base survey of 2011"
"Barley","Operating costs","Custom services","dollars per planted acre","No specific size","U.S. total","United States",2018,14.56,"Base survey of 2011"
"Barley","Operating costs","Custom services","dollars per planted acre","No specific size","U.S. total","United States",2019,5.98,"Base survey of 2019"
"Barley","Operating costs","Custom services","dollars per planted acre","No specific size","U.S. total","United States",2020,6.02,"Base survey of 2019"
"Barley","Operating costs","Custom services","dollars per planted acre","No specific size","U.S. total","United States",2021,6.19,"Base survey of 2019"
"Barley","Operating costs","Custom services","dollars per planted acre","No specific size","U.S. total","United States",2022,6.81,"Base survey of 2019"
"Barley","Operating costs","Custom services","dollars per planted acre","No specific size","U.S. total","United States",2023,7.05,"Base survey of 2019"
"Barley","Operating costs","Custom services","dollars per planted acre","No specific size","U.S. total","United States",2024,7.62,"Base survey of 2019"
"Barley","Operating costs","Custom services","dollars per planted acre","No specific size","Heartland","United States",2003,13.05,"Base survey of 2003"
"Barley","Operating costs","Custom services","dollars per planted acre","No specific size","Heartland","United States",2004,13.16,"Base survey of 2003"
"Barley","Operating costs","Custom services","dollars per planted acre","No specific size","Heartland","United States",2005,12.63,"Base survey of 2003"
"Barley","Operating costs","Custom services","dollars per planted acre","No specific size","Heartland","United States",2006,12.84,"Base survey of 2003"
"Barley","Operating costs","Custom services","dollars per planted acre","No specific size","Heartland","United States",2007,13.05,"Base survey of 2003"
"Barley","Operating costs","Custom services","dollars per planted acre","No specific size","Heartland","United States",2008,15.03,"Base survey of 2003"
"Barley","Operating costs","Custom services","dollars per planted acre","No specific size","Heartland","United States",2009,15.14,"Base survey of 2003"
"Barley","Operating costs","Custom services","dollars per planted acre","No specific size","Heartland","United States",2010,15.14,"Base survey of 2003"
"Barley","Operating costs","Custom services","dollars per planted acre","No specific size","Northern Crescent","United States",2003,15.95,"Base survey of 2003"
"Barley","Operating costs","Custom services","dollars per planted acre","No specific size","Northern Crescent","United States",2004,16.08,"Base survey of 2003"
"Barley","Operating costs","Custom services","dollars per planted acre","No specific size","Northern Crescent","United States",2005,15.44,"Base survey of 2003"
"Barley","Operating costs","Custom services","dollars per planted acre","No specific size","Northern Crescent","United States",2006,15.69,"Base survey of 2003"
"Barley","Operating costs","Custom services","dollars per planted acre","No specific size","Northern Crescent","United States",2007,15.95,"Base survey of 2003"
"Barley","Operating costs","Custom services","dollars per planted acre","No specific size","Northern Crescent","United States",2008,18.37,"Base survey of 2003"
"Barley","Operating costs","Custom services","dollars per planted acre","No specific size","Northern Crescent","United States",2009,18.5,"Base survey of 2003"
"Barley","Operating costs","Custom services","dollars per planted acre","No specific size","Northern Crescent","United States",2010,18.5,"Base survey of 2003"
"Barley","Operating costs","Custom services","dollars per planted acre","No specific size","Northern Crescent","United States",2011,24.6,"Base survey of 2011"
"Barley","Operating costs","Custom services","dollars per planted acre","No specific size","Northern Crescent","United States",2012,25.09,"Base survey of 2011"
"Barley","Operating costs","Custom services","dollars per planted acre","No specific size","Northern Crescent","United States",2013,26.08,"Base survey of 2011"
"Barley","Operating costs","Custom services","dollars per planted acre","No specific size","Northern Crescent","United States",2014,26.89,"Base survey of 2011"
"Barley","Operating costs","Custom services","dollars per planted acre","No specific size","Northern Crescent","United States",2015,27.5,"Base survey of 2011"
"Barley","Operating costs","Custom services","dollars per planted acre","No specific size","Northern Crescent","United States",2016,27.45,"Base survey of 2011"
"Barley","Operating costs","Custom services","dollars per planted acre","No specific size","Northern Crescent","United States",2017,28.12,"Base survey of 2011"
"Barley","Operating costs","Custom services","dollars per planted acre","No specific size","Northern Crescent","United States",2018,27.87,"Base survey of 2011"
"Barley","Operating costs","Custom services","dollars per planted acre","No specific size","Northern Crescent","United States",2019,22.11,"Base survey of 2019"
"Barley","Operating costs","Custom services","dollars per planted acre","No specific size","Northern Crescent","United States",2020,22.12,"Base survey of 2019"
"Barley","Operating costs","Custom services","dollars per planted acre","No specific size","Northern Crescent","United States",2021,24.08,"Base survey of 2019"
"Barley","Operating costs","Custom services","dollars per planted acre","No specific size","Northern Crescent","United States",2022,26.65,"Base survey of 2019"
"Barley","Operating costs","Custom services","dollars per planted acre","No specific size","Northern Crescent","United States",2023,29.57,"Base survey of 2019"
"Barley","Operating costs","Custom services","dollars per planted acre","No specific size","Northern Crescent","United States",2024,30.33,"Base survey of 2019"
"Barley","Operating costs","Custom services","dollars per planted acre","No specific size","Northern Great Plains","United States",2003,6.13,"Base survey of 2003"
"Barley","Operating costs","Custom services","dollars per planted acre","No specific size","Northern Great Plains","United States",2004,6.18,"Base survey of 2003"
"Barley","Operating costs","Custom services","dollars per planted acre","No specific size","Northern Great Plains","United States",2005,5.93,"Base survey of 2003"
"Barley","Operating costs","Custom services","dollars per planted acre","No specific size","Northern Great Plains","United States",2006,6.03,"Base survey of 2003"
"Barley","Operating costs","Custom services","dollars per planted acre","No specific size","Northern Great Plains","United States",2007,6.13,"Base survey of 2003"
"Barley","Operating costs","Custom services","dollars per planted acre","No specific size","Northern Great Plains","United States",2008,7.06,"Base survey of 2003"
"Barley","Operating costs","Custom services","dollars per planted acre","No specific size","Northern Great Plains","United States",2009,7.11,"Base survey of 2003"
"Barley","Operating costs","Custom services","dollars per planted acre","No specific size","Northern Great Plains","United States",2010,7.11,"Base survey of 2003"
"Barley","Operating costs","Custom services","dollars per planted acre","No specific size","Northern Great Plains","United States",2011,7.33,"Base survey of 2011"
"Barley","Operating costs","Custom services","dollars per planted acre","No specific size","Northern Great Plains","United States",2012,7.48,"Base survey of 2011"
"Barley","Operating costs","Custom services","dollars per planted acre","No specific size","Northern Great Plains","United States",2013,7.77,"Base survey of 2011"
"Barley","Operating costs","Custom services","dollars per planted acre","No specific size","Northern Great Plains","United States",2014,8.01,"Base survey of 2011"
"Barley","Operating costs","Custom services","dollars per planted acre","No specific size","Northern Great Plains","United States",2015,8.19,"Base survey of 2011"
"Barley","Operating costs","Custom services","dollars per planted acre","No specific size","Northern Great Plains","United States",2016,8.18,"Base survey of 2011"
"Barley","Operating costs","Custom services","dollars per planted acre","No specific size","Northern Great Plains","United States",2017,8.38,"Base survey of 2011"
"Barley","Operating costs","Custom services","dollars per planted acre","No specific size","Northern Great Plains","United States",2018,8.3,"Base survey of 2011"
"Barley","Operating costs","Custom services","dollars per planted acre","No specific size","Northern Great Plains","United States",2019,4.73,"Base survey of 2019"
"Barley","Operating costs","Custom services","dollars per planted acre","No specific size","Northern Great Plains","United States",2020,4.69,"Base survey of 2019"
"Barley","Operating costs","Custom services","dollars per planted acre","No specific size","Northern Great Plains","United States",2021,4.81,"Base survey of 2019"
"Barley","Operating costs","Custom services","dollars per planted acre","No specific size","Northern Great Plains","United States",2022,5.44,"Base survey of 2019"
"Barley","Operating costs","Custom services","dollars per planted acre","No specific size","Northern Great Plains","United States",2023,5.63,"Base survey of 2019"
"Barley","Operating costs","Custom services","dollars per planted acre","No specific size","Northern Great Plains","United States",2024,5.68,"Base survey of 2019"
"Barley","Operating costs","Custom services","dollars per planted acre","No specific size","Basin and Range","United States",2003,7.17,"Base survey of 2003"
"Barley","Operating costs","Custom services","dollars per planted acre","No specific size","Basin and Range","United States",2004,7.23,"Base survey of 2003"
"Barley","Operating costs","Custom services","dollars per planted acre","No specific size","Basin and Range","United States",2005,6.94,"Base survey of 2003"
"Barley","Operating costs","Custom services","dollars per planted acre","No specific size","Basin and Range","United States",2006,7.06,"Base survey of 2003"
"Barley","Operating costs","Custom services","dollars per planted acre","No specific size","Basin and Range","United States",2007,7.17,"Base survey of 2003"
"Barley","Operating costs","Custom services","dollars per planted acre","No specific size","Basin and Range","United States",2008,8.26,"Base survey of 2003"
"Barley","Operating costs","Custom services","dollars per planted acre","No specific size","Basin and Range","United States",2009,8.32,"Base survey of 2003"
"Barley","Operating costs","Custom services","dollars per planted acre","No specific size","Basin and Range","United States",2010,8.32,"Base survey of 2003"
"Barley","Operating costs","Custom services","dollars per planted acre","No specific size","Basin and Range","United States",2011,9.62,"Base survey of 2011"
"Barley","Operating costs","Custom services","dollars per planted acre","No specific size","Basin and Range","United States",2012,9.81,"Base survey of 2011"
"Barley","Operating costs","Custom services","dollars per planted acre","No specific size","Basin and Range","United States",2013,10.2,"Base survey of 2011"
"Barley","Operating costs","Custom services","dollars per planted acre","No specific size","Basin and Range","United States",2014,10.51,"Base survey of 2011"
"Barley","Operating costs","Custom services","dollars per planted acre","No specific size","Basin and Range","United States",2015,10.76,"Base survey of 2011"
"Barley","Operating costs","Custom services","dollars per planted acre","No specific size","Basin and Range","United States",2016,10.74,"Base survey of 2011"
"Barley","Operating costs","Custom services","dollars per planted acre","No specific size","Basin and Range","United States",2017,11,"Base survey of 2011"
"Barley","Operating costs","Custom services","dollars per planted acre","No specific size","Basin and Range","United States",2018,10.9,"Base survey of 2011"
"Barley","Operating costs","Custom services","dollars per planted acre","No specific size","Basin and Range","United States",2019,6.26,"Base survey of 2019"
"Barley","Operating costs","Custom services","dollars per planted acre","No specific size","Basin and Range","United States",2020,6.34,"Base survey of 2019"
"Barley","Operating costs","Custom services","dollars per planted acre","No specific size","Basin and Range","United States",2021,6.58,"Base survey of 2019"
"Barley","Operating costs","Custom services","dollars per planted acre","No specific size","Basin and Range","United States",2022,7.43,"Base survey of 2019"
"Barley","Operating costs","Custom services","dollars per planted acre","No specific size","Basin and Range","United States",2023,7.41,"Base survey of 2019"
"Barley","Operating costs","Custom services","dollars per planted acre","No specific size","Basin and Range","United States",2024,8.1,"Base survey of 2019"
"Barley","Operating costs","Custom services","dollars per planted acre","No specific size","Fruitful Rim","United States",2003,11.89,"Base survey of 2003"
"Barley","Operating costs","Custom services","dollars per planted acre","No specific size","Fruitful Rim","United States",2004,11.99,"Base survey of 2003"
"Barley","Operating costs","Custom services","dollars per planted acre","No specific size","Fruitful Rim","United States",2005,11.51,"Base survey of 2003"
"Barley","Operating costs","Custom services","dollars per planted acre","No specific size","Fruitful Rim","United States",2006,11.7,"Base survey of 2003"
"Barley","Operating costs","Custom services","dollars per planted acre","No specific size","Fruitful Rim","United States",2007,11.89,"Base survey of 2003"
"Barley","Operating costs","Custom services","dollars per planted acre","No specific size","Fruitful Rim","United States",2008,13.7,"Base survey of 2003"
"Barley","Operating costs","Custom services","dollars per planted acre","No specific size","Fruitful Rim","United States",2009,13.79,"Base survey of 2003"
"Barley","Operating costs","Custom services","dollars per planted acre","No specific size","Fruitful Rim","United States",2010,13.79,"Base survey of 2003"
"Barley","Operating costs","Custom services","dollars per planted acre","No specific size","Fruitful Rim","United States",2011,23.66,"Base survey of 2011"
"Barley","Operating costs","Custom services","dollars per planted acre","No specific size","Fruitful Rim","United States",2012,24.13,"Base survey of 2011"
"Barley","Operating costs","Custom services","dollars per planted acre","No specific size","Fruitful Rim","United States",2013,25.08,"Base survey of 2011"
"Barley","Operating costs","Custom services","dollars per planted acre","No specific size","Fruitful Rim","United States",2014,25.86,"Base survey of 2011"
"Barley","Operating costs","Custom services","dollars per planted acre","No specific size","Fruitful Rim","United States",2015,26.45,"Base survey of 2011"
"Barley","Operating costs","Custom services","dollars per planted acre","No specific size","Fruitful Rim","United States",2016,26.4,"Base survey of 2011"
"Barley","Operating costs","Custom services","dollars per planted acre","No specific size","Fruitful Rim","United States",2017,27.04,"Base survey of 2011"
"Barley","Operating costs","Custom services","dollars per planted acre","No specific size","Fruitful Rim","United States",2018,26.81,"Base survey of 2011"
"Barley","Operating costs","Custom services","dollars per planted acre","No specific size","Fruitful Rim","United States",2019,7.52,"Base survey of 2019"
"Barley","Operating costs","Custom services","dollars per planted acre","No specific size","Fruitful Rim","United States",2020,7.23,"Base survey of 2019"
"Barley","Operating costs","Custom services","dollars per planted acre","No specific size","Fruitful Rim","United States",2021,7.68,"Base survey of 2019"
"Barley","Operating costs","Custom services","dollars per planted acre","No specific size","Fruitful Rim","United States",2022,8.59,"Base survey of 2019"
"Barley","Operating costs","Custom services","dollars per planted acre","No specific size","Fruitful Rim","United States",2023,9.06,"Base survey of 2019"
"Barley","Operating costs","Custom services","dollars per planted acre","No specific size","Fruitful Rim","United States",2024,9.24,"Base survey of 2019"
"Barley","Operating costs","Fuel, lube, and electricity","dollars per planted acre","No specific size","U.S. total","United States",2003,11.36,"Base survey of 2003"
"Barley","Operating costs","Fuel, lube, and electricity","dollars per planted acre","No specific size","U.S. total","United States",2004,13.23,"Base survey of 2003"
"Barley","Operating costs","Fuel, lube, and electricity","dollars per planted acre","No specific size","U.S. total","United States",2005,17.53,"Base survey of 2003"
"Barley","Operating costs","Fuel, lube, and electricity","dollars per planted acre","No specific size","U.S. total","United States",2006,19.39,"Base survey of 2003"
"Barley","Operating costs","Fuel, lube, and electricity","dollars per planted acre","No specific size","U.S. total","United States",2007,22.84,"Base survey of 2003"
"Barley","Operating costs","Fuel, lube, and electricity","dollars per planted acre","No specific size","U.S. total","United States",2008,29.27,"Base survey of 2003"
"Barley","Operating costs","Fuel, lube, and electricity","dollars per planted acre","No specific size","U.S. total","United States",2009,19.58,"Base survey of 2003"
"Barley","Operating costs","Fuel, lube, and electricity","dollars per planted acre","No specific size","U.S. total","United States",2010,26,"Base survey of 2003"
"Barley","Operating costs","Fuel, lube, and electricity","dollars per planted acre","No specific size","U.S. total","United States",2011,37.48,"Base survey of 2011"
"Barley","Operating costs","Fuel, lube, and electricity","dollars per planted acre","No specific size","U.S. total","United States",2012,33.31,"Base survey of 2011"
"Barley","Operating costs","Fuel, lube, and electricity","dollars per planted acre","No specific size","U.S. total","United States",2013,34.56,"Base survey of 2011"
"Barley","Operating costs","Fuel, lube, and electricity","dollars per planted acre","No specific size","U.S. total","United States",2014,34.17,"Base survey of 2011"
"Barley","Operating costs","Fuel, lube, and electricity","dollars per planted acre","No specific size","U.S. total","United States",2015,20.52,"Base survey of 2011"
"Barley","Operating costs","Fuel, lube, and electricity","dollars per planted acre","No specific size","U.S. total","United States",2016,19.11,"Base survey of 2011"
"Barley","Operating costs","Fuel, lube, and electricity","dollars per planted acre","No specific size","U.S. total","United States",2017,22.59,"Base survey of 2011"
"Barley","Operating costs","Fuel, lube, and electricity","dollars per planted acre","No specific size","U.S. total","United States",2018,24.44,"Base survey of 2011"
"Barley","Operating costs","Fuel, lube, and electricity","dollars per planted acre","No specific size","U.S. total","United States",2019,15.82,"Base survey of 2019"
"Barley","Operating costs","Fuel, lube, and electricity","dollars per planted acre","No specific size","U.S. total","United States",2020,13.24,"Base survey of 2019"
"Barley","Operating costs","Fuel, lube, and electricity","dollars per planted acre","No specific size","U.S. total","United States",2021,17.67,"Base survey of 2019"
"Barley","Operating costs","Fuel, lube, and electricity","dollars per planted acre","No specific size","U.S. total","United States",2022,25.29,"Base survey of 2019"
"Barley","Operating costs","Fuel, lube, and electricity","dollars per planted acre","No specific size","U.S. total","United States",2023,21.16,"Base survey of 2019"
"Barley","Operating costs","Fuel, lube, and electricity","dollars per planted acre","No specific size","U.S. total","United States",2024,21.25,"Base survey of 2019"
"Barley","Operating costs","Fuel, lube, and electricity","dollars per planted acre","No specific size","Heartland","United States",2003,7.68,"Base survey of 2003"
"Barley","Operating costs","Fuel, lube, and electricity","dollars per planted acre","No specific size","Heartland","United States",2004,8.94,"Base survey of 2003"
"Barley","Operating costs","Fuel, lube, and electricity","dollars per planted acre","No specific size","Heartland","United States",2005,11.85,"Base survey of 2003"
"Barley","Operating costs","Fuel, lube, and electricity","dollars per planted acre","No specific size","Heartland","United States",2006,13.11,"Base survey of 2003"
"Barley","Operating costs","Fuel, lube, and electricity","dollars per planted acre","No specific size","Heartland","United States",2007,14.48,"Base survey of 2003"
"Barley","Operating costs","Fuel, lube, and electricity","dollars per planted acre","No specific size","Heartland","United States",2008,18.87,"Base survey of 2003"
"Barley","Operating costs","Fuel, lube, and electricity","dollars per planted acre","No specific size","Heartland","United States",2009,12.51,"Base survey of 2003"
"Barley","Operating costs","Fuel, lube, and electricity","dollars per planted acre","No specific size","Heartland","United States",2010,15.58,"Base survey of 2003"
"Barley","Operating costs","Fuel, lube, and electricity","dollars per planted acre","No specific size","Northern Crescent","United States",2003,10.22,"Base survey of 2003"
"Barley","Operating costs","Fuel, lube, and electricity","dollars per planted acre","No specific size","Northern Crescent","United States",2004,11.9,"Base survey of 2003"
"Barley","Operating costs","Fuel, lube, and electricity","dollars per planted acre","No specific size","Northern Crescent","United States",2005,15.77,"Base survey of 2003"
"Barley","Operating costs","Fuel, lube, and electricity","dollars per planted acre","No specific size","Northern Crescent","United States",2006,17.45,"Base survey of 2003"
"Barley","Operating costs","Fuel, lube, and electricity","dollars per planted acre","No specific size","Northern Crescent","United States",2007,19.27,"Base survey of 2003"
"Barley","Operating costs","Fuel, lube, and electricity","dollars per planted acre","No specific size","Northern Crescent","United States",2008,25.11,"Base survey of 2003"
"Barley","Operating costs","Fuel, lube, and electricity","dollars per planted acre","No specific size","Northern Crescent","United States",2009,16.64,"Base survey of 2003"
"Barley","Operating costs","Fuel, lube, and electricity","dollars per planted acre","No specific size","Northern Crescent","United States",2010,20.73,"Base survey of 2003"
"Barley","Operating costs","Fuel, lube, and electricity","dollars per planted acre","No specific size","Northern Crescent","United States",2011,25.03,"Base survey of 2011"
"Barley","Operating costs","Fuel, lube, and electricity","dollars per planted acre","No specific size","Northern Crescent","United States",2012,24.78,"Base survey of 2011"
"Barley","Operating costs","Fuel, lube, and electricity","dollars per planted acre","No specific size","Northern Crescent","United States",2013,24.53,"Base survey of 2011"
"Barley","Operating costs","Fuel, lube, and electricity","dollars per planted acre","No specific size","Northern Crescent","United States",2014,24.5,"Base survey of 2011"
"Barley","Operating costs","Fuel, lube, and electricity","dollars per planted acre","No specific size","Northern Crescent","United States",2015,15.89,"Base survey of 2011"
"Barley","Operating costs","Fuel, lube, and electricity","dollars per planted acre","No specific size","Northern Crescent","United States",2016,13.92,"Base survey of 2011"
"Barley","Operating costs","Fuel, lube, and electricity","dollars per planted acre","No specific size","Northern Crescent","United States",2017,15.82,"Base survey of 2011"
"Barley","Operating costs","Fuel, lube, and electricity","dollars per planted acre","No specific size","Northern Crescent","United States",2018,17,"Base survey of 2011"
"Barley","Operating costs","Fuel, lube, and electricity","dollars per planted acre","No specific size","Northern Crescent","United States",2019,15.17,"Base survey of 2019"
"Barley","Operating costs","Fuel, lube, and electricity","dollars per planted acre","No specific size","Northern Crescent","United States",2020,13.03,"Base survey of 2019"
"Barley","Operating costs","Fuel, lube, and electricity","dollars per planted acre","No specific size","Northern Crescent","United States",2021,16.78,"Base survey of 2019"
"Barley","Operating costs","Fuel, lube, and electricity","dollars per planted acre","No specific size","Northern Crescent","United States",2022,24.37,"Base survey of 2019"
"Barley","Operating costs","Fuel, lube, and electricity","dollars per planted acre","No specific size","Northern Crescent","United States",2023,20.19,"Base survey of 2019"
"Barley","Operating costs","Fuel, lube, and electricity","dollars per planted acre","No specific size","Northern Crescent","United States",2024,19.3,"Base survey of 2019"
"Barley","Operating costs","Fuel, lube, and electricity","dollars per planted acre","No specific size","Northern Great Plains","United States",2003,7.76,"Base survey of 2003"
"Barley","Operating costs","Fuel, lube, and electricity","dollars per planted acre","No specific size","Northern Great Plains","United States",2004,9.03,"Base survey of 2003"
"Barley","Operating costs","Fuel, lube, and electricity","dollars per planted acre","No specific size","Northern Great Plains","United States",2005,11.97,"Base survey of 2003"
"Barley","Operating costs","Fuel, lube, and electricity","dollars per planted acre","No specific size","Northern Great Plains","United States",2006,13.25,"Base survey of 2003"
"Barley","Operating costs","Fuel, lube, and electricity","dollars per planted acre","No specific size","Northern Great Plains","United States",2007,14.63,"Base survey of 2003"
"Barley","Operating costs","Fuel, lube, and electricity","dollars per planted acre","No specific size","Northern Great Plains","United States",2008,19.07,"Base survey of 2003"
"Barley","Operating costs","Fuel, lube, and electricity","dollars per planted acre","No specific size","Northern Great Plains","United States",2009,12.64,"Base survey of 2003"
"Barley","Operating costs","Fuel, lube, and electricity","dollars per planted acre","No specific size","Northern Great Plains","United States",2010,15.74,"Base survey of 2003"
"Barley","Operating costs","Fuel, lube, and electricity","dollars per planted acre","No specific size","Northern Great Plains","United States",2011,17.51,"Base survey of 2011"
"Barley","Operating costs","Fuel, lube, and electricity","dollars per planted acre","No specific size","Northern Great Plains","United States",2012,17.33,"Base survey of 2011"
"Barley","Operating costs","Fuel, lube, and electricity","dollars per planted acre","No specific size","Northern Great Plains","United States",2013,17.16,"Base survey of 2011"
"Barley","Operating costs","Fuel, lube, and electricity","dollars per planted acre","No specific size","Northern Great Plains","United States",2014,17.14,"Base survey of 2011"
"Barley","Operating costs","Fuel, lube, and electricity","dollars per planted acre","No specific size","Northern Great Plains","United States",2015,11.12,"Base survey of 2011"
"Barley","Operating costs","Fuel, lube, and electricity","dollars per planted acre","No specific size","Northern Great Plains","United States",2016,9.74,"Base survey of 2011"
"Barley","Operating costs","Fuel, lube, and electricity","dollars per planted acre","No specific size","Northern Great Plains","United States",2017,11.07,"Base survey of 2011"
"Barley","Operating costs","Fuel, lube, and electricity","dollars per planted acre","No specific size","Northern Great Plains","United States",2018,11.89,"Base survey of 2011"
"Barley","Operating costs","Fuel, lube, and electricity","dollars per planted acre","No specific size","Northern Great Plains","United States",2019,8.77,"Base survey of 2019"
"Barley","Operating costs","Fuel, lube, and electricity","dollars per planted acre","No specific size","Northern Great Plains","United States",2020,7.34,"Base survey of 2019"
"Barley","Operating costs","Fuel, lube, and electricity","dollars per planted acre","No specific size","Northern Great Plains","United States",2021,9.9,"Base survey of 2019"
"Barley","Operating costs","Fuel, lube, and electricity","dollars per planted acre","No specific size","Northern Great Plains","United States",2022,14.64,"Base survey of 2019"
"Barley","Operating costs","Fuel, lube, and electricity","dollars per planted acre","No specific size","Northern Great Plains","United States",2023,12.14,"Base survey of 2019"
"Barley","Operating costs","Fuel, lube, and electricity","dollars per planted acre","No specific size","Northern Great Plains","United States",2024,10.87,"Base survey of 2019"
"Barley","Operating costs","Fuel, lube, and electricity","dollars per planted acre","No specific size","Basin and Range","United States",2003,11.54,"Base survey of 2003"
"Barley","Operating costs","Fuel, lube, and electricity","dollars per planted acre","No specific size","Basin and Range","United States",2004,13.44,"Base survey of 2003"
"Barley","Operating costs","Fuel, lube, and electricity","dollars per planted acre","No specific size","Basin and Range","United States",2005,17.8,"Base survey of 2003"
"Barley","Operating costs","Fuel, lube, and electricity","dollars per planted acre","No specific size","Basin and Range","United States",2006,19.7,"Base survey of 2003"
"Barley","Operating costs","Fuel, lube, and electricity","dollars per planted acre","No specific size","Basin and Range","United States",2007,21.76,"Base survey of 2003"
"Barley","Operating costs","Fuel, lube, and electricity","dollars per planted acre","No specific size","Basin and Range","United States",2008,28.36,"Base survey of 2003"
"Barley","Operating costs","Fuel, lube, and electricity","dollars per planted acre","No specific size","Basin and Range","United States",2009,18.79,"Base survey of 2003"
"Barley","Operating costs","Fuel, lube, and electricity","dollars per planted acre","No specific size","Basin and Range","United States",2010,23.41,"Base survey of 2003"
"Barley","Operating costs","Fuel, lube, and electricity","dollars per planted acre","No specific size","Basin and Range","United States",2011,42.5,"Base survey of 2011"
"Barley","Operating costs","Fuel, lube, and electricity","dollars per planted acre","No specific size","Basin and Range","United States",2012,42.08,"Base survey of 2011"
"Barley","Operating costs","Fuel, lube, and electricity","dollars per planted acre","No specific size","Basin and Range","United States",2013,41.65,"Base survey of 2011"
"Barley","Operating costs","Fuel, lube, and electricity","dollars per planted acre","No specific size","Basin and Range","United States",2014,41.61,"Base survey of 2011"
"Barley","Operating costs","Fuel, lube, and electricity","dollars per planted acre","No specific size","Basin and Range","United States",2015,26.99,"Base survey of 2011"
"Barley","Operating costs","Fuel, lube, and electricity","dollars per planted acre","No specific size","Basin and Range","United States",2016,23.63,"Base survey of 2011"
"Barley","Operating costs","Fuel, lube, and electricity","dollars per planted acre","No specific size","Basin and Range","United States",2017,26.86,"Base survey of 2011"
"Barley","Operating costs","Fuel, lube, and electricity","dollars per planted acre","No specific size","Basin and Range","United States",2018,28.86,"Base survey of 2011"
"Barley","Operating costs","Fuel, lube, and electricity","dollars per planted acre","No specific size","Basin and Range","United States",2019,18.35,"Base survey of 2019"
"Barley","Operating costs","Fuel, lube, and electricity","dollars per planted acre","No specific size","Basin and Range","United States",2020,15.74,"Base survey of 2019"
"Barley","Operating costs","Fuel, lube, and electricity","dollars per planted acre","No specific size","Basin and Range","United States",2021,20.78,"Base survey of 2019"
"Barley","Operating costs","Fuel, lube, and electricity","dollars per planted acre","No specific size","Basin and Range","United States",2022,30.41,"Base survey of 2019"
"Barley","Operating costs","Fuel, lube, and electricity","dollars per planted acre","No specific size","Basin and Range","United States",2023,25.48,"Base survey of 2019"
"Barley","Operating costs","Fuel, lube, and electricity","dollars per planted acre","No specific size","Basin and Range","United States",2024,24.5,"Base survey of 2019"
"Barley","Operating costs","Fuel, lube, and electricity","dollars per planted acre","No specific size","Fruitful Rim","United States",2003,24.07,"Base survey of 2003"
"Barley","Operating costs","Fuel, lube, and electricity","dollars per planted acre","No specific size","Fruitful Rim","United States",2004,28.02,"Base survey of 2003"
"Barley","Operating costs","Fuel, lube, and electricity","dollars per planted acre","No specific size","Fruitful Rim","United States",2005,37.14,"Base survey of 2003"
"Barley","Operating costs","Fuel, lube, and electricity","dollars per planted acre","No specific size","Fruitful Rim","United States",2006,41.09,"Base survey of 2003"
"Barley","Operating costs","Fuel, lube, and electricity","dollars per planted acre","No specific size","Fruitful Rim","United States",2007,45.39,"Base survey of 2003"
"Barley","Operating costs","Fuel, lube, and electricity","dollars per planted acre","No specific size","Fruitful Rim","United States",2008,59.14,"Base survey of 2003"
"Barley","Operating costs","Fuel, lube, and electricity","dollars per planted acre","No specific size","Fruitful Rim","United States",2009,39.2,"Base survey of 2003"
"Barley","Operating costs","Fuel, lube, and electricity","dollars per planted acre","No specific size","Fruitful Rim","United States",2010,48.83,"Base survey of 2003"
"Barley","Operating costs","Fuel, lube, and electricity","dollars per planted acre","No specific size","Fruitful Rim","United States",2011,65.39,"Base survey of 2011"
"Barley","Operating costs","Fuel, lube, and electricity","dollars per planted acre","No specific size","Fruitful Rim","United States",2012,64.74,"Base survey of 2011"
"Barley","Operating costs","Fuel, lube, and electricity","dollars per planted acre","No specific size","Fruitful Rim","United States",2013,64.08,"Base survey of 2011"
"Barley","Operating costs","Fuel, lube, and electricity","dollars per planted acre","No specific size","Fruitful Rim","United States",2014,64.02,"Base survey of 2011"
"Barley","Operating costs","Fuel, lube, and electricity","dollars per planted acre","No specific size","Fruitful Rim","United States",2015,41.52,"Base survey of 2011"
"Barley","Operating costs","Fuel, lube, and electricity","dollars per planted acre","No specific size","Fruitful Rim","United States",2016,36.36,"Base survey of 2011"
"Barley","Operating costs","Fuel, lube, and electricity","dollars per planted acre","No specific size","Fruitful Rim","United States",2017,41.33,"Base survey of 2011"
"Barley","Operating costs","Fuel, lube, and electricity","dollars per planted acre","No specific size","Fruitful Rim","United States",2018,44.4,"Base survey of 2011"
"Barley","Operating costs","Fuel, lube, and electricity","dollars per planted acre","No specific size","Fruitful Rim","United States",2019,34.93,"Base survey of 2019"
"Barley","Operating costs","Fuel, lube, and electricity","dollars per planted acre","No specific size","Fruitful Rim","United States",2020,29.21,"Base survey of 2019"
"Barley","Operating costs","Fuel, lube, and electricity","dollars per planted acre","No specific size","Fruitful Rim","United States",2021,39.9,"Base survey of 2019"
"Barley","Operating costs","Fuel, lube, and electricity","dollars per planted acre","No specific size","Fruitful Rim","United States",2022,58.11,"Base survey of 2019"
"Barley","Operating costs","Fuel, lube, and electricity","dollars per planted acre","No specific size","Fruitful Rim","United States",2023,49.56,"Base survey of 2019"
"Barley","Operating costs","Fuel, lube, and electricity","dollars per planted acre","No specific size","Fruitful Rim","United States",2024,46.05,"Base survey of 2019"
"Barley","Operating costs","Repairs","dollars per planted acre","No specific size","U.S. total","United States",2003,15.13,"Base survey of 2003"
"Barley","Operating costs","Repairs","dollars per planted acre","No specific size","U.S. total","United States",2004,15.47,"Base survey of 2003"
"Barley","Operating costs","Repairs","dollars per planted acre","No specific size","U.S. total","United States",2005,16.24,"Base survey of 2003"
"Barley","Operating costs","Repairs","dollars per planted acre","No specific size","U.S. total","United States",2006,16.58,"Base survey of 2003"
"Barley","Operating costs","Repairs","dollars per planted acre","No specific size","U.S. total","United States",2007,17.52,"Base survey of 2003"
"Barley","Operating costs","Repairs","dollars per planted acre","No specific size","U.S. total","United States",2008,18.04,"Base survey of 2003"
"Barley","Operating costs","Repairs","dollars per planted acre","No specific size","U.S. total","United States",2009,18.41,"Base survey of 2003"
"Barley","Operating costs","Repairs","dollars per planted acre","No specific size","U.S. total","United States",2010,19,"Base survey of 2003"
"Barley","Operating costs","Repairs","dollars per planted acre","No specific size","U.S. total","United States",2011,30.39,"Base survey of 2011"
"Barley","Operating costs","Repairs","dollars per planted acre","No specific size","U.S. total","United States",2012,30,"Base survey of 2011"
"Barley","Operating costs","Repairs","dollars per planted acre","No specific size","U.S. total","United States",2013,31.01,"Base survey of 2011"
"Barley","Operating costs","Repairs","dollars per planted acre","No specific size","U.S. total","United States",2014,31.35,"Base survey of 2011"
"Barley","Operating costs","Repairs","dollars per planted acre","No specific size","U.S. total","United States",2015,30.36,"Base survey of 2011"
"Barley","Operating costs","Repairs","dollars per planted acre","No specific size","U.S. total","United States",2016,31.42,"Base survey of 2011"
"Barley","Operating costs","Repairs","dollars per planted acre","No specific size","U.S. total","United States",2017,32.46,"Base survey of 2011"
"Barley","Operating costs","Repairs","dollars per planted acre","No specific size","U.S. total","United States",2018,33.59,"Base survey of 2011"
"Barley","Operating costs","Repairs","dollars per planted acre","No specific size","U.S. total","United States",2019,28.22,"Base survey of 2019"
"Barley","Operating costs","Repairs","dollars per planted acre","No specific size","U.S. total","United States",2020,28.56,"Base survey of 2019"
"Barley","Operating costs","Repairs","dollars per planted acre","No specific size","U.S. total","United States",2021,30.71,"Base survey of 2019"
"Barley","Operating costs","Repairs","dollars per planted acre","No specific size","U.S. total","United States",2022,34.36,"Base survey of 2019"
"Barley","Operating costs","Repairs","dollars per planted acre","No specific size","U.S. total","United States",2023,35.14,"Base survey of 2019"
"Barley","Operating costs","Repairs","dollars per planted acre","No specific size","U.S. total","United States",2024,35.86,"Base survey of 2019"
"Barley","Operating costs","Repairs","dollars per planted acre","No specific size","Heartland","United States",2003,9.64,"Base survey of 2003"
"Barley","Operating costs","Repairs","dollars per planted acre","No specific size","Heartland","United States",2004,9.86,"Base survey of 2003"
"Barley","Operating costs","Repairs","dollars per planted acre","No specific size","Heartland","United States",2005,10.35,"Base survey of 2003"
"Barley","Operating costs","Repairs","dollars per planted acre","No specific size","Heartland","United States",2006,10.56,"Base survey of 2003"
"Barley","Operating costs","Repairs","dollars per planted acre","No specific size","Heartland","United States",2007,11.05,"Base survey of 2003"
"Barley","Operating costs","Repairs","dollars per planted acre","No specific size","Heartland","United States",2008,11.42,"Base survey of 2003"
"Barley","Operating costs","Repairs","dollars per planted acre","No specific size","Heartland","United States",2009,11.64,"Base survey of 2003"
"Barley","Operating costs","Repairs","dollars per planted acre","No specific size","Heartland","United States",2010,11.86,"Base survey of 2003"
"Barley","Operating costs","Repairs","dollars per planted acre","No specific size","Northern Crescent","United States",2003,9.73,"Base survey of 2003"
"Barley","Operating costs","Repairs","dollars per planted acre","No specific size","Northern Crescent","United States",2004,9.95,"Base survey of 2003"
"Barley","Operating costs","Repairs","dollars per planted acre","No specific size","Northern Crescent","United States",2005,10.45,"Base survey of 2003"
"Barley","Operating costs","Repairs","dollars per planted acre","No specific size","Northern Crescent","United States",2006,10.66,"Base survey of 2003"
"Barley","Operating costs","Repairs","dollars per planted acre","No specific size","Northern Crescent","United States",2007,11.15,"Base survey of 2003"
"Barley","Operating costs","Repairs","dollars per planted acre","No specific size","Northern Crescent","United States",2008,11.53,"Base survey of 2003"
"Barley","Operating costs","Repairs","dollars per planted acre","No specific size","Northern Crescent","United States",2009,11.75,"Base survey of 2003"
"Barley","Operating costs","Repairs","dollars per planted acre","No specific size","Northern Crescent","United States",2010,11.98,"Base survey of 2003"
"Barley","Operating costs","Repairs","dollars per planted acre","No specific size","Northern Crescent","United States",2011,18.02,"Base survey of 2011"
"Barley","Operating costs","Repairs","dollars per planted acre","No specific size","Northern Crescent","United States",2012,18.56,"Base survey of 2011"
"Barley","Operating costs","Repairs","dollars per planted acre","No specific size","Northern Crescent","United States",2013,18.74,"Base survey of 2011"
"Barley","Operating costs","Repairs","dollars per planted acre","No specific size","Northern Crescent","United States",2014,19.05,"Base survey of 2011"
"Barley","Operating costs","Repairs","dollars per planted acre","No specific size","Northern Crescent","United States",2015,19.07,"Base survey of 2011"
"Barley","Operating costs","Repairs","dollars per planted acre","No specific size","Northern Crescent","United States",2016,19.1,"Base survey of 2011"
"Barley","Operating costs","Repairs","dollars per planted acre","No specific size","Northern Crescent","United States",2017,19.44,"Base survey of 2011"
"Barley","Operating costs","Repairs","dollars per planted acre","No specific size","Northern Crescent","United States",2018,20.11,"Base survey of 2011"
"Barley","Operating costs","Repairs","dollars per planted acre","No specific size","Northern Crescent","United States",2019,21.9,"Base survey of 2019"
"Barley","Operating costs","Repairs","dollars per planted acre","No specific size","Northern Crescent","United States",2020,22.18,"Base survey of 2019"
"Barley","Operating costs","Repairs","dollars per planted acre","No specific size","Northern Crescent","United States",2021,22.87,"Base survey of 2019"
"Barley","Operating costs","Repairs","dollars per planted acre","No specific size","Northern Crescent","United States",2022,25.8,"Base survey of 2019"
"Barley","Operating costs","Repairs","dollars per planted acre","No specific size","Northern Crescent","United States",2023,25.65,"Base survey of 2019"
"Barley","Operating costs","Repairs","dollars per planted acre","No specific size","Northern Crescent","United States",2024,26.03,"Base survey of 2019"
"Barley","Operating costs","Repairs","dollars per planted acre","No specific size","Northern Great Plains","United States",2003,14.24,"Base survey of 2003"
"Barley","Operating costs","Repairs","dollars per planted acre","No specific size","Northern Great Plains","United States",2004,14.56,"Base survey of 2003"
"Barley","Operating costs","Repairs","dollars per planted acre","No specific size","Northern Great Plains","United States",2005,15.29,"Base survey of 2003"
"Barley","Operating costs","Repairs","dollars per planted acre","No specific size","Northern Great Plains","United States",2006,15.6,"Base survey of 2003"
"Barley","Operating costs","Repairs","dollars per planted acre","No specific size","Northern Great Plains","United States",2007,16.32,"Base survey of 2003"
"Barley","Operating costs","Repairs","dollars per planted acre","No specific size","Northern Great Plains","United States",2008,16.87,"Base survey of 2003"
"Barley","Operating costs","Repairs","dollars per planted acre","No specific size","Northern Great Plains","United States",2009,17.2,"Base survey of 2003"
"Barley","Operating costs","Repairs","dollars per planted acre","No specific size","Northern Great Plains","United States",2010,17.53,"Base survey of 2003"
"Barley","Operating costs","Repairs","dollars per planted acre","No specific size","Northern Great Plains","United States",2011,22.84,"Base survey of 2011"
"Barley","Operating costs","Repairs","dollars per planted acre","No specific size","Northern Great Plains","United States",2012,23.53,"Base survey of 2011"
"Barley","Operating costs","Repairs","dollars per planted acre","No specific size","Northern Great Plains","United States",2013,23.75,"Base survey of 2011"
"Barley","Operating costs","Repairs","dollars per planted acre","No specific size","Northern Great Plains","United States",2014,24.14,"Base survey of 2011"
"Barley","Operating costs","Repairs","dollars per planted acre","No specific size","Northern Great Plains","United States",2015,24.16,"Base survey of 2011"
"Barley","Operating costs","Repairs","dollars per planted acre","No specific size","Northern Great Plains","United States",2016,24.21,"Base survey of 2011"
"Barley","Operating costs","Repairs","dollars per planted acre","No specific size","Northern Great Plains","United States",2017,24.64,"Base survey of 2011"
"Barley","Operating costs","Repairs","dollars per planted acre","No specific size","Northern Great Plains","United States",2018,25.49,"Base survey of 2011"
"Barley","Operating costs","Repairs","dollars per planted acre","No specific size","Northern Great Plains","United States",2019,25.55,"Base survey of 2019"
"Barley","Operating costs","Repairs","dollars per planted acre","No specific size","Northern Great Plains","United States",2020,25.78,"Base survey of 2019"
"Barley","Operating costs","Repairs","dollars per planted acre","No specific size","Northern Great Plains","United States",2021,27.82,"Base survey of 2019"
"Barley","Operating costs","Repairs","dollars per planted acre","No specific size","Northern Great Plains","United States",2022,31.27,"Base survey of 2019"
"Barley","Operating costs","Repairs","dollars per planted acre","No specific size","Northern Great Plains","United States",2023,31.95,"Base survey of 2019"
"Barley","Operating costs","Repairs","dollars per planted acre","No specific size","Northern Great Plains","United States",2024,31.71,"Base survey of 2019"
"Barley","Operating costs","Repairs","dollars per planted acre","No specific size","Basin and Range","United States",2003,15.46,"Base survey of 2003"
"Barley","Operating costs","Repairs","dollars per planted acre","No specific size","Basin and Range","United States",2004,15.81,"Base survey of 2003"
"Barley","Operating costs","Repairs","dollars per planted acre","No specific size","Basin and Range","United States",2005,16.6,"Base survey of 2003"
"Barley","Operating costs","Repairs","dollars per planted acre","No specific size","Basin and Range","United States",2006,16.94,"Base survey of 2003"
"Barley","Operating costs","Repairs","dollars per planted acre","No specific size","Basin and Range","United States",2007,17.72,"Base survey of 2003"
"Barley","Operating costs","Repairs","dollars per planted acre","No specific size","Basin and Range","United States",2008,18.31,"Base survey of 2003"
"Barley","Operating costs","Repairs","dollars per planted acre","No specific size","Basin and Range","United States",2009,18.67,"Base survey of 2003"
"Barley","Operating costs","Repairs","dollars per planted acre","No specific size","Basin and Range","United States",2010,19.03,"Base survey of 2003"
"Barley","Operating costs","Repairs","dollars per planted acre","No specific size","Basin and Range","United States",2011,37.72,"Base survey of 2011"
"Barley","Operating costs","Repairs","dollars per planted acre","No specific size","Basin and Range","United States",2012,38.85,"Base survey of 2011"
"Barley","Operating costs","Repairs","dollars per planted acre","No specific size","Basin and Range","United States",2013,39.23,"Base survey of 2011"
"Barley","Operating costs","Repairs","dollars per planted acre","No specific size","Basin and Range","United States",2014,39.87,"Base survey of 2011"
"Barley","Operating costs","Repairs","dollars per planted acre","No specific size","Basin and Range","United States",2015,39.91,"Base survey of 2011"
"Barley","Operating costs","Repairs","dollars per planted acre","No specific size","Basin and Range","United States",2016,39.98,"Base survey of 2011"
"Barley","Operating costs","Repairs","dollars per planted acre","No specific size","Basin and Range","United States",2017,40.7,"Base survey of 2011"
"Barley","Operating costs","Repairs","dollars per planted acre","No specific size","Basin and Range","United States",2018,42.1,"Base survey of 2011"
"Barley","Operating costs","Repairs","dollars per planted acre","No specific size","Basin and Range","United States",2019,30.86,"Base survey of 2019"
"Barley","Operating costs","Repairs","dollars per planted acre","No specific size","Basin and Range","United States",2020,31.73,"Base survey of 2019"
"Barley","Operating costs","Repairs","dollars per planted acre","No specific size","Basin and Range","United States",2021,33.93,"Base survey of 2019"
"Barley","Operating costs","Repairs","dollars per planted acre","No specific size","Basin and Range","United States",2022,38.36,"Base survey of 2019"
"Barley","Operating costs","Repairs","dollars per planted acre","No specific size","Basin and Range","United States",2023,39.11,"Base survey of 2019"
"Barley","Operating costs","Repairs","dollars per planted acre","No specific size","Basin and Range","United States",2024,39.82,"Base survey of 2019"
"Barley","Operating costs","Repairs","dollars per planted acre","No specific size","Fruitful Rim","United States",2003,19.18,"Base survey of 2003"
"Barley","Operating costs","Repairs","dollars per planted acre","No specific size","Fruitful Rim","United States",2004,19.61,"Base survey of 2003"
"Barley","Operating costs","Repairs","dollars per planted acre","No specific size","Fruitful Rim","United States",2005,20.59,"Base survey of 2003"
"Barley","Operating costs","Repairs","dollars per planted acre","No specific size","Fruitful Rim","United States",2006,21.01,"Base survey of 2003"
"Barley","Operating costs","Repairs","dollars per planted acre","No specific size","Fruitful Rim","United States",2007,21.98,"Base survey of 2003"
"Barley","Operating costs","Repairs","dollars per planted acre","No specific size","Fruitful Rim","United States",2008,22.72,"Base survey of 2003"
"Barley","Operating costs","Repairs","dollars per planted acre","No specific size","Fruitful Rim","United States",2009,23.16,"Base survey of 2003"
"Barley","Operating costs","Repairs","dollars per planted acre","No specific size","Fruitful Rim","United States",2010,23.61,"Base survey of 2003"
"Barley","Operating costs","Repairs","dollars per planted acre","No specific size","Fruitful Rim","United States",2011,38.63,"Base survey of 2011"
"Barley","Operating costs","Repairs","dollars per planted acre","No specific size","Fruitful Rim","United States",2012,39.79,"Base survey of 2011"
"Barley","Operating costs","Repairs","dollars per planted acre","No specific size","Fruitful Rim","United States",2013,40.18,"Base survey of 2011"
"Barley","Operating costs","Repairs","dollars per planted acre","No specific size","Fruitful Rim","United States",2014,40.83,"Base survey of 2011"
"Barley","Operating costs","Repairs","dollars per planted acre","No specific size","Fruitful Rim","United States",2015,40.87,"Base survey of 2011"
"Barley","Operating costs","Repairs","dollars per planted acre","No specific size","Fruitful Rim","United States",2016,40.95,"Base survey of 2011"
"Barley","Operating costs","Repairs","dollars per planted acre","No specific size","Fruitful Rim","United States",2017,41.68,"Base survey of 2011"
"Barley","Operating costs","Repairs","dollars per planted acre","No specific size","Fruitful Rim","United States",2018,43.11,"Base survey of 2011"
"Barley","Operating costs","Repairs","dollars per planted acre","No specific size","Fruitful Rim","United States",2019,34.53,"Base survey of 2019"
"Barley","Operating costs","Repairs","dollars per planted acre","No specific size","Fruitful Rim","United States",2020,35.06,"Base survey of 2019"
"Barley","Operating costs","Repairs","dollars per planted acre","No specific size","Fruitful Rim","United States",2021,37.94,"Base survey of 2019"
"Barley","Operating costs","Repairs","dollars per planted acre","No specific size","Fruitful Rim","United States",2022,42.48,"Base survey of 2019"
"Barley","Operating costs","Repairs","dollars per planted acre","No specific size","Fruitful Rim","United States",2023,43.76,"Base survey of 2019"
"Barley","Operating costs","Repairs","dollars per planted acre","No specific size","Fruitful Rim","United States",2024,44.19,"Base survey of 2019"
"Barley","Operating costs","Other variable expenses  ","dollars per planted acre","No specific size","U.S. total","United States",2003,2.11,"Base survey of 2003"
"Barley","Operating costs","Other variable expenses  ","dollars per planted acre","No specific size","U.S. total","United States",2004,2.13,"Base survey of 2003"
"Barley","Operating costs","Other variable expenses  ","dollars per planted acre","No specific size","U.S. total","United States",2005,2.26,"Base survey of 2003"
"Barley","Operating costs","Other variable expenses  ","dollars per planted acre","No specific size","U.S. total","United States",2006,2.38,"Base survey of 2003"
"Barley","Operating costs","Other variable expenses  ","dollars per planted acre","No specific size","U.S. total","United States",2007,2.79,"Base survey of 2003"
"Barley","Operating costs","Other variable expenses  ","dollars per planted acre","No specific size","U.S. total","United States",2008,2.69,"Base survey of 2003"
"Barley","Operating costs","Other variable expenses  ","dollars per planted acre","No specific size","U.S. total","United States",2009,3.07,"Base survey of 2003"
"Barley","Operating costs","Other variable expenses  ","dollars per planted acre","No specific size","U.S. total","United States",2010,3.5,"Base survey of 2003"
"Barley","Operating costs","Other variable expenses  ","dollars per planted acre","No specific size","U.S. total","United States",2011,6.78,"Base survey of 2011"
"Barley","Operating costs","Other variable expenses  ","dollars per planted acre","No specific size","U.S. total","United States",2012,5.77,"Base survey of 2011"
"Barley","Operating costs","Other variable expenses  ","dollars per planted acre","No specific size","U.S. total","United States",2013,6.37,"Base survey of 2011"
"Barley","Operating costs","Other variable expenses  ","dollars per planted acre","No specific size","U.S. total","United States",2014,6.51,"Base survey of 2011"
"Barley","Operating costs","Other variable expenses  ","dollars per planted acre","No specific size","U.S. total","United States",2015,6,"Base survey of 2011"
"Barley","Operating costs","Other variable expenses  ","dollars per planted acre","No specific size","U.S. total","United States",2016,6.77,"Base survey of 2011"
"Barley","Operating costs","Other variable expenses  ","dollars per planted acre","No specific size","U.S. total","United States",2017,6.97,"Base survey of 2011"
"Barley","Operating costs","Other variable expenses  ","dollars per planted acre","No specific size","U.S. total","United States",2018,7.21,"Base survey of 2011"
"Barley","Operating costs","Other variable expenses  ","dollars per planted acre","No specific size","U.S. total","United States",2019,2.55,"Base survey of 2019"
"Barley","Operating costs","Other variable expenses  ","dollars per planted acre","No specific size","U.S. total","United States",2020,2.51,"Base survey of 2019"
"Barley","Operating costs","Other variable expenses  ","dollars per planted acre","No specific size","U.S. total","United States",2021,2.6,"Base survey of 2019"
"Barley","Operating costs","Other variable expenses  ","dollars per planted acre","No specific size","U.S. total","United States",2022,2.75,"Base survey of 2019"
"Barley","Operating costs","Other variable expenses  ","dollars per planted acre","No specific size","U.S. total","United States",2023,2.83,"Base survey of 2019"
"Barley","Operating costs","Other variable expenses  ","dollars per planted acre","No specific size","U.S. total","United States",2024,3.46,"Base survey of 2019"
"Barley","Operating costs","Other variable expenses  ","dollars per planted acre","No specific size","Heartland","United States",2003,0.57,"Base survey of 2003"
"Barley","Operating costs","Other variable expenses  ","dollars per planted acre","No specific size","Heartland","United States",2004,0.57,"Base survey of 2003"
"Barley","Operating costs","Other variable expenses  ","dollars per planted acre","No specific size","Heartland","United States",2005,0.61,"Base survey of 2003"
"Barley","Operating costs","Other variable expenses  ","dollars per planted acre","No specific size","Heartland","United States",2006,0.64,"Base survey of 2003"
"Barley","Operating costs","Other variable expenses  ","dollars per planted acre","No specific size","Heartland","United States",2007,0.67,"Base survey of 2003"
"Barley","Operating costs","Other variable expenses  ","dollars per planted acre","No specific size","Heartland","United States",2008,0.67,"Base survey of 2003"
"Barley","Operating costs","Other variable expenses  ","dollars per planted acre","No specific size","Heartland","United States",2009,0.74,"Base survey of 2003"
"Barley","Operating costs","Other variable expenses  ","dollars per planted acre","No specific size","Heartland","United States",2010,0.75,"Base survey of 2003"
"Barley","Operating costs","Other variable expenses  ","dollars per planted acre","No specific size","Northern Crescent","United States",2003,2.07,"Base survey of 2003"
"Barley","Operating costs","Other variable expenses  ","dollars per planted acre","No specific size","Northern Crescent","United States",2004,2.09,"Base survey of 2003"
"Barley","Operating costs","Other variable expenses  ","dollars per planted acre","No specific size","Northern Crescent","United States",2005,2.22,"Base survey of 2003"
"Barley","Operating costs","Other variable expenses  ","dollars per planted acre","No specific size","Northern Crescent","United States",2006,2.34,"Base survey of 2003"
"Barley","Operating costs","Other variable expenses  ","dollars per planted acre","No specific size","Northern Crescent","United States",2007,2.44,"Base survey of 2003"
"Barley","Operating costs","Other variable expenses  ","dollars per planted acre","No specific size","Northern Crescent","United States",2008,2.44,"Base survey of 2003"
"Barley","Operating costs","Other variable expenses  ","dollars per planted acre","No specific size","Northern Crescent","United States",2009,2.69,"Base survey of 2003"
"Barley","Operating costs","Other variable expenses  ","dollars per planted acre","No specific size","Northern Crescent","United States",2010,2.72,"Base survey of 2003"
"Barley","Operating costs","Other variable expenses  ","dollars per planted acre","No specific size","Northern Crescent","United States",2011,1.18,"Base survey of 2011"
"Barley","Operating costs","Other variable expenses  ","dollars per planted acre","No specific size","Northern Crescent","United States",2012,1.2,"Base survey of 2011"
"Barley","Operating costs","Other variable expenses  ","dollars per planted acre","No specific size","Northern Crescent","United States",2013,1.24,"Base survey of 2011"
"Barley","Operating costs","Other variable expenses  ","dollars per planted acre","No specific size","Northern Crescent","United States",2014,1.29,"Base survey of 2011"
"Barley","Operating costs","Other variable expenses  ","dollars per planted acre","No specific size","Northern Crescent","United States",2015,1.34,"Base survey of 2011"
"Barley","Operating costs","Other variable expenses  ","dollars per planted acre","No specific size","Northern Crescent","United States",2016,1.37,"Base survey of 2011"
"Barley","Operating costs","Other variable expenses  ","dollars per planted acre","No specific size","Northern Crescent","United States",2017,1.32,"Base survey of 2011"
"Barley","Operating costs","Other variable expenses  ","dollars per planted acre","No specific size","Northern Crescent","United States",2018,1.35,"Base survey of 2011"
"Barley","Operating costs","Other variable expenses  ","dollars per planted acre","No specific size","Northern Crescent","United States",2019,2.89,"Base survey of 2019"
"Barley","Operating costs","Other variable expenses  ","dollars per planted acre","No specific size","Northern Crescent","United States",2020,2.85,"Base survey of 2019"
"Barley","Operating costs","Other variable expenses  ","dollars per planted acre","No specific size","Northern Crescent","United States",2021,2.95,"Base survey of 2019"
"Barley","Operating costs","Other variable expenses  ","dollars per planted acre","No specific size","Northern Crescent","United States",2022,3.33,"Base survey of 2019"
"Barley","Operating costs","Other variable expenses  ","dollars per planted acre","No specific size","Northern Crescent","United States",2023,3.52,"Base survey of 2019"
"Barley","Operating costs","Other variable expenses  ","dollars per planted acre","No specific size","Northern Crescent","United States",2024,3.58,"Base survey of 2019"
"Barley","Operating costs","Other variable expenses  ","dollars per planted acre","No specific size","Northern Great Plains","United States",2003,0.69,"Base survey of 2003"
"Barley","Operating costs","Other variable expenses  ","dollars per planted acre","No specific size","Northern Great Plains","United States",2004,0.7,"Base survey of 2003"
"Barley","Operating costs","Other variable expenses  ","dollars per planted acre","No specific size","Northern Great Plains","United States",2005,0.74,"Base survey of 2003"
"Barley","Operating costs","Other variable expenses  ","dollars per planted acre","No specific size","Northern Great Plains","United States",2006,0.78,"Base survey of 2003"
"Barley","Operating costs","Other variable expenses  ","dollars per planted acre","No specific size","Northern Great Plains","United States",2007,0.81,"Base survey of 2003"
"Barley","Operating costs","Other variable expenses  ","dollars per planted acre","No specific size","Northern Great Plains","United States",2008,0.81,"Base survey of 2003"
"Barley","Operating costs","Other variable expenses  ","dollars per planted acre","No specific size","Northern Great Plains","United States",2009,0.9,"Base survey of 2003"
"Barley","Operating costs","Other variable expenses  ","dollars per planted acre","No specific size","Northern Great Plains","United States",2010,0.91,"Base survey of 2003"
"Barley","Operating costs","Other variable expenses  ","dollars per planted acre","No specific size","Northern Great Plains","United States",2011,1.38,"Base survey of 2011"
"Barley","Operating costs","Other variable expenses  ","dollars per planted acre","No specific size","Northern Great Plains","United States",2012,1.41,"Base survey of 2011"
"Barley","Operating costs","Other variable expenses  ","dollars per planted acre","No specific size","Northern Great Plains","United States",2013,1.45,"Base survey of 2011"
"Barley","Operating costs","Other variable expenses  ","dollars per planted acre","No specific size","Northern Great Plains","United States",2014,1.51,"Base survey of 2011"
"Barley","Operating costs","Other variable expenses  ","dollars per planted acre","No specific size","Northern Great Plains","United States",2015,1.57,"Base survey of 2011"
"Barley","Operating costs","Other variable expenses  ","dollars per planted acre","No specific size","Northern Great Plains","United States",2016,1.6,"Base survey of 2011"
"Barley","Operating costs","Other variable expenses  ","dollars per planted acre","No specific size","Northern Great Plains","United States",2017,1.55,"Base survey of 2011"
"Barley","Operating costs","Other variable expenses  ","dollars per planted acre","No specific size","Northern Great Plains","United States",2018,1.58,"Base survey of 2011"
"Barley","Operating costs","Other variable expenses  ","dollars per planted acre","No specific size","Northern Great Plains","United States",2019,0.36,"Base survey of 2019"
"Barley","Operating costs","Other variable expenses  ","dollars per planted acre","No specific size","Northern Great Plains","United States",2020,0.36,"Base survey of 2019"
"Barley","Operating costs","Other variable expenses  ","dollars per planted acre","No specific size","Northern Great Plains","United States",2021,0.38,"Base survey of 2019"
"Barley","Operating costs","Other variable expenses  ","dollars per planted acre","No specific size","Northern Great Plains","United States",2022,0.42,"Base survey of 2019"
"Barley","Operating costs","Other variable expenses  ","dollars per planted acre","No specific size","Northern Great Plains","United States",2023,0.44,"Base survey of 2019"
"Barley","Operating costs","Other variable expenses  ","dollars per planted acre","No specific size","Northern Great Plains","United States",2024,0.47,"Base survey of 2019"
"Barley","Operating costs","Other variable expenses  ","dollars per planted acre","No specific size","Basin and Range","United States",2003,3.54,"Base survey of 2003"
"Barley","Operating costs","Other variable expenses  ","dollars per planted acre","No specific size","Basin and Range","United States",2004,3.57,"Base survey of 2003"
"Barley","Operating costs","Other variable expenses  ","dollars per planted acre","No specific size","Basin and Range","United States",2005,3.8,"Base survey of 2003"
"Barley","Operating costs","Other variable expenses  ","dollars per planted acre","No specific size","Basin and Range","United States",2006,4,"Base survey of 2003"
"Barley","Operating costs","Other variable expenses  ","dollars per planted acre","No specific size","Basin and Range","United States",2007,4.17,"Base survey of 2003"
"Barley","Operating costs","Other variable expenses  ","dollars per planted acre","No specific size","Basin and Range","United States",2008,4.17,"Base survey of 2003"
"Barley","Operating costs","Other variable expenses  ","dollars per planted acre","No specific size","Basin and Range","United States",2009,4.6,"Base survey of 2003"
"Barley","Operating costs","Other variable expenses  ","dollars per planted acre","No specific size","Basin and Range","United States",2010,4.65,"Base survey of 2003"
"Barley","Operating costs","Other variable expenses  ","dollars per planted acre","No specific size","Basin and Range","United States",2011,6.48,"Base survey of 2011"
"Barley","Operating costs","Other variable expenses  ","dollars per planted acre","No specific size","Basin and Range","United States",2012,6.61,"Base survey of 2011"
"Barley","Operating costs","Other variable expenses  ","dollars per planted acre","No specific size","Basin and Range","United States",2013,6.8,"Base survey of 2011"
"Barley","Operating costs","Other variable expenses  ","dollars per planted acre","No specific size","Basin and Range","United States",2014,7.07,"Base survey of 2011"
"Barley","Operating costs","Other variable expenses  ","dollars per planted acre","No specific size","Basin and Range","United States",2015,7.38,"Base survey of 2011"
"Barley","Operating costs","Other variable expenses  ","dollars per planted acre","No specific size","Basin and Range","United States",2016,7.52,"Base survey of 2011"
"Barley","Operating costs","Other variable expenses  ","dollars per planted acre","No specific size","Basin and Range","United States",2017,7.27,"Base survey of 2011"
"Barley","Operating costs","Other variable expenses  ","dollars per planted acre","No specific size","Basin and Range","United States",2018,7.43,"Base survey of 2011"
"Barley","Operating costs","Other variable expenses  ","dollars per planted acre","No specific size","Basin and Range","United States",2019,4.64,"Base survey of 2019"
"Barley","Operating costs","Other variable expenses  ","dollars per planted acre","No specific size","Basin and Range","United States",2020,4.6,"Base survey of 2019"
"Barley","Operating costs","Other variable expenses  ","dollars per planted acre","No specific size","Basin and Range","United States",2021,4.79,"Base survey of 2019"
"Barley","Operating costs","Other variable expenses  ","dollars per planted acre","No specific size","Basin and Range","United States",2022,5.12,"Base survey of 2019"
"Barley","Operating costs","Other variable expenses  ","dollars per planted acre","No specific size","Basin and Range","United States",2023,5.27,"Base survey of 2019"
"Barley","Operating costs","Other variable expenses  ","dollars per planted acre","No specific size","Basin and Range","United States",2024,5.69,"Base survey of 2019"
"Barley","Operating costs","Other variable expenses  ","dollars per planted acre","No specific size","Fruitful Rim","United States",2003,5.85,"Base survey of 2003"
"Barley","Operating costs","Other variable expenses  ","dollars per planted acre","No specific size","Fruitful Rim","United States",2004,5.9,"Base survey of 2003"
"Barley","Operating costs","Other variable expenses  ","dollars per planted acre","No specific size","Fruitful Rim","United States",2005,6.27,"Base survey of 2003"
"Barley","Operating costs","Other variable expenses  ","dollars per planted acre","No specific size","Fruitful Rim","United States",2006,6.6,"Base survey of 2003"
"Barley","Operating costs","Other variable expenses  ","dollars per planted acre","No specific size","Fruitful Rim","United States",2007,6.89,"Base survey of 2003"
"Barley","Operating costs","Other variable expenses  ","dollars per planted acre","No specific size","Fruitful Rim","United States",2008,6.89,"Base survey of 2003"
"Barley","Operating costs","Other variable expenses  ","dollars per planted acre","No specific size","Fruitful Rim","United States",2009,7.6,"Base survey of 2003"
"Barley","Operating costs","Other variable expenses  ","dollars per planted acre","No specific size","Fruitful Rim","United States",2010,7.69,"Base survey of 2003"
"Barley","Operating costs","Other variable expenses  ","dollars per planted acre","No specific size","Fruitful Rim","United States",2011,15.85,"Base survey of 2011"
"Barley","Operating costs","Other variable expenses  ","dollars per planted acre","No specific size","Fruitful Rim","United States",2012,16.17,"Base survey of 2011"
"Barley","Operating costs","Other variable expenses  ","dollars per planted acre","No specific size","Fruitful Rim","United States",2013,16.64,"Base survey of 2011"
"Barley","Operating costs","Other variable expenses  ","dollars per planted acre","No specific size","Fruitful Rim","United States",2014,17.29,"Base survey of 2011"
"Barley","Operating costs","Other variable expenses  ","dollars per planted acre","No specific size","Fruitful Rim","United States",2015,18.05,"Base survey of 2011"
"Barley","Operating costs","Other variable expenses  ","dollars per planted acre","No specific size","Fruitful Rim","United States",2016,18.4,"Base survey of 2011"
"Barley","Operating costs","Other variable expenses  ","dollars per planted acre","No specific size","Fruitful Rim","United States",2017,17.78,"Base survey of 2011"
"Barley","Operating costs","Other variable expenses  ","dollars per planted acre","No specific size","Fruitful Rim","United States",2018,18.18,"Base survey of 2011"
"Barley","Operating costs","Other variable expenses  ","dollars per planted acre","No specific size","Fruitful Rim","United States",2019,7.11,"Base survey of 2019"
"Barley","Operating costs","Other variable expenses  ","dollars per planted acre","No specific size","Fruitful Rim","United States",2020,7.01,"Base survey of 2019"
"Barley","Operating costs","Other variable expenses  ","dollars per planted acre","No specific size","Fruitful Rim","United States",2021,7.51,"Base survey of 2019"
"Barley","Operating costs","Other variable expenses  ","dollars per planted acre","No specific size","Fruitful Rim","United States",2022,8.54,"Base survey of 2019"
"Barley","Operating costs","Other variable expenses  ","dollars per planted acre","No specific size","Fruitful Rim","United States",2023,8.84,"Base survey of 2019"
"Barley","Operating costs","Other variable expenses  ","dollars per planted acre","No specific size","Fruitful Rim","United States",2024,9.12,"Base survey of 2019"
"Barley","Operating costs","Interest on operating inputs","dollars per planted acre","No specific size","U.S. total","United States",2003,0.41,"Base survey of 2003"
"Barley","Operating costs","Interest on operating inputs","dollars per planted acre","No specific size","U.S. total","United States",2004,0.64,"Base survey of 2003"
"Barley","Operating costs","Interest on operating inputs","dollars per planted acre","No specific size","U.S. total","United States",2005,1.56,"Base survey of 2003"
"Barley","Operating costs","Interest on operating inputs","dollars per planted acre","No specific size","U.S. total","United States",2006,2.32,"Base survey of 2003"
"Barley","Operating costs","Interest on operating inputs","dollars per planted acre","No specific size","U.S. total","United States",2007,2.6,"Base survey of 2003"
"Barley","Operating costs","Interest on operating inputs","dollars per planted acre","No specific size","U.S. total","United States",2008,1.19,"Base survey of 2003"
"Barley","Operating costs","Interest on operating inputs","dollars per planted acre","No specific size","U.S. total","United States",2009,0.19,"Base survey of 2003"
"Barley","Operating costs","Interest on operating inputs","dollars per planted acre","No specific size","U.S. total","United States",2010,0.13,"Base survey of 2003"
"Barley","Operating costs","Interest on operating inputs","dollars per planted acre","No specific size","U.S. total","United States",2011,0.09,"Base survey of 2011"
"Barley","Operating costs","Interest on operating inputs","dollars per planted acre","No specific size","U.S. total","United States",2012,0.12,"Base survey of 2011"
"Barley","Operating costs","Interest on operating inputs","dollars per planted acre","No specific size","U.S. total","United States",2013,0.09,"Base survey of 2011"
"Barley","Operating costs","Interest on operating inputs","dollars per planted acre","No specific size","U.S. total","United States",2014,0.06,"Base survey of 2011"
"Barley","Operating costs","Interest on operating inputs","dollars per planted acre","No specific size","U.S. total","United States",2015,0.14,"Base survey of 2011"
"Barley","Operating costs","Interest on operating inputs","dollars per planted acre","No specific size","U.S. total","United States",2016,0.37,"Base survey of 2011"
"Barley","Operating costs","Interest on operating inputs","dollars per planted acre","No specific size","U.S. total","United States",2017,0.85,"Base survey of 2011"
"Barley","Operating costs","Interest on operating inputs","dollars per planted acre","No specific size","U.S. total","United States",2018,1.71,"Base survey of 2011"
"Barley","Operating costs","Interest on operating inputs","dollars per planted acre","No specific size","U.S. total","United States",2019,1.46,"Base survey of 2019"
"Barley","Operating costs","Interest on operating inputs","dollars per planted acre","No specific size","U.S. total","United States",2020,0.26,"Base survey of 2019"
"Barley","Operating costs","Interest on operating inputs","dollars per planted acre","No specific size","U.S. total","United States",2021,0.04,"Base survey of 2019"
"Barley","Operating costs","Interest on operating inputs","dollars per planted acre","No specific size","U.S. total","United States",2022,2.68,"Base survey of 2019"
"Barley","Operating costs","Interest on operating inputs","dollars per planted acre","No specific size","U.S. total","United States",2023,4.97,"Base survey of 2019"
"Barley","Operating costs","Interest on operating inputs","dollars per planted acre","No specific size","U.S. total","United States",2024,4.35,"Base survey of 2019"
"Barley","Operating costs","Interest on operating inputs","dollars per planted acre","No specific size","Heartland","United States",2003,0.35,"Base survey of 2003"
"Barley","Operating costs","Interest on operating inputs","dollars per planted acre","No specific size","Heartland","United States",2004,0.54,"Base survey of 2003"
"Barley","Operating costs","Interest on operating inputs","dollars per planted acre","No specific size","Heartland","United States",2005,1.31,"Base survey of 2003"
"Barley","Operating costs","Interest on operating inputs","dollars per planted acre","No specific size","Heartland","United States",2006,1.94,"Base survey of 2003"
"Barley","Operating costs","Interest on operating inputs","dollars per planted acre","No specific size","Heartland","United States",2007,2.11,"Base survey of 2003"
"Barley","Operating costs","Interest on operating inputs","dollars per planted acre","No specific size","Heartland","United States",2008,1,"Base survey of 2003"
"Barley","Operating costs","Interest on operating inputs","dollars per planted acre","No specific size","Heartland","United States",2009,0.16,"Base survey of 2003"
"Barley","Operating costs","Interest on operating inputs","dollars per planted acre","No specific size","Heartland","United States",2010,0.1,"Base survey of 2003"
"Barley","Operating costs","Interest on operating inputs","dollars per planted acre","No specific size","Northern Crescent","United States",2003,0.39,"Base survey of 2003"
"Barley","Operating costs","Interest on operating inputs","dollars per planted acre","No specific size","Northern Crescent","United States",2004,0.62,"Base survey of 2003"
"Barley","Operating costs","Interest on operating inputs","dollars per planted acre","No specific size","Northern Crescent","United States",2005,1.51,"Base survey of 2003"
"Barley","Operating costs","Interest on operating inputs","dollars per planted acre","No specific size","Northern Crescent","United States",2006,2.23,"Base survey of 2003"
"Barley","Operating costs","Interest on operating inputs","dollars per planted acre","No specific size","Northern Crescent","United States",2007,2.44,"Base survey of 2003"
"Barley","Operating costs","Interest on operating inputs","dollars per planted acre","No specific size","Northern Crescent","United States",2008,1.16,"Base survey of 2003"
"Barley","Operating costs","Interest on operating inputs","dollars per planted acre","No specific size","Northern Crescent","United States",2009,0.19,"Base survey of 2003"
"Barley","Operating costs","Interest on operating inputs","dollars per planted acre","No specific size","Northern Crescent","United States",2010,0.12,"Base survey of 2003"
"Barley","Operating costs","Interest on operating inputs","dollars per planted acre","No specific size","Northern Crescent","United States",2011,0.08,"Base survey of 2011"
"Barley","Operating costs","Interest on operating inputs","dollars per planted acre","No specific size","Northern Crescent","United States",2012,0.12,"Base survey of 2011"
"Barley","Operating costs","Interest on operating inputs","dollars per planted acre","No specific size","Northern Crescent","United States",2013,0.08,"Base survey of 2011"
"Barley","Operating costs","Interest on operating inputs","dollars per planted acre","No specific size","Northern Crescent","United States",2014,0.05,"Base survey of 2011"
"Barley","Operating costs","Interest on operating inputs","dollars per planted acre","No specific size","Northern Crescent","United States",2015,0.14,"Base survey of 2011"
"Barley","Operating costs","Interest on operating inputs","dollars per planted acre","No specific size","Northern Crescent","United States",2016,0.36,"Base survey of 2011"
"Barley","Operating costs","Interest on operating inputs","dollars per planted acre","No specific size","Northern Crescent","United States",2017,0.8,"Base survey of 2011"
"Barley","Operating costs","Interest on operating inputs","dollars per planted acre","No specific size","Northern Crescent","United States",2018,1.57,"Base survey of 2011"
"Barley","Operating costs","Interest on operating inputs","dollars per planted acre","No specific size","Northern Crescent","United States",2019,1.8,"Base survey of 2019"
"Barley","Operating costs","Interest on operating inputs","dollars per planted acre","No specific size","Northern Crescent","United States",2020,0.32,"Base survey of 2019"
"Barley","Operating costs","Interest on operating inputs","dollars per planted acre","No specific size","Northern Crescent","United States",2021,0.06,"Base survey of 2019"
"Barley","Operating costs","Interest on operating inputs","dollars per planted acre","No specific size","Northern Crescent","United States",2022,3.37,"Base survey of 2019"
"Barley","Operating costs","Interest on operating inputs","dollars per planted acre","No specific size","Northern Crescent","United States",2023,6.42,"Base survey of 2019"
"Barley","Operating costs","Interest on operating inputs","dollars per planted acre","No specific size","Northern Crescent","United States",2024,5.49,"Base survey of 2019"
"Barley","Operating costs","Interest on operating inputs","dollars per planted acre","No specific size","Northern Great Plains","United States",2003,0.35,"Base survey of 2003"
"Barley","Operating costs","Interest on operating inputs","dollars per planted acre","No specific size","Northern Great Plains","United States",2004,0.54,"Base survey of 2003"
"Barley","Operating costs","Interest on operating inputs","dollars per planted acre","No specific size","Northern Great Plains","United States",2005,1.29,"Base survey of 2003"
"Barley","Operating costs","Interest on operating inputs","dollars per planted acre","No specific size","Northern Great Plains","United States",2006,1.91,"Base survey of 2003"
"Barley","Operating costs","Interest on operating inputs","dollars per planted acre","No specific size","Northern Great Plains","United States",2007,2.07,"Base survey of 2003"
"Barley","Operating costs","Interest on operating inputs","dollars per planted acre","No specific size","Northern Great Plains","United States",2008,0.95,"Base survey of 2003"
"Barley","Operating costs","Interest on operating inputs","dollars per planted acre","No specific size","Northern Great Plains","United States",2009,0.15,"Base survey of 2003"
"Barley","Operating costs","Interest on operating inputs","dollars per planted acre","No specific size","Northern Great Plains","United States",2010,0.1,"Base survey of 2003"
"Barley","Operating costs","Interest on operating inputs","dollars per planted acre","No specific size","Northern Great Plains","United States",2011,0.06,"Base survey of 2011"
"Barley","Operating costs","Interest on operating inputs","dollars per planted acre","No specific size","Northern Great Plains","United States",2012,0.09,"Base survey of 2011"
"Barley","Operating costs","Interest on operating inputs","dollars per planted acre","No specific size","Northern Great Plains","United States",2013,0.06,"Base survey of 2011"
"Barley","Operating costs","Interest on operating inputs","dollars per planted acre","No specific size","Northern Great Plains","United States",2014,0.04,"Base survey of 2011"
"Barley","Operating costs","Interest on operating inputs","dollars per planted acre","No specific size","Northern Great Plains","United States",2015,0.11,"Base survey of 2011"
"Barley","Operating costs","Interest on operating inputs","dollars per planted acre","No specific size","Northern Great Plains","United States",2016,0.28,"Base survey of 2011"
"Barley","Operating costs","Interest on operating inputs","dollars per planted acre","No specific size","Northern Great Plains","United States",2017,0.63,"Base survey of 2011"
"Barley","Operating costs","Interest on operating inputs","dollars per planted acre","No specific size","Northern Great Plains","United States",2018,1.24,"Base survey of 2011"
"Barley","Operating costs","Interest on operating inputs","dollars per planted acre","No specific size","Northern Great Plains","United States",2019,1.19,"Base survey of 2019"
"Barley","Operating costs","Interest on operating inputs","dollars per planted acre","No specific size","Northern Great Plains","United States",2020,0.21,"Base survey of 2019"
"Barley","Operating costs","Interest on operating inputs","dollars per planted acre","No specific size","Northern Great Plains","United States",2021,0.04,"Base survey of 2019"
"Barley","Operating costs","Interest on operating inputs","dollars per planted acre","No specific size","Northern Great Plains","United States",2022,2.22,"Base survey of 2019"
"Barley","Operating costs","Interest on operating inputs","dollars per planted acre","No specific size","Northern Great Plains","United States",2023,4.09,"Base survey of 2019"
"Barley","Operating costs","Interest on operating inputs","dollars per planted acre","No specific size","Northern Great Plains","United States",2024,3.37,"Base survey of 2019"
"Barley","Operating costs","Interest on operating inputs","dollars per planted acre","No specific size","Basin and Range","United States",2003,0.45,"Base survey of 2003"
"Barley","Operating costs","Interest on operating inputs","dollars per planted acre","No specific size","Basin and Range","United States",2004,0.7,"Base survey of 2003"
"Barley","Operating costs","Interest on operating inputs","dollars per planted acre","No specific size","Basin and Range","United States",2005,1.71,"Base survey of 2003"
"Barley","Operating costs","Interest on operating inputs","dollars per planted acre","No specific size","Basin and Range","United States",2006,2.54,"Base survey of 2003"
"Barley","Operating costs","Interest on operating inputs","dollars per planted acre","No specific size","Basin and Range","United States",2007,2.77,"Base survey of 2003"
"Barley","Operating costs","Interest on operating inputs","dollars per planted acre","No specific size","Basin and Range","United States",2008,1.29,"Base survey of 2003"
"Barley","Operating costs","Interest on operating inputs","dollars per planted acre","No specific size","Basin and Range","United States",2009,0.21,"Base survey of 2003"
"Barley","Operating costs","Interest on operating inputs","dollars per planted acre","No specific size","Basin and Range","United States",2010,0.13,"Base survey of 2003"
"Barley","Operating costs","Interest on operating inputs","dollars per planted acre","No specific size","Basin and Range","United States",2011,0.1,"Base survey of 2011"
"Barley","Operating costs","Interest on operating inputs","dollars per planted acre","No specific size","Basin and Range","United States",2012,0.13,"Base survey of 2011"
"Barley","Operating costs","Interest on operating inputs","dollars per planted acre","No specific size","Basin and Range","United States",2013,0.09,"Base survey of 2011"
"Barley","Operating costs","Interest on operating inputs","dollars per planted acre","No specific size","Basin and Range","United States",2014,0.06,"Base survey of 2011"
"Barley","Operating costs","Interest on operating inputs","dollars per planted acre","No specific size","Basin and Range","United States",2015,0.16,"Base survey of 2011"
"Barley","Operating costs","Interest on operating inputs","dollars per planted acre","No specific size","Basin and Range","United States",2016,0.4,"Base survey of 2011"
"Barley","Operating costs","Interest on operating inputs","dollars per planted acre","No specific size","Basin and Range","United States",2017,0.9,"Base survey of 2011"
"Barley","Operating costs","Interest on operating inputs","dollars per planted acre","No specific size","Basin and Range","United States",2018,1.81,"Base survey of 2011"
"Barley","Operating costs","Interest on operating inputs","dollars per planted acre","No specific size","Basin and Range","United States",2019,1.82,"Base survey of 2019"
"Barley","Operating costs","Interest on operating inputs","dollars per planted acre","No specific size","Basin and Range","United States",2020,0.32,"Base survey of 2019"
"Barley","Operating costs","Interest on operating inputs","dollars per planted acre","No specific size","Basin and Range","United States",2021,0.06,"Base survey of 2019"
"Barley","Operating costs","Interest on operating inputs","dollars per planted acre","No specific size","Basin and Range","United States",2022,3.41,"Base survey of 2019"
"Barley","Operating costs","Interest on operating inputs","dollars per planted acre","No specific size","Basin and Range","United States",2023,6.32,"Base survey of 2019"
"Barley","Operating costs","Interest on operating inputs","dollars per planted acre","No specific size","Basin and Range","United States",2024,5.46,"Base survey of 2019"
"Barley","Operating costs","Interest on operating inputs","dollars per planted acre","No specific size","Fruitful Rim","United States",2003,0.61,"Base survey of 2003"
"Barley","Operating costs","Interest on operating inputs","dollars per planted acre","No specific size","Fruitful Rim","United States",2004,0.97,"Base survey of 2003"
"Barley","Operating costs","Interest on operating inputs","dollars per planted acre","No specific size","Fruitful Rim","United States",2005,2.38,"Base survey of 2003"
"Barley","Operating costs","Interest on operating inputs","dollars per planted acre","No specific size","Fruitful Rim","United States",2006,3.56,"Base survey of 2003"
"Barley","Operating costs","Interest on operating inputs","dollars per planted acre","No specific size","Fruitful Rim","United States",2007,3.86,"Base survey of 2003"
"Barley","Operating costs","Interest on operating inputs","dollars per planted acre","No specific size","Fruitful Rim","United States",2008,1.77,"Base survey of 2003"
"Barley","Operating costs","Interest on operating inputs","dollars per planted acre","No specific size","Fruitful Rim","United States",2009,0.28,"Base survey of 2003"
"Barley","Operating costs","Interest on operating inputs","dollars per planted acre","No specific size","Fruitful Rim","United States",2010,0.18,"Base survey of 2003"
"Barley","Operating costs","Interest on operating inputs","dollars per planted acre","No specific size","Fruitful Rim","United States",2011,0.13,"Base survey of 2011"
"Barley","Operating costs","Interest on operating inputs","dollars per planted acre","No specific size","Fruitful Rim","United States",2012,0.18,"Base survey of 2011"
"Barley","Operating costs","Interest on operating inputs","dollars per planted acre","No specific size","Fruitful Rim","United States",2013,0.13,"Base survey of 2011"
"Barley","Operating costs","Interest on operating inputs","dollars per planted acre","No specific size","Fruitful Rim","United States",2014,0.08,"Base survey of 2011"
"Barley","Operating costs","Interest on operating inputs","dollars per planted acre","No specific size","Fruitful Rim","United States",2015,0.21,"Base survey of 2011"
"Barley","Operating costs","Interest on operating inputs","dollars per planted acre","No specific size","Fruitful Rim","United States",2016,0.54,"Base survey of 2011"
"Barley","Operating costs","Interest on operating inputs","dollars per planted acre","No specific size","Fruitful Rim","United States",2017,1.23,"Base survey of 2011"
"Barley","Operating costs","Interest on operating inputs","dollars per planted acre","No specific size","Fruitful Rim","United States",2018,2.47,"Base survey of 2011"
"Barley","Operating costs","Interest on operating inputs","dollars per planted acre","No specific size","Fruitful Rim","United States",2019,1.89,"Base survey of 2019"
"Barley","Operating costs","Interest on operating inputs","dollars per planted acre","No specific size","Fruitful Rim","United States",2020,0.33,"Base survey of 2019"
"Barley","Operating costs","Interest on operating inputs","dollars per planted acre","No specific size","Fruitful Rim","United States",2021,0.06,"Base survey of 2019"
"Barley","Operating costs","Interest on operating inputs","dollars per planted acre","No specific size","Fruitful Rim","United States",2022,3.51,"Base survey of 2019"
"Barley","Operating costs","Interest on operating inputs","dollars per planted acre","No specific size","Fruitful Rim","United States",2023,6.57,"Base survey of 2019"
"Barley","Operating costs","Interest on operating inputs","dollars per planted acre","No specific size","Fruitful Rim","United States",2024,5.68,"Base survey of 2019"
"Barley","Operating costs","Total, operating costs","dollars per planted acre","No specific size","U.S. total","United States",2003,78.69,"Base survey of 2003"
"Barley","Operating costs","Total, operating costs","dollars per planted acre","No specific size","U.S. total","United States",2004,82.07,"Base survey of 2003"
"Barley","Operating costs","Total, operating costs","dollars per planted acre","No specific size","U.S. total","United States",2005,93.4,"Base survey of 2003"
"Barley","Operating costs","Total, operating costs","dollars per planted acre","No specific size","U.S. total","United States",2006,98.69,"Base survey of 2003"
"Barley","Operating costs","Total, operating costs","dollars per planted acre","No specific size","U.S. total","United States",2007,110.67,"Base survey of 2003"
"Barley","Operating costs","Total, operating costs","dollars per planted acre","No specific size","U.S. total","United States",2008,143.94,"Base survey of 2003"
"Barley","Operating costs","Total, operating costs","dollars per planted acre","No specific size","U.S. total","United States",2009,132.53,"Base survey of 2003"
"Barley","Operating costs","Total, operating costs","dollars per planted acre","No specific size","U.S. total","United States",2010,127.89,"Base survey of 2003"
"Barley","Operating costs","Total, operating costs","dollars per planted acre","No specific size","U.S. total","United States",2011,185.98,"Base survey of 2011"
"Barley","Operating costs","Total, operating costs","dollars per planted acre","No specific size","U.S. total","United States",2012,184.96,"Base survey of 2011"
"Barley","Operating costs","Total, operating costs","dollars per planted acre","No specific size","U.S. total","United States",2013,191.12,"Base survey of 2011"
"Barley","Operating costs","Total, operating costs","dollars per planted acre","No specific size","U.S. total","United States",2014,188.85,"Base survey of 2011"
"Barley","Operating costs","Total, operating costs","dollars per planted acre","No specific size","U.S. total","United States",2015,167.66,"Base survey of 2011"
"Barley","Operating costs","Total, operating costs","dollars per planted acre","No specific size","U.S. total","United States",2016,161.72,"Base survey of 2011"
"Barley","Operating costs","Total, operating costs","dollars per planted acre","No specific size","U.S. total","United States",2017,163.34,"Base survey of 2011"
"Barley","Operating costs","Total, operating costs","dollars per planted acre","No specific size","U.S. total","United States",2018,165.2,"Base survey of 2011"
"Barley","Operating costs","Total, operating costs","dollars per planted acre","No specific size","U.S. total","United States",2019,143.44,"Base survey of 2019"
"Barley","Operating costs","Total, operating costs","dollars per planted acre","No specific size","U.S. total","United States",2020,133.44,"Base survey of 2019"
"Barley","Operating costs","Total, operating costs","dollars per planted acre","No specific size","U.S. total","United States",2021,149.75,"Base survey of 2019"
"Barley","Operating costs","Total, operating costs","dollars per planted acre","No specific size","U.S. total","United States",2022,222.37,"Base survey of 2019"
"Barley","Operating costs","Total, operating costs","dollars per planted acre","No specific size","U.S. total","United States",2023,200.49,"Base survey of 2019"
"Barley","Operating costs","Total, operating costs","dollars per planted acre","No specific size","U.S. total","United States",2024,185.06,"Base survey of 2019"
"Barley","Operating costs","Total, operating costs","dollars per planted acre","No specific size","Heartland","United States",2003,66.87,"Base survey of 2003"
"Barley","Operating costs","Total, operating costs","dollars per planted acre","No specific size","Heartland","United States",2004,69.46,"Base survey of 2003"
"Barley","Operating costs","Total, operating costs","dollars per planted acre","No specific size","Heartland","United States",2005,78.5,"Base survey of 2003"
"Barley","Operating costs","Total, operating costs","dollars per planted acre","No specific size","Heartland","United States",2006,82.59,"Base survey of 2003"
"Barley","Operating costs","Total, operating costs","dollars per planted acre","No specific size","Heartland","United States",2007,90,"Base survey of 2003"
"Barley","Operating costs","Total, operating costs","dollars per planted acre","No specific size","Heartland","United States",2008,122.02,"Base survey of 2003"
"Barley","Operating costs","Total, operating costs","dollars per planted acre","No specific size","Heartland","United States",2009,112.17,"Base survey of 2003"
"Barley","Operating costs","Total, operating costs","dollars per planted acre","No specific size","Heartland","United States",2010,101.74,"Base survey of 2003"
"Barley","Operating costs","Total, operating costs","dollars per planted acre","No specific size","Northern Crescent","United States",2003,76.35,"Base survey of 2003"
"Barley","Operating costs","Total, operating costs","dollars per planted acre","No specific size","Northern Crescent","United States",2004,79.5,"Base survey of 2003"
"Barley","Operating costs","Total, operating costs","dollars per planted acre","No specific size","Northern Crescent","United States",2005,90.22,"Base survey of 2003"
"Barley","Operating costs","Total, operating costs","dollars per planted acre","No specific size","Northern Crescent","United States",2006,95.02,"Base survey of 2003"
"Barley","Operating costs","Total, operating costs","dollars per planted acre","No specific size","Northern Crescent","United States",2007,103.73,"Base survey of 2003"
"Barley","Operating costs","Total, operating costs","dollars per planted acre","No specific size","Northern Crescent","United States",2008,140.84,"Base survey of 2003"
"Barley","Operating costs","Total, operating costs","dollars per planted acre","No specific size","Northern Crescent","United States",2009,128.21,"Base survey of 2003"
"Barley","Operating costs","Total, operating costs","dollars per planted acre","No specific size","Northern Crescent","United States",2010,117.16,"Base survey of 2003"
"Barley","Operating costs","Total, operating costs","dollars per planted acre","No specific size","Northern Crescent","United States",2011,169.09,"Base survey of 2011"
"Barley","Operating costs","Total, operating costs","dollars per planted acre","No specific size","Northern Crescent","United States",2012,180.9,"Base survey of 2011"
"Barley","Operating costs","Total, operating costs","dollars per planted acre","No specific size","Northern Crescent","United States",2013,182.08,"Base survey of 2011"
"Barley","Operating costs","Total, operating costs","dollars per planted acre","No specific size","Northern Crescent","United States",2014,179.85,"Base survey of 2011"
"Barley","Operating costs","Total, operating costs","dollars per planted acre","No specific size","Northern Crescent","United States",2015,169.2,"Base survey of 2011"
"Barley","Operating costs","Total, operating costs","dollars per planted acre","No specific size","Northern Crescent","United States",2016,155.69,"Base survey of 2011"
"Barley","Operating costs","Total, operating costs","dollars per planted acre","No specific size","Northern Crescent","United States",2017,152.42,"Base survey of 2011"
"Barley","Operating costs","Total, operating costs","dollars per planted acre","No specific size","Northern Crescent","United States",2018,152.14,"Base survey of 2011"
"Barley","Operating costs","Total, operating costs","dollars per planted acre","No specific size","Northern Crescent","United States",2019,176.28,"Base survey of 2019"
"Barley","Operating costs","Total, operating costs","dollars per planted acre","No specific size","Northern Crescent","United States",2020,164.18,"Base survey of 2019"
"Barley","Operating costs","Total, operating costs","dollars per planted acre","No specific size","Northern Crescent","United States",2021,186.67,"Base survey of 2019"
"Barley","Operating costs","Total, operating costs","dollars per planted acre","No specific size","Northern Crescent","United States",2022,279.71,"Base survey of 2019"
"Barley","Operating costs","Total, operating costs","dollars per planted acre","No specific size","Northern Crescent","United States",2023,259.21,"Base survey of 2019"
"Barley","Operating costs","Total, operating costs","dollars per planted acre","No specific size","Northern Crescent","United States",2024,233.91,"Base survey of 2019"
"Barley","Operating costs","Total, operating costs","dollars per planted acre","No specific size","Northern Great Plains","United States",2003,65.97,"Base survey of 2003"
"Barley","Operating costs","Total, operating costs","dollars per planted acre","No specific size","Northern Great Plains","United States",2004,68.51,"Base survey of 2003"
"Barley","Operating costs","Total, operating costs","dollars per planted acre","No specific size","Northern Great Plains","United States",2005,77.31,"Base survey of 2003"
"Barley","Operating costs","Total, operating costs","dollars per planted acre","No specific size","Northern Great Plains","United States",2006,81.45,"Base survey of 2003"
"Barley","Operating costs","Total, operating costs","dollars per planted acre","No specific size","Northern Great Plains","United States",2007,88.01,"Base survey of 2003"
"Barley","Operating costs","Total, operating costs","dollars per planted acre","No specific size","Northern Great Plains","United States",2008,114.93,"Base survey of 2003"
"Barley","Operating costs","Total, operating costs","dollars per planted acre","No specific size","Northern Great Plains","United States",2009,106.59,"Base survey of 2003"
"Barley","Operating costs","Total, operating costs","dollars per planted acre","No specific size","Northern Great Plains","United States",2010,98.4,"Base survey of 2003"
"Barley","Operating costs","Total, operating costs","dollars per planted acre","No specific size","Northern Great Plains","United States",2011,129.69,"Base survey of 2011"
"Barley","Operating costs","Total, operating costs","dollars per planted acre","No specific size","Northern Great Plains","United States",2012,138,"Base survey of 2011"
"Barley","Operating costs","Total, operating costs","dollars per planted acre","No specific size","Northern Great Plains","United States",2013,139.34,"Base survey of 2011"
"Barley","Operating costs","Total, operating costs","dollars per planted acre","No specific size","Northern Great Plains","United States",2014,138.29,"Base survey of 2011"
"Barley","Operating costs","Total, operating costs","dollars per planted acre","No specific size","Northern Great Plains","United States",2015,130.05,"Base survey of 2011"
"Barley","Operating costs","Total, operating costs","dollars per planted acre","No specific size","Northern Great Plains","United States",2016,122.53,"Base survey of 2011"
"Barley","Operating costs","Total, operating costs","dollars per planted acre","No specific size","Northern Great Plains","United States",2017,120.25,"Base survey of 2011"
"Barley","Operating costs","Total, operating costs","dollars per planted acre","No specific size","Northern Great Plains","United States",2018,120.35,"Base survey of 2011"
"Barley","Operating costs","Total, operating costs","dollars per planted acre","No specific size","Northern Great Plains","United States",2019,116.97,"Base survey of 2019"
"Barley","Operating costs","Total, operating costs","dollars per planted acre","No specific size","Northern Great Plains","United States",2020,108.64,"Base survey of 2019"
"Barley","Operating costs","Total, operating costs","dollars per planted acre","No specific size","Northern Great Plains","United States",2021,121.55,"Base survey of 2019"
"Barley","Operating costs","Total, operating costs","dollars per planted acre","No specific size","Northern Great Plains","United States",2022,184.25,"Base survey of 2019"
"Barley","Operating costs","Total, operating costs","dollars per planted acre","No specific size","Northern Great Plains","United States",2023,165.11,"Base survey of 2019"
"Barley","Operating costs","Total, operating costs","dollars per planted acre","No specific size","Northern Great Plains","United States",2024,143.31,"Base survey of 2019"
"Barley","Operating costs","Total, operating costs","dollars per planted acre","No specific size","Basin and Range","United States",2003,85.89,"Base survey of 2003"
"Barley","Operating costs","Total, operating costs","dollars per planted acre","No specific size","Basin and Range","United States",2004,89.59,"Base survey of 2003"
"Barley","Operating costs","Total, operating costs","dollars per planted acre","No specific size","Basin and Range","United States",2005,102.47,"Base survey of 2003"
"Barley","Operating costs","Total, operating costs","dollars per planted acre","No specific size","Basin and Range","United States",2006,108.34,"Base survey of 2003"
"Barley","Operating costs","Total, operating costs","dollars per planted acre","No specific size","Basin and Range","United States",2007,117.85,"Base survey of 2003"
"Barley","Operating costs","Total, operating costs","dollars per planted acre","No specific size","Basin and Range","United States",2008,156.86,"Base survey of 2003"
"Barley","Operating costs","Total, operating costs","dollars per planted acre","No specific size","Basin and Range","United States",2009,144.07,"Base survey of 2003"
"Barley","Operating costs","Total, operating costs","dollars per planted acre","No specific size","Basin and Range","United States",2010,132.16,"Base survey of 2003"
"Barley","Operating costs","Total, operating costs","dollars per planted acre","No specific size","Basin and Range","United States",2011,193.35,"Base survey of 2011"
"Barley","Operating costs","Total, operating costs","dollars per planted acre","No specific size","Basin and Range","United States",2012,203.93,"Base survey of 2011"
"Barley","Operating costs","Total, operating costs","dollars per planted acre","No specific size","Basin and Range","United States",2013,205.1,"Base survey of 2011"
"Barley","Operating costs","Total, operating costs","dollars per planted acre","No specific size","Basin and Range","United States",2014,203.66,"Base survey of 2011"
"Barley","Operating costs","Total, operating costs","dollars per planted acre","No specific size","Basin and Range","United States",2015,186.59,"Base survey of 2011"
"Barley","Operating costs","Total, operating costs","dollars per planted acre","No specific size","Basin and Range","United States",2016,174.31,"Base survey of 2011"
"Barley","Operating costs","Total, operating costs","dollars per planted acre","No specific size","Basin and Range","United States",2017,172.87,"Base survey of 2011"
"Barley","Operating costs","Total, operating costs","dollars per planted acre","No specific size","Basin and Range","United States",2018,174.65,"Base survey of 2011"
"Barley","Operating costs","Total, operating costs","dollars per planted acre","No specific size","Basin and Range","United States",2019,178.18,"Base survey of 2019"
"Barley","Operating costs","Total, operating costs","dollars per planted acre","No specific size","Basin and Range","United States",2020,166.94,"Base survey of 2019"
"Barley","Operating costs","Total, operating costs","dollars per planted acre","No specific size","Basin and Range","United States",2021,187.62,"Base survey of 2019"
"Barley","Operating costs","Total, operating costs","dollars per planted acre","No specific size","Basin and Range","United States",2022,282.76,"Base survey of 2019"
"Barley","Operating costs","Total, operating costs","dollars per planted acre","No specific size","Basin and Range","United States",2023,254.98,"Base survey of 2019"
"Barley","Operating costs","Total, operating costs","dollars per planted acre","No specific size","Basin and Range","United States",2024,232.31,"Base survey of 2019"
"Barley","Operating costs","Total, operating costs","dollars per planted acre","No specific size","Fruitful Rim","United States",2003,117.55,"Base survey of 2003"
"Barley","Operating costs","Total, operating costs","dollars per planted acre","No specific size","Fruitful Rim","United States",2004,123.64,"Base survey of 2003"
"Barley","Operating costs","Total, operating costs","dollars per planted acre","No specific size","Fruitful Rim","United States",2005,142.6,"Base survey of 2003"
"Barley","Operating costs","Total, operating costs","dollars per planted acre","No specific size","Fruitful Rim","United States",2006,151.48,"Base survey of 2003"
"Barley","Operating costs","Total, operating costs","dollars per planted acre","No specific size","Fruitful Rim","United States",2007,164.45,"Base survey of 2003"
"Barley","Operating costs","Total, operating costs","dollars per planted acre","No specific size","Fruitful Rim","United States",2008,214.94,"Base survey of 2003"
"Barley","Operating costs","Total, operating costs","dollars per planted acre","No specific size","Fruitful Rim","United States",2009,191.61,"Base survey of 2003"
"Barley","Operating costs","Total, operating costs","dollars per planted acre","No specific size","Fruitful Rim","United States",2010,182.71,"Base survey of 2003"
"Barley","Operating costs","Total, operating costs","dollars per planted acre","No specific size","Fruitful Rim","United States",2011,263.19,"Base survey of 2011"
"Barley","Operating costs","Total, operating costs","dollars per planted acre","No specific size","Fruitful Rim","United States",2012,276.64,"Base survey of 2011"
"Barley","Operating costs","Total, operating costs","dollars per planted acre","No specific size","Fruitful Rim","United States",2013,278.72,"Base survey of 2011"
"Barley","Operating costs","Total, operating costs","dollars per planted acre","No specific size","Fruitful Rim","United States",2014,277.56,"Base survey of 2011"
"Barley","Operating costs","Total, operating costs","dollars per planted acre","No specific size","Fruitful Rim","United States",2015,253.04,"Base survey of 2011"
"Barley","Operating costs","Total, operating costs","dollars per planted acre","No specific size","Fruitful Rim","United States",2016,237.17,"Base survey of 2011"
"Barley","Operating costs","Total, operating costs","dollars per planted acre","No specific size","Fruitful Rim","United States",2017,236.39,"Base survey of 2011"
"Barley","Operating costs","Total, operating costs","dollars per planted acre","No specific size","Fruitful Rim","United States",2018,239.13,"Base survey of 2011"
"Barley","Operating costs","Total, operating costs","dollars per planted acre","No specific size","Fruitful Rim","United States",2019,185.86,"Base survey of 2019"
"Barley","Operating costs","Total, operating costs","dollars per planted acre","No specific size","Fruitful Rim","United States",2020,171.85,"Base survey of 2019"
"Barley","Operating costs","Total, operating costs","dollars per planted acre","No specific size","Fruitful Rim","United States",2021,197.53,"Base survey of 2019"
"Barley","Operating costs","Total, operating costs","dollars per planted acre","No specific size","Fruitful Rim","United States",2022,290.91,"Base survey of 2019"
"Barley","Operating costs","Total, operating costs","dollars per planted acre","No specific size","Fruitful Rim","United States",2023,265.11,"Base survey of 2019"
"Barley","Operating costs","Total, operating costs","dollars per planted acre","No specific size","Fruitful Rim","United States",2024,241.93,"Base survey of 2019"
"Barley","Allocated overhead","Hired labor","dollars per planted acre","No specific size","U.S. total","United States",2003,3.18,"Base survey of 2003"
"Barley","Allocated overhead","Hired labor","dollars per planted acre","No specific size","U.S. total","United States",2004,3.26,"Base survey of 2003"
"Barley","Allocated overhead","Hired labor","dollars per planted acre","No specific size","U.S. total","United States",2005,3.34,"Base survey of 2003"
"Barley","Allocated overhead","Hired labor","dollars per planted acre","No specific size","U.S. total","United States",2006,3.46,"Base survey of 2003"
"Barley","Allocated overhead","Hired labor","dollars per planted acre","No specific size","U.S. total","United States",2007,3.89,"Base survey of 2003"
"Barley","Allocated overhead","Hired labor","dollars per planted acre","No specific size","U.S. total","United States",2008,3.94,"Base survey of 2003"
"Barley","Allocated overhead","Hired labor","dollars per planted acre","No specific size","U.S. total","United States",2009,4.06,"Base survey of 2003"
"Barley","Allocated overhead","Hired labor","dollars per planted acre","No specific size","U.S. total","United States",2010,4.43,"Base survey of 2003"
"Barley","Allocated overhead","Hired labor","dollars per planted acre","No specific size","U.S. total","United States",2011,8.36,"Base survey of 2011"
"Barley","Allocated overhead","Hired labor","dollars per planted acre","No specific size","U.S. total","United States",2012,7.36,"Base survey of 2011"
"Barley","Allocated overhead","Hired labor","dollars per planted acre","No specific size","U.S. total","United States",2013,7.97,"Base survey of 2011"
"Barley","Allocated overhead","Hired labor","dollars per planted acre","No specific size","U.S. total","United States",2014,7.99,"Base survey of 2011"
"Barley","Allocated overhead","Hired labor","dollars per planted acre","No specific size","U.S. total","United States",2015,7.43,"Base survey of 2011"
"Barley","Allocated overhead","Hired labor","dollars per planted acre","No specific size","U.S. total","United States",2016,8.4,"Base survey of 2011"
"Barley","Allocated overhead","Hired labor","dollars per planted acre","No specific size","U.S. total","United States",2017,9.13,"Base survey of 2011"
"Barley","Allocated overhead","Hired labor","dollars per planted acre","No specific size","U.S. total","United States",2018,9.8,"Base survey of 2011"
"Barley","Allocated overhead","Hired labor","dollars per planted acre","No specific size","U.S. total","United States",2019,4.19,"Base survey of 2019"
"Barley","Allocated overhead","Hired labor","dollars per planted acre","No specific size","U.S. total","United States",2020,4.23,"Base survey of 2019"
"Barley","Allocated overhead","Hired labor","dollars per planted acre","No specific size","U.S. total","United States",2021,4.55,"Base survey of 2019"
"Barley","Allocated overhead","Hired labor","dollars per planted acre","No specific size","U.S. total","United States",2022,4.87,"Base survey of 2019"
"Barley","Allocated overhead","Hired labor","dollars per planted acre","No specific size","U.S. total","United States",2023,4.95,"Base survey of 2019"
"Barley","Allocated overhead","Hired labor","dollars per planted acre","No specific size","U.S. total","United States",2024,5.3,"Base survey of 2019"
"Barley","Allocated overhead","Hired labor","dollars per planted acre","No specific size","Heartland","United States",2003,2.16,"Base survey of 2003"
"Barley","Allocated overhead","Hired labor","dollars per planted acre","No specific size","Heartland","United States",2004,2.22,"Base survey of 2003"
"Barley","Allocated overhead","Hired labor","dollars per planted acre","No specific size","Heartland","United States",2005,2.27,"Base survey of 2003"
"Barley","Allocated overhead","Hired labor","dollars per planted acre","No specific size","Heartland","United States",2006,2.35,"Base survey of 2003"
"Barley","Allocated overhead","Hired labor","dollars per planted acre","No specific size","Heartland","United States",2007,2.44,"Base survey of 2003"
"Barley","Allocated overhead","Hired labor","dollars per planted acre","No specific size","Heartland","United States",2008,2.52,"Base survey of 2003"
"Barley","Allocated overhead","Hired labor","dollars per planted acre","No specific size","Heartland","United States",2009,2.57,"Base survey of 2003"
"Barley","Allocated overhead","Hired labor","dollars per planted acre","No specific size","Heartland","United States",2010,2.6,"Base survey of 2003"
"Barley","Allocated overhead","Hired labor","dollars per planted acre","No specific size","Northern Crescent","United States",2003,2.17,"Base survey of 2003"
"Barley","Allocated overhead","Hired labor","dollars per planted acre","No specific size","Northern Crescent","United States",2004,2.23,"Base survey of 2003"
"Barley","Allocated overhead","Hired labor","dollars per planted acre","No specific size","Northern Crescent","United States",2005,2.28,"Base survey of 2003"
"Barley","Allocated overhead","Hired labor","dollars per planted acre","No specific size","Northern Crescent","United States",2006,2.36,"Base survey of 2003"
"Barley","Allocated overhead","Hired labor","dollars per planted acre","No specific size","Northern Crescent","United States",2007,2.45,"Base survey of 2003"
"Barley","Allocated overhead","Hired labor","dollars per planted acre","No specific size","Northern Crescent","United States",2008,2.53,"Base survey of 2003"
"Barley","Allocated overhead","Hired labor","dollars per planted acre","No specific size","Northern Crescent","United States",2009,2.58,"Base survey of 2003"
"Barley","Allocated overhead","Hired labor","dollars per planted acre","No specific size","Northern Crescent","United States",2010,2.61,"Base survey of 2003"
"Barley","Allocated overhead","Hired labor","dollars per planted acre","No specific size","Northern Crescent","United States",2011,1.72,"Base survey of 2011"
"Barley","Allocated overhead","Hired labor","dollars per planted acre","No specific size","Northern Crescent","United States",2012,1.79,"Base survey of 2011"
"Barley","Allocated overhead","Hired labor","dollars per planted acre","No specific size","Northern Crescent","United States",2013,1.82,"Base survey of 2011"
"Barley","Allocated overhead","Hired labor","dollars per planted acre","No specific size","Northern Crescent","United States",2014,1.86,"Base survey of 2011"
"Barley","Allocated overhead","Hired labor","dollars per planted acre","No specific size","Northern Crescent","United States",2015,1.92,"Base survey of 2011"
"Barley","Allocated overhead","Hired labor","dollars per planted acre","No specific size","Northern Crescent","United States",2016,1.99,"Base survey of 2011"
"Barley","Allocated overhead","Hired labor","dollars per planted acre","No specific size","Northern Crescent","United States",2017,2.05,"Base survey of 2011"
"Barley","Allocated overhead","Hired labor","dollars per planted acre","No specific size","Northern Crescent","United States",2018,2.17,"Base survey of 2011"
"Barley","Allocated overhead","Hired labor","dollars per planted acre","No specific size","Northern Crescent","United States",2019,2.29,"Base survey of 2019"
"Barley","Allocated overhead","Hired labor","dollars per planted acre","No specific size","Northern Crescent","United States",2020,2.38,"Base survey of 2019"
"Barley","Allocated overhead","Hired labor","dollars per planted acre","No specific size","Northern Crescent","United States",2021,2.66,"Base survey of 2019"
"Barley","Allocated overhead","Hired labor","dollars per planted acre","No specific size","Northern Crescent","United States",2022,2.81,"Base survey of 2019"
"Barley","Allocated overhead","Hired labor","dollars per planted acre","No specific size","Northern Crescent","United States",2023,3.15,"Base survey of 2019"
"Barley","Allocated overhead","Hired labor","dollars per planted acre","No specific size","Northern Crescent","United States",2024,3.21,"Base survey of 2019"
"Barley","Allocated overhead","Hired labor","dollars per planted acre","No specific size","Northern Great Plains","United States",2003,1.97,"Base survey of 2003"
"Barley","Allocated overhead","Hired labor","dollars per planted acre","No specific size","Northern Great Plains","United States",2004,2.02,"Base survey of 2003"
"Barley","Allocated overhead","Hired labor","dollars per planted acre","No specific size","Northern Great Plains","United States",2005,2.07,"Base survey of 2003"
"Barley","Allocated overhead","Hired labor","dollars per planted acre","No specific size","Northern Great Plains","United States",2006,2.15,"Base survey of 2003"
"Barley","Allocated overhead","Hired labor","dollars per planted acre","No specific size","Northern Great Plains","United States",2007,2.22,"Base survey of 2003"
"Barley","Allocated overhead","Hired labor","dollars per planted acre","No specific size","Northern Great Plains","United States",2008,2.3,"Base survey of 2003"
"Barley","Allocated overhead","Hired labor","dollars per planted acre","No specific size","Northern Great Plains","United States",2009,2.35,"Base survey of 2003"
"Barley","Allocated overhead","Hired labor","dollars per planted acre","No specific size","Northern Great Plains","United States",2010,2.37,"Base survey of 2003"
"Barley","Allocated overhead","Hired labor","dollars per planted acre","No specific size","Northern Great Plains","United States",2011,2.43,"Base survey of 2011"
"Barley","Allocated overhead","Hired labor","dollars per planted acre","No specific size","Northern Great Plains","United States",2012,2.53,"Base survey of 2011"
"Barley","Allocated overhead","Hired labor","dollars per planted acre","No specific size","Northern Great Plains","United States",2013,2.58,"Base survey of 2011"
"Barley","Allocated overhead","Hired labor","dollars per planted acre","No specific size","Northern Great Plains","United States",2014,2.62,"Base survey of 2011"
"Barley","Allocated overhead","Hired labor","dollars per planted acre","No specific size","Northern Great Plains","United States",2015,2.72,"Base survey of 2011"
"Barley","Allocated overhead","Hired labor","dollars per planted acre","No specific size","Northern Great Plains","United States",2016,2.82,"Base survey of 2011"
"Barley","Allocated overhead","Hired labor","dollars per planted acre","No specific size","Northern Great Plains","United States",2017,2.89,"Base survey of 2011"
"Barley","Allocated overhead","Hired labor","dollars per planted acre","No specific size","Northern Great Plains","United States",2018,3.07,"Base survey of 2011"
"Barley","Allocated overhead","Hired labor","dollars per planted acre","No specific size","Northern Great Plains","United States",2019,2.7,"Base survey of 2019"
"Barley","Allocated overhead","Hired labor","dollars per planted acre","No specific size","Northern Great Plains","United States",2020,2.69,"Base survey of 2019"
"Barley","Allocated overhead","Hired labor","dollars per planted acre","No specific size","Northern Great Plains","United States",2021,2.95,"Base survey of 2019"
"Barley","Allocated overhead","Hired labor","dollars per planted acre","No specific size","Northern Great Plains","United States",2022,3.29,"Base survey of 2019"
"Barley","Allocated overhead","Hired labor","dollars per planted acre","No specific size","Northern Great Plains","United States",2023,3.26,"Base survey of 2019"
"Barley","Allocated overhead","Hired labor","dollars per planted acre","No specific size","Northern Great Plains","United States",2024,3.01,"Base survey of 2019"
"Barley","Allocated overhead","Hired labor","dollars per planted acre","No specific size","Basin and Range","United States",2003,2.78,"Base survey of 2003"
"Barley","Allocated overhead","Hired labor","dollars per planted acre","No specific size","Basin and Range","United States",2004,2.85,"Base survey of 2003"
"Barley","Allocated overhead","Hired labor","dollars per planted acre","No specific size","Basin and Range","United States",2005,2.92,"Base survey of 2003"
"Barley","Allocated overhead","Hired labor","dollars per planted acre","No specific size","Basin and Range","United States",2006,3.03,"Base survey of 2003"
"Barley","Allocated overhead","Hired labor","dollars per planted acre","No specific size","Basin and Range","United States",2007,3.13,"Base survey of 2003"
"Barley","Allocated overhead","Hired labor","dollars per planted acre","No specific size","Basin and Range","United States",2008,3.24,"Base survey of 2003"
"Barley","Allocated overhead","Hired labor","dollars per planted acre","No specific size","Basin and Range","United States",2009,3.31,"Base survey of 2003"
"Barley","Allocated overhead","Hired labor","dollars per planted acre","No specific size","Basin and Range","United States",2010,3.35,"Base survey of 2003"
"Barley","Allocated overhead","Hired labor","dollars per planted acre","No specific size","Basin and Range","United States",2011,6.82,"Base survey of 2011"
"Barley","Allocated overhead","Hired labor","dollars per planted acre","No specific size","Basin and Range","United States",2012,7.09,"Base survey of 2011"
"Barley","Allocated overhead","Hired labor","dollars per planted acre","No specific size","Basin and Range","United States",2013,7.23,"Base survey of 2011"
"Barley","Allocated overhead","Hired labor","dollars per planted acre","No specific size","Basin and Range","United States",2014,7.37,"Base survey of 2011"
"Barley","Allocated overhead","Hired labor","dollars per planted acre","No specific size","Basin and Range","United States",2015,7.63,"Base survey of 2011"
"Barley","Allocated overhead","Hired labor","dollars per planted acre","No specific size","Basin and Range","United States",2016,7.9,"Base survey of 2011"
"Barley","Allocated overhead","Hired labor","dollars per planted acre","No specific size","Basin and Range","United States",2017,8.12,"Base survey of 2011"
"Barley","Allocated overhead","Hired labor","dollars per planted acre","No specific size","Basin and Range","United States",2018,8.61,"Base survey of 2011"
"Barley","Allocated overhead","Hired labor","dollars per planted acre","No specific size","Basin and Range","United States",2019,5.7,"Base survey of 2019"
"Barley","Allocated overhead","Hired labor","dollars per planted acre","No specific size","Basin and Range","United States",2020,5.9,"Base survey of 2019"
"Barley","Allocated overhead","Hired labor","dollars per planted acre","No specific size","Basin and Range","United States",2021,6.29,"Base survey of 2019"
"Barley","Allocated overhead","Hired labor","dollars per planted acre","No specific size","Basin and Range","United States",2022,6.66,"Base survey of 2019"
"Barley","Allocated overhead","Hired labor","dollars per planted acre","No specific size","Basin and Range","United States",2023,6.85,"Base survey of 2019"
"Barley","Allocated overhead","Hired labor","dollars per planted acre","No specific size","Basin and Range","United States",2024,7.32,"Base survey of 2019"
"Barley","Allocated overhead","Hired labor","dollars per planted acre","No specific size","Fruitful Rim","United States",2003,7.96,"Base survey of 2003"
"Barley","Allocated overhead","Hired labor","dollars per planted acre","No specific size","Fruitful Rim","United States",2004,8.16,"Base survey of 2003"
"Barley","Allocated overhead","Hired labor","dollars per planted acre","No specific size","Fruitful Rim","United States",2005,8.37,"Base survey of 2003"
"Barley","Allocated overhead","Hired labor","dollars per planted acre","No specific size","Fruitful Rim","United States",2006,8.67,"Base survey of 2003"
"Barley","Allocated overhead","Hired labor","dollars per planted acre","No specific size","Fruitful Rim","United States",2007,8.97,"Base survey of 2003"
"Barley","Allocated overhead","Hired labor","dollars per planted acre","No specific size","Fruitful Rim","United States",2008,9.28,"Base survey of 2003"
"Barley","Allocated overhead","Hired labor","dollars per planted acre","No specific size","Fruitful Rim","United States",2009,9.48,"Base survey of 2003"
"Barley","Allocated overhead","Hired labor","dollars per planted acre","No specific size","Fruitful Rim","United States",2010,9.58,"Base survey of 2003"
"Barley","Allocated overhead","Hired labor","dollars per planted acre","No specific size","Fruitful Rim","United States",2011,19.08,"Base survey of 2011"
"Barley","Allocated overhead","Hired labor","dollars per planted acre","No specific size","Fruitful Rim","United States",2012,19.84,"Base survey of 2011"
"Barley","Allocated overhead","Hired labor","dollars per planted acre","No specific size","Fruitful Rim","United States",2013,20.22,"Base survey of 2011"
"Barley","Allocated overhead","Hired labor","dollars per planted acre","No specific size","Fruitful Rim","United States",2014,20.61,"Base survey of 2011"
"Barley","Allocated overhead","Hired labor","dollars per planted acre","No specific size","Fruitful Rim","United States",2015,21.35,"Base survey of 2011"
"Barley","Allocated overhead","Hired labor","dollars per planted acre","No specific size","Fruitful Rim","United States",2016,22.11,"Base survey of 2011"
"Barley","Allocated overhead","Hired labor","dollars per planted acre","No specific size","Fruitful Rim","United States",2017,22.72,"Base survey of 2011"
"Barley","Allocated overhead","Hired labor","dollars per planted acre","No specific size","Fruitful Rim","United States",2018,24.1,"Base survey of 2011"
"Barley","Allocated overhead","Hired labor","dollars per planted acre","No specific size","Fruitful Rim","United States",2019,7.55,"Base survey of 2019"
"Barley","Allocated overhead","Hired labor","dollars per planted acre","No specific size","Fruitful Rim","United States",2020,7.72,"Base survey of 2019"
"Barley","Allocated overhead","Hired labor","dollars per planted acre","No specific size","Fruitful Rim","United States",2021,8.32,"Base survey of 2019"
"Barley","Allocated overhead","Hired labor","dollars per planted acre","No specific size","Fruitful Rim","United States",2022,9,"Base survey of 2019"
"Barley","Allocated overhead","Hired labor","dollars per planted acre","No specific size","Fruitful Rim","United States",2023,9.39,"Base survey of 2019"
"Barley","Allocated overhead","Hired labor","dollars per planted acre","No specific size","Fruitful Rim","United States",2024,9.7,"Base survey of 2019"
"Barley","Allocated overhead","Opportunity cost of unpaid labor","dollars per planted acre","No specific size","U.S. total","United States",2003,21.47,"Base survey of 2003"
"Barley","Allocated overhead","Opportunity cost of unpaid labor","dollars per planted acre","No specific size","U.S. total","United States",2004,22.02,"Base survey of 2003"
"Barley","Allocated overhead","Opportunity cost of unpaid labor","dollars per planted acre","No specific size","U.S. total","United States",2005,22.56,"Base survey of 2003"
"Barley","Allocated overhead","Opportunity cost of unpaid labor","dollars per planted acre","No specific size","U.S. total","United States",2006,23.38,"Base survey of 2003"
"Barley","Allocated overhead","Opportunity cost of unpaid labor","dollars per planted acre","No specific size","U.S. total","United States",2007,24.9,"Base survey of 2003"
"Barley","Allocated overhead","Opportunity cost of unpaid labor","dollars per planted acre","No specific size","U.S. total","United States",2008,25.52,"Base survey of 2003"
"Barley","Allocated overhead","Opportunity cost of unpaid labor","dollars per planted acre","No specific size","U.S. total","United States",2009,26.41,"Base survey of 2003"
"Barley","Allocated overhead","Opportunity cost of unpaid labor","dollars per planted acre","No specific size","U.S. total","United States",2010,27.58,"Base survey of 2003"
"Barley","Allocated overhead","Opportunity cost of unpaid labor","dollars per planted acre","No specific size","U.S. total","United States",2011,25.72,"Base survey of 2011"
"Barley","Allocated overhead","Opportunity cost of unpaid labor","dollars per planted acre","No specific size","U.S. total","United States",2012,25.53,"Base survey of 2011"
"Barley","Allocated overhead","Opportunity cost of unpaid labor","dollars per planted acre","No specific size","U.S. total","United States",2013,26.85,"Base survey of 2011"
"Barley","Allocated overhead","Opportunity cost of unpaid labor","dollars per planted acre","No specific size","U.S. total","United States",2014,27.26,"Base survey of 2011"
"Barley","Allocated overhead","Opportunity cost of unpaid labor","dollars per planted acre","No specific size","U.S. total","United States",2015,26.95,"Base survey of 2011"
"Barley","Allocated overhead","Opportunity cost of unpaid labor","dollars per planted acre","No specific size","U.S. total","United States",2016,28.6,"Base survey of 2011"
"Barley","Allocated overhead","Opportunity cost of unpaid labor","dollars per planted acre","No specific size","U.S. total","United States",2017,30.06,"Base survey of 2011"
"Barley","Allocated overhead","Opportunity cost of unpaid labor","dollars per planted acre","No specific size","U.S. total","United States",2018,32.04,"Base survey of 2011"
"Barley","Allocated overhead","Opportunity cost of unpaid labor","dollars per planted acre","No specific size","U.S. total","United States",2019,15.92,"Base survey of 2019"
"Barley","Allocated overhead","Opportunity cost of unpaid labor","dollars per planted acre","No specific size","U.S. total","United States",2020,16.54,"Base survey of 2019"
"Barley","Allocated overhead","Opportunity cost of unpaid labor","dollars per planted acre","No specific size","U.S. total","United States",2021,17.4,"Base survey of 2019"
"Barley","Allocated overhead","Opportunity cost of unpaid labor","dollars per planted acre","No specific size","U.S. total","United States",2022,18.64,"Base survey of 2019"
"Barley","Allocated overhead","Opportunity cost of unpaid labor","dollars per planted acre","No specific size","U.S. total","United States",2023,19.51,"Base survey of 2019"
"Barley","Allocated overhead","Opportunity cost of unpaid labor","dollars per planted acre","No specific size","U.S. total","United States",2024,20.39,"Base survey of 2019"
"Barley","Allocated overhead","Opportunity cost of unpaid labor","dollars per planted acre","No specific size","Heartland","United States",2003,22.35,"Base survey of 2003"
"Barley","Allocated overhead","Opportunity cost of unpaid labor","dollars per planted acre","No specific size","Heartland","United States",2004,22.92,"Base survey of 2003"
"Barley","Allocated overhead","Opportunity cost of unpaid labor","dollars per planted acre","No specific size","Heartland","United States",2005,23.49,"Base survey of 2003"
"Barley","Allocated overhead","Opportunity cost of unpaid labor","dollars per planted acre","No specific size","Heartland","United States",2006,24.34,"Base survey of 2003"
"Barley","Allocated overhead","Opportunity cost of unpaid labor","dollars per planted acre","No specific size","Heartland","United States",2007,25.2,"Base survey of 2003"
"Barley","Allocated overhead","Opportunity cost of unpaid labor","dollars per planted acre","No specific size","Heartland","United States",2008,26.05,"Base survey of 2003"
"Barley","Allocated overhead","Opportunity cost of unpaid labor","dollars per planted acre","No specific size","Heartland","United States",2009,26.62,"Base survey of 2003"
"Barley","Allocated overhead","Opportunity cost of unpaid labor","dollars per planted acre","No specific size","Heartland","United States",2010,26.91,"Base survey of 2003"
"Barley","Allocated overhead","Opportunity cost of unpaid labor","dollars per planted acre","No specific size","Northern Crescent","United States",2003,29.97,"Base survey of 2003"
"Barley","Allocated overhead","Opportunity cost of unpaid labor","dollars per planted acre","No specific size","Northern Crescent","United States",2004,30.73,"Base survey of 2003"
"Barley","Allocated overhead","Opportunity cost of unpaid labor","dollars per planted acre","No specific size","Northern Crescent","United States",2005,31.5,"Base survey of 2003"
"Barley","Allocated overhead","Opportunity cost of unpaid labor","dollars per planted acre","No specific size","Northern Crescent","United States",2006,32.64,"Base survey of 2003"
"Barley","Allocated overhead","Opportunity cost of unpaid labor","dollars per planted acre","No specific size","Northern Crescent","United States",2007,33.79,"Base survey of 2003"
"Barley","Allocated overhead","Opportunity cost of unpaid labor","dollars per planted acre","No specific size","Northern Crescent","United States",2008,34.93,"Base survey of 2003"
"Barley","Allocated overhead","Opportunity cost of unpaid labor","dollars per planted acre","No specific size","Northern Crescent","United States",2009,35.7,"Base survey of 2003"
"Barley","Allocated overhead","Opportunity cost of unpaid labor","dollars per planted acre","No specific size","Northern Crescent","United States",2010,36.08,"Base survey of 2003"
"Barley","Allocated overhead","Opportunity cost of unpaid labor","dollars per planted acre","No specific size","Northern Crescent","United States",2011,44.14,"Base survey of 2011"
"Barley","Allocated overhead","Opportunity cost of unpaid labor","dollars per planted acre","No specific size","Northern Crescent","United States",2012,45.91,"Base survey of 2011"
"Barley","Allocated overhead","Opportunity cost of unpaid labor","dollars per planted acre","No specific size","Northern Crescent","United States",2013,46.79,"Base survey of 2011"
"Barley","Allocated overhead","Opportunity cost of unpaid labor","dollars per planted acre","No specific size","Northern Crescent","United States",2014,47.67,"Base survey of 2011"
"Barley","Allocated overhead","Opportunity cost of unpaid labor","dollars per planted acre","No specific size","Northern Crescent","United States",2015,49.39,"Base survey of 2011"
"Barley","Allocated overhead","Opportunity cost of unpaid labor","dollars per planted acre","No specific size","Northern Crescent","United States",2016,51.16,"Base survey of 2011"
"Barley","Allocated overhead","Opportunity cost of unpaid labor","dollars per planted acre","No specific size","Northern Crescent","United States",2017,52.57,"Base survey of 2011"
"Barley","Allocated overhead","Opportunity cost of unpaid labor","dollars per planted acre","No specific size","Northern Crescent","United States",2018,55.75,"Base survey of 2011"
"Barley","Allocated overhead","Opportunity cost of unpaid labor","dollars per planted acre","No specific size","Northern Crescent","United States",2019,21.62,"Base survey of 2019"
"Barley","Allocated overhead","Opportunity cost of unpaid labor","dollars per planted acre","No specific size","Northern Crescent","United States",2020,22.53,"Base survey of 2019"
"Barley","Allocated overhead","Opportunity cost of unpaid labor","dollars per planted acre","No specific size","Northern Crescent","United States",2021,22.76,"Base survey of 2019"
"Barley","Allocated overhead","Opportunity cost of unpaid labor","dollars per planted acre","No specific size","Northern Crescent","United States",2022,24.72,"Base survey of 2019"
"Barley","Allocated overhead","Opportunity cost of unpaid labor","dollars per planted acre","No specific size","Northern Crescent","United States",2023,24.75,"Base survey of 2019"
"Barley","Allocated overhead","Opportunity cost of unpaid labor","dollars per planted acre","No specific size","Northern Crescent","United States",2024,26.02,"Base survey of 2019"
"Barley","Allocated overhead","Opportunity cost of unpaid labor","dollars per planted acre","No specific size","Northern Great Plains","United States",2003,17.82,"Base survey of 2003"
"Barley","Allocated overhead","Opportunity cost of unpaid labor","dollars per planted acre","No specific size","Northern Great Plains","United States",2004,18.27,"Base survey of 2003"
"Barley","Allocated overhead","Opportunity cost of unpaid labor","dollars per planted acre","No specific size","Northern Great Plains","United States",2005,18.73,"Base survey of 2003"
"Barley","Allocated overhead","Opportunity cost of unpaid labor","dollars per planted acre","No specific size","Northern Great Plains","United States",2006,19.41,"Base survey of 2003"
"Barley","Allocated overhead","Opportunity cost of unpaid labor","dollars per planted acre","No specific size","Northern Great Plains","United States",2007,20.09,"Base survey of 2003"
"Barley","Allocated overhead","Opportunity cost of unpaid labor","dollars per planted acre","No specific size","Northern Great Plains","United States",2008,20.77,"Base survey of 2003"
"Barley","Allocated overhead","Opportunity cost of unpaid labor","dollars per planted acre","No specific size","Northern Great Plains","United States",2009,21.23,"Base survey of 2003"
"Barley","Allocated overhead","Opportunity cost of unpaid labor","dollars per planted acre","No specific size","Northern Great Plains","United States",2010,21.45,"Base survey of 2003"
"Barley","Allocated overhead","Opportunity cost of unpaid labor","dollars per planted acre","No specific size","Northern Great Plains","United States",2011,17.53,"Base survey of 2011"
"Barley","Allocated overhead","Opportunity cost of unpaid labor","dollars per planted acre","No specific size","Northern Great Plains","United States",2012,18.23,"Base survey of 2011"
"Barley","Allocated overhead","Opportunity cost of unpaid labor","dollars per planted acre","No specific size","Northern Great Plains","United States",2013,18.58,"Base survey of 2011"
"Barley","Allocated overhead","Opportunity cost of unpaid labor","dollars per planted acre","No specific size","Northern Great Plains","United States",2014,18.93,"Base survey of 2011"
"Barley","Allocated overhead","Opportunity cost of unpaid labor","dollars per planted acre","No specific size","Northern Great Plains","United States",2015,19.62,"Base survey of 2011"
"Barley","Allocated overhead","Opportunity cost of unpaid labor","dollars per planted acre","No specific size","Northern Great Plains","United States",2016,20.32,"Base survey of 2011"
"Barley","Allocated overhead","Opportunity cost of unpaid labor","dollars per planted acre","No specific size","Northern Great Plains","United States",2017,20.88,"Base survey of 2011"
"Barley","Allocated overhead","Opportunity cost of unpaid labor","dollars per planted acre","No specific size","Northern Great Plains","United States",2018,22.14,"Base survey of 2011"
"Barley","Allocated overhead","Opportunity cost of unpaid labor","dollars per planted acre","No specific size","Northern Great Plains","United States",2019,14.27,"Base survey of 2019"
"Barley","Allocated overhead","Opportunity cost of unpaid labor","dollars per planted acre","No specific size","Northern Great Plains","United States",2020,14.75,"Base survey of 2019"
"Barley","Allocated overhead","Opportunity cost of unpaid labor","dollars per planted acre","No specific size","Northern Great Plains","United States",2021,15.64,"Base survey of 2019"
"Barley","Allocated overhead","Opportunity cost of unpaid labor","dollars per planted acre","No specific size","Northern Great Plains","United States",2022,16.9,"Base survey of 2019"
"Barley","Allocated overhead","Opportunity cost of unpaid labor","dollars per planted acre","No specific size","Northern Great Plains","United States",2023,17.64,"Base survey of 2019"
"Barley","Allocated overhead","Opportunity cost of unpaid labor","dollars per planted acre","No specific size","Northern Great Plains","United States",2024,18,"Base survey of 2019"
"Barley","Allocated overhead","Opportunity cost of unpaid labor","dollars per planted acre","No specific size","Basin and Range","United States",2003,27.85,"Base survey of 2003"
"Barley","Allocated overhead","Opportunity cost of unpaid labor","dollars per planted acre","No specific size","Basin and Range","United States",2004,28.56,"Base survey of 2003"
"Barley","Allocated overhead","Opportunity cost of unpaid labor","dollars per planted acre","No specific size","Basin and Range","United States",2005,29.27,"Base survey of 2003"
"Barley","Allocated overhead","Opportunity cost of unpaid labor","dollars per planted acre","No specific size","Basin and Range","United States",2006,30.33,"Base survey of 2003"
"Barley","Allocated overhead","Opportunity cost of unpaid labor","dollars per planted acre","No specific size","Basin and Range","United States",2007,31.4,"Base survey of 2003"
"Barley","Allocated overhead","Opportunity cost of unpaid labor","dollars per planted acre","No specific size","Basin and Range","United States",2008,32.46,"Base survey of 2003"
"Barley","Allocated overhead","Opportunity cost of unpaid labor","dollars per planted acre","No specific size","Basin and Range","United States",2009,33.17,"Base survey of 2003"
"Barley","Allocated overhead","Opportunity cost of unpaid labor","dollars per planted acre","No specific size","Basin and Range","United States",2010,33.53,"Base survey of 2003"
"Barley","Allocated overhead","Opportunity cost of unpaid labor","dollars per planted acre","No specific size","Basin and Range","United States",2011,35.06,"Base survey of 2011"
"Barley","Allocated overhead","Opportunity cost of unpaid labor","dollars per planted acre","No specific size","Basin and Range","United States",2012,36.46,"Base survey of 2011"
"Barley","Allocated overhead","Opportunity cost of unpaid labor","dollars per planted acre","No specific size","Basin and Range","United States",2013,37.16,"Base survey of 2011"
"Barley","Allocated overhead","Opportunity cost of unpaid labor","dollars per planted acre","No specific size","Basin and Range","United States",2014,37.86,"Base survey of 2011"
"Barley","Allocated overhead","Opportunity cost of unpaid labor","dollars per planted acre","No specific size","Basin and Range","United States",2015,39.23,"Base survey of 2011"
"Barley","Allocated overhead","Opportunity cost of unpaid labor","dollars per planted acre","No specific size","Basin and Range","United States",2016,40.63,"Base survey of 2011"
"Barley","Allocated overhead","Opportunity cost of unpaid labor","dollars per planted acre","No specific size","Basin and Range","United States",2017,41.76,"Base survey of 2011"
"Barley","Allocated overhead","Opportunity cost of unpaid labor","dollars per planted acre","No specific size","Basin and Range","United States",2018,44.28,"Base survey of 2011"
"Barley","Allocated overhead","Opportunity cost of unpaid labor","dollars per planted acre","No specific size","Basin and Range","United States",2019,16.15,"Base survey of 2019"
"Barley","Allocated overhead","Opportunity cost of unpaid labor","dollars per planted acre","No specific size","Basin and Range","United States",2020,16.8,"Base survey of 2019"
"Barley","Allocated overhead","Opportunity cost of unpaid labor","dollars per planted acre","No specific size","Basin and Range","United States",2021,17.78,"Base survey of 2019"
"Barley","Allocated overhead","Opportunity cost of unpaid labor","dollars per planted acre","No specific size","Basin and Range","United States",2022,18.98,"Base survey of 2019"
"Barley","Allocated overhead","Opportunity cost of unpaid labor","dollars per planted acre","No specific size","Basin and Range","United States",2023,20.2,"Base survey of 2019"
"Barley","Allocated overhead","Opportunity cost of unpaid labor","dollars per planted acre","No specific size","Basin and Range","United States",2024,20.69,"Base survey of 2019"
"Barley","Allocated overhead","Opportunity cost of unpaid labor","dollars per planted acre","No specific size","Fruitful Rim","United States",2003,26.97,"Base survey of 2003"
"Barley","Allocated overhead","Opportunity cost of unpaid labor","dollars per planted acre","No specific size","Fruitful Rim","United States",2004,27.66,"Base survey of 2003"
"Barley","Allocated overhead","Opportunity cost of unpaid labor","dollars per planted acre","No specific size","Fruitful Rim","United States",2005,28.34,"Base survey of 2003"
"Barley","Allocated overhead","Opportunity cost of unpaid labor","dollars per planted acre","No specific size","Fruitful Rim","United States",2006,29.37,"Base survey of 2003"
"Barley","Allocated overhead","Opportunity cost of unpaid labor","dollars per planted acre","No specific size","Fruitful Rim","United States",2007,30.41,"Base survey of 2003"
"Barley","Allocated overhead","Opportunity cost of unpaid labor","dollars per planted acre","No specific size","Fruitful Rim","United States",2008,31.44,"Base survey of 2003"
"Barley","Allocated overhead","Opportunity cost of unpaid labor","dollars per planted acre","No specific size","Fruitful Rim","United States",2009,32.12,"Base survey of 2003"
"Barley","Allocated overhead","Opportunity cost of unpaid labor","dollars per planted acre","No specific size","Fruitful Rim","United States",2010,32.47,"Base survey of 2003"
"Barley","Allocated overhead","Opportunity cost of unpaid labor","dollars per planted acre","No specific size","Fruitful Rim","United States",2011,27.74,"Base survey of 2011"
"Barley","Allocated overhead","Opportunity cost of unpaid labor","dollars per planted acre","No specific size","Fruitful Rim","United States",2012,28.85,"Base survey of 2011"
"Barley","Allocated overhead","Opportunity cost of unpaid labor","dollars per planted acre","No specific size","Fruitful Rim","United States",2013,29.4,"Base survey of 2011"
"Barley","Allocated overhead","Opportunity cost of unpaid labor","dollars per planted acre","No specific size","Fruitful Rim","United States",2014,29.96,"Base survey of 2011"
"Barley","Allocated overhead","Opportunity cost of unpaid labor","dollars per planted acre","No specific size","Fruitful Rim","United States",2015,31.04,"Base survey of 2011"
"Barley","Allocated overhead","Opportunity cost of unpaid labor","dollars per planted acre","No specific size","Fruitful Rim","United States",2016,32.15,"Base survey of 2011"
"Barley","Allocated overhead","Opportunity cost of unpaid labor","dollars per planted acre","No specific size","Fruitful Rim","United States",2017,33.04,"Base survey of 2011"
"Barley","Allocated overhead","Opportunity cost of unpaid labor","dollars per planted acre","No specific size","Fruitful Rim","United States",2018,35.04,"Base survey of 2011"
"Barley","Allocated overhead","Opportunity cost of unpaid labor","dollars per planted acre","No specific size","Fruitful Rim","United States",2019,19.9,"Base survey of 2019"
"Barley","Allocated overhead","Opportunity cost of unpaid labor","dollars per planted acre","No specific size","Fruitful Rim","United States",2020,20.79,"Base survey of 2019"
"Barley","Allocated overhead","Opportunity cost of unpaid labor","dollars per planted acre","No specific size","Fruitful Rim","United States",2021,21.87,"Base survey of 2019"
"Barley","Allocated overhead","Opportunity cost of unpaid labor","dollars per planted acre","No specific size","Fruitful Rim","United States",2022,23.53,"Base survey of 2019"
"Barley","Allocated overhead","Opportunity cost of unpaid labor","dollars per planted acre","No specific size","Fruitful Rim","United States",2023,24.79,"Base survey of 2019"
"Barley","Allocated overhead","Opportunity cost of unpaid labor","dollars per planted acre","No specific size","Fruitful Rim","United States",2024,25.64,"Base survey of 2019"
"Barley","Allocated overhead","Capital recovery of machinery and equipment","dollars per planted acre","No specific size","U.S. total","United States",2003,65.07,"Base survey of 2003"
"Barley","Allocated overhead","Capital recovery of machinery and equipment","dollars per planted acre","No specific size","U.S. total","United States",2004,67.23,"Base survey of 2003"
"Barley","Allocated overhead","Capital recovery of machinery and equipment","dollars per planted acre","No specific size","U.S. total","United States",2005,74.55,"Base survey of 2003"
"Barley","Allocated overhead","Capital recovery of machinery and equipment","dollars per planted acre","No specific size","U.S. total","United States",2006,78.43,"Base survey of 2003"
"Barley","Allocated overhead","Capital recovery of machinery and equipment","dollars per planted acre","No specific size","U.S. total","United States",2007,82.55,"Base survey of 2003"
"Barley","Allocated overhead","Capital recovery of machinery and equipment","dollars per planted acre","No specific size","U.S. total","United States",2008,90.14,"Base survey of 2003"
"Barley","Allocated overhead","Capital recovery of machinery and equipment","dollars per planted acre","No specific size","U.S. total","United States",2009,95.74,"Base survey of 2003"
"Barley","Allocated overhead","Capital recovery of machinery and equipment","dollars per planted acre","No specific size","U.S. total","United States",2010,99.64,"Base survey of 2003"
"Barley","Allocated overhead","Capital recovery of machinery and equipment","dollars per planted acre","No specific size","U.S. total","United States",2011,99.2,"Base survey of 2011"
"Barley","Allocated overhead","Capital recovery of machinery and equipment","dollars per planted acre","No specific size","U.S. total","United States",2012,103.17,"Base survey of 2011"
"Barley","Allocated overhead","Capital recovery of machinery and equipment","dollars per planted acre","No specific size","U.S. total","United States",2013,106.7,"Base survey of 2011"
"Barley","Allocated overhead","Capital recovery of machinery and equipment","dollars per planted acre","No specific size","U.S. total","United States",2014,110.43,"Base survey of 2011"
"Barley","Allocated overhead","Capital recovery of machinery and equipment","dollars per planted acre","No specific size","U.S. total","United States",2015,112.35,"Base survey of 2011"
"Barley","Allocated overhead","Capital recovery of machinery and equipment","dollars per planted acre","No specific size","U.S. total","United States",2016,114.56,"Base survey of 2011"
"Barley","Allocated overhead","Capital recovery of machinery and equipment","dollars per planted acre","No specific size","U.S. total","United States",2017,117.1,"Base survey of 2011"
"Barley","Allocated overhead","Capital recovery of machinery and equipment","dollars per planted acre","No specific size","U.S. total","United States",2018,119.21,"Base survey of 2011"
"Barley","Allocated overhead","Capital recovery of machinery and equipment","dollars per planted acre","No specific size","U.S. total","United States",2019,107.25,"Base survey of 2019"
"Barley","Allocated overhead","Capital recovery of machinery and equipment","dollars per planted acre","No specific size","U.S. total","United States",2020,108.43,"Base survey of 2019"
"Barley","Allocated overhead","Capital recovery of machinery and equipment","dollars per planted acre","No specific size","U.S. total","United States",2021,126.96,"Base survey of 2019"
"Barley","Allocated overhead","Capital recovery of machinery and equipment","dollars per planted acre","No specific size","U.S. total","United States",2022,133.64,"Base survey of 2019"
"Barley","Allocated overhead","Capital recovery of machinery and equipment","dollars per planted acre","No specific size","U.S. total","United States",2023,141.98,"Base survey of 2019"
"Barley","Allocated overhead","Capital recovery of machinery and equipment","dollars per planted acre","No specific size","U.S. total","United States",2024,147.87,"Base survey of 2019"
"Barley","Allocated overhead","Capital recovery of machinery and equipment","dollars per planted acre","No specific size","Heartland","United States",2003,42.28,"Base survey of 2003"
"Barley","Allocated overhead","Capital recovery of machinery and equipment","dollars per planted acre","No specific size","Heartland","United States",2004,43.68,"Base survey of 2003"
"Barley","Allocated overhead","Capital recovery of machinery and equipment","dollars per planted acre","No specific size","Heartland","United States",2005,48.44,"Base survey of 2003"
"Barley","Allocated overhead","Capital recovery of machinery and equipment","dollars per planted acre","No specific size","Heartland","United States",2006,50.96,"Base survey of 2003"
"Barley","Allocated overhead","Capital recovery of machinery and equipment","dollars per planted acre","No specific size","Heartland","United States",2007,53.48,"Base survey of 2003"
"Barley","Allocated overhead","Capital recovery of machinery and equipment","dollars per planted acre","No specific size","Heartland","United States",2008,58.52,"Base survey of 2003"
"Barley","Allocated overhead","Capital recovery of machinery and equipment","dollars per planted acre","No specific size","Heartland","United States",2009,62.16,"Base survey of 2003"
"Barley","Allocated overhead","Capital recovery of machinery and equipment","dollars per planted acre","No specific size","Heartland","United States",2010,64.4,"Base survey of 2003"
"Barley","Allocated overhead","Capital recovery of machinery and equipment","dollars per planted acre","No specific size","Northern Crescent","United States",2003,42.83,"Base survey of 2003"
"Barley","Allocated overhead","Capital recovery of machinery and equipment","dollars per planted acre","No specific size","Northern Crescent","United States",2004,44.25,"Base survey of 2003"
"Barley","Allocated overhead","Capital recovery of machinery and equipment","dollars per planted acre","No specific size","Northern Crescent","United States",2005,49.07,"Base survey of 2003"
"Barley","Allocated overhead","Capital recovery of machinery and equipment","dollars per planted acre","No specific size","Northern Crescent","United States",2006,51.62,"Base survey of 2003"
"Barley","Allocated overhead","Capital recovery of machinery and equipment","dollars per planted acre","No specific size","Northern Crescent","United States",2007,54.18,"Base survey of 2003"
"Barley","Allocated overhead","Capital recovery of machinery and equipment","dollars per planted acre","No specific size","Northern Crescent","United States",2008,59.28,"Base survey of 2003"
"Barley","Allocated overhead","Capital recovery of machinery and equipment","dollars per planted acre","No specific size","Northern Crescent","United States",2009,62.97,"Base survey of 2003"
"Barley","Allocated overhead","Capital recovery of machinery and equipment","dollars per planted acre","No specific size","Northern Crescent","United States",2010,65.24,"Base survey of 2003"
"Barley","Allocated overhead","Capital recovery of machinery and equipment","dollars per planted acre","No specific size","Northern Crescent","United States",2011,54.85,"Base survey of 2011"
"Barley","Allocated overhead","Capital recovery of machinery and equipment","dollars per planted acre","No specific size","Northern Crescent","United States",2012,57.59,"Base survey of 2011"
"Barley","Allocated overhead","Capital recovery of machinery and equipment","dollars per planted acre","No specific size","Northern Crescent","United States",2013,59.24,"Base survey of 2011"
"Barley","Allocated overhead","Capital recovery of machinery and equipment","dollars per planted acre","No specific size","Northern Crescent","United States",2014,61.43,"Base survey of 2011"
"Barley","Allocated overhead","Capital recovery of machinery and equipment","dollars per planted acre","No specific size","Northern Crescent","United States",2015,62.86,"Base survey of 2011"
"Barley","Allocated overhead","Capital recovery of machinery and equipment","dollars per planted acre","No specific size","Northern Crescent","United States",2016,63.3,"Base survey of 2011"
"Barley","Allocated overhead","Capital recovery of machinery and equipment","dollars per planted acre","No specific size","Northern Crescent","United States",2017,64.56,"Base survey of 2011"
"Barley","Allocated overhead","Capital recovery of machinery and equipment","dollars per planted acre","No specific size","Northern Crescent","United States",2018,65.82,"Base survey of 2011"
"Barley","Allocated overhead","Capital recovery of machinery and equipment","dollars per planted acre","No specific size","Northern Crescent","United States",2019,82.99,"Base survey of 2019"
"Barley","Allocated overhead","Capital recovery of machinery and equipment","dollars per planted acre","No specific size","Northern Crescent","United States",2020,83.15,"Base survey of 2019"
"Barley","Allocated overhead","Capital recovery of machinery and equipment","dollars per planted acre","No specific size","Northern Crescent","United States",2021,94.8,"Base survey of 2019"
"Barley","Allocated overhead","Capital recovery of machinery and equipment","dollars per planted acre","No specific size","Northern Crescent","United States",2022,100.55,"Base survey of 2019"
"Barley","Allocated overhead","Capital recovery of machinery and equipment","dollars per planted acre","No specific size","Northern Crescent","United States",2023,104.91,"Base survey of 2019"
"Barley","Allocated overhead","Capital recovery of machinery and equipment","dollars per planted acre","No specific size","Northern Crescent","United States",2024,108.43,"Base survey of 2019"
"Barley","Allocated overhead","Capital recovery of machinery and equipment","dollars per planted acre","No specific size","Northern Great Plains","United States",2003,63.56,"Base survey of 2003"
"Barley","Allocated overhead","Capital recovery of machinery and equipment","dollars per planted acre","No specific size","Northern Great Plains","United States",2004,65.67,"Base survey of 2003"
"Barley","Allocated overhead","Capital recovery of machinery and equipment","dollars per planted acre","No specific size","Northern Great Plains","United States",2005,72.82,"Base survey of 2003"
"Barley","Allocated overhead","Capital recovery of machinery and equipment","dollars per planted acre","No specific size","Northern Great Plains","United States",2006,76.61,"Base survey of 2003"
"Barley","Allocated overhead","Capital recovery of machinery and equipment","dollars per planted acre","No specific size","Northern Great Plains","United States",2007,80.4,"Base survey of 2003"
"Barley","Allocated overhead","Capital recovery of machinery and equipment","dollars per planted acre","No specific size","Northern Great Plains","United States",2008,87.97,"Base survey of 2003"
"Barley","Allocated overhead","Capital recovery of machinery and equipment","dollars per planted acre","No specific size","Northern Great Plains","United States",2009,93.45,"Base survey of 2003"
"Barley","Allocated overhead","Capital recovery of machinery and equipment","dollars per planted acre","No specific size","Northern Great Plains","United States",2010,96.81,"Base survey of 2003"
"Barley","Allocated overhead","Capital recovery of machinery and equipment","dollars per planted acre","No specific size","Northern Great Plains","United States",2011,93.36,"Base survey of 2011"
"Barley","Allocated overhead","Capital recovery of machinery and equipment","dollars per planted acre","No specific size","Northern Great Plains","United States",2012,98.03,"Base survey of 2011"
"Barley","Allocated overhead","Capital recovery of machinery and equipment","dollars per planted acre","No specific size","Northern Great Plains","United States",2013,100.83,"Base survey of 2011"
"Barley","Allocated overhead","Capital recovery of machinery and equipment","dollars per planted acre","No specific size","Northern Great Plains","United States",2014,104.56,"Base survey of 2011"
"Barley","Allocated overhead","Capital recovery of machinery and equipment","dollars per planted acre","No specific size","Northern Great Plains","United States",2015,106.99,"Base survey of 2011"
"Barley","Allocated overhead","Capital recovery of machinery and equipment","dollars per planted acre","No specific size","Northern Great Plains","United States",2016,107.74,"Base survey of 2011"
"Barley","Allocated overhead","Capital recovery of machinery and equipment","dollars per planted acre","No specific size","Northern Great Plains","United States",2017,109.88,"Base survey of 2011"
"Barley","Allocated overhead","Capital recovery of machinery and equipment","dollars per planted acre","No specific size","Northern Great Plains","United States",2018,112.03,"Base survey of 2011"
"Barley","Allocated overhead","Capital recovery of machinery and equipment","dollars per planted acre","No specific size","Northern Great Plains","United States",2019,105.84,"Base survey of 2019"
"Barley","Allocated overhead","Capital recovery of machinery and equipment","dollars per planted acre","No specific size","Northern Great Plains","United States",2020,106.92,"Base survey of 2019"
"Barley","Allocated overhead","Capital recovery of machinery and equipment","dollars per planted acre","No specific size","Northern Great Plains","United States",2021,125.22,"Base survey of 2019"
"Barley","Allocated overhead","Capital recovery of machinery and equipment","dollars per planted acre","No specific size","Northern Great Plains","United States",2022,131.72,"Base survey of 2019"
"Barley","Allocated overhead","Capital recovery of machinery and equipment","dollars per planted acre","No specific size","Northern Great Plains","United States",2023,139.84,"Base survey of 2019"
"Barley","Allocated overhead","Capital recovery of machinery and equipment","dollars per planted acre","No specific size","Northern Great Plains","United States",2024,145.09,"Base survey of 2019"
"Barley","Allocated overhead","Capital recovery of machinery and equipment","dollars per planted acre","No specific size","Basin and Range","United States",2003,65.29,"Base survey of 2003"
"Barley","Allocated overhead","Capital recovery of machinery and equipment","dollars per planted acre","No specific size","Basin and Range","United States",2004,67.46,"Base survey of 2003"
"Barley","Allocated overhead","Capital recovery of machinery and equipment","dollars per planted acre","No specific size","Basin and Range","United States",2005,74.8,"Base survey of 2003"
"Barley","Allocated overhead","Capital recovery of machinery and equipment","dollars per planted acre","No specific size","Basin and Range","United States",2006,78.69,"Base survey of 2003"
"Barley","Allocated overhead","Capital recovery of machinery and equipment","dollars per planted acre","No specific size","Basin and Range","United States",2007,82.59,"Base survey of 2003"
"Barley","Allocated overhead","Capital recovery of machinery and equipment","dollars per planted acre","No specific size","Basin and Range","United States",2008,90.37,"Base survey of 2003"
"Barley","Allocated overhead","Capital recovery of machinery and equipment","dollars per planted acre","No specific size","Basin and Range","United States",2009,95.99,"Base survey of 2003"
"Barley","Allocated overhead","Capital recovery of machinery and equipment","dollars per planted acre","No specific size","Basin and Range","United States",2010,99.45,"Base survey of 2003"
"Barley","Allocated overhead","Capital recovery of machinery and equipment","dollars per planted acre","No specific size","Basin and Range","United States",2011,107.74,"Base survey of 2011"
"Barley","Allocated overhead","Capital recovery of machinery and equipment","dollars per planted acre","No specific size","Basin and Range","United States",2012,113.13,"Base survey of 2011"
"Barley","Allocated overhead","Capital recovery of machinery and equipment","dollars per planted acre","No specific size","Basin and Range","United States",2013,116.36,"Base survey of 2011"
"Barley","Allocated overhead","Capital recovery of machinery and equipment","dollars per planted acre","No specific size","Basin and Range","United States",2014,120.67,"Base survey of 2011"
"Barley","Allocated overhead","Capital recovery of machinery and equipment","dollars per planted acre","No specific size","Basin and Range","United States",2015,123.47,"Base survey of 2011"
"Barley","Allocated overhead","Capital recovery of machinery and equipment","dollars per planted acre","No specific size","Basin and Range","United States",2016,124.33,"Base survey of 2011"
"Barley","Allocated overhead","Capital recovery of machinery and equipment","dollars per planted acre","No specific size","Basin and Range","United States",2017,126.81,"Base survey of 2011"
"Barley","Allocated overhead","Capital recovery of machinery and equipment","dollars per planted acre","No specific size","Basin and Range","United States",2018,129.29,"Base survey of 2011"
"Barley","Allocated overhead","Capital recovery of machinery and equipment","dollars per planted acre","No specific size","Basin and Range","United States",2019,112.35,"Base survey of 2019"
"Barley","Allocated overhead","Capital recovery of machinery and equipment","dollars per planted acre","No specific size","Basin and Range","United States",2020,114.52,"Base survey of 2019"
"Barley","Allocated overhead","Capital recovery of machinery and equipment","dollars per planted acre","No specific size","Basin and Range","United States",2021,133.61,"Base survey of 2019"
"Barley","Allocated overhead","Capital recovery of machinery and equipment","dollars per planted acre","No specific size","Basin and Range","United States",2022,140.97,"Base survey of 2019"
"Barley","Allocated overhead","Capital recovery of machinery and equipment","dollars per planted acre","No specific size","Basin and Range","United States",2023,150.15,"Base survey of 2019"
"Barley","Allocated overhead","Capital recovery of machinery and equipment","dollars per planted acre","No specific size","Basin and Range","United States",2024,155.7,"Base survey of 2019"
"Barley","Allocated overhead","Capital recovery of machinery and equipment","dollars per planted acre","No specific size","Fruitful Rim","United States",2003,75.22,"Base survey of 2003"
"Barley","Allocated overhead","Capital recovery of machinery and equipment","dollars per planted acre","No specific size","Fruitful Rim","United States",2004,77.72,"Base survey of 2003"
"Barley","Allocated overhead","Capital recovery of machinery and equipment","dollars per planted acre","No specific size","Fruitful Rim","United States",2005,86.18,"Base survey of 2003"
"Barley","Allocated overhead","Capital recovery of machinery and equipment","dollars per planted acre","No specific size","Fruitful Rim","United States",2006,90.66,"Base survey of 2003"
"Barley","Allocated overhead","Capital recovery of machinery and equipment","dollars per planted acre","No specific size","Fruitful Rim","United States",2007,95.15,"Base survey of 2003"
"Barley","Allocated overhead","Capital recovery of machinery and equipment","dollars per planted acre","No specific size","Fruitful Rim","United States",2008,104.11,"Base survey of 2003"
"Barley","Allocated overhead","Capital recovery of machinery and equipment","dollars per planted acre","No specific size","Fruitful Rim","United States",2009,110.59,"Base survey of 2003"
"Barley","Allocated overhead","Capital recovery of machinery and equipment","dollars per planted acre","No specific size","Fruitful Rim","United States",2010,114.57,"Base survey of 2003"
"Barley","Allocated overhead","Capital recovery of machinery and equipment","dollars per planted acre","No specific size","Fruitful Rim","United States",2011,110.33,"Base survey of 2011"
"Barley","Allocated overhead","Capital recovery of machinery and equipment","dollars per planted acre","No specific size","Fruitful Rim","United States",2012,115.85,"Base survey of 2011"
"Barley","Allocated overhead","Capital recovery of machinery and equipment","dollars per planted acre","No specific size","Fruitful Rim","United States",2013,119.16,"Base survey of 2011"
"Barley","Allocated overhead","Capital recovery of machinery and equipment","dollars per planted acre","No specific size","Fruitful Rim","United States",2014,123.57,"Base survey of 2011"
"Barley","Allocated overhead","Capital recovery of machinery and equipment","dollars per planted acre","No specific size","Fruitful Rim","United States",2015,126.44,"Base survey of 2011"
"Barley","Allocated overhead","Capital recovery of machinery and equipment","dollars per planted acre","No specific size","Fruitful Rim","United States",2016,127.32,"Base survey of 2011"
"Barley","Allocated overhead","Capital recovery of machinery and equipment","dollars per planted acre","No specific size","Fruitful Rim","United States",2017,129.86,"Base survey of 2011"
"Barley","Allocated overhead","Capital recovery of machinery and equipment","dollars per planted acre","No specific size","Fruitful Rim","United States",2018,132.4,"Base survey of 2011"
"Barley","Allocated overhead","Capital recovery of machinery and equipment","dollars per planted acre","No specific size","Fruitful Rim","United States",2019,109.96,"Base survey of 2019"
"Barley","Allocated overhead","Capital recovery of machinery and equipment","dollars per planted acre","No specific size","Fruitful Rim","United States",2020,111.55,"Base survey of 2019"
"Barley","Allocated overhead","Capital recovery of machinery and equipment","dollars per planted acre","No specific size","Fruitful Rim","United States",2021,130.97,"Base survey of 2019"
"Barley","Allocated overhead","Capital recovery of machinery and equipment","dollars per planted acre","No specific size","Fruitful Rim","United States",2022,137.79,"Base survey of 2019"
"Barley","Allocated overhead","Capital recovery of machinery and equipment","dollars per planted acre","No specific size","Fruitful Rim","United States",2023,146.37,"Base survey of 2019"
"Barley","Allocated overhead","Capital recovery of machinery and equipment","dollars per planted acre","No specific size","Fruitful Rim","United States",2024,153.08,"Base survey of 2019"
"Barley","Allocated overhead","Opportunity cost of land","dollars per planted acre","No specific size","U.S. total","United States",2003,47.29,"Base survey of 2003"
"Barley","Allocated overhead","Opportunity cost of land","dollars per planted acre","No specific size","U.S. total","United States",2004,47.29,"Base survey of 2003"
"Barley","Allocated overhead","Opportunity cost of land","dollars per planted acre","No specific size","U.S. total","United States",2005,47.29,"Base survey of 2003"
"Barley","Allocated overhead","Opportunity cost of land","dollars per planted acre","No specific size","U.S. total","United States",2006,46.32,"Base survey of 2003"
"Barley","Allocated overhead","Opportunity cost of land","dollars per planted acre","No specific size","U.S. total","United States",2007,61.47,"Base survey of 2003"
"Barley","Allocated overhead","Opportunity cost of land","dollars per planted acre","No specific size","U.S. total","United States",2008,66.16,"Base survey of 2003"
"Barley","Allocated overhead","Opportunity cost of land","dollars per planted acre","No specific size","U.S. total","United States",2009,80.64,"Base survey of 2003"
"Barley","Allocated overhead","Opportunity cost of land","dollars per planted acre","No specific size","U.S. total","United States",2010,88.28,"Base survey of 2003"
"Barley","Allocated overhead","Opportunity cost of land","dollars per planted acre","No specific size","U.S. total","United States",2011,71.86,"Base survey of 2011"
"Barley","Allocated overhead","Opportunity cost of land","dollars per planted acre","No specific size","U.S. total","United States",2012,73.75,"Base survey of 2011"
"Barley","Allocated overhead","Opportunity cost of land","dollars per planted acre","No specific size","U.S. total","United States",2013,83.02,"Base survey of 2011"
"Barley","Allocated overhead","Opportunity cost of land","dollars per planted acre","No specific size","U.S. total","United States",2014,85.39,"Base survey of 2011"
"Barley","Allocated overhead","Opportunity cost of land","dollars per planted acre","No specific size","U.S. total","United States",2015,82.08,"Base survey of 2011"
"Barley","Allocated overhead","Opportunity cost of land","dollars per planted acre","No specific size","U.S. total","United States",2016,80.73,"Base survey of 2011"
"Barley","Allocated overhead","Opportunity cost of land","dollars per planted acre","No specific size","U.S. total","United States",2017,83.61,"Base survey of 2011"
"Barley","Allocated overhead","Opportunity cost of land","dollars per planted acre","No specific size","U.S. total","United States",2018,85.59,"Base survey of 2011"
"Barley","Allocated overhead","Opportunity cost of land","dollars per planted acre","No specific size","U.S. total","United States",2019,72.91,"Base survey of 2019"
"Barley","Allocated overhead","Opportunity cost of land","dollars per planted acre","No specific size","U.S. total","United States",2020,74.56,"Base survey of 2019"
"Barley","Allocated overhead","Opportunity cost of land","dollars per planted acre","No specific size","U.S. total","United States",2021,78.31,"Base survey of 2019"
"Barley","Allocated overhead","Opportunity cost of land","dollars per planted acre","No specific size","U.S. total","United States",2022,81.45,"Base survey of 2019"
"Barley","Allocated overhead","Opportunity cost of land","dollars per planted acre","No specific size","U.S. total","United States",2023,80.47,"Base survey of 2019"
"Barley","Allocated overhead","Opportunity cost of land","dollars per planted acre","No specific size","U.S. total","United States",2024,87.44,"Base survey of 2019"
"Barley","Allocated overhead","Opportunity cost of land","dollars per planted acre","No specific size","Heartland","United States",2003,52.55,"Base survey of 2003"
"Barley","Allocated overhead","Opportunity cost of land","dollars per planted acre","No specific size","Heartland","United States",2004,52.55,"Base survey of 2003"
"Barley","Allocated overhead","Opportunity cost of land","dollars per planted acre","No specific size","Heartland","United States",2005,52.55,"Base survey of 2003"
"Barley","Allocated overhead","Opportunity cost of land","dollars per planted acre","No specific size","Heartland","United States",2006,51.48,"Base survey of 2003"
"Barley","Allocated overhead","Opportunity cost of land","dollars per planted acre","No specific size","Heartland","United States",2007,64.35,"Base survey of 2003"
"Barley","Allocated overhead","Opportunity cost of land","dollars per planted acre","No specific size","Heartland","United States",2008,70.42,"Base survey of 2003"
"Barley","Allocated overhead","Opportunity cost of land","dollars per planted acre","No specific size","Heartland","United States",2009,84.37,"Base survey of 2003"
"Barley","Allocated overhead","Opportunity cost of land","dollars per planted acre","No specific size","Heartland","United States",2010,86.87,"Base survey of 2003"
"Barley","Allocated overhead","Opportunity cost of land","dollars per planted acre","No specific size","Northern Crescent","United States",2003,48.15,"Base survey of 2003"
"Barley","Allocated overhead","Opportunity cost of land","dollars per planted acre","No specific size","Northern Crescent","United States",2004,48.15,"Base survey of 2003"
"Barley","Allocated overhead","Opportunity cost of land","dollars per planted acre","No specific size","Northern Crescent","United States",2005,48.15,"Base survey of 2003"
"Barley","Allocated overhead","Opportunity cost of land","dollars per planted acre","No specific size","Northern Crescent","United States",2006,47.17,"Base survey of 2003"
"Barley","Allocated overhead","Opportunity cost of land","dollars per planted acre","No specific size","Northern Crescent","United States",2007,58.96,"Base survey of 2003"
"Barley","Allocated overhead","Opportunity cost of land","dollars per planted acre","No specific size","Northern Crescent","United States",2008,64.53,"Base survey of 2003"
"Barley","Allocated overhead","Opportunity cost of land","dollars per planted acre","No specific size","Northern Crescent","United States",2009,77.3,"Base survey of 2003"
"Barley","Allocated overhead","Opportunity cost of land","dollars per planted acre","No specific size","Northern Crescent","United States",2010,79.59,"Base survey of 2003"
"Barley","Allocated overhead","Opportunity cost of land","dollars per planted acre","No specific size","Northern Crescent","United States",2011,73.14,"Base survey of 2011"
"Barley","Allocated overhead","Opportunity cost of land","dollars per planted acre","No specific size","Northern Crescent","United States",2012,82.36,"Base survey of 2011"
"Barley","Allocated overhead","Opportunity cost of land","dollars per planted acre","No specific size","Northern Crescent","United States",2013,89.61,"Base survey of 2011"
"Barley","Allocated overhead","Opportunity cost of land","dollars per planted acre","No specific size","Northern Crescent","United States",2014,92.91,"Base survey of 2011"
"Barley","Allocated overhead","Opportunity cost of land","dollars per planted acre","No specific size","Northern Crescent","United States",2015,94.88,"Base survey of 2011"
"Barley","Allocated overhead","Opportunity cost of land","dollars per planted acre","No specific size","Northern Crescent","United States",2016,89.61,"Base survey of 2011"
"Barley","Allocated overhead","Opportunity cost of land","dollars per planted acre","No specific size","Northern Crescent","United States",2017,89.61,"Base survey of 2011"
"Barley","Allocated overhead","Opportunity cost of land","dollars per planted acre","No specific size","Northern Crescent","United States",2018,90.93,"Base survey of 2011"
"Barley","Allocated overhead","Opportunity cost of land","dollars per planted acre","No specific size","Northern Crescent","United States",2019,94.88,"Base survey of 2019"
"Barley","Allocated overhead","Opportunity cost of land","dollars per planted acre","No specific size","Northern Crescent","United States",2020,97.06,"Base survey of 2019"
"Barley","Allocated overhead","Opportunity cost of land","dollars per planted acre","No specific size","Northern Crescent","United States",2021,95.79,"Base survey of 2019"
"Barley","Allocated overhead","Opportunity cost of land","dollars per planted acre","No specific size","Northern Crescent","United States",2022,102,"Base survey of 2019"
"Barley","Allocated overhead","Opportunity cost of land","dollars per planted acre","No specific size","Northern Crescent","United States",2023,105.61,"Base survey of 2019"
"Barley","Allocated overhead","Opportunity cost of land","dollars per planted acre","No specific size","Northern Crescent","United States",2024,110.87,"Base survey of 2019"
"Barley","Allocated overhead","Opportunity cost of land","dollars per planted acre","No specific size","Northern Great Plains","United States",2003,32.41,"Base survey of 2003"
"Barley","Allocated overhead","Opportunity cost of land","dollars per planted acre","No specific size","Northern Great Plains","United States",2004,32.41,"Base survey of 2003"
"Barley","Allocated overhead","Opportunity cost of land","dollars per planted acre","No specific size","Northern Great Plains","United States",2005,32.41,"Base survey of 2003"
"Barley","Allocated overhead","Opportunity cost of land","dollars per planted acre","No specific size","Northern Great Plains","United States",2006,31.75,"Base survey of 2003"
"Barley","Allocated overhead","Opportunity cost of land","dollars per planted acre","No specific size","Northern Great Plains","United States",2007,39.69,"Base survey of 2003"
"Barley","Allocated overhead","Opportunity cost of land","dollars per planted acre","No specific size","Northern Great Plains","United States",2008,43.43,"Base survey of 2003"
"Barley","Allocated overhead","Opportunity cost of land","dollars per planted acre","No specific size","Northern Great Plains","United States",2009,52.03,"Base survey of 2003"
"Barley","Allocated overhead","Opportunity cost of land","dollars per planted acre","No specific size","Northern Great Plains","United States",2010,53.58,"Base survey of 2003"
"Barley","Allocated overhead","Opportunity cost of land","dollars per planted acre","No specific size","Northern Great Plains","United States",2011,40.46,"Base survey of 2011"
"Barley","Allocated overhead","Opportunity cost of land","dollars per planted acre","No specific size","Northern Great Plains","United States",2012,45.56,"Base survey of 2011"
"Barley","Allocated overhead","Opportunity cost of land","dollars per planted acre","No specific size","Northern Great Plains","United States",2013,49.57,"Base survey of 2011"
"Barley","Allocated overhead","Opportunity cost of land","dollars per planted acre","No specific size","Northern Great Plains","United States",2014,51.4,"Base survey of 2011"
"Barley","Allocated overhead","Opportunity cost of land","dollars per planted acre","No specific size","Northern Great Plains","United States",2015,52.49,"Base survey of 2011"
"Barley","Allocated overhead","Opportunity cost of land","dollars per planted acre","No specific size","Northern Great Plains","United States",2016,49.57,"Base survey of 2011"
"Barley","Allocated overhead","Opportunity cost of land","dollars per planted acre","No specific size","Northern Great Plains","United States",2017,49.57,"Base survey of 2011"
"Barley","Allocated overhead","Opportunity cost of land","dollars per planted acre","No specific size","Northern Great Plains","United States",2018,50.3,"Base survey of 2011"
"Barley","Allocated overhead","Opportunity cost of land","dollars per planted acre","No specific size","Northern Great Plains","United States",2019,47.39,"Base survey of 2019"
"Barley","Allocated overhead","Opportunity cost of land","dollars per planted acre","No specific size","Northern Great Plains","United States",2020,47.39,"Base survey of 2019"
"Barley","Allocated overhead","Opportunity cost of land","dollars per planted acre","No specific size","Northern Great Plains","United States",2021,50.04,"Base survey of 2019"
"Barley","Allocated overhead","Opportunity cost of land","dollars per planted acre","No specific size","Northern Great Plains","United States",2022,52.29,"Base survey of 2019"
"Barley","Allocated overhead","Opportunity cost of land","dollars per planted acre","No specific size","Northern Great Plains","United States",2023,51.21,"Base survey of 2019"
"Barley","Allocated overhead","Opportunity cost of land","dollars per planted acre","No specific size","Northern Great Plains","United States",2024,49.96,"Base survey of 2019"
"Barley","Allocated overhead","Opportunity cost of land","dollars per planted acre","No specific size","Basin and Range","United States",2003,63.52,"Base survey of 2003"
"Barley","Allocated overhead","Opportunity cost of land","dollars per planted acre","No specific size","Basin and Range","United States",2004,63.52,"Base survey of 2003"
"Barley","Allocated overhead","Opportunity cost of land","dollars per planted acre","No specific size","Basin and Range","United States",2005,63.52,"Base survey of 2003"
"Barley","Allocated overhead","Opportunity cost of land","dollars per planted acre","No specific size","Basin and Range","United States",2006,62.22,"Base survey of 2003"
"Barley","Allocated overhead","Opportunity cost of land","dollars per planted acre","No specific size","Basin and Range","United States",2007,77.78,"Base survey of 2003"
"Barley","Allocated overhead","Opportunity cost of land","dollars per planted acre","No specific size","Basin and Range","United States",2008,85.13,"Base survey of 2003"
"Barley","Allocated overhead","Opportunity cost of land","dollars per planted acre","No specific size","Basin and Range","United States",2009,101.98,"Base survey of 2003"
"Barley","Allocated overhead","Opportunity cost of land","dollars per planted acre","No specific size","Basin and Range","United States",2010,105,"Base survey of 2003"
"Barley","Allocated overhead","Opportunity cost of land","dollars per planted acre","No specific size","Basin and Range","United States",2011,65.52,"Base survey of 2011"
"Barley","Allocated overhead","Opportunity cost of land","dollars per planted acre","No specific size","Basin and Range","United States",2012,73.78,"Base survey of 2011"
"Barley","Allocated overhead","Opportunity cost of land","dollars per planted acre","No specific size","Basin and Range","United States",2013,80.28,"Base survey of 2011"
"Barley","Allocated overhead","Opportunity cost of land","dollars per planted acre","No specific size","Basin and Range","United States",2014,83.23,"Base survey of 2011"
"Barley","Allocated overhead","Opportunity cost of land","dollars per planted acre","No specific size","Basin and Range","United States",2015,85,"Base survey of 2011"
"Barley","Allocated overhead","Opportunity cost of land","dollars per planted acre","No specific size","Basin and Range","United States",2016,80.28,"Base survey of 2011"
"Barley","Allocated overhead","Opportunity cost of land","dollars per planted acre","No specific size","Basin and Range","United States",2017,80.28,"Base survey of 2011"
"Barley","Allocated overhead","Opportunity cost of land","dollars per planted acre","No specific size","Basin and Range","United States",2018,81.46,"Base survey of 2011"
"Barley","Allocated overhead","Opportunity cost of land","dollars per planted acre","No specific size","Basin and Range","United States",2019,74.93,"Base survey of 2019"
"Barley","Allocated overhead","Opportunity cost of land","dollars per planted acre","No specific size","Basin and Range","United States",2020,74.37,"Base survey of 2019"
"Barley","Allocated overhead","Opportunity cost of land","dollars per planted acre","No specific size","Basin and Range","United States",2021,78.14,"Base survey of 2019"
"Barley","Allocated overhead","Opportunity cost of land","dollars per planted acre","No specific size","Basin and Range","United States",2022,81.92,"Base survey of 2019"
"Barley","Allocated overhead","Opportunity cost of land","dollars per planted acre","No specific size","Basin and Range","United States",2023,81.31,"Base survey of 2019"
"Barley","Allocated overhead","Opportunity cost of land","dollars per planted acre","No specific size","Basin and Range","United States",2024,83.03,"Base survey of 2019"
"Barley","Allocated overhead","Opportunity cost of land","dollars per planted acre","No specific size","Fruitful Rim","United States",2003,84.35,"Base survey of 2003"
"Barley","Allocated overhead","Opportunity cost of land","dollars per planted acre","No specific size","Fruitful Rim","United States",2004,84.35,"Base survey of 2003"
"Barley","Allocated overhead","Opportunity cost of land","dollars per planted acre","No specific size","Fruitful Rim","United States",2005,84.35,"Base survey of 2003"
"Barley","Allocated overhead","Opportunity cost of land","dollars per planted acre","No specific size","Fruitful Rim","United States",2006,82.63,"Base survey of 2003"
"Barley","Allocated overhead","Opportunity cost of land","dollars per planted acre","No specific size","Fruitful Rim","United States",2007,103.29,"Base survey of 2003"
"Barley","Allocated overhead","Opportunity cost of land","dollars per planted acre","No specific size","Fruitful Rim","United States",2008,113.04,"Base survey of 2003"
"Barley","Allocated overhead","Opportunity cost of land","dollars per planted acre","No specific size","Fruitful Rim","United States",2009,135.42,"Base survey of 2003"
"Barley","Allocated overhead","Opportunity cost of land","dollars per planted acre","No specific size","Fruitful Rim","United States",2010,139.44,"Base survey of 2003"
"Barley","Allocated overhead","Opportunity cost of land","dollars per planted acre","No specific size","Fruitful Rim","United States",2011,120.27,"Base survey of 2011"
"Barley","Allocated overhead","Opportunity cost of land","dollars per planted acre","No specific size","Fruitful Rim","United States",2012,135.44,"Base survey of 2011"
"Barley","Allocated overhead","Opportunity cost of land","dollars per planted acre","No specific size","Fruitful Rim","United States",2013,147.36,"Base survey of 2011"
"Barley","Allocated overhead","Opportunity cost of land","dollars per planted acre","No specific size","Fruitful Rim","United States",2014,152.78,"Base survey of 2011"
"Barley","Allocated overhead","Opportunity cost of land","dollars per planted acre","No specific size","Fruitful Rim","United States",2015,156.03,"Base survey of 2011"
"Barley","Allocated overhead","Opportunity cost of land","dollars per planted acre","No specific size","Fruitful Rim","United States",2016,147.36,"Base survey of 2011"
"Barley","Allocated overhead","Opportunity cost of land","dollars per planted acre","No specific size","Fruitful Rim","United States",2017,147.36,"Base survey of 2011"
"Barley","Allocated overhead","Opportunity cost of land","dollars per planted acre","No specific size","Fruitful Rim","United States",2018,149.52,"Base survey of 2011"
"Barley","Allocated overhead","Opportunity cost of land","dollars per planted acre","No specific size","Fruitful Rim","United States",2019,145.63,"Base survey of 2019"
"Barley","Allocated overhead","Opportunity cost of land","dollars per planted acre","No specific size","Fruitful Rim","United States",2020,155.68,"Base survey of 2019"
"Barley","Allocated overhead","Opportunity cost of land","dollars per planted acre","No specific size","Fruitful Rim","United States",2021,167.45,"Base survey of 2019"
"Barley","Allocated overhead","Opportunity cost of land","dollars per planted acre","No specific size","Fruitful Rim","United States",2022,181,"Base survey of 2019"
"Barley","Allocated overhead","Opportunity cost of land","dollars per planted acre","No specific size","Fruitful Rim","United States",2023,182.13,"Base survey of 2019"
"Barley","Allocated overhead","Opportunity cost of land","dollars per planted acre","No specific size","Fruitful Rim","United States",2024,189.39,"Base survey of 2019"
"Barley","Allocated overhead","Taxes and insurance","dollars per planted acre","No specific size","U.S. total","United States",2003,6.6,"Base survey of 2003"
"Barley","Allocated overhead","Taxes and insurance","dollars per planted acre","No specific size","U.S. total","United States",2004,6.7,"Base survey of 2003"
"Barley","Allocated overhead","Taxes and insurance","dollars per planted acre","No specific size","U.S. total","United States",2005,7.88,"Base survey of 2003"
"Barley","Allocated overhead","Taxes and insurance","dollars per planted acre","No specific size","U.S. total","United States",2006,8.29,"Base survey of 2003"
"Barley","Allocated overhead","Taxes and insurance","dollars per planted acre","No specific size","U.S. total","United States",2007,9.56,"Base survey of 2003"
"Barley","Allocated overhead","Taxes and insurance","dollars per planted acre","No specific size","U.S. total","United States",2008,10.78,"Base survey of 2003"
"Barley","Allocated overhead","Taxes and insurance","dollars per planted acre","No specific size","U.S. total","United States",2009,10.35,"Base survey of 2003"
"Barley","Allocated overhead","Taxes and insurance","dollars per planted acre","No specific size","U.S. total","United States",2010,10.64,"Base survey of 2003"
"Barley","Allocated overhead","Taxes and insurance","dollars per planted acre","No specific size","U.S. total","United States",2011,8.63,"Base survey of 2011"
"Barley","Allocated overhead","Taxes and insurance","dollars per planted acre","No specific size","U.S. total","United States",2012,8.71,"Base survey of 2011"
"Barley","Allocated overhead","Taxes and insurance","dollars per planted acre","No specific size","U.S. total","United States",2013,8.88,"Base survey of 2011"
"Barley","Allocated overhead","Taxes and insurance","dollars per planted acre","No specific size","U.S. total","United States",2014,10,"Base survey of 2011"
"Barley","Allocated overhead","Taxes and insurance","dollars per planted acre","No specific size","U.S. total","United States",2015,9.35,"Base survey of 2011"
"Barley","Allocated overhead","Taxes and insurance","dollars per planted acre","No specific size","U.S. total","United States",2016,9.9,"Base survey of 2011"
"Barley","Allocated overhead","Taxes and insurance","dollars per planted acre","No specific size","U.S. total","United States",2017,10.07,"Base survey of 2011"
"Barley","Allocated overhead","Taxes and insurance","dollars per planted acre","No specific size","U.S. total","United States",2018,10.12,"Base survey of 2011"
"Barley","Allocated overhead","Taxes and insurance","dollars per planted acre","No specific size","U.S. total","United States",2019,11.3,"Base survey of 2019"
"Barley","Allocated overhead","Taxes and insurance","dollars per planted acre","No specific size","U.S. total","United States",2020,11.85,"Base survey of 2019"
"Barley","Allocated overhead","Taxes and insurance","dollars per planted acre","No specific size","U.S. total","United States",2021,12.13,"Base survey of 2019"
"Barley","Allocated overhead","Taxes and insurance","dollars per planted acre","No specific size","U.S. total","United States",2022,13.52,"Base survey of 2019"
"Barley","Allocated overhead","Taxes and insurance","dollars per planted acre","No specific size","U.S. total","United States",2023,13.83,"Base survey of 2019"
"Barley","Allocated overhead","Taxes and insurance","dollars per planted acre","No specific size","U.S. total","United States",2024,15.29,"Base survey of 2019"
"Barley","Allocated overhead","Taxes and insurance","dollars per planted acre","No specific size","Heartland","United States",2003,4.34,"Base survey of 2003"
"Barley","Allocated overhead","Taxes and insurance","dollars per planted acre","No specific size","Heartland","United States",2004,4.41,"Base survey of 2003"
"Barley","Allocated overhead","Taxes and insurance","dollars per planted acre","No specific size","Heartland","United States",2005,5.18,"Base survey of 2003"
"Barley","Allocated overhead","Taxes and insurance","dollars per planted acre","No specific size","Heartland","United States",2006,5.45,"Base survey of 2003"
"Barley","Allocated overhead","Taxes and insurance","dollars per planted acre","No specific size","Heartland","United States",2007,6.32,"Base survey of 2003"
"Barley","Allocated overhead","Taxes and insurance","dollars per planted acre","No specific size","Heartland","United States",2008,7.13,"Base survey of 2003"
"Barley","Allocated overhead","Taxes and insurance","dollars per planted acre","No specific size","Heartland","United States",2009,6.86,"Base survey of 2003"
"Barley","Allocated overhead","Taxes and insurance","dollars per planted acre","No specific size","Heartland","United States",2010,7.1,"Base survey of 2003"
"Barley","Allocated overhead","Taxes and insurance","dollars per planted acre","No specific size","Northern Crescent","United States",2003,3.74,"Base survey of 2003"
"Barley","Allocated overhead","Taxes and insurance","dollars per planted acre","No specific size","Northern Crescent","United States",2004,3.8,"Base survey of 2003"
"Barley","Allocated overhead","Taxes and insurance","dollars per planted acre","No specific size","Northern Crescent","United States",2005,4.46,"Base survey of 2003"
"Barley","Allocated overhead","Taxes and insurance","dollars per planted acre","No specific size","Northern Crescent","United States",2006,4.7,"Base survey of 2003"
"Barley","Allocated overhead","Taxes and insurance","dollars per planted acre","No specific size","Northern Crescent","United States",2007,5.45,"Base survey of 2003"
"Barley","Allocated overhead","Taxes and insurance","dollars per planted acre","No specific size","Northern Crescent","United States",2008,6.15,"Base survey of 2003"
"Barley","Allocated overhead","Taxes and insurance","dollars per planted acre","No specific size","Northern Crescent","United States",2009,5.91,"Base survey of 2003"
"Barley","Allocated overhead","Taxes and insurance","dollars per planted acre","No specific size","Northern Crescent","United States",2010,6.12,"Base survey of 2003"
"Barley","Allocated overhead","Taxes and insurance","dollars per planted acre","No specific size","Northern Crescent","United States",2011,4.98,"Base survey of 2011"
"Barley","Allocated overhead","Taxes and insurance","dollars per planted acre","No specific size","Northern Crescent","United States",2012,5.08,"Base survey of 2011"
"Barley","Allocated overhead","Taxes and insurance","dollars per planted acre","No specific size","Northern Crescent","United States",2013,5.13,"Base survey of 2011"
"Barley","Allocated overhead","Taxes and insurance","dollars per planted acre","No specific size","Northern Crescent","United States",2014,5.79,"Base survey of 2011"
"Barley","Allocated overhead","Taxes and insurance","dollars per planted acre","No specific size","Northern Crescent","United States",2015,5.47,"Base survey of 2011"
"Barley","Allocated overhead","Taxes and insurance","dollars per planted acre","No specific size","Northern Crescent","United States",2016,5.71,"Base survey of 2011"
"Barley","Allocated overhead","Taxes and insurance","dollars per planted acre","No specific size","Northern Crescent","United States",2017,5.79,"Base survey of 2011"
"Barley","Allocated overhead","Taxes and insurance","dollars per planted acre","No specific size","Northern Crescent","United States",2018,5.83,"Base survey of 2011"
"Barley","Allocated overhead","Taxes and insurance","dollars per planted acre","No specific size","Northern Crescent","United States",2019,13.91,"Base survey of 2019"
"Barley","Allocated overhead","Taxes and insurance","dollars per planted acre","No specific size","Northern Crescent","United States",2020,14.39,"Base survey of 2019"
"Barley","Allocated overhead","Taxes and insurance","dollars per planted acre","No specific size","Northern Crescent","United States",2021,15.88,"Base survey of 2019"
"Barley","Allocated overhead","Taxes and insurance","dollars per planted acre","No specific size","Northern Crescent","United States",2022,17.65,"Base survey of 2019"
"Barley","Allocated overhead","Taxes and insurance","dollars per planted acre","No specific size","Northern Crescent","United States",2023,19.94,"Base survey of 2019"
"Barley","Allocated overhead","Taxes and insurance","dollars per planted acre","No specific size","Northern Crescent","United States",2024,20.33,"Base survey of 2019"
"Barley","Allocated overhead","Taxes and insurance","dollars per planted acre","No specific size","Northern Great Plains","United States",2003,6.77,"Base survey of 2003"
"Barley","Allocated overhead","Taxes and insurance","dollars per planted acre","No specific size","Northern Great Plains","United States",2004,6.88,"Base survey of 2003"
"Barley","Allocated overhead","Taxes and insurance","dollars per planted acre","No specific size","Northern Great Plains","United States",2005,8.08,"Base survey of 2003"
"Barley","Allocated overhead","Taxes and insurance","dollars per planted acre","No specific size","Northern Great Plains","United States",2006,8.5,"Base survey of 2003"
"Barley","Allocated overhead","Taxes and insurance","dollars per planted acre","No specific size","Northern Great Plains","United States",2007,9.87,"Base survey of 2003"
"Barley","Allocated overhead","Taxes and insurance","dollars per planted acre","No specific size","Northern Great Plains","United States",2008,11.13,"Base survey of 2003"
"Barley","Allocated overhead","Taxes and insurance","dollars per planted acre","No specific size","Northern Great Plains","United States",2009,10.71,"Base survey of 2003"
"Barley","Allocated overhead","Taxes and insurance","dollars per planted acre","No specific size","Northern Great Plains","United States",2010,11.07,"Base survey of 2003"
"Barley","Allocated overhead","Taxes and insurance","dollars per planted acre","No specific size","Northern Great Plains","United States",2011,7.92,"Base survey of 2011"
"Barley","Allocated overhead","Taxes and insurance","dollars per planted acre","No specific size","Northern Great Plains","United States",2012,8.08,"Base survey of 2011"
"Barley","Allocated overhead","Taxes and insurance","dollars per planted acre","No specific size","Northern Great Plains","United States",2013,8.16,"Base survey of 2011"
"Barley","Allocated overhead","Taxes and insurance","dollars per planted acre","No specific size","Northern Great Plains","United States",2014,9.21,"Base survey of 2011"
"Barley","Allocated overhead","Taxes and insurance","dollars per planted acre","No specific size","Northern Great Plains","United States",2015,8.7,"Base survey of 2011"
"Barley","Allocated overhead","Taxes and insurance","dollars per planted acre","No specific size","Northern Great Plains","United States",2016,9.08,"Base survey of 2011"
"Barley","Allocated overhead","Taxes and insurance","dollars per planted acre","No specific size","Northern Great Plains","United States",2017,9.21,"Base survey of 2011"
"Barley","Allocated overhead","Taxes and insurance","dollars per planted acre","No specific size","Northern Great Plains","United States",2018,9.27,"Base survey of 2011"
"Barley","Allocated overhead","Taxes and insurance","dollars per planted acre","No specific size","Northern Great Plains","United States",2019,8.03,"Base survey of 2019"
"Barley","Allocated overhead","Taxes and insurance","dollars per planted acre","No specific size","Northern Great Plains","United States",2020,8.37,"Base survey of 2019"
"Barley","Allocated overhead","Taxes and insurance","dollars per planted acre","No specific size","Northern Great Plains","United States",2021,8.59,"Base survey of 2019"
"Barley","Allocated overhead","Taxes and insurance","dollars per planted acre","No specific size","Northern Great Plains","United States",2022,9.82,"Base survey of 2019"
"Barley","Allocated overhead","Taxes and insurance","dollars per planted acre","No specific size","Northern Great Plains","United States",2023,9.96,"Base survey of 2019"
"Barley","Allocated overhead","Taxes and insurance","dollars per planted acre","No specific size","Northern Great Plains","United States",2024,10.1,"Base survey of 2019"
"Barley","Allocated overhead","Taxes and insurance","dollars per planted acre","No specific size","Basin and Range","United States",2003,6.53,"Base survey of 2003"
"Barley","Allocated overhead","Taxes and insurance","dollars per planted acre","No specific size","Basin and Range","United States",2004,6.63,"Base survey of 2003"
"Barley","Allocated overhead","Taxes and insurance","dollars per planted acre","No specific size","Basin and Range","United States",2005,7.8,"Base survey of 2003"
"Barley","Allocated overhead","Taxes and insurance","dollars per planted acre","No specific size","Basin and Range","United States",2006,8.2,"Base survey of 2003"
"Barley","Allocated overhead","Taxes and insurance","dollars per planted acre","No specific size","Basin and Range","United States",2007,9.52,"Base survey of 2003"
"Barley","Allocated overhead","Taxes and insurance","dollars per planted acre","No specific size","Basin and Range","United States",2008,10.73,"Base survey of 2003"
"Barley","Allocated overhead","Taxes and insurance","dollars per planted acre","No specific size","Basin and Range","United States",2009,10.33,"Base survey of 2003"
"Barley","Allocated overhead","Taxes and insurance","dollars per planted acre","No specific size","Basin and Range","United States",2010,10.68,"Base survey of 2003"
"Barley","Allocated overhead","Taxes and insurance","dollars per planted acre","No specific size","Basin and Range","United States",2011,10.17,"Base survey of 2011"
"Barley","Allocated overhead","Taxes and insurance","dollars per planted acre","No specific size","Basin and Range","United States",2012,10.37,"Base survey of 2011"
"Barley","Allocated overhead","Taxes and insurance","dollars per planted acre","No specific size","Basin and Range","United States",2013,10.48,"Base survey of 2011"
"Barley","Allocated overhead","Taxes and insurance","dollars per planted acre","No specific size","Basin and Range","United States",2014,11.83,"Base survey of 2011"
"Barley","Allocated overhead","Taxes and insurance","dollars per planted acre","No specific size","Basin and Range","United States",2015,11.18,"Base survey of 2011"
"Barley","Allocated overhead","Taxes and insurance","dollars per planted acre","No specific size","Basin and Range","United States",2016,11.66,"Base survey of 2011"
"Barley","Allocated overhead","Taxes and insurance","dollars per planted acre","No specific size","Basin and Range","United States",2017,11.83,"Base survey of 2011"
"Barley","Allocated overhead","Taxes and insurance","dollars per planted acre","No specific size","Basin and Range","United States",2018,11.91,"Base survey of 2011"
"Barley","Allocated overhead","Taxes and insurance","dollars per planted acre","No specific size","Basin and Range","United States",2019,16.2,"Base survey of 2019"
"Barley","Allocated overhead","Taxes and insurance","dollars per planted acre","No specific size","Basin and Range","United States",2020,16.98,"Base survey of 2019"
"Barley","Allocated overhead","Taxes and insurance","dollars per planted acre","No specific size","Basin and Range","United States",2021,17.57,"Base survey of 2019"
"Barley","Allocated overhead","Taxes and insurance","dollars per planted acre","No specific size","Basin and Range","United States",2022,19.68,"Base survey of 2019"
"Barley","Allocated overhead","Taxes and insurance","dollars per planted acre","No specific size","Basin and Range","United States",2023,20.13,"Base survey of 2019"
"Barley","Allocated overhead","Taxes and insurance","dollars per planted acre","No specific size","Basin and Range","United States",2024,21.9,"Base survey of 2019"
"Barley","Allocated overhead","Taxes and insurance","dollars per planted acre","No specific size","Fruitful Rim","United States",2003,6.71,"Base survey of 2003"
"Barley","Allocated overhead","Taxes and insurance","dollars per planted acre","No specific size","Fruitful Rim","United States",2004,6.81,"Base survey of 2003"
"Barley","Allocated overhead","Taxes and insurance","dollars per planted acre","No specific size","Fruitful Rim","United States",2005,8.01,"Base survey of 2003"
"Barley","Allocated overhead","Taxes and insurance","dollars per planted acre","No specific size","Fruitful Rim","United States",2006,8.43,"Base survey of 2003"
"Barley","Allocated overhead","Taxes and insurance","dollars per planted acre","No specific size","Fruitful Rim","United States",2007,9.78,"Base survey of 2003"
"Barley","Allocated overhead","Taxes and insurance","dollars per planted acre","No specific size","Fruitful Rim","United States",2008,11.03,"Base survey of 2003"
"Barley","Allocated overhead","Taxes and insurance","dollars per planted acre","No specific size","Fruitful Rim","United States",2009,10.61,"Base survey of 2003"
"Barley","Allocated overhead","Taxes and insurance","dollars per planted acre","No specific size","Fruitful Rim","United States",2010,10.98,"Base survey of 2003"
"Barley","Allocated overhead","Taxes and insurance","dollars per planted acre","No specific size","Fruitful Rim","United States",2011,9.2,"Base survey of 2011"
"Barley","Allocated overhead","Taxes and insurance","dollars per planted acre","No specific size","Fruitful Rim","United States",2012,9.38,"Base survey of 2011"
"Barley","Allocated overhead","Taxes and insurance","dollars per planted acre","No specific size","Fruitful Rim","United States",2013,9.48,"Base survey of 2011"
"Barley","Allocated overhead","Taxes and insurance","dollars per planted acre","No specific size","Fruitful Rim","United States",2014,10.7,"Base survey of 2011"
"Barley","Allocated overhead","Taxes and insurance","dollars per planted acre","No specific size","Fruitful Rim","United States",2015,10.11,"Base survey of 2011"
"Barley","Allocated overhead","Taxes and insurance","dollars per planted acre","No specific size","Fruitful Rim","United States",2016,10.55,"Base survey of 2011"
"Barley","Allocated overhead","Taxes and insurance","dollars per planted acre","No specific size","Fruitful Rim","United States",2017,10.7,"Base survey of 2011"
"Barley","Allocated overhead","Taxes and insurance","dollars per planted acre","No specific size","Fruitful Rim","United States",2018,10.77,"Base survey of 2011"
"Barley","Allocated overhead","Taxes and insurance","dollars per planted acre","No specific size","Fruitful Rim","United States",2019,16.44,"Base survey of 2019"
"Barley","Allocated overhead","Taxes and insurance","dollars per planted acre","No specific size","Fruitful Rim","United States",2020,17.43,"Base survey of 2019"
"Barley","Allocated overhead","Taxes and insurance","dollars per planted acre","No specific size","Fruitful Rim","United States",2021,17.9,"Base survey of 2019"
"Barley","Allocated overhead","Taxes and insurance","dollars per planted acre","No specific size","Fruitful Rim","United States",2022,20.27,"Base survey of 2019"
"Barley","Allocated overhead","Taxes and insurance","dollars per planted acre","No specific size","Fruitful Rim","United States",2023,20.99,"Base survey of 2019"
"Barley","Allocated overhead","Taxes and insurance","dollars per planted acre","No specific size","Fruitful Rim","United States",2024,22.44,"Base survey of 2019"
"Barley","Allocated overhead","General farm overhead","dollars per planted acre","No specific size","U.S. total","United States",2003,8.59,"Base survey of 2003"
"Barley","Allocated overhead","General farm overhead","dollars per planted acre","No specific size","U.S. total","United States",2004,8.78,"Base survey of 2003"
"Barley","Allocated overhead","General farm overhead","dollars per planted acre","No specific size","U.S. total","United States",2005,9.25,"Base survey of 2003"
"Barley","Allocated overhead","General farm overhead","dollars per planted acre","No specific size","U.S. total","United States",2006,9.58,"Base survey of 2003"
"Barley","Allocated overhead","General farm overhead","dollars per planted acre","No specific size","U.S. total","United States",2007,10.03,"Base survey of 2003"
"Barley","Allocated overhead","General farm overhead","dollars per planted acre","No specific size","U.S. total","United States",2008,10.26,"Base survey of 2003"
"Barley","Allocated overhead","General farm overhead","dollars per planted acre","No specific size","U.S. total","United States",2009,10.47,"Base survey of 2003"
"Barley","Allocated overhead","General farm overhead","dollars per planted acre","No specific size","U.S. total","United States",2010,10.81,"Base survey of 2003"
"Barley","Allocated overhead","General farm overhead","dollars per planted acre","No specific size","U.S. total","United States",2011,17.62,"Base survey of 2011"
"Barley","Allocated overhead","General farm overhead","dollars per planted acre","No specific size","U.S. total","United States",2012,16.78,"Base survey of 2011"
"Barley","Allocated overhead","General farm overhead","dollars per planted acre","No specific size","U.S. total","United States",2013,17.5,"Base survey of 2011"
"Barley","Allocated overhead","General farm overhead","dollars per planted acre","No specific size","U.S. total","United States",2014,17.65,"Base survey of 2011"
"Barley","Allocated overhead","General farm overhead","dollars per planted acre","No specific size","U.S. total","United States",2015,16.76,"Base survey of 2011"
"Barley","Allocated overhead","General farm overhead","dollars per planted acre","No specific size","U.S. total","United States",2016,17.5,"Base survey of 2011"
"Barley","Allocated overhead","General farm overhead","dollars per planted acre","No specific size","U.S. total","United States",2017,18.33,"Base survey of 2011"
"Barley","Allocated overhead","General farm overhead","dollars per planted acre","No specific size","U.S. total","United States",2018,19.05,"Base survey of 2011"
"Barley","Allocated overhead","General farm overhead","dollars per planted acre","No specific size","U.S. total","United States",2019,18.79,"Base survey of 2019"
"Barley","Allocated overhead","General farm overhead","dollars per planted acre","No specific size","U.S. total","United States",2020,19.1,"Base survey of 2019"
"Barley","Allocated overhead","General farm overhead","dollars per planted acre","No specific size","U.S. total","United States",2021,20.31,"Base survey of 2019"
"Barley","Allocated overhead","General farm overhead","dollars per planted acre","No specific size","U.S. total","United States",2022,22.48,"Base survey of 2019"
"Barley","Allocated overhead","General farm overhead","dollars per planted acre","No specific size","U.S. total","United States",2023,22.94,"Base survey of 2019"
"Barley","Allocated overhead","General farm overhead","dollars per planted acre","No specific size","U.S. total","United States",2024,23.77,"Base survey of 2019"
"Barley","Allocated overhead","General farm overhead","dollars per planted acre","No specific size","Heartland","United States",2003,7.32,"Base survey of 2003"
"Barley","Allocated overhead","General farm overhead","dollars per planted acre","No specific size","Heartland","United States",2004,7.48,"Base survey of 2003"
"Barley","Allocated overhead","General farm overhead","dollars per planted acre","No specific size","Heartland","United States",2005,7.88,"Base survey of 2003"
"Barley","Allocated overhead","General farm overhead","dollars per planted acre","No specific size","Heartland","United States",2006,8.16,"Base survey of 2003"
"Barley","Allocated overhead","General farm overhead","dollars per planted acre","No specific size","Heartland","United States",2007,8.45,"Base survey of 2003"
"Barley","Allocated overhead","General farm overhead","dollars per planted acre","No specific size","Heartland","United States",2008,8.67,"Base survey of 2003"
"Barley","Allocated overhead","General farm overhead","dollars per planted acre","No specific size","Heartland","United States",2009,8.84,"Base survey of 2003"
"Barley","Allocated overhead","General farm overhead","dollars per planted acre","No specific size","Heartland","United States",2010,9.01,"Base survey of 2003"
"Barley","Allocated overhead","General farm overhead","dollars per planted acre","No specific size","Northern Crescent","United States",2003,8.06,"Base survey of 2003"
"Barley","Allocated overhead","General farm overhead","dollars per planted acre","No specific size","Northern Crescent","United States",2004,8.24,"Base survey of 2003"
"Barley","Allocated overhead","General farm overhead","dollars per planted acre","No specific size","Northern Crescent","United States",2005,8.68,"Base survey of 2003"
"Barley","Allocated overhead","General farm overhead","dollars per planted acre","No specific size","Northern Crescent","United States",2006,8.99,"Base survey of 2003"
"Barley","Allocated overhead","General farm overhead","dollars per planted acre","No specific size","Northern Crescent","United States",2007,9.3,"Base survey of 2003"
"Barley","Allocated overhead","General farm overhead","dollars per planted acre","No specific size","Northern Crescent","United States",2008,9.55,"Base survey of 2003"
"Barley","Allocated overhead","General farm overhead","dollars per planted acre","No specific size","Northern Crescent","United States",2009,9.73,"Base survey of 2003"
"Barley","Allocated overhead","General farm overhead","dollars per planted acre","No specific size","Northern Crescent","United States",2010,9.92,"Base survey of 2003"
"Barley","Allocated overhead","General farm overhead","dollars per planted acre","No specific size","Northern Crescent","United States",2011,12.05,"Base survey of 2011"
"Barley","Allocated overhead","General farm overhead","dollars per planted acre","No specific size","Northern Crescent","United States",2012,12.41,"Base survey of 2011"
"Barley","Allocated overhead","General farm overhead","dollars per planted acre","No specific size","Northern Crescent","United States",2013,12.53,"Base survey of 2011"
"Barley","Allocated overhead","General farm overhead","dollars per planted acre","No specific size","Northern Crescent","United States",2014,12.74,"Base survey of 2011"
"Barley","Allocated overhead","General farm overhead","dollars per planted acre","No specific size","Northern Crescent","United States",2015,12.75,"Base survey of 2011"
"Barley","Allocated overhead","General farm overhead","dollars per planted acre","No specific size","Northern Crescent","United States",2016,12.77,"Base survey of 2011"
"Barley","Allocated overhead","General farm overhead","dollars per planted acre","No specific size","Northern Crescent","United States",2017,13,"Base survey of 2011"
"Barley","Allocated overhead","General farm overhead","dollars per planted acre","No specific size","Northern Crescent","United States",2018,13.45,"Base survey of 2011"
"Barley","Allocated overhead","General farm overhead","dollars per planted acre","No specific size","Northern Crescent","United States",2019,31.84,"Base survey of 2019"
"Barley","Allocated overhead","General farm overhead","dollars per planted acre","No specific size","Northern Crescent","United States",2020,32.34,"Base survey of 2019"
"Barley","Allocated overhead","General farm overhead","dollars per planted acre","No specific size","Northern Crescent","United States",2021,36.45,"Base survey of 2019"
"Barley","Allocated overhead","General farm overhead","dollars per planted acre","No specific size","Northern Crescent","United States",2022,40.02,"Base survey of 2019"
"Barley","Allocated overhead","General farm overhead","dollars per planted acre","No specific size","Northern Crescent","United States",2023,43.75,"Base survey of 2019"
"Barley","Allocated overhead","General farm overhead","dollars per planted acre","No specific size","Northern Crescent","United States",2024,43.71,"Base survey of 2019"
"Barley","Allocated overhead","General farm overhead","dollars per planted acre","No specific size","Northern Great Plains","United States",2003,8.1,"Base survey of 2003"
"Barley","Allocated overhead","General farm overhead","dollars per planted acre","No specific size","Northern Great Plains","United States",2004,8.28,"Base survey of 2003"
"Barley","Allocated overhead","General farm overhead","dollars per planted acre","No specific size","Northern Great Plains","United States",2005,8.72,"Base survey of 2003"
"Barley","Allocated overhead","General farm overhead","dollars per planted acre","No specific size","Northern Great Plains","United States",2006,9.03,"Base survey of 2003"
"Barley","Allocated overhead","General farm overhead","dollars per planted acre","No specific size","Northern Great Plains","United States",2007,9.35,"Base survey of 2003"
"Barley","Allocated overhead","General farm overhead","dollars per planted acre","No specific size","Northern Great Plains","United States",2008,9.6,"Base survey of 2003"
"Barley","Allocated overhead","General farm overhead","dollars per planted acre","No specific size","Northern Great Plains","United States",2009,9.78,"Base survey of 2003"
"Barley","Allocated overhead","General farm overhead","dollars per planted acre","No specific size","Northern Great Plains","United States",2010,9.97,"Base survey of 2003"
"Barley","Allocated overhead","General farm overhead","dollars per planted acre","No specific size","Northern Great Plains","United States",2011,10.71,"Base survey of 2011"
"Barley","Allocated overhead","General farm overhead","dollars per planted acre","No specific size","Northern Great Plains","United States",2012,11.03,"Base survey of 2011"
"Barley","Allocated overhead","General farm overhead","dollars per planted acre","No specific size","Northern Great Plains","United States",2013,11.14,"Base survey of 2011"
"Barley","Allocated overhead","General farm overhead","dollars per planted acre","No specific size","Northern Great Plains","United States",2014,11.32,"Base survey of 2011"
"Barley","Allocated overhead","General farm overhead","dollars per planted acre","No specific size","Northern Great Plains","United States",2015,11.33,"Base survey of 2011"
"Barley","Allocated overhead","General farm overhead","dollars per planted acre","No specific size","Northern Great Plains","United States",2016,11.35,"Base survey of 2011"
"Barley","Allocated overhead","General farm overhead","dollars per planted acre","No specific size","Northern Great Plains","United States",2017,11.56,"Base survey of 2011"
"Barley","Allocated overhead","General farm overhead","dollars per planted acre","No specific size","Northern Great Plains","United States",2018,11.95,"Base survey of 2011"
"Barley","Allocated overhead","General farm overhead","dollars per planted acre","No specific size","Northern Great Plains","United States",2019,15.35,"Base survey of 2019"
"Barley","Allocated overhead","General farm overhead","dollars per planted acre","No specific size","Northern Great Plains","United States",2020,15.51,"Base survey of 2019"
"Barley","Allocated overhead","General farm overhead","dollars per planted acre","No specific size","Northern Great Plains","United States",2021,16.52,"Base survey of 2019"
"Barley","Allocated overhead","General farm overhead","dollars per planted acre","No specific size","Northern Great Plains","United States",2022,18.56,"Base survey of 2019"
"Barley","Allocated overhead","General farm overhead","dollars per planted acre","No specific size","Northern Great Plains","United States",2023,18.89,"Base survey of 2019"
"Barley","Allocated overhead","General farm overhead","dollars per planted acre","No specific size","Northern Great Plains","United States",2024,18.57,"Base survey of 2019"
"Barley","Allocated overhead","General farm overhead","dollars per planted acre","No specific size","Basin and Range","United States",2003,8.56,"Base survey of 2003"
"Barley","Allocated overhead","General farm overhead","dollars per planted acre","No specific size","Basin and Range","United States",2004,8.75,"Base survey of 2003"
"Barley","Allocated overhead","General farm overhead","dollars per planted acre","No specific size","Basin and Range","United States",2005,9.22,"Base survey of 2003"
"Barley","Allocated overhead","General farm overhead","dollars per planted acre","No specific size","Basin and Range","United States",2006,9.55,"Base survey of 2003"
"Barley","Allocated overhead","General farm overhead","dollars per planted acre","No specific size","Basin and Range","United States",2007,9.88,"Base survey of 2003"
"Barley","Allocated overhead","General farm overhead","dollars per planted acre","No specific size","Basin and Range","United States",2008,10.14,"Base survey of 2003"
"Barley","Allocated overhead","General farm overhead","dollars per planted acre","No specific size","Basin and Range","United States",2009,10.34,"Base survey of 2003"
"Barley","Allocated overhead","General farm overhead","dollars per planted acre","No specific size","Basin and Range","United States",2010,10.54,"Base survey of 2003"
"Barley","Allocated overhead","General farm overhead","dollars per planted acre","No specific size","Basin and Range","United States",2011,18.88,"Base survey of 2011"
"Barley","Allocated overhead","General farm overhead","dollars per planted acre","No specific size","Basin and Range","United States",2012,19.45,"Base survey of 2011"
"Barley","Allocated overhead","General farm overhead","dollars per planted acre","No specific size","Basin and Range","United States",2013,19.64,"Base survey of 2011"
"Barley","Allocated overhead","General farm overhead","dollars per planted acre","No specific size","Basin and Range","United States",2014,19.96,"Base survey of 2011"
"Barley","Allocated overhead","General farm overhead","dollars per planted acre","No specific size","Basin and Range","United States",2015,19.98,"Base survey of 2011"
"Barley","Allocated overhead","General farm overhead","dollars per planted acre","No specific size","Basin and Range","United States",2016,20.01,"Base survey of 2011"
"Barley","Allocated overhead","General farm overhead","dollars per planted acre","No specific size","Basin and Range","United States",2017,20.37,"Base survey of 2011"
"Barley","Allocated overhead","General farm overhead","dollars per planted acre","No specific size","Basin and Range","United States",2018,21.07,"Base survey of 2011"
"Barley","Allocated overhead","General farm overhead","dollars per planted acre","No specific size","Basin and Range","United States",2019,22.2,"Base survey of 2019"
"Barley","Allocated overhead","General farm overhead","dollars per planted acre","No specific size","Basin and Range","United States",2020,22.43,"Base survey of 2019"
"Barley","Allocated overhead","General farm overhead","dollars per planted acre","No specific size","Basin and Range","United States",2021,24.23,"Base survey of 2019"
"Barley","Allocated overhead","General farm overhead","dollars per planted acre","No specific size","Basin and Range","United States",2022,26.91,"Base survey of 2019"
"Barley","Allocated overhead","General farm overhead","dollars per planted acre","No specific size","Basin and Range","United States",2023,27.39,"Base survey of 2019"
"Barley","Allocated overhead","General farm overhead","dollars per planted acre","No specific size","Basin and Range","United States",2024,28.25,"Base survey of 2019"
"Barley","Allocated overhead","General farm overhead","dollars per planted acre","No specific size","Fruitful Rim","United States",2003,10.48,"Base survey of 2003"
"Barley","Allocated overhead","General farm overhead","dollars per planted acre","No specific size","Fruitful Rim","United States",2004,10.71,"Base survey of 2003"
"Barley","Allocated overhead","General farm overhead","dollars per planted acre","No specific size","Fruitful Rim","United States",2005,11.29,"Base survey of 2003"
"Barley","Allocated overhead","General farm overhead","dollars per planted acre","No specific size","Fruitful Rim","United States",2006,11.69,"Base survey of 2003"
"Barley","Allocated overhead","General farm overhead","dollars per planted acre","No specific size","Fruitful Rim","United States",2007,12.09,"Base survey of 2003"
"Barley","Allocated overhead","General farm overhead","dollars per planted acre","No specific size","Fruitful Rim","United States",2008,12.41,"Base survey of 2003"
"Barley","Production practices","Irrigated","percent of acres","No specific size","Fruitful Rim","United States",2019,45,"Base survey of 2019"
"Barley","Production practices","Irrigated","percent of acres","No specific size","Fruitful Rim","United States",2020,45,"Base survey of 2019"
"Barley","Production practices","Irrigated","percent of acres","No specific size","Fruitful Rim","United States",2021,45,"Base survey of 2019"
"Barley","Production practices","Irrigated","percent of acres","No specific size","Fruitful Rim","United States",2022,46,"Base survey of 2019"
"Barley","Production practices","Irrigated","percent of acres","No specific size","Fruitful Rim","United States",2023,45,"Base survey of 2019"
"Barley","Production practices","Irrigated","percent of acres","No specific size","Fruitful Rim","United States",2024,45,"Base survey of 2019"
"Barley","Supporting information","Yield","bushels per planted acre","No specific size","Northern Crescent","United States",2025,59,"Base survey of 2019"
"Barley","Gross value of production","Primary product, grain","dollars per planted acre","No specific size","Fruitful Rim","United States",2025,546.12,"Base survey of 2019"
"Barley","Gross value of production","Primary product, grain","dollars per planted acre","No specific size","Northern Great Plains","United States",2025,287.01,"Base survey of 2019"
"Barley","Supporting information","Yield","bushels per planted acre","No specific size","Basin and Range","United States",2025,70,"Base survey of 2019"
"Barley","Supporting information","Yield","bushels per planted acre","No specific size","Fruitful Rim","United States",2025,96,"Base survey of 2019"
"Barley","Gross value of production","Primary product, grain","dollars per planted acre","No specific size","Northern Crescent","United States",2025,269.43,"Base survey of 2019"
"Barley","Production practices","Dryland","percent of acres","No specific size","U.S. total","United States",2025,83,"Base survey of 2019"
"Barley","Operating costs","Total, operating costs","dollars per planted acre","No specific size","U.S. total","United States",2025,189.34,"Base survey of 2019"
"Barley","Operating costs","Fertilizer  ","dollars per planted acre","No specific size","Fruitful Rim","United States",2025,77.08,"Base survey of 2019"
"Barley","Gross value of production","Total, gross value of production","dollars per planted acre","No specific size","Basin and Range","United States",2025,388,"Base survey of 2019"
"Barley","Operating costs","Interest on operating inputs","dollars per planted acre","No specific size","U.S. total","United States",2025,3.68,"Base survey of 2019"
"Barley","Gross value of production","Total, gross value of production","dollars per planted acre","No specific size","Northern Crescent","United States",2025,314.23,"Base survey of 2019"
"Barley","Supporting information","Yield","bushels per planted acre","No specific size","Northern Great Plains","United States",2025,57,"Base survey of 2019"
"Barley","Net value","Value of production less operating costs","dollars per planted acre","No specific size","Northern Crescent","United States",2025,73.55,"Base survey of 2019"
"Barley","Net value","Value of production less total costs listed","dollars per planted acre","No specific size","U.S. total","United States",2025,-123.97,"Base survey of 2019"
"Barley","Operating costs","Fuel, lube, and electricity","dollars per planted acre","No specific size","U.S. total","United States",2025,20.46,"Base survey of 2019"
"Barley","Operating costs","Fuel, lube, and electricity","dollars per planted acre","No specific size","Northern Crescent","United States",2025,18.24,"Base survey of 2019"
"Barley","Allocated overhead","Opportunity cost of land","dollars per planted acre","No specific size","Fruitful Rim","United States",2025,194.6,"Base survey of 2019"
"Barley","Operating costs","Custom services","dollars per planted acre","No specific size","Fruitful Rim","United States",2025,9.3,"Base survey of 2019"
"Barley","Allocated overhead","Hired labor","dollars per planted acre","No specific size","U.S. total","United States",2025,5.63,"Base survey of 2019"
"Barley","Operating costs","Repairs","dollars per planted acre","No specific size","Basin and Range","United States",2025,39.35,"Base survey of 2019"
"Barley","Allocated overhead","Opportunity cost of unpaid labor","dollars per planted acre","No specific size","Fruitful Rim","United States",2025,26.36,"Base survey of 2019"
"Barley","Allocated overhead","Taxes and insurance","dollars per planted acre","No specific size","Basin and Range","United States",2025,23.35,"Base survey of 2019"
"Barley","Production practices","Irrigated","percent of acres","No specific size","U.S. total","United States",2025,17,"Base survey of 2019"
"Barley","Allocated overhead","Opportunity cost of unpaid labor","dollars per planted acre","No specific size","Northern Crescent","United States",2025,25.96,"Base survey of 2019"
"Barley","Gross value of production","Secondary product, silage/straw/grazing","dollars per planted acre","No specific size","Northern Crescent","United States",2025,44.79,"Base survey of 2019"
"Barley","Operating costs","Custom services","dollars per planted acre","No specific size","Northern Crescent","United States",2025,31.95,"Base survey of 2019"
"Barley","Operating costs","Chemicals","dollars per planted acre","No specific size","Basin and Range","United States",2025,25.23,"Base survey of 2019"
"Barley","Operating costs","Repairs","dollars per planted acre","No specific size","U.S. total","United States",2025,36.65,"Base survey of 2019"
"Barley","Allocated overhead","General farm overhead","dollars per planted acre","No specific size","Fruitful Rim","United States",2009,12.66,"Base survey of 2003"
"Barley","Allocated overhead","General farm overhead","dollars per planted acre","No specific size","Fruitful Rim","United States",2010,12.9,"Base survey of 2003"
"Barley","Allocated overhead","General farm overhead","dollars per planted acre","No specific size","Fruitful Rim","United States",2011,27.29,"Base survey of 2011"
"Barley","Allocated overhead","General farm overhead","dollars per planted acre","No specific size","Fruitful Rim","United States",2012,28.11,"Base survey of 2011"
"Barley","Allocated overhead","General farm overhead","dollars per planted acre","No specific size","Fruitful Rim","United States",2013,28.38,"Base survey of 2011"
"Barley","Allocated overhead","General farm overhead","dollars per planted acre","No specific size","Fruitful Rim","United States",2014,28.85,"Base survey of 2011"
"Barley","Allocated overhead","General farm overhead","dollars per planted acre","No specific size","Fruitful Rim","United States",2015,28.87,"Base survey of 2011"
"Barley","Allocated overhead","General farm overhead","dollars per planted acre","No specific size","Fruitful Rim","United States",2016,28.93,"Base survey of 2011"
"Barley","Allocated overhead","General farm overhead","dollars per planted acre","No specific size","Fruitful Rim","United States",2017,29.45,"Base survey of 2011"
"Barley","Allocated overhead","General farm overhead","dollars per planted acre","No specific size","Fruitful Rim","United States",2018,30.46,"Base survey of 2011"
"Barley","Allocated overhead","General farm overhead","dollars per planted acre","No specific size","Fruitful Rim","United States",2019,24.79,"Base survey of 2019"
"Barley","Allocated overhead","General farm overhead","dollars per planted acre","No specific size","Fruitful Rim","United States",2020,25.32,"Base survey of 2019"
"Barley","Allocated overhead","General farm overhead","dollars per planted acre","No specific size","Fruitful Rim","United States",2021,26.95,"Base survey of 2019"
"Barley","Allocated overhead","General farm overhead","dollars per planted acre","No specific size","Fruitful Rim","United States",2022,30.12,"Base survey of 2019"
"Barley","Allocated overhead","General farm overhead","dollars per planted acre","No specific size","Fruitful Rim","United States",2023,31.13,"Base survey of 2019"
"Barley","Allocated overhead","General farm overhead","dollars per planted acre","No specific size","Fruitful Rim","United States",2024,31.65,"Base survey of 2019"
"Barley","Allocated overhead","Total, allocated overhead","dollars per planted acre","No specific size","U.S. total","United States",2003,152.2,"Base survey of 2003"
"Barley","Allocated overhead","Total, allocated overhead","dollars per planted acre","No specific size","U.S. total","United States",2004,155.28,"Base survey of 2003"
"Barley","Allocated overhead","Total, allocated overhead","dollars per planted acre","No specific size","U.S. total","United States",2005,164.87,"Base survey of 2003"
"Barley","Allocated overhead","Total, allocated overhead","dollars per planted acre","No specific size","U.S. total","United States",2006,169.46,"Base survey of 2003"
"Barley","Allocated overhead","Total, allocated overhead","dollars per planted acre","No specific size","U.S. total","United States",2007,192.4,"Base survey of 2003"
"Barley","Allocated overhead","Total, allocated overhead","dollars per planted acre","No specific size","U.S. total","United States",2008,206.8,"Base survey of 2003"
"Barley","Allocated overhead","Total, allocated overhead","dollars per planted acre","No specific size","U.S. total","United States",2009,227.67,"Base survey of 2003"
"Barley","Allocated overhead","Total, allocated overhead","dollars per planted acre","No specific size","U.S. total","United States",2010,241.38,"Base survey of 2003"
"Barley","Allocated overhead","Total, allocated overhead","dollars per planted acre","No specific size","U.S. total","United States",2011,231.39,"Base survey of 2011"
"Barley","Allocated overhead","Total, allocated overhead","dollars per planted acre","No specific size","U.S. total","United States",2012,235.3,"Base survey of 2011"
"Barley","Allocated overhead","Total, allocated overhead","dollars per planted acre","No specific size","U.S. total","United States",2013,250.92,"Base survey of 2011"
"Barley","Allocated overhead","Total, allocated overhead","dollars per planted acre","No specific size","U.S. total","United States",2014,258.72,"Base survey of 2011"
"Barley","Allocated overhead","Total, allocated overhead","dollars per planted acre","No specific size","U.S. total","United States",2015,254.92,"Base survey of 2011"
"Barley","Allocated overhead","Total, allocated overhead","dollars per planted acre","No specific size","U.S. total","United States",2016,259.69,"Base survey of 2011"
"Barley","Allocated overhead","Total, allocated overhead","dollars per planted acre","No specific size","U.S. total","United States",2017,268.3,"Base survey of 2011"
"Barley","Allocated overhead","Total, allocated overhead","dollars per planted acre","No specific size","U.S. total","United States",2018,275.81,"Base survey of 2011"
"Barley","Allocated overhead","Total, allocated overhead","dollars per planted acre","No specific size","U.S. total","United States",2019,230.36,"Base survey of 2019"
"Barley","Allocated overhead","Total, allocated overhead","dollars per planted acre","No specific size","U.S. total","United States",2020,234.71,"Base survey of 2019"
"Barley","Allocated overhead","Total, allocated overhead","dollars per planted acre","No specific size","U.S. total","United States",2021,259.66,"Base survey of 2019"
"Barley","Allocated overhead","Total, allocated overhead","dollars per planted acre","No specific size","U.S. total","United States",2022,274.6,"Base survey of 2019"
"Barley","Allocated overhead","Total, allocated overhead","dollars per planted acre","No specific size","U.S. total","United States",2023,283.68,"Base survey of 2019"
"Barley","Allocated overhead","Total, allocated overhead","dollars per planted acre","No specific size","U.S. total","United States",2024,300.06,"Base survey of 2019"
"Barley","Allocated overhead","Total, allocated overhead","dollars per planted acre","No specific size","Heartland","United States",2003,131,"Base survey of 2003"
"Barley","Allocated overhead","Total, allocated overhead","dollars per planted acre","No specific size","Heartland","United States",2004,133.26,"Base survey of 2003"
"Barley","Allocated overhead","Total, allocated overhead","dollars per planted acre","No specific size","Heartland","United States",2005,139.81,"Base survey of 2003"
"Barley","Allocated overhead","Total, allocated overhead","dollars per planted acre","No specific size","Heartland","United States",2006,142.74,"Base survey of 2003"
"Barley","Allocated overhead","Total, allocated overhead","dollars per planted acre","No specific size","Heartland","United States",2007,160.24,"Base survey of 2003"
"Barley","Allocated overhead","Total, allocated overhead","dollars per planted acre","No specific size","Heartland","United States",2008,173.31,"Base survey of 2003"
"Barley","Allocated overhead","Total, allocated overhead","dollars per planted acre","No specific size","Heartland","United States",2009,191.42,"Base survey of 2003"
"Barley","Allocated overhead","Total, allocated overhead","dollars per planted acre","No specific size","Heartland","United States",2010,196.89,"Base survey of 2003"
"Barley","Allocated overhead","Total, allocated overhead","dollars per planted acre","No specific size","Northern Crescent","United States",2003,134.92,"Base survey of 2003"
"Barley","Allocated overhead","Total, allocated overhead","dollars per planted acre","No specific size","Northern Crescent","United States",2004,137.4,"Base survey of 2003"
"Barley","Allocated overhead","Total, allocated overhead","dollars per planted acre","No specific size","Northern Crescent","United States",2005,144.14,"Base survey of 2003"
"Barley","Allocated overhead","Total, allocated overhead","dollars per planted acre","No specific size","Northern Crescent","United States",2006,147.48,"Base survey of 2003"
"Barley","Allocated overhead","Total, allocated overhead","dollars per planted acre","No specific size","Northern Crescent","United States",2007,164.13,"Base survey of 2003"
"Barley","Allocated overhead","Total, allocated overhead","dollars per planted acre","No specific size","Northern Crescent","United States",2008,176.97,"Base survey of 2003"
"Barley","Allocated overhead","Total, allocated overhead","dollars per planted acre","No specific size","Northern Crescent","United States",2009,194.19,"Base survey of 2003"
"Barley","Allocated overhead","Total, allocated overhead","dollars per planted acre","No specific size","Northern Crescent","United States",2010,199.56,"Base survey of 2003"
"Barley","Allocated overhead","Total, allocated overhead","dollars per planted acre","No specific size","Northern Crescent","United States",2011,190.88,"Base survey of 2011"
"Barley","Allocated overhead","Total, allocated overhead","dollars per planted acre","No specific size","Northern Crescent","United States",2012,205.14,"Base survey of 2011"
"Barley","Allocated overhead","Total, allocated overhead","dollars per planted acre","No specific size","Northern Crescent","United States",2013,215.12,"Base survey of 2011"
"Barley","Allocated overhead","Total, allocated overhead","dollars per planted acre","No specific size","Northern Crescent","United States",2014,222.4,"Base survey of 2011"
"Barley","Allocated overhead","Total, allocated overhead","dollars per planted acre","No specific size","Northern Crescent","United States",2015,227.27,"Base survey of 2011"
"Barley","Allocated overhead","Total, allocated overhead","dollars per planted acre","No specific size","Northern Crescent","United States",2016,224.54,"Base survey of 2011"
"Barley","Allocated overhead","Total, allocated overhead","dollars per planted acre","No specific size","Northern Crescent","United States",2017,227.58,"Base survey of 2011"
"Barley","Allocated overhead","Total, allocated overhead","dollars per planted acre","No specific size","Northern Crescent","United States",2018,233.95,"Base survey of 2011"
"Barley","Allocated overhead","Total, allocated overhead","dollars per planted acre","No specific size","Northern Crescent","United States",2019,247.53,"Base survey of 2019"
"Barley","Allocated overhead","Total, allocated overhead","dollars per planted acre","No specific size","Northern Crescent","United States",2020,251.85,"Base survey of 2019"
"Barley","Allocated overhead","Total, allocated overhead","dollars per planted acre","No specific size","Northern Crescent","United States",2021,268.34,"Base survey of 2019"
"Barley","Allocated overhead","Total, allocated overhead","dollars per planted acre","No specific size","Northern Crescent","United States",2022,287.75,"Base survey of 2019"
"Barley","Allocated overhead","Total, allocated overhead","dollars per planted acre","No specific size","Northern Crescent","United States",2023,302.11,"Base survey of 2019"
"Barley","Allocated overhead","Total, allocated overhead","dollars per planted acre","No specific size","Northern Crescent","United States",2024,312.57,"Base survey of 2019"
"Barley","Allocated overhead","Total, allocated overhead","dollars per planted acre","No specific size","Northern Great Plains","United States",2003,130.63,"Base survey of 2003"
"Barley","Allocated overhead","Total, allocated overhead","dollars per planted acre","No specific size","Northern Great Plains","United States",2004,133.53,"Base survey of 2003"
"Barley","Allocated overhead","Total, allocated overhead","dollars per planted acre","No specific size","Northern Great Plains","United States",2005,142.83,"Base survey of 2003"
"Barley","Allocated overhead","Total, allocated overhead","dollars per planted acre","No specific size","Northern Great Plains","United States",2006,147.45,"Base survey of 2003"
"Barley","Allocated overhead","Total, allocated overhead","dollars per planted acre","No specific size","Northern Great Plains","United States",2007,161.62,"Base survey of 2003"
"Barley","Allocated overhead","Total, allocated overhead","dollars per planted acre","No specific size","Northern Great Plains","United States",2008,175.2,"Base survey of 2003"
"Barley","Allocated overhead","Total, allocated overhead","dollars per planted acre","No specific size","Northern Great Plains","United States",2009,189.55,"Base survey of 2003"
"Barley","Allocated overhead","Total, allocated overhead","dollars per planted acre","No specific size","Northern Great Plains","United States",2010,195.25,"Base survey of 2003"
"Barley","Allocated overhead","Total, allocated overhead","dollars per planted acre","No specific size","Northern Great Plains","United States",2011,172.41,"Base survey of 2011"
"Barley","Allocated overhead","Total, allocated overhead","dollars per planted acre","No specific size","Northern Great Plains","United States",2012,183.46,"Base survey of 2011"
"Barley","Allocated overhead","Total, allocated overhead","dollars per planted acre","No specific size","Northern Great Plains","United States",2013,190.86,"Base survey of 2011"
"Barley","Allocated overhead","Total, allocated overhead","dollars per planted acre","No specific size","Northern Great Plains","United States",2014,198.04,"Base survey of 2011"
"Barley","Allocated overhead","Total, allocated overhead","dollars per planted acre","No specific size","Northern Great Plains","United States",2015,201.85,"Base survey of 2011"
"Barley","Allocated overhead","Total, allocated overhead","dollars per planted acre","No specific size","Northern Great Plains","United States",2016,200.88,"Base survey of 2011"
"Barley","Allocated overhead","Total, allocated overhead","dollars per planted acre","No specific size","Northern Great Plains","United States",2017,203.99,"Base survey of 2011"
"Barley","Allocated overhead","Total, allocated overhead","dollars per planted acre","No specific size","Northern Great Plains","United States",2018,208.76,"Base survey of 2011"
"Barley","Allocated overhead","Total, allocated overhead","dollars per planted acre","No specific size","Northern Great Plains","United States",2019,193.58,"Base survey of 2019"
"Barley","Allocated overhead","Total, allocated overhead","dollars per planted acre","No specific size","Northern Great Plains","United States",2020,195.63,"Base survey of 2019"
"Barley","Allocated overhead","Total, allocated overhead","dollars per planted acre","No specific size","Northern Great Plains","United States",2021,218.96,"Base survey of 2019"
"Barley","Allocated overhead","Total, allocated overhead","dollars per planted acre","No specific size","Northern Great Plains","United States",2022,232.58,"Base survey of 2019"
"Barley","Allocated overhead","Total, allocated overhead","dollars per planted acre","No specific size","Northern Great Plains","United States",2023,240.8,"Base survey of 2019"
"Barley","Allocated overhead","Total, allocated overhead","dollars per planted acre","No specific size","Northern Great Plains","United States",2024,244.73,"Base survey of 2019"
"Barley","Allocated overhead","Total, allocated overhead","dollars per planted acre","No specific size","Basin and Range","United States",2003,174.53,"Base survey of 2003"
"Barley","Allocated overhead","Total, allocated overhead","dollars per planted acre","No specific size","Basin and Range","United States",2004,177.77,"Base survey of 2003"
"Barley","Allocated overhead","Total, allocated overhead","dollars per planted acre","No specific size","Basin and Range","United States",2005,187.53,"Base survey of 2003"
"Barley","Allocated overhead","Total, allocated overhead","dollars per planted acre","No specific size","Basin and Range","United States",2006,192.02,"Base survey of 2003"
"Barley","Allocated overhead","Total, allocated overhead","dollars per planted acre","No specific size","Basin and Range","United States",2007,214.3,"Base survey of 2003"
"Barley","Allocated overhead","Total, allocated overhead","dollars per planted acre","No specific size","Basin and Range","United States",2008,232.07,"Base survey of 2003"
"Barley","Allocated overhead","Total, allocated overhead","dollars per planted acre","No specific size","Basin and Range","United States",2009,255.12,"Base survey of 2003"
"Barley","Allocated overhead","Total, allocated overhead","dollars per planted acre","No specific size","Basin and Range","United States",2010,262.55,"Base survey of 2003"
"Barley","Allocated overhead","Total, allocated overhead","dollars per planted acre","No specific size","Basin and Range","United States",2011,244.19,"Base survey of 2011"
"Barley","Allocated overhead","Total, allocated overhead","dollars per planted acre","No specific size","Basin and Range","United States",2012,260.28,"Base survey of 2011"
"Barley","Allocated overhead","Total, allocated overhead","dollars per planted acre","No specific size","Basin and Range","United States",2013,271.15,"Base survey of 2011"
"Barley","Allocated overhead","Total, allocated overhead","dollars per planted acre","No specific size","Basin and Range","United States",2014,280.92,"Base survey of 2011"
"Barley","Allocated overhead","Total, allocated overhead","dollars per planted acre","No specific size","Basin and Range","United States",2015,286.49,"Base survey of 2011"
"Barley","Allocated overhead","Total, allocated overhead","dollars per planted acre","No specific size","Basin and Range","United States",2016,284.81,"Base survey of 2011"
"Barley","Allocated overhead","Total, allocated overhead","dollars per planted acre","No specific size","Basin and Range","United States",2017,289.17,"Base survey of 2011"
"Barley","Allocated overhead","Total, allocated overhead","dollars per planted acre","No specific size","Basin and Range","United States",2018,296.62,"Base survey of 2011"
"Barley","Allocated overhead","Total, allocated overhead","dollars per planted acre","No specific size","Basin and Range","United States",2019,247.53,"Base survey of 2019"
"Barley","Allocated overhead","Total, allocated overhead","dollars per planted acre","No specific size","Basin and Range","United States",2020,251,"Base survey of 2019"
"Barley","Allocated overhead","Total, allocated overhead","dollars per planted acre","No specific size","Basin and Range","United States",2021,277.62,"Base survey of 2019"
"Barley","Allocated overhead","Total, allocated overhead","dollars per planted acre","No specific size","Basin and Range","United States",2022,295.12,"Base survey of 2019"
"Barley","Allocated overhead","Total, allocated overhead","dollars per planted acre","No specific size","Basin and Range","United States",2023,306.03,"Base survey of 2019"
"Barley","Allocated overhead","Total, allocated overhead","dollars per planted acre","No specific size","Basin and Range","United States",2024,316.89,"Base survey of 2019"
"Barley","Allocated overhead","Total, allocated overhead","dollars per planted acre","No specific size","Fruitful Rim","United States",2003,211.69,"Base survey of 2003"
"Barley","Allocated overhead","Total, allocated overhead","dollars per planted acre","No specific size","Fruitful Rim","United States",2004,215.41,"Base survey of 2003"
"Barley","Allocated overhead","Total, allocated overhead","dollars per planted acre","No specific size","Fruitful Rim","United States",2005,226.54,"Base survey of 2003"
"Barley","Allocated overhead","Total, allocated overhead","dollars per planted acre","No specific size","Fruitful Rim","United States",2006,231.45,"Base survey of 2003"
"Barley","Allocated overhead","Total, allocated overhead","dollars per planted acre","No specific size","Fruitful Rim","United States",2007,259.69,"Base survey of 2003"
"Barley","Allocated overhead","Total, allocated overhead","dollars per planted acre","No specific size","Fruitful Rim","United States",2008,281.31,"Base survey of 2003"
"Barley","Allocated overhead","Total, allocated overhead","dollars per planted acre","No specific size","Fruitful Rim","United States",2009,310.88,"Base survey of 2003"
"Barley","Allocated overhead","Total, allocated overhead","dollars per planted acre","No specific size","Fruitful Rim","United States",2010,319.94,"Base survey of 2003"
"Barley","Allocated overhead","Total, allocated overhead","dollars per planted acre","No specific size","Fruitful Rim","United States",2011,313.91,"Base survey of 2011"
"Barley","Allocated overhead","Total, allocated overhead","dollars per planted acre","No specific size","Fruitful Rim","United States",2012,337.47,"Base survey of 2011"
"Barley","Allocated overhead","Total, allocated overhead","dollars per planted acre","No specific size","Fruitful Rim","United States",2013,354,"Base survey of 2011"
"Barley","Allocated overhead","Total, allocated overhead","dollars per planted acre","No specific size","Fruitful Rim","United States",2014,366.47,"Base survey of 2011"
"Barley","Allocated overhead","Total, allocated overhead","dollars per planted acre","No specific size","Fruitful Rim","United States",2015,373.84,"Base survey of 2011"
"Barley","Allocated overhead","Total, allocated overhead","dollars per planted acre","No specific size","Fruitful Rim","United States",2016,368.42,"Base survey of 2011"
"Barley","Allocated overhead","Total, allocated overhead","dollars per planted acre","No specific size","Fruitful Rim","United States",2017,373.13,"Base survey of 2011"
"Barley","Allocated overhead","Total, allocated overhead","dollars per planted acre","No specific size","Fruitful Rim","United States",2018,382.29,"Base survey of 2011"
"Barley","Allocated overhead","Total, allocated overhead","dollars per planted acre","No specific size","Fruitful Rim","United States",2019,324.27,"Base survey of 2019"
"Barley","Allocated overhead","Total, allocated overhead","dollars per planted acre","No specific size","Fruitful Rim","United States",2020,338.49,"Base survey of 2019"
"Barley","Allocated overhead","Total, allocated overhead","dollars per planted acre","No specific size","Fruitful Rim","United States",2021,373.46,"Base survey of 2019"
"Barley","Allocated overhead","Total, allocated overhead","dollars per planted acre","No specific size","Fruitful Rim","United States",2022,401.71,"Base survey of 2019"
"Barley","Allocated overhead","Total, allocated overhead","dollars per planted acre","No specific size","Fruitful Rim","United States",2023,414.8,"Base survey of 2019"
"Barley","Allocated overhead","Total, allocated overhead","dollars per planted acre","No specific size","Fruitful Rim","United States",2024,431.9,"Base survey of 2019"
"Barley","Costs listed","Total, costs listed","dollars per planted acre","No specific size","U.S. total","United States",2003,230.89,"Base survey of 2003"
"Barley","Costs listed","Total, costs listed","dollars per planted acre","No specific size","U.S. total","United States",2004,237.35,"Base survey of 2003"
"Barley","Costs listed","Total, costs listed","dollars per planted acre","No specific size","U.S. total","United States",2005,258.27,"Base survey of 2003"
"Barley","Costs listed","Total, costs listed","dollars per planted acre","No specific size","U.S. total","United States",2006,268.15,"Base survey of 2003"
"Barley","Costs listed","Total, costs listed","dollars per planted acre","No specific size","U.S. total","United States",2007,303.07,"Base survey of 2003"
"Barley","Costs listed","Total, costs listed","dollars per planted acre","No specific size","U.S. total","United States",2008,350.74,"Base survey of 2003"
"Barley","Costs listed","Total, costs listed","dollars per planted acre","No specific size","U.S. total","United States",2009,360.2,"Base survey of 2003"
"Barley","Costs listed","Total, costs listed","dollars per planted acre","No specific size","U.S. total","United States",2010,369.27,"Base survey of 2003"
"Barley","Costs listed","Total, costs listed","dollars per planted acre","No specific size","U.S. total","United States",2011,417.37,"Base survey of 2011"
"Barley","Costs listed","Total, costs listed","dollars per planted acre","No specific size","U.S. total","United States",2012,420.26,"Base survey of 2011"
"Barley","Costs listed","Total, costs listed","dollars per planted acre","No specific size","U.S. total","United States",2013,442.04,"Base survey of 2011"
"Barley","Costs listed","Total, costs listed","dollars per planted acre","No specific size","U.S. total","United States",2014,447.57,"Base survey of 2011"
"Barley","Costs listed","Total, costs listed","dollars per planted acre","No specific size","U.S. total","United States",2015,422.58,"Base survey of 2011"
"Barley","Costs listed","Total, costs listed","dollars per planted acre","No specific size","U.S. total","United States",2016,421.41,"Base survey of 2011"
"Barley","Costs listed","Total, costs listed","dollars per planted acre","No specific size","U.S. total","United States",2017,431.64,"Base survey of 2011"
"Barley","Costs listed","Total, costs listed","dollars per planted acre","No specific size","U.S. total","United States",2018,441.01,"Base survey of 2011"
"Barley","Costs listed","Total, costs listed","dollars per planted acre","No specific size","U.S. total","United States",2019,373.8,"Base survey of 2019"
"Barley","Costs listed","Total, costs listed","dollars per planted acre","No specific size","U.S. total","United States",2020,368.15,"Base survey of 2019"
"Barley","Costs listed","Total, costs listed","dollars per planted acre","No specific size","U.S. total","United States",2021,409.41,"Base survey of 2019"
"Barley","Costs listed","Total, costs listed","dollars per planted acre","No specific size","U.S. total","United States",2022,496.97,"Base survey of 2019"
"Barley","Costs listed","Total, costs listed","dollars per planted acre","No specific size","U.S. total","United States",2023,484.17,"Base survey of 2019"
"Barley","Costs listed","Total, costs listed","dollars per planted acre","No specific size","U.S. total","United States",2024,485.12,"Base survey of 2019"
"Barley","Costs listed","Total, costs listed","dollars per planted acre","No specific size","Heartland","United States",2003,197.87,"Base survey of 2003"
"Barley","Costs listed","Total, costs listed","dollars per planted acre","No specific size","Heartland","United States",2004,202.72,"Base survey of 2003"
"Barley","Costs listed","Total, costs listed","dollars per planted acre","No specific size","Heartland","United States",2005,218.31,"Base survey of 2003"
"Barley","Costs listed","Total, costs listed","dollars per planted acre","No specific size","Heartland","United States",2006,225.33,"Base survey of 2003"
"Barley","Costs listed","Total, costs listed","dollars per planted acre","No specific size","Heartland","United States",2007,250.24,"Base survey of 2003"
"Barley","Costs listed","Total, costs listed","dollars per planted acre","No specific size","Heartland","United States",2008,295.33,"Base survey of 2003"
"Barley","Costs listed","Total, costs listed","dollars per planted acre","No specific size","Heartland","United States",2009,303.59,"Base survey of 2003"
"Barley","Costs listed","Total, costs listed","dollars per planted acre","No specific size","Heartland","United States",2010,298.63,"Base survey of 2003"
"Barley","Costs listed","Total, costs listed","dollars per planted acre","No specific size","Northern Crescent","United States",2003,211.27,"Base survey of 2003"
"Barley","Costs listed","Total, costs listed","dollars per planted acre","No specific size","Northern Crescent","United States",2004,216.9,"Base survey of 2003"
"Barley","Costs listed","Total, costs listed","dollars per planted acre","No specific size","Northern Crescent","United States",2005,234.36,"Base survey of 2003"
"Barley","Costs listed","Total, costs listed","dollars per planted acre","No specific size","Northern Crescent","United States",2006,242.5,"Base survey of 2003"
"Barley","Costs listed","Total, costs listed","dollars per planted acre","No specific size","Northern Crescent","United States",2007,267.86,"Base survey of 2003"
"Barley","Costs listed","Total, costs listed","dollars per planted acre","No specific size","Northern Crescent","United States",2008,317.81,"Base survey of 2003"
"Barley","Costs listed","Total, costs listed","dollars per planted acre","No specific size","Northern Crescent","United States",2009,322.4,"Base survey of 2003"
"Barley","Costs listed","Total, costs listed","dollars per planted acre","No specific size","Northern Crescent","United States",2010,316.72,"Base survey of 2003"
"Barley","Costs listed","Total, costs listed","dollars per planted acre","No specific size","Northern Crescent","United States",2011,359.97,"Base survey of 2011"
"Barley","Costs listed","Total, costs listed","dollars per planted acre","No specific size","Northern Crescent","United States",2012,386.04,"Base survey of 2011"
"Barley","Costs listed","Total, costs listed","dollars per planted acre","No specific size","Northern Crescent","United States",2013,397.2,"Base survey of 2011"
"Barley","Costs listed","Total, costs listed","dollars per planted acre","No specific size","Northern Crescent","United States",2014,402.25,"Base survey of 2011"
"Barley","Costs listed","Total, costs listed","dollars per planted acre","No specific size","Northern Crescent","United States",2015,396.47,"Base survey of 2011"
"Barley","Costs listed","Total, costs listed","dollars per planted acre","No specific size","Northern Crescent","United States",2016,380.23,"Base survey of 2011"
"Barley","Costs listed","Total, costs listed","dollars per planted acre","No specific size","Northern Crescent","United States",2017,380,"Base survey of 2011"
"Barley","Costs listed","Total, costs listed","dollars per planted acre","No specific size","Northern Crescent","United States",2018,386.09,"Base survey of 2011"
"Barley","Costs listed","Total, costs listed","dollars per planted acre","No specific size","Northern Crescent","United States",2019,423.81,"Base survey of 2019"
"Barley","Costs listed","Total, costs listed","dollars per planted acre","No specific size","Northern Crescent","United States",2020,416.03,"Base survey of 2019"
"Barley","Costs listed","Total, costs listed","dollars per planted acre","No specific size","Northern Crescent","United States",2021,455.01,"Base survey of 2019"
"Barley","Costs listed","Total, costs listed","dollars per planted acre","No specific size","Northern Crescent","United States",2022,567.46,"Base survey of 2019"
"Barley","Costs listed","Total, costs listed","dollars per planted acre","No specific size","Northern Crescent","United States",2023,561.32,"Base survey of 2019"
"Barley","Costs listed","Total, costs listed","dollars per planted acre","No specific size","Northern Crescent","United States",2024,546.48,"Base survey of 2019"
"Barley","Costs listed","Total, costs listed","dollars per planted acre","No specific size","Northern Great Plains","United States",2003,196.6,"Base survey of 2003"
"Barley","Costs listed","Total, costs listed","dollars per planted acre","No specific size","Northern Great Plains","United States",2004,202.04,"Base survey of 2003"
"Barley","Costs listed","Total, costs listed","dollars per planted acre","No specific size","Northern Great Plains","United States",2005,220.14,"Base survey of 2003"
"Barley","Costs listed","Total, costs listed","dollars per planted acre","No specific size","Northern Great Plains","United States",2006,228.9,"Base survey of 2003"
"Barley","Costs listed","Total, costs listed","dollars per planted acre","No specific size","Northern Great Plains","United States",2007,249.63,"Base survey of 2003"
"Barley","Costs listed","Total, costs listed","dollars per planted acre","No specific size","Northern Great Plains","United States",2008,290.13,"Base survey of 2003"
"Barley","Costs listed","Total, costs listed","dollars per planted acre","No specific size","Northern Great Plains","United States",2009,296.14,"Base survey of 2003"
"Barley","Costs listed","Total, costs listed","dollars per planted acre","No specific size","Northern Great Plains","United States",2010,293.65,"Base survey of 2003"
"Barley","Costs listed","Total, costs listed","dollars per planted acre","No specific size","Northern Great Plains","United States",2011,302.1,"Base survey of 2011"
"Barley","Costs listed","Total, costs listed","dollars per planted acre","No specific size","Northern Great Plains","United States",2012,321.46,"Base survey of 2011"
"Barley","Costs listed","Total, costs listed","dollars per planted acre","No specific size","Northern Great Plains","United States",2013,330.2,"Base survey of 2011"
"Barley","Costs listed","Total, costs listed","dollars per planted acre","No specific size","Northern Great Plains","United States",2014,336.33,"Base survey of 2011"
"Barley","Costs listed","Total, costs listed","dollars per planted acre","No specific size","Northern Great Plains","United States",2015,331.9,"Base survey of 2011"
"Barley","Costs listed","Total, costs listed","dollars per planted acre","No specific size","Northern Great Plains","United States",2016,323.41,"Base survey of 2011"
"Barley","Costs listed","Total, costs listed","dollars per planted acre","No specific size","Northern Great Plains","United States",2017,324.24,"Base survey of 2011"
"Barley","Costs listed","Total, costs listed","dollars per planted acre","No specific size","Northern Great Plains","United States",2018,329.11,"Base survey of 2011"
"Barley","Costs listed","Total, costs listed","dollars per planted acre","No specific size","Northern Great Plains","United States",2019,310.55,"Base survey of 2019"
"Barley","Costs listed","Total, costs listed","dollars per planted acre","No specific size","Northern Great Plains","United States",2020,304.27,"Base survey of 2019"
"Barley","Costs listed","Total, costs listed","dollars per planted acre","No specific size","Northern Great Plains","United States",2021,340.51,"Base survey of 2019"
"Barley","Costs listed","Total, costs listed","dollars per planted acre","No specific size","Northern Great Plains","United States",2022,416.83,"Base survey of 2019"
"Barley","Costs listed","Total, costs listed","dollars per planted acre","No specific size","Northern Great Plains","United States",2023,405.91,"Base survey of 2019"
"Barley","Costs listed","Total, costs listed","dollars per planted acre","No specific size","Northern Great Plains","United States",2024,388.04,"Base survey of 2019"
"Barley","Costs listed","Total, costs listed","dollars per planted acre","No specific size","Basin and Range","United States",2003,260.42,"Base survey of 2003"
"Barley","Costs listed","Total, costs listed","dollars per planted acre","No specific size","Basin and Range","United States",2004,267.36,"Base survey of 2003"
"Barley","Costs listed","Total, costs listed","dollars per planted acre","No specific size","Basin and Range","United States",2005,290,"Base survey of 2003"
"Barley","Costs listed","Total, costs listed","dollars per planted acre","No specific size","Basin and Range","United States",2006,300.36,"Base survey of 2003"
"Barley","Costs listed","Total, costs listed","dollars per planted acre","No specific size","Basin and Range","United States",2007,332.15,"Base survey of 2003"
"Barley","Costs listed","Total, costs listed","dollars per planted acre","No specific size","Basin and Range","United States",2008,388.93,"Base survey of 2003"
"Barley","Costs listed","Total, costs listed","dollars per planted acre","No specific size","Basin and Range","United States",2009,399.19,"Base survey of 2003"
"Barley","Costs listed","Total, costs listed","dollars per planted acre","No specific size","Basin and Range","United States",2010,394.71,"Base survey of 2003"
"Barley","Costs listed","Total, costs listed","dollars per planted acre","No specific size","Basin and Range","United States",2011,437.54,"Base survey of 2011"
"Barley","Costs listed","Total, costs listed","dollars per planted acre","No specific size","Basin and Range","United States",2012,464.21,"Base survey of 2011"
"Barley","Costs listed","Total, costs listed","dollars per planted acre","No specific size","Basin and Range","United States",2013,476.25,"Base survey of 2011"
"Barley","Costs listed","Total, costs listed","dollars per planted acre","No specific size","Basin and Range","United States",2014,484.58,"Base survey of 2011"
"Barley","Costs listed","Total, costs listed","dollars per planted acre","No specific size","Basin and Range","United States",2015,473.08,"Base survey of 2011"
"Barley","Costs listed","Total, costs listed","dollars per planted acre","No specific size","Basin and Range","United States",2016,459.12,"Base survey of 2011"
"Barley","Costs listed","Total, costs listed","dollars per planted acre","No specific size","Basin and Range","United States",2017,462.04,"Base survey of 2011"
"Barley","Costs listed","Total, costs listed","dollars per planted acre","No specific size","Basin and Range","United States",2018,471.27,"Base survey of 2011"
"Barley","Costs listed","Total, costs listed","dollars per planted acre","No specific size","Basin and Range","United States",2019,425.71,"Base survey of 2019"
"Barley","Costs listed","Total, costs listed","dollars per planted acre","No specific size","Basin and Range","United States",2020,417.94,"Base survey of 2019"
"Barley","Costs listed","Total, costs listed","dollars per planted acre","No specific size","Basin and Range","United States",2021,465.24,"Base survey of 2019"
"Barley","Costs listed","Total, costs listed","dollars per planted acre","No specific size","Basin and Range","United States",2022,577.88,"Base survey of 2019"
"Barley","Costs listed","Total, costs listed","dollars per planted acre","No specific size","Basin and Range","United States",2023,561.01,"Base survey of 2019"
"Barley","Costs listed","Total, costs listed","dollars per planted acre","No specific size","Basin and Range","United States",2024,549.2,"Base survey of 2019"
"Barley","Costs listed","Total, costs listed","dollars per planted acre","No specific size","Fruitful Rim","United States",2003,329.24,"Base survey of 2003"
"Barley","Costs listed","Total, costs listed","dollars per planted acre","No specific size","Fruitful Rim","United States",2004,339.05,"Base survey of 2003"
"Barley","Costs listed","Total, costs listed","dollars per planted acre","No specific size","Fruitful Rim","United States",2005,369.14,"Base survey of 2003"
"Barley","Costs listed","Total, costs listed","dollars per planted acre","No specific size","Fruitful Rim","United States",2006,382.93,"Base survey of 2003"
"Barley","Costs listed","Total, costs listed","dollars per planted acre","No specific size","Fruitful Rim","United States",2007,424.14,"Base survey of 2003"
"Barley","Costs listed","Total, costs listed","dollars per planted acre","No specific size","Fruitful Rim","United States",2008,496.25,"Base survey of 2003"
"Barley","Costs listed","Total, costs listed","dollars per planted acre","No specific size","Fruitful Rim","United States",2009,502.49,"Base survey of 2003"
"Barley","Costs listed","Total, costs listed","dollars per planted acre","No specific size","Fruitful Rim","United States",2010,502.65,"Base survey of 2003"
"Barley","Costs listed","Total, costs listed","dollars per planted acre","No specific size","Fruitful Rim","United States",2011,577.1,"Base survey of 2011"
"Barley","Costs listed","Total, costs listed","dollars per planted acre","No specific size","Fruitful Rim","United States",2012,614.11,"Base survey of 2011"
"Barley","Costs listed","Total, costs listed","dollars per planted acre","No specific size","Fruitful Rim","United States",2013,632.72,"Base survey of 2011"
"Barley","Costs listed","Total, costs listed","dollars per planted acre","No specific size","Fruitful Rim","United States",2014,644.03,"Base survey of 2011"
"Barley","Costs listed","Total, costs listed","dollars per planted acre","No specific size","Fruitful Rim","United States",2015,626.88,"Base survey of 2011"
"Barley","Costs listed","Total, costs listed","dollars per planted acre","No specific size","Fruitful Rim","United States",2016,605.59,"Base survey of 2011"
"Barley","Costs listed","Total, costs listed","dollars per planted acre","No specific size","Fruitful Rim","United States",2017,609.52,"Base survey of 2011"
"Barley","Costs listed","Total, costs listed","dollars per planted acre","No specific size","Fruitful Rim","United States",2018,621.42,"Base survey of 2011"
"Barley","Costs listed","Total, costs listed","dollars per planted acre","No specific size","Fruitful Rim","United States",2019,510.13,"Base survey of 2019"
"Barley","Costs listed","Total, costs listed","dollars per planted acre","No specific size","Fruitful Rim","United States",2020,510.34,"Base survey of 2019"
"Barley","Costs listed","Total, costs listed","dollars per planted acre","No specific size","Fruitful Rim","United States",2021,570.99,"Base survey of 2019"
"Barley","Costs listed","Total, costs listed","dollars per planted acre","No specific size","Fruitful Rim","United States",2022,692.62,"Base survey of 2019"
"Barley","Costs listed","Total, costs listed","dollars per planted acre","No specific size","Fruitful Rim","United States",2023,679.91,"Base survey of 2019"
"Barley","Costs listed","Total, costs listed","dollars per planted acre","No specific size","Fruitful Rim","United States",2024,673.83,"Base survey of 2019"
"Barley","Net value","Value of production less total costs listed","dollars per planted acre","No specific size","U.S. total","United States",2003,-58.16,"Base survey of 2003"
"Barley","Net value","Value of production less total costs listed","dollars per planted acre","No specific size","U.S. total","United States",2004,-67.97,"Base survey of 2003"
"Barley","Net value","Value of production less total costs listed","dollars per planted acre","No specific size","U.S. total","United States",2005,-114.26,"Base survey of 2003"
"Barley","Net value","Value of production less total costs listed","dollars per planted acre","No specific size","U.S. total","United States",2006,-124.24,"Base survey of 2003"
"Barley","Net value","Value of production less total costs listed","dollars per planted acre","No specific size","U.S. total","United States",2007,-113.32,"Base survey of 2003"
"Barley","Net value","Value of production less total costs listed","dollars per planted acre","No specific size","U.S. total","United States",2008,-48.04,"Base survey of 2003"
"Barley","Net value","Value of production less total costs listed","dollars per planted acre","No specific size","U.S. total","United States",2009,-53.73,"Base survey of 2003"
"Barley","Net value","Value of production less total costs listed","dollars per planted acre","No specific size","U.S. total","United States",2010,-118.39,"Base survey of 2003"
"Barley","Net value","Value of production less total costs listed","dollars per planted acre","No specific size","U.S. total","United States",2011,-53.73,"Base survey of 2011"
"Barley","Net value","Value of production less total costs listed","dollars per planted acre","No specific size","U.S. total","United States",2012,3.27,"Base survey of 2011"
"Barley","Net value","Value of production less total costs listed","dollars per planted acre","No specific size","U.S. total","United States",2013,-23.65,"Base survey of 2011"
"Barley","Net value","Value of production less total costs listed","dollars per planted acre","No specific size","U.S. total","United States",2014,-82.01,"Base survey of 2011"
"Barley","Net value","Value of production less total costs listed","dollars per planted acre","No specific size","U.S. total","United States",2015,-65.53,"Base survey of 2011"
"Barley","Net value","Value of production less total costs listed","dollars per planted acre","No specific size","U.S. total","United States",2016,-76.18,"Base survey of 2011"
"Barley","Net value","Value of production less total costs listed","dollars per planted acre","No specific size","U.S. total","United States",2017,-142.95,"Base survey of 2011"
"Barley","Net value","Value of production less total costs listed","dollars per planted acre","No specific size","U.S. total","United States",2018,-126.72,"Base survey of 2011"
"Barley","Net value","Value of production less total costs listed","dollars per planted acre","No specific size","U.S. total","United States",2019,-36.74,"Base survey of 2019"
"Barley","Net value","Value of production less total costs listed","dollars per planted acre","No specific size","U.S. total","United States",2020,-40.56,"Base survey of 2019"
"Barley","Net value","Value of production less total costs listed","dollars per planted acre","No specific size","U.S. total","United States",2021,-144.33,"Base survey of 2019"
"Barley","Net value","Value of production less total costs listed","dollars per planted acre","No specific size","U.S. total","United States",2022,16.19,"Base survey of 2019"
"Barley","Net value","Value of production less total costs listed","dollars per planted acre","No specific size","U.S. total","United States",2023,29.87,"Base survey of 2019"
"Barley","Net value","Value of production less total costs listed","dollars per planted acre","No specific size","U.S. total","United States",2024,-49.01,"Base survey of 2019"
"Barley","Net value","Value of production less total costs listed","dollars per planted acre","No specific size","Heartland","United States",2003,-30.71,"Base survey of 2003"
"Barley","Net value","Value of production less total costs listed","dollars per planted acre","No specific size","Heartland","United States",2004,-78.59,"Base survey of 2003"
"Barley","Net value","Value of production less total costs listed","dollars per planted acre","No specific size","Heartland","United States",2005,-127.77,"Base survey of 2003"
"Barley","Net value","Value of production less total costs listed","dollars per planted acre","No specific size","Heartland","United States",2006,-113.86,"Base survey of 2003"
"Barley","Net value","Value of production less total costs listed","dollars per planted acre","No specific size","Heartland","United States",2007,-98.53,"Base survey of 2003"
"Barley","Net value","Value of production less total costs listed","dollars per planted acre","No specific size","Heartland","United States",2008,-43.44,"Base survey of 2003"
"Barley","Net value","Value of production less total costs listed","dollars per planted acre","No specific size","Heartland","United States",2009,-78.44,"Base survey of 2003"
"Barley","Net value","Value of production less total costs listed","dollars per planted acre","No specific size","Heartland","United States",2010,-140.27,"Base survey of 2003"
"Barley","Net value","Value of production less total costs listed","dollars per planted acre","No specific size","Northern Crescent","United States",2003,-5.81,"Base survey of 2003"
"Barley","Net value","Value of production less total costs listed","dollars per planted acre","No specific size","Northern Crescent","United States",2004,-36.75,"Base survey of 2003"
"Barley","Net value","Value of production less total costs listed","dollars per planted acre","No specific size","Northern Crescent","United States",2005,-65.02,"Base survey of 2003"
"Barley","Net value","Value of production less total costs listed","dollars per planted acre","No specific size","Northern Crescent","United States",2006,-43.8,"Base survey of 2003"
"Barley","Net value","Value of production less total costs listed","dollars per planted acre","No specific size","Northern Crescent","United States",2007,-32.46,"Base survey of 2003"
"Barley","Net value","Value of production less total costs listed","dollars per planted acre","No specific size","Northern Crescent","United States",2008,64.82,"Base survey of 2003"
"Barley","Net value","Value of production less total costs listed","dollars per planted acre","No specific size","Northern Crescent","United States",2009,18.43,"Base survey of 2003"
"Barley","Net value","Value of production less total costs listed","dollars per planted acre","No specific size","Northern Crescent","United States",2010,-56.98,"Base survey of 2003"
"Barley","Net value","Value of production less total costs listed","dollars per planted acre","No specific size","Northern Crescent","United States",2011,-75.81,"Base survey of 2011"
"Barley","Net value","Value of production less total costs listed","dollars per planted acre","No specific size","Northern Crescent","United States",2012,-13.04,"Base survey of 2011"
"Barley","Net value","Value of production less total costs listed","dollars per planted acre","No specific size","Northern Crescent","United States",2013,-105.5,"Base survey of 2011"
"Barley","Net value","Value of production less total costs listed","dollars per planted acre","No specific size","Northern Crescent","United States",2014,-146.91,"Base survey of 2011"
"Barley","Net value","Value of production less total costs listed","dollars per planted acre","No specific size","Northern Crescent","United States",2015,-130.51,"Base survey of 2011"
"Barley","Net value","Value of production less total costs listed","dollars per planted acre","No specific size","Northern Crescent","United States",2016,-59.74,"Base survey of 2011"
"Barley","Net value","Value of production less total costs listed","dollars per planted acre","No specific size","Northern Crescent","United States",2017,-67.05,"Base survey of 2011"
"Barley","Net value","Value of production less total costs listed","dollars per planted acre","No specific size","Northern Crescent","United States",2018,-152.84,"Base survey of 2011"
"Barley","Net value","Value of production less total costs listed","dollars per planted acre","No specific size","Northern Crescent","United States",2019,-100.07,"Base survey of 2019"
"Barley","Net value","Value of production less total costs listed","dollars per planted acre","No specific size","Northern Crescent","United States",2020,-162.23,"Base survey of 2019"
"Barley","Net value","Value of production less total costs listed","dollars per planted acre","No specific size","Northern Crescent","United States",2021,-137.59,"Base survey of 2019"
"Barley","Net value","Value of production less total costs listed","dollars per planted acre","No specific size","Northern Crescent","United States",2022,-142.39,"Base survey of 2019"
"Barley","Net value","Value of production less total costs listed","dollars per planted acre","No specific size","Northern Crescent","United States",2023,-95.57,"Base survey of 2019"
"Barley","Net value","Value of production less total costs listed","dollars per planted acre","No specific size","Northern Crescent","United States",2024,-158.04,"Base survey of 2019"
"Barley","Net value","Value of production less total costs listed","dollars per planted acre","No specific size","Northern Great Plains","United States",2003,-38.22,"Base survey of 2003"
"Barley","Net value","Value of production less total costs listed","dollars per planted acre","No specific size","Northern Great Plains","United States",2004,-60.32,"Base survey of 2003"
"Barley","Net value","Value of production less total costs listed","dollars per planted acre","No specific size","Northern Great Plains","United States",2005,-121.89,"Base survey of 2003"
"Barley","Net value","Value of production less total costs listed","dollars per planted acre","No specific size","Northern Great Plains","United States",2006,-122.25,"Base survey of 2003"
"Barley","Net value","Value of production less total costs listed","dollars per planted acre","No specific size","Northern Great Plains","United States",2007,-81.57,"Base survey of 2003"
"Barley","Net value","Value of production less total costs listed","dollars per planted acre","No specific size","Northern Great Plains","United States",2008,-21.1,"Base survey of 2003"
"Barley","Net value","Value of production less total costs listed","dollars per planted acre","No specific size","Northern Great Plains","United States",2009,-35.55,"Base survey of 2003"
"Barley","Net value","Value of production less total costs listed","dollars per planted acre","No specific size","Northern Great Plains","United States",2010,-95.98,"Base survey of 2003"
"Barley","Net value","Value of production less total costs listed","dollars per planted acre","No specific size","Northern Great Plains","United States",2011,-68.83,"Base survey of 2011"
"Barley","Net value","Value of production less total costs listed","dollars per planted acre","No specific size","Northern Great Plains","United States",2012,25.06,"Base survey of 2011"
"Barley","Net value","Value of production less total costs listed","dollars per planted acre","No specific size","Northern Great Plains","United States",2013,18.01,"Base survey of 2011"
"Barley","Net value","Value of production less total costs listed","dollars per planted acre","No specific size","Northern Great Plains","United States",2014,-24.99,"Base survey of 2011"
"Barley","Net value","Value of production less total costs listed","dollars per planted acre","No specific size","Northern Great Plains","United States",2015,-38.47,"Base survey of 2011"
"Barley","Net value","Value of production less total costs listed","dollars per planted acre","No specific size","Northern Great Plains","United States",2016,-71.8,"Base survey of 2011"
"Barley","Net value","Value of production less total costs listed","dollars per planted acre","No specific size","Northern Great Plains","United States",2017,-118.01,"Base survey of 2011"
"Barley","Net value","Value of production less total costs listed","dollars per planted acre","No specific size","Northern Great Plains","United States",2018,-95.17,"Base survey of 2011"
"Barley","Net value","Value of production less total costs listed","dollars per planted acre","No specific size","Northern Great Plains","United States",2019,-43.49,"Base survey of 2019"
"Barley","Net value","Value of production less total costs listed","dollars per planted acre","No specific size","Northern Great Plains","United States",2020,-44.05,"Base survey of 2019"
"Barley","Net value","Value of production less total costs listed","dollars per planted acre","No specific size","Northern Great Plains","United States",2021,-141.27,"Base survey of 2019"
"Barley","Net value","Value of production less total costs listed","dollars per planted acre","No specific size","Northern Great Plains","United States",2022,23.37,"Base survey of 2019"
"Barley","Net value","Value of production less total costs listed","dollars per planted acre","No specific size","Northern Great Plains","United States",2023,17.86,"Base survey of 2019"
"Barley","Net value","Value of production less total costs listed","dollars per planted acre","No specific size","Northern Great Plains","United States",2024,-64.42,"Base survey of 2019"
"Barley","Net value","Value of production less total costs listed","dollars per planted acre","No specific size","Basin and Range","United States",2003,-99.23,"Base survey of 2003"
"Barley","Net value","Value of production less total costs listed","dollars per planted acre","No specific size","Basin and Range","United States",2004,-103.82,"Base survey of 2003"
"Barley","Net value","Value of production less total costs listed","dollars per planted acre","No specific size","Basin and Range","United States",2005,-141.7,"Base survey of 2003"
"Barley","Net value","Value of production less total costs listed","dollars per planted acre","No specific size","Basin and Range","United States",2006,-165.86,"Base survey of 2003"
"Barley","Net value","Value of production less total costs listed","dollars per planted acre","No specific size","Basin and Range","United States",2007,-172.38,"Base survey of 2003"
"Barley","Net value","Value of production less total costs listed","dollars per planted acre","No specific size","Basin and Range","United States",2008,-110.06,"Base survey of 2003"
"Barley","Net value","Value of production less total costs listed","dollars per planted acre","No specific size","Basin and Range","United States",2009,-116.71,"Base survey of 2003"
"Barley","Net value","Value of production less total costs listed","dollars per planted acre","No specific size","Basin and Range","United States",2010,-163.13,"Base survey of 2003"
"Barley","Net value","Value of production less total costs listed","dollars per planted acre","No specific size","Basin and Range","United States",2011,-54.97,"Base survey of 2011"
"Barley","Net value","Value of production less total costs listed","dollars per planted acre","No specific size","Basin and Range","United States",2012,-18.82,"Base survey of 2011"
"Barley","Net value","Value of production less total costs listed","dollars per planted acre","No specific size","Basin and Range","United States",2013,-65.13,"Base survey of 2011"
"Barley","Net value","Value of production less total costs listed","dollars per planted acre","No specific size","Basin and Range","United States",2014,-102.89,"Base survey of 2011"
"Barley","Net value","Value of production less total costs listed","dollars per planted acre","No specific size","Basin and Range","United States",2015,-94.92,"Base survey of 2011"
"Barley","Net value","Value of production less total costs listed","dollars per planted acre","No specific size","Basin and Range","United States",2016,-92.28,"Base survey of 2011"
"Barley","Net value","Value of production less total costs listed","dollars per planted acre","No specific size","Basin and Range","United States",2017,-167.1,"Base survey of 2011"
"Barley","Net value","Value of production less total costs listed","dollars per planted acre","No specific size","Basin and Range","United States",2018,-166.05,"Base survey of 2011"
"Barley","Net value","Value of production less total costs listed","dollars per planted acre","No specific size","Basin and Range","United States",2019,-21.89,"Base survey of 2019"
"Barley","Net value","Value of production less total costs listed","dollars per planted acre","No specific size","Basin and Range","United States",2020,-16.47,"Base survey of 2019"
"Barley","Net value","Value of production less total costs listed","dollars per planted acre","No specific size","Basin and Range","United States",2021,-153.21,"Base survey of 2019"
"Barley","Net value","Value of production less total costs listed","dollars per planted acre","No specific size","Basin and Range","United States",2022,-84.84,"Base survey of 2019"
"Barley","Net value","Value of production less total costs listed","dollars per planted acre","No specific size","Basin and Range","United States",2023,17.04,"Base survey of 2019"
"Barley","Net value","Value of production less total costs listed","dollars per planted acre","No specific size","Basin and Range","United States",2024,-48.21,"Base survey of 2019"
"Barley","Net value","Value of production less total costs listed","dollars per planted acre","No specific size","Fruitful Rim","United States",2003,-102.31,"Base survey of 2003"
"Barley","Net value","Value of production less total costs listed","dollars per planted acre","No specific size","Fruitful Rim","United States",2004,-93.52,"Base survey of 2003"
"Barley","Net value","Value of production less total costs listed","dollars per planted acre","No specific size","Fruitful Rim","United States",2005,-129.73,"Base survey of 2003"
"Barley","Net value","Value of production less total costs listed","dollars per planted acre","No specific size","Fruitful Rim","United States",2006,-152.98,"Base survey of 2003"
"Barley","Net value","Value of production less total costs listed","dollars per planted acre","No specific size","Fruitful Rim","United States",2007,-161.71,"Base survey of 2003"
"Barley","Net value","Value of production less total costs listed","dollars per planted acre","No specific size","Fruitful Rim","United States",2008,-96.3,"Base survey of 2003"
"Barley","Net value","Value of production less total costs listed","dollars per planted acre","No specific size","Fruitful Rim","United States",2009,-45.88,"Base survey of 2003"
"Barley","Net value","Value of production less total costs listed","dollars per planted acre","No specific size","Fruitful Rim","United States",2010,-109.9,"Base survey of 2003"
"Barley","Net value","Value of production less total costs listed","dollars per planted acre","No specific size","Fruitful Rim","United States",2011,-39.32,"Base survey of 2011"
"Barley","Net value","Value of production less total costs listed","dollars per planted acre","No specific size","Fruitful Rim","United States",2012,-15.85,"Base survey of 2011"
"Barley","Net value","Value of production less total costs listed","dollars per planted acre","No specific size","Fruitful Rim","United States",2013,-41.79,"Base survey of 2011"
"Barley","Net value","Value of production less total costs listed","dollars per planted acre","No specific size","Fruitful Rim","United States",2014,-152.76,"Base survey of 2011"
"Barley","Net value","Value of production less total costs listed","dollars per planted acre","No specific size","Fruitful Rim","United States",2015,-64.35,"Base survey of 2011"
"Barley","Net value","Value of production less total costs listed","dollars per planted acre","No specific size","Fruitful Rim","United States",2016,-42.05,"Base survey of 2011"
"Barley","Net value","Value of production less total costs listed","dollars per planted acre","No specific size","Fruitful Rim","United States",2017,-168.43,"Base survey of 2011"
"Barley","Net value","Value of production less total costs listed","dollars per planted acre","No specific size","Fruitful Rim","United States",2018,-120.25,"Base survey of 2011"
"Barley","Net value","Value of production less total costs listed","dollars per planted acre","No specific size","Fruitful Rim","United States",2019,-20.04,"Base survey of 2019"
"Barley","Net value","Value of production less total costs listed","dollars per planted acre","No specific size","Fruitful Rim","United States",2020,-30.02,"Base survey of 2019"
"Barley","Net value","Value of production less total costs listed","dollars per planted acre","No specific size","Fruitful Rim","United States",2021,-146.77,"Base survey of 2019"
"Barley","Net value","Value of production less total costs listed","dollars per planted acre","No specific size","Fruitful Rim","United States",2022,101.44,"Base survey of 2019"
"Barley","Net value","Value of production less total costs listed","dollars per planted acre","No specific size","Fruitful Rim","United States",2023,105.5,"Base survey of 2019"
"Barley","Net value","Value of production less total costs listed","dollars per planted acre","No specific size","Fruitful Rim","United States",2024,6.91,"Base survey of 2019"
"Barley","Net value","Value of production less operating costs","dollars per planted acre","No specific size","U.S. total","United States",2003,94.04,"Base survey of 2003"
"Barley","Net value","Value of production less operating costs","dollars per planted acre","No specific size","U.S. total","United States",2004,87.31,"Base survey of 2003"
"Barley","Net value","Value of production less operating costs","dollars per planted acre","No specific size","U.S. total","United States",2005,50.61,"Base survey of 2003"
"Barley","Net value","Value of production less operating costs","dollars per planted acre","No specific size","U.S. total","United States",2006,45.22,"Base survey of 2003"
"Barley","Net value","Value of production less operating costs","dollars per planted acre","No specific size","U.S. total","United States",2007,79.08,"Base survey of 2003"
"Barley","Net value","Value of production less operating costs","dollars per planted acre","No specific size","U.S. total","United States",2008,158.76,"Base survey of 2003"
"Barley","Net value","Value of production less operating costs","dollars per planted acre","No specific size","U.S. total","United States",2009,173.94,"Base survey of 2003"
"Barley","Net value","Value of production less operating costs","dollars per planted acre","No specific size","U.S. total","United States",2010,122.99,"Base survey of 2003"
"Barley","Net value","Value of production less operating costs","dollars per planted acre","No specific size","U.S. total","United States",2011,177.66,"Base survey of 2011"
"Barley","Net value","Value of production less operating costs","dollars per planted acre","No specific size","U.S. total","United States",2012,238.57,"Base survey of 2011"
"Barley","Net value","Value of production less operating costs","dollars per planted acre","No specific size","U.S. total","United States",2013,227.27,"Base survey of 2011"
"Barley","Net value","Value of production less operating costs","dollars per planted acre","No specific size","U.S. total","United States",2014,176.71,"Base survey of 2011"
"Barley","Net value","Value of production less operating costs","dollars per planted acre","No specific size","U.S. total","United States",2015,189.39,"Base survey of 2011"
"Barley","Net value","Value of production less operating costs","dollars per planted acre","No specific size","U.S. total","United States",2016,183.51,"Base survey of 2011"
"Barley","Net value","Value of production less operating costs","dollars per planted acre","No specific size","U.S. total","United States",2017,125.35,"Base survey of 2011"
"Barley","Net value","Value of production less operating costs","dollars per planted acre","No specific size","U.S. total","United States",2018,149.09,"Base survey of 2011"
"Barley","Net value","Value of production less operating costs","dollars per planted acre","No specific size","U.S. total","United States",2019,193.62,"Base survey of 2019"
"Barley","Net value","Value of production less operating costs","dollars per planted acre","No specific size","U.S. total","United States",2020,194.15,"Base survey of 2019"
"Barley","Net value","Value of production less operating costs","dollars per planted acre","No specific size","U.S. total","United States",2021,115.33,"Base survey of 2019"
"Barley","Net value","Value of production less operating costs","dollars per planted acre","No specific size","U.S. total","United States",2022,290.79,"Base survey of 2019"
"Barley","Net value","Value of production less operating costs","dollars per planted acre","No specific size","U.S. total","United States",2023,313.55,"Base survey of 2019"
"Barley","Net value","Value of production less operating costs","dollars per planted acre","No specific size","U.S. total","United States",2024,251.05,"Base survey of 2019"
"Barley","Net value","Value of production less operating costs","dollars per planted acre","No specific size","Heartland","United States",2003,100.29,"Base survey of 2003"
"Barley","Net value","Value of production less operating costs","dollars per planted acre","No specific size","Heartland","United States",2004,54.67,"Base survey of 2003"
"Barley","Net value","Value of production less operating costs","dollars per planted acre","No specific size","Heartland","United States",2005,12.04,"Base survey of 2003"
"Barley","Net value","Value of production less operating costs","dollars per planted acre","No specific size","Heartland","United States",2006,28.88,"Base survey of 2003"
"Barley","Net value","Value of production less operating costs","dollars per planted acre","No specific size","Heartland","United States",2007,61.71,"Base survey of 2003"
"Barley","Net value","Value of production less operating costs","dollars per planted acre","No specific size","Heartland","United States",2008,129.87,"Base survey of 2003"
"Barley","Net value","Value of production less operating costs","dollars per planted acre","No specific size","Heartland","United States",2009,112.98,"Base survey of 2003"
"Barley","Net value","Value of production less operating costs","dollars per planted acre","No specific size","Heartland","United States",2010,56.62,"Base survey of 2003"
"Barley","Net value","Value of production less operating costs","dollars per planted acre","No specific size","Northern Crescent","United States",2003,129.11,"Base survey of 2003"
"Barley","Net value","Value of production less operating costs","dollars per planted acre","No specific size","Northern Crescent","United States",2004,100.65,"Base survey of 2003"
"Barley","Net value","Value of production less operating costs","dollars per planted acre","No specific size","Northern Crescent","United States",2005,79.12,"Base survey of 2003"
"Barley","Net value","Value of production less operating costs","dollars per planted acre","No specific size","Northern Crescent","United States",2006,103.68,"Base survey of 2003"
"Barley","Net value","Value of production less operating costs","dollars per planted acre","No specific size","Northern Crescent","United States",2007,131.67,"Base survey of 2003"
"Barley","Net value","Value of production less operating costs","dollars per planted acre","No specific size","Northern Crescent","United States",2008,241.79,"Base survey of 2003"
"Barley","Net value","Value of production less operating costs","dollars per planted acre","No specific size","Northern Crescent","United States",2009,212.62,"Base survey of 2003"
"Barley","Net value","Value of production less operating costs","dollars per planted acre","No specific size","Northern Crescent","United States",2010,142.58,"Base survey of 2003"
"Barley","Net value","Value of production less operating costs","dollars per planted acre","No specific size","Northern Crescent","United States",2011,115.07,"Base survey of 2011"
"Barley","Net value","Value of production less operating costs","dollars per planted acre","No specific size","Northern Crescent","United States",2012,192.11,"Base survey of 2011"
"Barley","Net value","Value of production less operating costs","dollars per planted acre","No specific size","Northern Crescent","United States",2013,109.62,"Base survey of 2011"
"Barley","Net value","Value of production less operating costs","dollars per planted acre","No specific size","Northern Crescent","United States",2014,75.49,"Base survey of 2011"
"Barley","Net value","Value of production less operating costs","dollars per planted acre","No specific size","Northern Crescent","United States",2015,96.76,"Base survey of 2011"
"Barley","Net value","Value of production less operating costs","dollars per planted acre","No specific size","Northern Crescent","United States",2016,164.8,"Base survey of 2011"
"Barley","Net value","Value of production less operating costs","dollars per planted acre","No specific size","Northern Crescent","United States",2017,160.53,"Base survey of 2011"
"Barley","Net value","Value of production less operating costs","dollars per planted acre","No specific size","Northern Crescent","United States",2018,81.11,"Base survey of 2011"
"Barley","Net value","Value of production less operating costs","dollars per planted acre","No specific size","Northern Crescent","United States",2019,147.46,"Base survey of 2019"
"Barley","Net value","Value of production less operating costs","dollars per planted acre","No specific size","Northern Crescent","United States",2020,89.62,"Base survey of 2019"
"Barley","Net value","Value of production less operating costs","dollars per planted acre","No specific size","Northern Crescent","United States",2021,130.75,"Base survey of 2019"
"Barley","Net value","Value of production less operating costs","dollars per planted acre","No specific size","Northern Crescent","United States",2022,145.36,"Base survey of 2019"
"Barley","Net value","Value of production less operating costs","dollars per planted acre","No specific size","Northern Crescent","United States",2023,206.54,"Base survey of 2019"
"Barley","Net value","Value of production less operating costs","dollars per planted acre","No specific size","Northern Crescent","United States",2024,154.53,"Base survey of 2019"
"Barley","Net value","Value of production less operating costs","dollars per planted acre","No specific size","Northern Great Plains","United States",2003,92.41,"Base survey of 2003"
"Barley","Net value","Value of production less operating costs","dollars per planted acre","No specific size","Northern Great Plains","United States",2004,73.21,"Base survey of 2003"
"Barley","Net value","Value of production less operating costs","dollars per planted acre","No specific size","Northern Great Plains","United States",2005,20.94,"Base survey of 2003"
"Barley","Net value","Value of production less operating costs","dollars per planted acre","No specific size","Northern Great Plains","United States",2006,25.2,"Base survey of 2003"
"Barley","Net value","Value of production less operating costs","dollars per planted acre","No specific size","Northern Great Plains","United States",2007,80.05,"Base survey of 2003"
"Barley","Net value","Value of production less operating costs","dollars per planted acre","No specific size","Northern Great Plains","United States",2008,154.1,"Base survey of 2003"
"Barley","Net value","Value of production less operating costs","dollars per planted acre","No specific size","Northern Great Plains","United States",2009,154,"Base survey of 2003"
"Barley","Net value","Value of production less operating costs","dollars per planted acre","No specific size","Northern Great Plains","United States",2010,99.27,"Base survey of 2003"
"Barley","Net value","Value of production less operating costs","dollars per planted acre","No specific size","Northern Great Plains","United States",2011,103.58,"Base survey of 2011"
"Barley","Net value","Value of production less operating costs","dollars per planted acre","No specific size","Northern Great Plains","United States",2012,208.52,"Base survey of 2011"
"Barley","Net value","Value of production less operating costs","dollars per planted acre","No specific size","Northern Great Plains","United States",2013,208.87,"Base survey of 2011"
"Barley","Net value","Value of production less operating costs","dollars per planted acre","No specific size","Northern Great Plains","United States",2014,173.05,"Base survey of 2011"
"Barley","Net value","Value of production less operating costs","dollars per planted acre","No specific size","Northern Great Plains","United States",2015,163.38,"Base survey of 2011"
"Barley","Net value","Value of production less operating costs","dollars per planted acre","No specific size","Northern Great Plains","United States",2016,129.08,"Base survey of 2011"
"Barley","Net value","Value of production less operating costs","dollars per planted acre","No specific size","Northern Great Plains","United States",2017,85.98,"Base survey of 2011"
"Barley","Net value","Value of production less operating costs","dollars per planted acre","No specific size","Northern Great Plains","United States",2018,113.59,"Base survey of 2011"
"Barley","Net value","Value of production less operating costs","dollars per planted acre","No specific size","Northern Great Plains","United States",2019,150.09,"Base survey of 2019"
"Barley","Net value","Value of production less operating costs","dollars per planted acre","No specific size","Northern Great Plains","United States",2020,151.58,"Base survey of 2019"
"Barley","Net value","Value of production less operating costs","dollars per planted acre","No specific size","Northern Great Plains","United States",2021,77.69,"Base survey of 2019"
"Barley","Net value","Value of production less operating costs","dollars per planted acre","No specific size","Northern Great Plains","United States",2022,255.95,"Base survey of 2019"
"Barley","Net value","Value of production less operating costs","dollars per planted acre","No specific size","Northern Great Plains","United States",2023,258.66,"Base survey of 2019"
"Barley","Net value","Value of production less operating costs","dollars per planted acre","No specific size","Northern Great Plains","United States",2024,180.31,"Base survey of 2019"
"Barley","Net value","Value of production less operating costs","dollars per planted acre","No specific size","Basin and Range","United States",2003,75.3,"Base survey of 2003"
"Barley","Net value","Value of production less operating costs","dollars per planted acre","No specific size","Basin and Range","United States",2004,73.95,"Base survey of 2003"
"Barley","Net value","Value of production less operating costs","dollars per planted acre","No specific size","Basin and Range","United States",2005,45.83,"Base survey of 2003"
"Barley","Net value","Value of production less operating costs","dollars per planted acre","No specific size","Basin and Range","United States",2006,26.16,"Base survey of 2003"
"Barley","Net value","Value of production less operating costs","dollars per planted acre","No specific size","Basin and Range","United States",2007,41.92,"Base survey of 2003"
"Barley","Net value","Value of production less operating costs","dollars per planted acre","No specific size","Basin and Range","United States",2008,122.01,"Base survey of 2003"
"Barley","Net value","Value of production less operating costs","dollars per planted acre","No specific size","Basin and Range","United States",2009,138.41,"Base survey of 2003"
"Barley","Net value","Value of production less operating costs","dollars per planted acre","No specific size","Basin and Range","United States",2010,99.42,"Base survey of 2003"
"Barley","Net value","Value of production less operating costs","dollars per planted acre","No specific size","Basin and Range","United States",2011,189.22,"Base survey of 2011"
"Barley","Net value","Value of production less operating costs","dollars per planted acre","No specific size","Basin and Range","United States",2012,241.46,"Base survey of 2011"
"Barley","Net value","Value of production less operating costs","dollars per planted acre","No specific size","Basin and Range","United States",2013,206.02,"Base survey of 2011"
"Barley","Net value","Value of production less operating costs","dollars per planted acre","No specific size","Basin and Range","United States",2014,178.03,"Base survey of 2011"
"Barley","Net value","Value of production less operating costs","dollars per planted acre","No specific size","Basin and Range","United States",2015,191.57,"Base survey of 2011"
"Barley","Net value","Value of production less operating costs","dollars per planted acre","No specific size","Basin and Range","United States",2016,192.53,"Base survey of 2011"
"Barley","Net value","Value of production less operating costs","dollars per planted acre","No specific size","Basin and Range","United States",2017,122.07,"Base survey of 2011"
"Barley","Net value","Value of production less operating costs","dollars per planted acre","No specific size","Basin and Range","United States",2018,130.57,"Base survey of 2011"
"Barley","Net value","Value of production less operating costs","dollars per planted acre","No specific size","Basin and Range","United States",2019,225.64,"Base survey of 2019"
"Barley","Net value","Value of production less operating costs","dollars per planted acre","No specific size","Basin and Range","United States",2020,234.53,"Base survey of 2019"
"Barley","Net value","Value of production less operating costs","dollars per planted acre","No specific size","Basin and Range","United States",2021,124.41,"Base survey of 2019"
"Barley","Net value","Value of production less operating costs","dollars per planted acre","No specific size","Basin and Range","United States",2022,210.28,"Base survey of 2019"
"Barley","Net value","Value of production less operating costs","dollars per planted acre","No specific size","Basin and Range","United States",2023,323.07,"Base survey of 2019"
"Barley","Net value","Value of production less operating costs","dollars per planted acre","No specific size","Basin and Range","United States",2024,268.68,"Base survey of 2019"
"Barley","Net value","Value of production less operating costs","dollars per planted acre","No specific size","Fruitful Rim","United States",2003,109.38,"Base survey of 2003"
"Barley","Net value","Value of production less operating costs","dollars per planted acre","No specific size","Fruitful Rim","United States",2004,121.89,"Base survey of 2003"
"Barley","Net value","Value of production less operating costs","dollars per planted acre","No specific size","Fruitful Rim","United States",2005,96.81,"Base survey of 2003"
"Barley","Net value","Value of production less operating costs","dollars per planted acre","No specific size","Fruitful Rim","United States",2006,78.47,"Base survey of 2003"
"Barley","Net value","Value of production less operating costs","dollars per planted acre","No specific size","Fruitful Rim","United States",2007,97.98,"Base survey of 2003"
"Barley","Net value","Value of production less operating costs","dollars per planted acre","No specific size","Fruitful Rim","United States",2008,185.01,"Base survey of 2003"
"Barley","Net value","Value of production less operating costs","dollars per planted acre","No specific size","Fruitful Rim","United States",2009,265,"Base survey of 2003"
"Barley","Net value","Value of production less operating costs","dollars per planted acre","No specific size","Fruitful Rim","United States",2010,210.05,"Base survey of 2003"
"Barley","Net value","Value of production less operating costs","dollars per planted acre","No specific size","Fruitful Rim","United States",2011,274.59,"Base survey of 2011"
"Barley","Net value","Value of production less operating costs","dollars per planted acre","No specific size","Fruitful Rim","United States",2012,321.62,"Base survey of 2011"
"Barley","Net value","Value of production less operating costs","dollars per planted acre","No specific size","Fruitful Rim","United States",2013,312.21,"Base survey of 2011"
"Barley","Net value","Value of production less operating costs","dollars per planted acre","No specific size","Fruitful Rim","United States",2014,213.71,"Base survey of 2011"
"Barley","Net value","Value of production less operating costs","dollars per planted acre","No specific size","Fruitful Rim","United States",2015,309.49,"Base survey of 2011"
"Barley","Net value","Value of production less operating costs","dollars per planted acre","No specific size","Fruitful Rim","United States",2016,326.38,"Base survey of 2011"
"Barley","Net value","Value of production less operating costs","dollars per planted acre","No specific size","Fruitful Rim","United States",2017,204.7,"Base survey of 2011"
"Barley","Net value","Value of production less operating costs","dollars per planted acre","No specific size","Fruitful Rim","United States",2018,262.04,"Base survey of 2011"
"Barley","Net value","Value of production less operating costs","dollars per planted acre","No specific size","Fruitful Rim","United States",2019,304.23,"Base survey of 2019"
"Barley","Net value","Value of production less operating costs","dollars per planted acre","No specific size","Fruitful Rim","United States",2020,308.47,"Base survey of 2019"
"Barley","Net value","Value of production less operating costs","dollars per planted acre","No specific size","Fruitful Rim","United States",2021,226.69,"Base survey of 2019"
"Barley","Net value","Value of production less operating costs","dollars per planted acre","No specific size","Fruitful Rim","United States",2022,503.15,"Base survey of 2019"
"Barley","Net value","Value of production less operating costs","dollars per planted acre","No specific size","Fruitful Rim","United States",2023,520.3,"Base survey of 2019"
"Barley","Net value","Value of production less operating costs","dollars per planted acre","No specific size","Fruitful Rim","United States",2024,438.81,"Base survey of 2019"
"Barley","Supporting information","Yield","bushels per planted acre","No specific size","U.S. total","United States",2003,57,"Base survey of 2003"
"Barley","Supporting information","Yield","bushels per planted acre","No specific size","U.S. total","United States",2004,60,"Base survey of 2003"
"Barley","Supporting information","Yield","bushels per planted acre","No specific size","U.S. total","United States",2005,53,"Base survey of 2003"
"Barley","Supporting information","Yield","bushels per planted acre","No specific size","U.S. total","United States",2006,51,"Base survey of 2003"
"Barley","Supporting information","Yield","bushels per planted acre","No specific size","U.S. total","United States",2007,52,"Base survey of 2003"
"Barley","Supporting information","Yield","bushels per planted acre","No specific size","U.S. total","United States",2008,55,"Base survey of 2003"
"Barley","Supporting information","Yield","bushels per planted acre","No specific size","U.S. total","United States",2009,62,"Base survey of 2003"
"Barley","Supporting information","Yield","bushels per planted acre","No specific size","U.S. total","United States",2010,61,"Base survey of 2003"
"Barley","Supporting information","Yield","bushels per planted acre","No specific size","U.S. total","United States",2011,68,"Base survey of 2011"
"Barley","Supporting information","Yield","bushels per planted acre","No specific size","U.S. total","United States",2012,66,"Base survey of 2011"
"Barley","Supporting information","Yield","bushels per planted acre","No specific size","U.S. total","United States",2013,68,"Base survey of 2011"
"Barley","Supporting information","Yield","bushels per planted acre","No specific size","U.S. total","United States",2014,65,"Base survey of 2011"
"Barley","Supporting information","Yield","bushels per planted acre","No specific size","U.S. total","United States",2015,66,"Base survey of 2011"
"Barley","Supporting information","Yield","bushels per planted acre","No specific size","U.S. total","United States",2016,71,"Base survey of 2011"
"Barley","Supporting information","Yield","bushels per planted acre","No specific size","U.S. total","United States",2017,63,"Base survey of 2011"
"Barley","Supporting information","Yield","bushels per planted acre","No specific size","U.S. total","United States",2018,68,"Base survey of 2011"
"Barley","Supporting information","Yield","bushels per planted acre","No specific size","U.S. total","United States",2019,69,"Base survey of 2019"
"Barley","Supporting information","Yield","bushels per planted acre","No specific size","U.S. total","United States",2020,70,"Base survey of 2019"
"Barley","Supporting information","Yield","bushels per planted acre","No specific size","U.S. total","United States",2021,49,"Base survey of 2019"
"Barley","Supporting information","Yield","bushels per planted acre","No specific size","U.S. total","United States",2022,67,"Base survey of 2019"
"Barley","Supporting information","Yield","bushels per planted acre","No specific size","U.S. total","United States",2023,67,"Base survey of 2019"
"Barley","Supporting information","Yield","bushels per planted acre","No specific size","U.S. total","United States",2024,66,"Base survey of 2019"
"Barley","Supporting information","Yield","bushels per planted acre","No specific size","Heartland","United States",2003,64,"Base survey of 2003"
"Barley","Supporting information","Yield","bushels per planted acre","No specific size","Heartland","United States",2004,47,"Base survey of 2003"
"Barley","Supporting information","Yield","bushels per planted acre","No specific size","Heartland","United States",2005,30,"Base survey of 2003"
"Barley","Supporting information","Yield","bushels per planted acre","No specific size","Heartland","United States",2006,39,"Base survey of 2003"
"Barley","Supporting information","Yield","bushels per planted acre","No specific size","Heartland","United States",2007,39,"Base survey of 2003"
"Barley","Supporting information","Yield","bushels per planted acre","No specific size","Heartland","United States",2008,45,"Base survey of 2003"
"Barley","Supporting information","Yield","bushels per planted acre","No specific size","Heartland","United States",2009,39,"Base survey of 2003"
"Barley","Supporting information","Yield","bushels per planted acre","No specific size","Heartland","United States",2010,38,"Base survey of 2003"
"Barley","Supporting information","Yield","bushels per planted acre","No specific size","Northern Crescent","United States",2003,55,"Base survey of 2003"
"Barley","Supporting information","Yield","bushels per planted acre","No specific size","Northern Crescent","United States",2004,55,"Base survey of 2003"
"Barley","Supporting information","Yield","bushels per planted acre","No specific size","Northern Crescent","United States",2005,44,"Base survey of 2003"
"Barley","Supporting information","Yield","bushels per planted acre","No specific size","Northern Crescent","United States",2006,54,"Base survey of 2003"
"Barley","Supporting information","Yield","bushels per planted acre","No specific size","Northern Crescent","United States",2007,48,"Base survey of 2003"
"Barley","Supporting information","Yield","bushels per planted acre","No specific size","Northern Crescent","United States",2008,58,"Base survey of 2003"
"Barley","Supporting information","Yield","bushels per planted acre","No specific size","Northern Crescent","United States",2009,51,"Base survey of 2003"
"Barley","Supporting information","Yield","bushels per planted acre","No specific size","Northern Crescent","United States",2010,51,"Base survey of 2003"
"Barley","Supporting information","Yield","bushels per planted acre","No specific size","Northern Crescent","United States",2011,52,"Base survey of 2011"
"Barley","Supporting information","Yield","bushels per planted acre","No specific size","Northern Crescent","United States",2012,53,"Base survey of 2011"
"Barley","Supporting information","Yield","bushels per planted acre","No specific size","Northern Crescent","United States",2013,55,"Base survey of 2011"
"Barley","Supporting information","Yield","bushels per planted acre","No specific size","Northern Crescent","United States",2014,53,"Base survey of 2011"
"Barley","Supporting information","Yield","bushels per planted acre","No specific size","Northern Crescent","United States",2015,56,"Base survey of 2011"
"Barley","Supporting information","Yield","bushels per planted acre","No specific size","Northern Crescent","United States",2016,63,"Base survey of 2011"
"Barley","Supporting information","Yield","bushels per planted acre","No specific size","Northern Crescent","United States",2017,65,"Base survey of 2011"
"Barley","Supporting information","Yield","bushels per planted acre","No specific size","Northern Crescent","United States",2018,48,"Base survey of 2011"
"Barley","Supporting information","Yield","bushels per planted acre","No specific size","Northern Crescent","United States",2019,65,"Base survey of 2019"
"Barley","Supporting information","Yield","bushels per planted acre","No specific size","Northern Crescent","United States",2020,60,"Base survey of 2019"
"Barley","Supporting information","Yield","bushels per planted acre","No specific size","Northern Crescent","United States",2021,63,"Base survey of 2019"
"Barley","Supporting information","Yield","bushels per planted acre","No specific size","Northern Crescent","United States",2022,56,"Base survey of 2019"
"Barley","Supporting information","Yield","bushels per planted acre","No specific size","Northern Crescent","United States",2023,71,"Base survey of 2019"
"Barley","Supporting information","Yield","bushels per planted acre","No specific size","Northern Crescent","United States",2024,76,"Base survey of 2019"
"Barley","Supporting information","Yield","bushels per planted acre","No specific size","Northern Great Plains","United States",2003,55,"Base survey of 2003"
"Barley","Supporting information","Yield","bushels per planted acre","No specific size","Northern Great Plains","United States",2004,55,"Base survey of 2003"
"Barley","Supporting information","Yield","bushels per planted acre","No specific size","Northern Great Plains","United States",2005,46,"Base survey of 2003"
"Barley","Supporting information","Yield","bushels per planted acre","No specific size","Northern Great Plains","United States",2006,43,"Base survey of 2003"
"Barley","Supporting information","Yield","bushels per planted acre","No specific size","Northern Great Plains","United States",2007,48,"Base survey of 2003"
"Barley","Supporting information","Yield","bushels per planted acre","No specific size","Northern Great Plains","United States",2008,50,"Base survey of 2003"
"Barley","Supporting information","Yield","bushels per planted acre","No specific size","Northern Great Plains","United States",2009,60,"Base survey of 2003"
"Barley","Supporting information","Yield","bushels per planted acre","No specific size","Northern Great Plains","United States",2010,56,"Base survey of 2003"
"Barley","Supporting information","Yield","bushels per planted acre","No specific size","Northern Great Plains","United States",2011,45,"Base survey of 2011"
"Barley","Supporting information","Yield","bushels per planted acre","No specific size","Northern Great Plains","United States",2012,56,"Base survey of 2011"
"Barley","Supporting information","Yield","bushels per planted acre","No specific size","Northern Great Plains","United States",2013,56,"Base survey of 2011"
"Barley","Supporting information","Yield","bushels per planted acre","No specific size","Northern Great Plains","United States",2014,55,"Base survey of 2011"
"Barley","Supporting information","Yield","bushels per planted acre","No specific size","Northern Great Plains","United States",2015,57,"Base survey of 2011"
"Barley","Supporting information","Yield","bushels per planted acre","No specific size","Northern Great Plains","United States",2016,55,"Base survey of 2011"
"Barley","Supporting information","Yield","bushels per planted acre","No specific size","Northern Great Plains","United States",2017,46,"Base survey of 2011"
"Barley","Supporting information","Yield","bushels per planted acre","No specific size","Northern Great Plains","United States",2018,54,"Base survey of 2011"
"Barley","Supporting information","Yield","bushels per planted acre","No specific size","Northern Great Plains","United States",2019,59,"Base survey of 2019"
"Barley","Supporting information","Yield","bushels per planted acre","No specific size","Northern Great Plains","United States",2020,59,"Base survey of 2019"
"Barley","Supporting information","Yield","bushels per planted acre","No specific size","Northern Great Plains","United States",2021,36,"Base survey of 2019"
"Barley","Supporting information","Yield","bushels per planted acre","No specific size","Northern Great Plains","United States",2022,58,"Base survey of 2019"
"Barley","Supporting information","Yield","bushels per planted acre","No specific size","Northern Great Plains","United States",2023,58,"Base survey of 2019"
"Barley","Supporting information","Yield","bushels per planted acre","No specific size","Northern Great Plains","United States",2024,51,"Base survey of 2019"
"Barley","Supporting information","Yield","bushels per planted acre","No specific size","Basin and Range","United States",2003,52,"Base survey of 2003"
"Barley","Supporting information","Yield","bushels per planted acre","No specific size","Basin and Range","United States",2004,52,"Base survey of 2003"
"Barley","Supporting information","Yield","bushels per planted acre","No specific size","Basin and Range","United States",2005,48,"Base survey of 2003"
"Barley","Supporting information","Yield","bushels per planted acre","No specific size","Basin and Range","United States",2006,46,"Base survey of 2003"
"Barley","Supporting information","Yield","bushels per planted acre","No specific size","Basin and Range","United States",2007,41,"Base survey of 2003"
"Barley","Supporting information","Yield","bushels per planted acre","No specific size","Basin and Range","United States",2008,49,"Base survey of 2003"
"Barley","Supporting information","Yield","bushels per planted acre","No specific size","Basin and Range","United States",2009,52,"Base survey of 2003"
"Barley","Supporting information","Yield","bushels per planted acre","No specific size","Basin and Range","United States",2010,55,"Base survey of 2003"
"Barley","Supporting information","Yield","bushels per planted acre","No specific size","Basin and Range","United States",2011,72,"Base survey of 2011"
"Barley","Supporting information","Yield","bushels per planted acre","No specific size","Basin and Range","United States",2012,70,"Base survey of 2011"
"Barley","Supporting information","Yield","bushels per planted acre","No specific size","Basin and Range","United States",2013,68,"Base survey of 2011"
"Barley","Supporting information","Yield","bushels per planted acre","No specific size","Basin and Range","United States",2014,67,"Base survey of 2011"
"Barley","Supporting information","Yield","bushels per planted acre","No specific size","Basin and Range","United States",2015,65,"Base survey of 2011"
"Barley","Supporting information","Yield","bushels per planted acre","No specific size","Basin and Range","United States",2016,72,"Base survey of 2011"
"Barley","Supporting information","Yield","bushels per planted acre","No specific size","Basin and Range","United States",2017,64,"Base survey of 2011"
"Barley","Supporting information","Yield","bushels per planted acre","No specific size","Basin and Range","United States",2018,65,"Base survey of 2011"
"Barley","Supporting information","Yield","bushels per planted acre","No specific size","Basin and Range","United States",2019,81,"Base survey of 2019"
"Barley","Supporting information","Yield","bushels per planted acre","No specific size","Basin and Range","United States",2020,81,"Base survey of 2019"
"Barley","Supporting information","Yield","bushels per planted acre","No specific size","Basin and Range","United States",2021,59,"Base survey of 2019"
"Barley","Supporting information","Yield","bushels per planted acre","No specific size","Basin and Range","United States",2022,67,"Base survey of 2019"
"Barley","Supporting information","Yield","bushels per planted acre","No specific size","Basin and Range","United States",2023,73,"Base survey of 2019"
"Barley","Supporting information","Yield","bushels per planted acre","No specific size","Basin and Range","United States",2024,73,"Base survey of 2019"
"Barley","Supporting information","Yield","bushels per planted acre","No specific size","Fruitful Rim","United States",2003,70,"Base survey of 2003"
"Barley","Supporting information","Yield","bushels per planted acre","No specific size","Fruitful Rim","United States",2004,80,"Base survey of 2003"
"Barley","Supporting information","Yield","bushels per planted acre","No specific size","Fruitful Rim","United States",2005,74,"Base survey of 2003"
"Barley","Supporting information","Yield","bushels per planted acre","No specific size","Fruitful Rim","United States",2006,73,"Base survey of 2003"
"Barley","Supporting information","Yield","bushels per planted acre","No specific size","Fruitful Rim","United States",2007,69,"Base survey of 2003"
"Barley","Supporting information","Yield","bushels per planted acre","No specific size","Fruitful Rim","United States",2008,74,"Base survey of 2003"
"Barley","Supporting information","Yield","bushels per planted acre","No specific size","Fruitful Rim","United States",2009,82,"Base survey of 2003"
"Barley","Supporting information","Yield","bushels per planted acre","No specific size","Fruitful Rim","United States",2010,80,"Base survey of 2003"
"Barley","Supporting information","Yield","bushels per planted acre","No specific size","Fruitful Rim","United States",2011,97,"Base survey of 2011"
"Barley","Supporting information","Yield","bushels per planted acre","No specific size","Fruitful Rim","United States",2012,91,"Base survey of 2011"
"Barley","Supporting information","Yield","bushels per planted acre","No specific size","Fruitful Rim","United States",2013,94,"Base survey of 2011"
"Barley","Supporting information","Yield","bushels per planted acre","No specific size","Fruitful Rim","United States",2014,88,"Base survey of 2011"
"Barley","Supporting information","Yield","bushels per planted acre","No specific size","Fruitful Rim","United States",2015,93,"Base survey of 2011"
"Barley","Supporting information","Yield","bushels per planted acre","No specific size","Fruitful Rim","United States",2016,109,"Base survey of 2011"
"Barley","Supporting information","Yield","bushels per planted acre","No specific size","Fruitful Rim","United States",2017,93,"Base survey of 2011"
"Barley","Supporting information","Yield","bushels per planted acre","No specific size","Fruitful Rim","United States",2018,99,"Base survey of 2011"
"Barley","Supporting information","Yield","bushels per planted acre","No specific size","Fruitful Rim","United States",2019,93,"Base survey of 2019"
"Barley","Supporting information","Yield","bushels per planted acre","No specific size","Fruitful Rim","United States",2020,94,"Base survey of 2019"
"Barley","Supporting information","Yield","bushels per planted acre","No specific size","Fruitful Rim","United States",2021,77,"Base survey of 2019"
"Barley","Supporting information","Yield","bushels per planted acre","No specific size","Fruitful Rim","United States",2022,99,"Base survey of 2019"
"Barley","Supporting information","Yield","bushels per planted acre","No specific size","Fruitful Rim","United States",2023,96,"Base survey of 2019"
"Barley","Supporting information","Yield","bushels per planted acre","No specific size","Fruitful Rim","United States",2024,95,"Base survey of 2019"
"Barley","Supporting information","Price","dollars per bushel at harvest","No specific size","U.S. total","United States",2003,2.88,"Base survey of 2003"
"Barley","Supporting information","Price","dollars per bushel at harvest","No specific size","U.S. total","United States",2004,2.67,"Base survey of 2003"
"Barley","Supporting information","Price","dollars per bushel at harvest","No specific size","U.S. total","United States",2005,2.54,"Base survey of 2003"
"Barley","Supporting information","Price","dollars per bushel at harvest","No specific size","U.S. total","United States",2006,2.64,"Base survey of 2003"
"Barley","Supporting information","Price","dollars per bushel at harvest","No specific size","U.S. total","United States",2007,3.46,"Base survey of 2003"
"Barley","Supporting information","Price","dollars per bushel at harvest","No specific size","U.S. total","United States",2008,5.22,"Base survey of 2003"
"Barley","Supporting information","Price","dollars per bushel at harvest","No specific size","U.S. total","United States",2009,4.72,"Base survey of 2003"
"Barley","Supporting information","Price","dollars per bushel at harvest","No specific size","U.S. total","United States",2010,3.91,"Base survey of 2003"
"Barley","Supporting information","Price","dollars per bushel at harvest","No specific size","U.S. total","United States",2011,5.19,"Base survey of 2011"
"Barley","Supporting information","Price","dollars per bushel at harvest","No specific size","U.S. total","United States",2012,6.24,"Base survey of 2011"
"Barley","Supporting information","Price","dollars per bushel at harvest","No specific size","U.S. total","United States",2013,5.99,"Base survey of 2011"
"Barley","Supporting information","Price","dollars per bushel at harvest","No specific size","U.S. total","United States",2014,5.44,"Base survey of 2011"
"Barley","Supporting information","Price","dollars per bushel at harvest","No specific size","U.S. total","United States",2015,5.31,"Base survey of 2011"
"Barley","Supporting information","Price","dollars per bushel at harvest","No specific size","U.S. total","United States",2016,4.73,"Base survey of 2011"
"Barley","Supporting information","Price","dollars per bushel at harvest","No specific size","U.S. total","United States",2017,4.45,"Base survey of 2011"
"Barley","Supporting information","Price","dollars per bushel at harvest","No specific size","U.S. total","United States",2018,4.48,"Base survey of 2011"
"Barley","Supporting information","Price","dollars per bushel at harvest","No specific size","U.S. total","United States",2019,4.66,"Base survey of 2019"
"Barley","Supporting information","Price","dollars per bushel at harvest","No specific size","U.S. total","United States",2020,4.5,"Base survey of 2019"
"Barley","Supporting information","Price","dollars per bushel at harvest","No specific size","U.S. total","United States",2021,5.06,"Base survey of 2019"
"Barley","Supporting information","Price","dollars per bushel at harvest","No specific size","U.S. total","United States",2022,7.33,"Base survey of 2019"
"Barley","Supporting information","Price","dollars per bushel at harvest","No specific size","U.S. total","United States",2023,7.37,"Base survey of 2019"
"Barley","Supporting information","Price","dollars per bushel at harvest","No specific size","U.S. total","United States",2024,6.41,"Base survey of 2019"
"Barley","Supporting information","Price","dollars per bushel at harvest","No specific size","Heartland","United States",2003,2.39,"Base survey of 2003"
"Barley","Supporting information","Price","dollars per bushel at harvest","No specific size","Heartland","United States",2004,2.36,"Base survey of 2003"
"Barley","Supporting information","Price","dollars per bushel at harvest","No specific size","Heartland","United States",2005,2.52,"Base survey of 2003"
"Barley","Supporting information","Price","dollars per bushel at harvest","No specific size","Heartland","United States",2006,2.45,"Base survey of 2003"
"Barley","Supporting information","Price","dollars per bushel at harvest","No specific size","Heartland","United States",2007,3.4,"Base survey of 2003"
"Barley","Supporting information","Price","dollars per bushel at harvest","No specific size","Heartland","United States",2008,5.11,"Base survey of 2003"
"Barley","Supporting information","Price","dollars per bushel at harvest","No specific size","Heartland","United States",2009,5.27,"Base survey of 2003"
"Barley","Supporting information","Price","dollars per bushel at harvest","No specific size","Heartland","United States",2010,3.71,"Base survey of 2003"
"Barley","Supporting information","Price","dollars per bushel at harvest","No specific size","Northern Crescent","United States",2003,2.72,"Base survey of 2003"
"Barley","Supporting information","Price","dollars per bushel at harvest","No specific size","Northern Crescent","United States",2004,2.21,"Base survey of 2003"
"Barley","Supporting information","Price","dollars per bushel at harvest","No specific size","Northern Crescent","United States",2005,2.39,"Base survey of 2003"
"Barley","Supporting information","Price","dollars per bushel at harvest","No specific size","Northern Crescent","United States",2006,2.47,"Base survey of 2003"
"Barley","Supporting information","Price","dollars per bushel at harvest","No specific size","Northern Crescent","United States",2007,3.37,"Base survey of 2003"
"Barley","Supporting information","Price","dollars per bushel at harvest","No specific size","Northern Crescent","United States",2008,5.11,"Base survey of 2003"
"Barley","Supporting information","Price","dollars per bushel at harvest","No specific size","Northern Crescent","United States",2009,5.19,"Base survey of 2003"
"Barley","Supporting information","Price","dollars per bushel at harvest","No specific size","Northern Crescent","United States",2010,3.75,"Base survey of 2003"
"Barley","Supporting information","Price","dollars per bushel at harvest","No specific size","Northern Crescent","United States",2011,4.82,"Base survey of 2011"
"Barley","Supporting information","Price","dollars per bushel at harvest","No specific size","Northern Crescent","United States",2012,6.35,"Base survey of 2011"
"Barley","Supporting information","Price","dollars per bushel at harvest","No specific size","Northern Crescent","United States",2013,4.61,"Base survey of 2011"
"Barley","Supporting information","Price","dollars per bushel at harvest","No specific size","Northern Crescent","United States",2014,4.18,"Base survey of 2011"
"Barley","Supporting information","Price","dollars per bushel at harvest","No specific size","Northern Crescent","United States",2015,4.17,"Base survey of 2011"
"Barley","Supporting information","Price","dollars per bushel at harvest","No specific size","Northern Crescent","United States",2016,4.62,"Base survey of 2011"
"Barley","Supporting information","Price","dollars per bushel at harvest","No specific size","Northern Crescent","United States",2017,4.31,"Base survey of 2011"
"Barley","Supporting information","Price","dollars per bushel at harvest","No specific size","Northern Crescent","United States",2018,4.11,"Base survey of 2011"
"Barley","Supporting information","Price","dollars per bushel at harvest","No specific size","Northern Crescent","United States",2019,4.38,"Base survey of 2019"
"Barley","Supporting information","Price","dollars per bushel at harvest","No specific size","Northern Crescent","United States",2020,3.61,"Base survey of 2019"
"Barley","Supporting information","Price","dollars per bushel at harvest","No specific size","Northern Crescent","United States",2021,4.49,"Base survey of 2019"
"Barley","Supporting information","Price","dollars per bushel at harvest","No specific size","Northern Crescent","United States",2022,6.96,"Base survey of 2019"
"Barley","Supporting information","Price","dollars per bushel at harvest","No specific size","Northern Crescent","United States",2023,5.98,"Base survey of 2019"
"Barley","Supporting information","Price","dollars per bushel at harvest","No specific size","Northern Crescent","United States",2024,4.59,"Base survey of 2019"
"Barley","Supporting information","Price","dollars per bushel at harvest","No specific size","Northern Great Plains","United States",2003,2.82,"Base survey of 2003"
"Barley","Supporting information","Price","dollars per bushel at harvest","No specific size","Northern Great Plains","United States",2004,2.48,"Base survey of 2003"
"Barley","Supporting information","Price","dollars per bushel at harvest","No specific size","Northern Great Plains","United States",2005,2.02,"Base survey of 2003"
"Barley","Supporting information","Price","dollars per bushel at harvest","No specific size","Northern Great Plains","United States",2006,2.38,"Base survey of 2003"
"Barley","Supporting information","Price","dollars per bushel at harvest","No specific size","Northern Great Plains","United States",2007,3.36,"Base survey of 2003"
"Barley","Supporting information","Price","dollars per bushel at harvest","No specific size","Northern Great Plains","United States",2008,5.21,"Base survey of 2003"
"Barley","Supporting information","Price","dollars per bushel at harvest","No specific size","Northern Great Plains","United States",2009,4.25,"Base survey of 2003"
"Barley","Supporting information","Price","dollars per bushel at harvest","No specific size","Northern Great Plains","United States",2010,3.42,"Base survey of 2003"
"Barley","Supporting information","Price","dollars per bushel at harvest","No specific size","Northern Great Plains","United States",2011,5.1,"Base survey of 2011"
"Barley","Supporting information","Price","dollars per bushel at harvest","No specific size","Northern Great Plains","United States",2012,6.21,"Base survey of 2011"
"Barley","Supporting information","Price","dollars per bushel at harvest","No specific size","Northern Great Plains","United States",2013,6.23,"Base survey of 2011"
"Barley","Supporting information","Price","dollars per bushel at harvest","No specific size","Northern Great Plains","United States",2014,5.65,"Base survey of 2011"
"Barley","Supporting information","Price","dollars per bushel at harvest","No specific size","Northern Great Plains","United States",2015,5.12,"Base survey of 2011"
"Barley","Supporting information","Price","dollars per bushel at harvest","No specific size","Northern Great Plains","United States",2016,4.53,"Base survey of 2011"
"Barley","Supporting information","Price","dollars per bushel at harvest","No specific size","Northern Great Plains","United States",2017,4.43,"Base survey of 2011"
"Barley","Supporting information","Price","dollars per bushel at harvest","No specific size","Northern Great Plains","United States",2018,4.3,"Base survey of 2011"
"Barley","Supporting information","Price","dollars per bushel at harvest","No specific size","Northern Great Plains","United States",2019,4.42,"Base survey of 2019"
"Barley","Supporting information","Price","dollars per bushel at harvest","No specific size","Northern Great Plains","United States",2020,4.27,"Base survey of 2019"
"Barley","Supporting information","Price","dollars per bushel at harvest","No specific size","Northern Great Plains","United States",2021,5.13,"Base survey of 2019"
"Barley","Supporting information","Price","dollars per bushel at harvest","No specific size","Northern Great Plains","United States",2022,7.35,"Base survey of 2019"
"Barley","Supporting information","Price","dollars per bushel at harvest","No specific size","Northern Great Plains","United States",2023,7.18,"Base survey of 2019"
"Barley","Supporting information","Price","dollars per bushel at harvest","No specific size","Northern Great Plains","United States",2024,6.14,"Base survey of 2019"
"Barley","Supporting information","Price","dollars per bushel at harvest","No specific size","Basin and Range","United States",2003,2.93,"Base survey of 2003"
"Barley","Supporting information","Price","dollars per bushel at harvest","No specific size","Basin and Range","United States",2004,2.95,"Base survey of 2003"
"Barley","Supporting information","Price","dollars per bushel at harvest","No specific size","Basin and Range","United States",2005,2.91,"Base survey of 2003"
"Barley","Supporting information","Price","dollars per bushel at harvest","No specific size","Basin and Range","United States",2006,2.72,"Base survey of 2003"
"Barley","Supporting information","Price","dollars per bushel at harvest","No specific size","Basin and Range","United States",2007,3.64,"Base survey of 2003"
"Barley","Supporting information","Price","dollars per bushel at harvest","No specific size","Basin and Range","United States",2008,5.43,"Base survey of 2003"
"Barley","Supporting information","Price","dollars per bushel at harvest","No specific size","Basin and Range","United States",2009,5.2,"Base survey of 2003"
"Barley","Supporting information","Price","dollars per bushel at harvest","No specific size","Basin and Range","United States",2010,4.04,"Base survey of 2003"
"Barley","Supporting information","Price","dollars per bushel at harvest","No specific size","Basin and Range","United States",2011,5.13,"Base survey of 2011"
"Barley","Supporting information","Price","dollars per bushel at harvest","No specific size","Basin and Range","United States",2012,6.22,"Base survey of 2011"
"Barley","Supporting information","Price","dollars per bushel at harvest","No specific size","Basin and Range","United States",2013,5.84,"Base survey of 2011"
"Barley","Supporting information","Price","dollars per bushel at harvest","No specific size","Basin and Range","United States",2014,5.5,"Base survey of 2011"
"Barley","Supporting information","Price","dollars per bushel at harvest","No specific size","Basin and Range","United States",2015,5.62,"Base survey of 2011"
"Barley","Supporting information","Price","dollars per bushel at harvest","No specific size","Basin and Range","United States",2016,4.93,"Base survey of 2011"
"Barley","Supporting information","Price","dollars per bushel at harvest","No specific size","Basin and Range","United States",2017,4.43,"Base survey of 2011"
"Barley","Supporting information","Price","dollars per bushel at harvest","No specific size","Basin and Range","United States",2018,4.5,"Base survey of 2011"
"Barley","Supporting information","Price","dollars per bushel at harvest","No specific size","Basin and Range","United States",2019,4.86,"Base survey of 2019"
"Barley","Supporting information","Price","dollars per bushel at harvest","No specific size","Basin and Range","United States",2020,4.81,"Base survey of 2019"
"Barley","Supporting information","Price","dollars per bushel at harvest","No specific size","Basin and Range","United States",2021,5.02,"Base survey of 2019"
"Barley","Supporting information","Price","dollars per bushel at harvest","No specific size","Basin and Range","United States",2022,7.11,"Base survey of 2019"
"Barley","Supporting information","Price","dollars per bushel at harvest","No specific size","Basin and Range","United States",2023,7.69,"Base survey of 2019"
"Barley","Supporting information","Price","dollars per bushel at harvest","No specific size","Basin and Range","United States",2024,6.76,"Base survey of 2019"
"Barley","Supporting information","Price","dollars per bushel at harvest","No specific size","Fruitful Rim","United States",2003,3.05,"Base survey of 2003"
"Barley","Supporting information","Price","dollars per bushel at harvest","No specific size","Fruitful Rim","United States",2004,2.92,"Base survey of 2003"
"Barley","Supporting information","Price","dollars per bushel at harvest","No specific size","Fruitful Rim","United States",2005,3.03,"Base survey of 2003"
"Barley","Supporting information","Price","dollars per bushel at harvest","No specific size","Fruitful Rim","United States",2006,2.96,"Base survey of 2003"
"Barley","Supporting information","Price","dollars per bushel at harvest","No specific size","Fruitful Rim","United States",2007,3.57,"Base survey of 2003"
"Barley","Supporting information","Price","dollars per bushel at harvest","No specific size","Fruitful Rim","United States",2008,5.14,"Base survey of 2003"
"Barley","Supporting information","Price","dollars per bushel at harvest","No specific size","Fruitful Rim","United States",2009,5.38,"Base survey of 2003"
"Barley","Supporting information","Price","dollars per bushel at harvest","No specific size","Fruitful Rim","United States",2010,4.75,"Base survey of 2003"
"Barley","Supporting information","Price","dollars per bushel at harvest","No specific size","Fruitful Rim","United States",2011,5.35,"Base survey of 2011"
"Barley","Supporting information","Price","dollars per bushel at harvest","No specific size","Fruitful Rim","United States",2012,6.36,"Base survey of 2011"
"Barley","Supporting information","Price","dollars per bushel at harvest","No specific size","Fruitful Rim","United States",2013,6.07,"Base survey of 2011"
"Barley","Supporting information","Price","dollars per bushel at harvest","No specific size","Fruitful Rim","United States",2014,5.34,"Base survey of 2011"
"Barley","Supporting information","Price","dollars per bushel at harvest","No specific size","Fruitful Rim","United States",2015,5.84,"Base survey of 2011"
"Barley","Supporting information","Price","dollars per bushel at harvest","No specific size","Fruitful Rim","United States",2016,5.03,"Base survey of 2011"
"Barley","Supporting information","Price","dollars per bushel at harvest","No specific size","Fruitful Rim","United States",2017,4.55,"Base survey of 2011"
"Barley","Supporting information","Price","dollars per bushel at harvest","No specific size","Fruitful Rim","United States",2018,4.85,"Base survey of 2011"
"Barley","Supporting information","Price","dollars per bushel at harvest","No specific size","Fruitful Rim","United States",2019,4.97,"Base survey of 2019"
"Barley","Supporting information","Price","dollars per bushel at harvest","No specific size","Fruitful Rim","United States",2020,4.8,"Base survey of 2019"
"Barley","Supporting information","Price","dollars per bushel at harvest","No specific size","Fruitful Rim","United States",2021,5.06,"Base survey of 2019"
"Barley","Supporting information","Price","dollars per bushel at harvest","No specific size","Fruitful Rim","United States",2022,7.49,"Base survey of 2019"
"Barley","Supporting information","Price","dollars per bushel at harvest","No specific size","Fruitful Rim","United States",2023,7.7,"Base survey of 2019"
"Barley","Supporting information","Price","dollars per bushel at harvest","No specific size","Fruitful Rim","United States",2024,6.78,"Base survey of 2019"
"Barley","Supporting information","Enterprise size","planted acres","No specific size","U.S. total","United States",2003,219,"Base survey of 2003"
"Barley","Supporting information","Enterprise size","planted acres","No specific size","U.S. total","United States",2004,219,"Base survey of 2003"
"Barley","Supporting information","Enterprise size","planted acres","No specific size","U.S. total","United States",2005,219,"Base survey of 2003"
"Barley","Supporting information","Enterprise size","planted acres","No specific size","U.S. total","United States",2006,219,"Base survey of 2003"
"Barley","Supporting information","Enterprise size","planted acres","No specific size","U.S. total","United States",2007,219,"Base survey of 2003"
"Barley","Supporting information","Enterprise size","planted acres","No specific size","U.S. total","United States",2008,219,"Base survey of 2003"
"Barley","Supporting information","Enterprise size","planted acres","No specific size","U.S. total","United States",2009,219,"Base survey of 2003"
"Barley","Supporting information","Enterprise size","planted acres","No specific size","U.S. total","United States",2010,219,"Base survey of 2003"
"Barley","Supporting information","Enterprise size","planted acres","No specific size","U.S. total","United States",2011,174,"Base survey of 2011"
"Barley","Supporting information","Enterprise size","planted acres","No specific size","U.S. total","United States",2012,174,"Base survey of 2011"
"Barley","Supporting information","Enterprise size","planted acres","No specific size","U.S. total","United States",2013,174,"Base survey of 2011"
"Barley","Supporting information","Enterprise size","planted acres","No specific size","U.S. total","United States",2014,174,"Base survey of 2011"
"Barley","Supporting information","Enterprise size","planted acres","No specific size","U.S. total","United States",2015,174,"Base survey of 2011"
"Barley","Supporting information","Enterprise size","planted acres","No specific size","U.S. total","United States",2016,174,"Base survey of 2011"
"Barley","Supporting information","Enterprise size","planted acres","No specific size","U.S. total","United States",2017,174,"Base survey of 2011"
"Barley","Supporting information","Enterprise size","planted acres","No specific size","U.S. total","United States",2018,174,"Base survey of 2011"
"Barley","Supporting information","Enterprise size","planted acres","No specific size","U.S. total","United States",2019,282,"Base survey of 2019"
"Barley","Supporting information","Enterprise size","planted acres","No specific size","U.S. total","United States",2020,282,"Base survey of 2019"
"Barley","Supporting information","Enterprise size","planted acres","No specific size","U.S. total","United States",2021,282,"Base survey of 2019"
"Barley","Supporting information","Enterprise size","planted acres","No specific size","U.S. total","United States",2022,282,"Base survey of 2019"
"Barley","Supporting information","Enterprise size","planted acres","No specific size","U.S. total","United States",2023,282,"Base survey of 2019"
"Barley","Supporting information","Enterprise size","planted acres","No specific size","U.S. total","United States",2024,282,"Base survey of 2019"
"Barley","Supporting information","Enterprise size","planted acres","No specific size","Heartland","United States",2003,87,"Base survey of 2003"
"Barley","Supporting information","Enterprise size","planted acres","No specific size","Heartland","United States",2004,87,"Base survey of 2003"
"Barley","Supporting information","Enterprise size","planted acres","No specific size","Heartland","United States",2005,87,"Base survey of 2003"
"Barley","Supporting information","Enterprise size","planted acres","No specific size","Heartland","United States",2006,87,"Base survey of 2003"
"Barley","Supporting information","Enterprise size","planted acres","No specific size","Heartland","United States",2007,87,"Base survey of 2003"
"Barley","Supporting information","Enterprise size","planted acres","No specific size","Heartland","United States",2008,87,"Base survey of 2003"
"Barley","Supporting information","Enterprise size","planted acres","No specific size","Heartland","United States",2009,87,"Base survey of 2003"
"Barley","Supporting information","Enterprise size","planted acres","No specific size","Heartland","United States",2010,87,"Base survey of 2003"
"Barley","Supporting information","Enterprise size","planted acres","No specific size","Northern Crescent","United States",2003,33,"Base survey of 2003"
"Barley","Supporting information","Enterprise size","planted acres","No specific size","Northern Crescent","United States",2004,33,"Base survey of 2003"
"Barley","Supporting information","Enterprise size","planted acres","No specific size","Northern Crescent","United States",2005,33,"Base survey of 2003"
"Barley","Supporting information","Enterprise size","planted acres","No specific size","Northern Crescent","United States",2006,33,"Base survey of 2003"
"Barley","Supporting information","Enterprise size","planted acres","No specific size","Northern Crescent","United States",2007,33,"Base survey of 2003"
"Barley","Supporting information","Enterprise size","planted acres","No specific size","Northern Crescent","United States",2008,33,"Base survey of 2003"
"Barley","Supporting information","Enterprise size","planted acres","No specific size","Northern Crescent","United States",2009,33,"Base survey of 2003"
"Barley","Supporting information","Enterprise size","planted acres","No specific size","Northern Crescent","United States",2010,33,"Base survey of 2003"
"Barley","Supporting information","Enterprise size","planted acres","No specific size","Northern Crescent","United States",2011,26,"Base survey of 2011"
"Barley","Supporting information","Enterprise size","planted acres","No specific size","Northern Crescent","United States",2012,26,"Base survey of 2011"
"Barley","Supporting information","Enterprise size","planted acres","No specific size","Northern Crescent","United States",2013,26,"Base survey of 2011"
"Barley","Supporting information","Enterprise size","planted acres","No specific size","Northern Crescent","United States",2014,26,"Base survey of 2011"
"Barley","Supporting information","Enterprise size","planted acres","No specific size","Northern Crescent","United States",2015,26,"Base survey of 2011"
"Barley","Supporting information","Enterprise size","planted acres","No specific size","Northern Crescent","United States",2016,26,"Base survey of 2011"
"Barley","Supporting information","Enterprise size","planted acres","No specific size","Northern Crescent","United States",2017,26,"Base survey of 2011"
"Barley","Supporting information","Enterprise size","planted acres","No specific size","Northern Crescent","United States",2018,26,"Base survey of 2011"
"Barley","Supporting information","Enterprise size","planted acres","No specific size","Northern Crescent","United States",2019,36,"Base survey of 2019"
"Barley","Supporting information","Enterprise size","planted acres","No specific size","Northern Crescent","United States",2020,36,"Base survey of 2019"
"Barley","Supporting information","Enterprise size","planted acres","No specific size","Northern Crescent","United States",2021,36,"Base survey of 2019"
"Barley","Supporting information","Enterprise size","planted acres","No specific size","Northern Crescent","United States",2022,36,"Base survey of 2019"
"Barley","Supporting information","Enterprise size","planted acres","No specific size","Northern Crescent","United States",2023,36,"Base survey of 2019"
"Barley","Supporting information","Enterprise size","planted acres","No specific size","Northern Crescent","United States",2024,36,"Base survey of 2019"
"Barley","Supporting information","Enterprise size","planted acres","No specific size","Northern Great Plains","United States",2003,342,"Base survey of 2003"
"Barley","Supporting information","Enterprise size","planted acres","No specific size","Northern Great Plains","United States",2004,342,"Base survey of 2003"
"Barley","Supporting information","Enterprise size","planted acres","No specific size","Northern Great Plains","United States",2005,342,"Base survey of 2003"
"Barley","Supporting information","Enterprise size","planted acres","No specific size","Northern Great Plains","United States",2006,342,"Base survey of 2003"
"Barley","Supporting information","Enterprise size","planted acres","No specific size","Northern Great Plains","United States",2007,342,"Base survey of 2003"
"Barley","Supporting information","Enterprise size","planted acres","No specific size","Northern Great Plains","United States",2008,342,"Base survey of 2003"
"Barley","Supporting information","Enterprise size","planted acres","No specific size","Northern Great Plains","United States",2009,342,"Base survey of 2003"
"Barley","Supporting information","Enterprise size","planted acres","No specific size","Northern Great Plains","United States",2010,342,"Base survey of 2003"
"Barley","Supporting information","Enterprise size","planted acres","No specific size","Northern Great Plains","United States",2011,297,"Base survey of 2011"
"Barley","Supporting information","Enterprise size","planted acres","No specific size","Northern Great Plains","United States",2012,297,"Base survey of 2011"
"Barley","Supporting information","Enterprise size","planted acres","No specific size","Northern Great Plains","United States",2013,297,"Base survey of 2011"
"Barley","Supporting information","Enterprise size","planted acres","No specific size","Northern Great Plains","United States",2014,297,"Base survey of 2011"
"Barley","Supporting information","Enterprise size","planted acres","No specific size","Northern Great Plains","United States",2015,297,"Base survey of 2011"
"Barley","Supporting information","Enterprise size","planted acres","No specific size","Northern Great Plains","United States",2016,297,"Base survey of 2011"
"Barley","Supporting information","Enterprise size","planted acres","No specific size","Northern Great Plains","United States",2017,297,"Base survey of 2011"
"Barley","Supporting information","Enterprise size","planted acres","No specific size","Northern Great Plains","United States",2018,297,"Base survey of 2011"
"Barley","Supporting information","Enterprise size","planted acres","No specific size","Northern Great Plains","United States",2019,436,"Base survey of 2019"
"Barley","Supporting information","Enterprise size","planted acres","No specific size","Northern Great Plains","United States",2020,436,"Base survey of 2019"
"Barley","Supporting information","Enterprise size","planted acres","No specific size","Northern Great Plains","United States",2021,436,"Base survey of 2019"
"Barley","Supporting information","Enterprise size","planted acres","No specific size","Northern Great Plains","United States",2022,436,"Base survey of 2019"
"Barley","Supporting information","Enterprise size","planted acres","No specific size","Northern Great Plains","United States",2023,436,"Base survey of 2019"
"Barley","Supporting information","Enterprise size","planted acres","No specific size","Northern Great Plains","United States",2024,436,"Base survey of 2019"
"Barley","Supporting information","Enterprise size","planted acres","No specific size","Basin and Range","United States",2003,194,"Base survey of 2003"
"Barley","Supporting information","Enterprise size","planted acres","No specific size","Basin and Range","United States",2004,194,"Base survey of 2003"
"Barley","Supporting information","Enterprise size","planted acres","No specific size","Basin and Range","United States",2005,194,"Base survey of 2003"
"Barley","Supporting information","Enterprise size","planted acres","No specific size","Basin and Range","United States",2006,194,"Base survey of 2003"
"Barley","Supporting information","Enterprise size","planted acres","No specific size","Basin and Range","United States",2007,194,"Base survey of 2003"
"Barley","Supporting information","Enterprise size","planted acres","No specific size","Basin and Range","United States",2008,194,"Base survey of 2003"
"Barley","Supporting information","Enterprise size","planted acres","No specific size","Basin and Range","United States",2009,194,"Base survey of 2003"
"Barley","Supporting information","Enterprise size","planted acres","No specific size","Basin and Range","United States",2010,194,"Base survey of 2003"
"Barley","Supporting information","Enterprise size","planted acres","No specific size","Basin and Range","United States",2011,184,"Base survey of 2011"
"Barley","Supporting information","Enterprise size","planted acres","No specific size","Basin and Range","United States",2012,184,"Base survey of 2011"
"Barley","Supporting information","Enterprise size","planted acres","No specific size","Basin and Range","United States",2013,184,"Base survey of 2011"
"Barley","Supporting information","Enterprise size","planted acres","No specific size","Basin and Range","United States",2014,184,"Base survey of 2011"
"Barley","Supporting information","Enterprise size","planted acres","No specific size","Basin and Range","United States",2015,184,"Base survey of 2011"
"Barley","Supporting information","Enterprise size","planted acres","No specific size","Basin and Range","United States",2016,184,"Base survey of 2011"
"Barley","Supporting information","Enterprise size","planted acres","No specific size","Basin and Range","United States",2017,184,"Base survey of 2011"
"Barley","Supporting information","Enterprise size","planted acres","No specific size","Basin and Range","United States",2018,184,"Base survey of 2011"
"Barley","Supporting information","Enterprise size","planted acres","No specific size","Basin and Range","United States",2019,329,"Base survey of 2019"
"Barley","Supporting information","Enterprise size","planted acres","No specific size","Basin and Range","United States",2020,329,"Base survey of 2019"
"Barley","Supporting information","Enterprise size","planted acres","No specific size","Basin and Range","United States",2021,329,"Base survey of 2019"
"Barley","Supporting information","Enterprise size","planted acres","No specific size","Basin and Range","United States",2022,329,"Base survey of 2019"
"Barley","Supporting information","Enterprise size","planted acres","No specific size","Basin and Range","United States",2023,329,"Base survey of 2019"
"Barley","Supporting information","Enterprise size","planted acres","No specific size","Basin and Range","United States",2024,329,"Base survey of 2019"
"Barley","Supporting information","Enterprise size","planted acres","No specific size","Fruitful Rim","United States",2003,266,"Base survey of 2003"
"Barley","Supporting information","Enterprise size","planted acres","No specific size","Fruitful Rim","United States",2004,266,"Base survey of 2003"
"Barley","Supporting information","Enterprise size","planted acres","No specific size","Fruitful Rim","United States",2005,266,"Base survey of 2003"
"Barley","Supporting information","Enterprise size","planted acres","No specific size","Fruitful Rim","United States",2006,266,"Base survey of 2003"
"Barley","Supporting information","Enterprise size","planted acres","No specific size","Fruitful Rim","United States",2007,266,"Base survey of 2003"
"Barley","Supporting information","Enterprise size","planted acres","No specific size","Fruitful Rim","United States",2008,266,"Base survey of 2003"
"Barley","Supporting information","Enterprise size","planted acres","No specific size","Fruitful Rim","United States",2009,266,"Base survey of 2003"
"Barley","Supporting information","Enterprise size","planted acres","No specific size","Fruitful Rim","United States",2010,266,"Base survey of 2003"
"Barley","Supporting information","Enterprise size","planted acres","No specific size","Fruitful Rim","United States",2011,289,"Base survey of 2011"
"Barley","Supporting information","Enterprise size","planted acres","No specific size","Fruitful Rim","United States",2012,289,"Base survey of 2011"
"Barley","Supporting information","Enterprise size","planted acres","No specific size","Fruitful Rim","United States",2013,289,"Base survey of 2011"
"Barley","Supporting information","Enterprise size","planted acres","No specific size","Fruitful Rim","United States",2014,289,"Base survey of 2011"
"Barley","Supporting information","Enterprise size","planted acres","No specific size","Fruitful Rim","United States",2015,289,"Base survey of 2011"
"Barley","Supporting information","Enterprise size","planted acres","No specific size","Fruitful Rim","United States",2016,289,"Base survey of 2011"
"Barley","Supporting information","Enterprise size","planted acres","No specific size","Fruitful Rim","United States",2017,289,"Base survey of 2011"
"Barley","Supporting information","Enterprise size","planted acres","No specific size","Fruitful Rim","United States",2018,289,"Base survey of 2011"
"Barley","Supporting information","Enterprise size","planted acres","No specific size","Fruitful Rim","United States",2019,215,"Base survey of 2019"
"Barley","Supporting information","Enterprise size","planted acres","No specific size","Fruitful Rim","United States",2020,215,"Base survey of 2019"
"Barley","Supporting information","Enterprise size","planted acres","No specific size","Fruitful Rim","United States",2021,215,"Base survey of 2019"
"Barley","Supporting information","Enterprise size","planted acres","No specific size","Fruitful Rim","United States",2022,215,"Base survey of 2019"
"Barley","Supporting information","Enterprise size","planted acres","No specific size","Fruitful Rim","United States",2023,215,"Base survey of 2019"
"Barley","Supporting information","Enterprise size","planted acres","No specific size","Fruitful Rim","United States",2024,215,"Base survey of 2019"
"Barley","Production practices","Dryland","percent of acres","No specific size","U.S. total","United States",2003,80,"Base survey of 2003"
"Barley","Production practices","Dryland","percent of acres","No specific size","U.S. total","United States",2004,80,"Base survey of 2003"
"Barley","Production practices","Dryland","percent of acres","No specific size","U.S. total","United States",2005,80,"Base survey of 2003"
"Barley","Production practices","Dryland","percent of acres","No specific size","U.S. total","United States",2006,80,"Base survey of 2003"
"Barley","Production practices","Dryland","percent of acres","No specific size","U.S. total","United States",2007,80,"Base survey of 2003"
"Barley","Production practices","Dryland","percent of acres","No specific size","U.S. total","United States",2008,80,"Base survey of 2003"
"Barley","Production practices","Dryland","percent of acres","No specific size","U.S. total","United States",2009,80,"Base survey of 2003"
"Barley","Production practices","Dryland","percent of acres","No specific size","U.S. total","United States",2010,80,"Base survey of 2003"
"Barley","Production practices","Dryland","percent of acres","No specific size","U.S. total","United States",2011,67,"Base survey of 2011"
"Barley","Production practices","Dryland","percent of acres","No specific size","U.S. total","United States",2012,67,"Base survey of 2011"
"Barley","Production practices","Dryland","percent of acres","No specific size","U.S. total","United States",2013,67,"Base survey of 2011"
"Barley","Production practices","Dryland","percent of acres","No specific size","U.S. total","United States",2014,67,"Base survey of 2011"
"Barley","Production practices","Dryland","percent of acres","No specific size","U.S. total","United States",2015,67,"Base survey of 2011"
"Barley","Production practices","Dryland","percent of acres","No specific size","U.S. total","United States",2016,67,"Base survey of 2011"
"Barley","Production practices","Dryland","percent of acres","No specific size","U.S. total","United States",2017,67,"Base survey of 2011"
"Barley","Production practices","Dryland","percent of acres","No specific size","U.S. total","United States",2018,67,"Base survey of 2011"
"Barley","Production practices","Dryland","percent of acres","No specific size","U.S. total","United States",2019,84,"Base survey of 2019"
"Barley","Production practices","Dryland","percent of acres","No specific size","U.S. total","United States",2020,84,"Base survey of 2019"
"Barley","Production practices","Dryland","percent of acres","No specific size","U.S. total","United States",2021,84,"Base survey of 2019"
"Barley","Production practices","Dryland","percent of acres","No specific size","U.S. total","United States",2022,85,"Base survey of 2019"
"Barley","Production practices","Dryland","percent of acres","No specific size","U.S. total","United States",2023,86,"Base survey of 2019"
"Barley","Production practices","Dryland","percent of acres","No specific size","U.S. total","United States",2024,83,"Base survey of 2019"
"Barley","Production practices","Dryland","percent of acres","No specific size","Heartland","United States",2003,100,"Base survey of 2003"
"Barley","Production practices","Dryland","percent of acres","No specific size","Heartland","United States",2004,100,"Base survey of 2003"
"Barley","Production practices","Dryland","percent of acres","No specific size","Heartland","United States",2005,100,"Base survey of 2003"
"Barley","Production practices","Dryland","percent of acres","No specific size","Heartland","United States",2006,100,"Base survey of 2003"
"Barley","Production practices","Dryland","percent of acres","No specific size","Heartland","United States",2007,100,"Base survey of 2003"
"Barley","Production practices","Dryland","percent of acres","No specific size","Heartland","United States",2008,100,"Base survey of 2003"
"Barley","Production practices","Dryland","percent of acres","No specific size","Heartland","United States",2009,100,"Base survey of 2003"
"Barley","Production practices","Dryland","percent of acres","No specific size","Heartland","United States",2010,100,"Base survey of 2003"
"Barley","Production practices","Dryland","percent of acres","No specific size","Northern Crescent","United States",2003,98,"Base survey of 2003"
"Barley","Production practices","Dryland","percent of acres","No specific size","Northern Crescent","United States",2004,98,"Base survey of 2003"
"Barley","Production practices","Dryland","percent of acres","No specific size","Northern Crescent","United States",2005,98,"Base survey of 2003"
"Barley","Production practices","Dryland","percent of acres","No specific size","Northern Crescent","United States",2006,98,"Base survey of 2003"
"Barley","Production practices","Dryland","percent of acres","No specific size","Northern Crescent","United States",2007,98,"Base survey of 2003"
"Barley","Production practices","Dryland","percent of acres","No specific size","Northern Crescent","United States",2008,98,"Base survey of 2003"
"Barley","Production practices","Dryland","percent of acres","No specific size","Northern Crescent","United States",2009,98,"Base survey of 2003"
"Barley","Production practices","Dryland","percent of acres","No specific size","Northern Crescent","United States",2010,98,"Base survey of 2003"
"Barley","Production practices","Dryland","percent of acres","No specific size","Northern Crescent","United States",2011,100,"Base survey of 2011"
"Barley","Production practices","Dryland","percent of acres","No specific size","Northern Crescent","United States",2012,100,"Base survey of 2011"
"Barley","Production practices","Dryland","percent of acres","No specific size","Northern Crescent","United States",2013,100,"Base survey of 2011"
"Barley","Production practices","Dryland","percent of acres","No specific size","Northern Crescent","United States",2014,100,"Base survey of 2011"
"Barley","Production practices","Dryland","percent of acres","No specific size","Northern Crescent","United States",2015,100,"Base survey of 2011"
"Barley","Production practices","Dryland","percent of acres","No specific size","Northern Crescent","United States",2016,100,"Base survey of 2011"
"Barley","Production practices","Dryland","percent of acres","No specific size","Northern Crescent","United States",2017,100,"Base survey of 2011"
"Barley","Production practices","Dryland","percent of acres","No specific size","Northern Crescent","United States",2018,100,"Base survey of 2011"
"Barley","Production practices","Dryland","percent of acres","No specific size","Northern Crescent","United States",2019,99,"Base survey of 2019"
"Barley","Production practices","Dryland","percent of acres","No specific size","Northern Crescent","United States",2020,99,"Base survey of 2019"
"Barley","Production practices","Dryland","percent of acres","No specific size","Northern Crescent","United States",2021,99,"Base survey of 2019"
"Barley","Production practices","Dryland","percent of acres","No specific size","Northern Crescent","United States",2022,100,"Base survey of 2019"
"Barley","Production practices","Dryland","percent of acres","No specific size","Northern Crescent","United States",2023,100,"Base survey of 2019"
"Barley","Production practices","Dryland","percent of acres","No specific size","Northern Crescent","United States",2024,100,"Base survey of 2019"
"Barley","Production practices","Dryland","percent of acres","No specific size","Northern Great Plains","United States",2003,94,"Base survey of 2003"
"Barley","Production practices","Dryland","percent of acres","No specific size","Northern Great Plains","United States",2004,94,"Base survey of 2003"
"Barley","Production practices","Dryland","percent of acres","No specific size","Northern Great Plains","United States",2005,94,"Base survey of 2003"
"Barley","Production practices","Dryland","percent of acres","No specific size","Northern Great Plains","United States",2006,94,"Base survey of 2003"
"Barley","Production practices","Dryland","percent of acres","No specific size","Northern Great Plains","United States",2007,94,"Base survey of 2003"
"Barley","Production practices","Dryland","percent of acres","No specific size","Northern Great Plains","United States",2008,94,"Base survey of 2003"
"Barley","Production practices","Dryland","percent of acres","No specific size","Northern Great Plains","United States",2009,94,"Base survey of 2003"
"Barley","Production practices","Dryland","percent of acres","No specific size","Northern Great Plains","United States",2010,94,"Base survey of 2003"
"Barley","Production practices","Dryland","percent of acres","No specific size","Northern Great Plains","United States",2011,92,"Base survey of 2011"
"Barley","Production practices","Dryland","percent of acres","No specific size","Northern Great Plains","United States",2012,92,"Base survey of 2011"
"Barley","Production practices","Dryland","percent of acres","No specific size","Northern Great Plains","United States",2013,92,"Base survey of 2011"
"Barley","Production practices","Dryland","percent of acres","No specific size","Northern Great Plains","United States",2014,92,"Base survey of 2011"
"Barley","Production practices","Dryland","percent of acres","No specific size","Northern Great Plains","United States",2015,92,"Base survey of 2011"
"Barley","Production practices","Dryland","percent of acres","No specific size","Northern Great Plains","United States",2016,92,"Base survey of 2011"
"Barley","Production practices","Dryland","percent of acres","No specific size","Northern Great Plains","United States",2017,92,"Base survey of 2011"
"Barley","Production practices","Dryland","percent of acres","No specific size","Northern Great Plains","United States",2018,92,"Base survey of 2011"
"Barley","Production practices","Dryland","percent of acres","No specific size","Northern Great Plains","United States",2019,98,"Base survey of 2019"
"Barley","Production practices","Dryland","percent of acres","No specific size","Northern Great Plains","United States",2020,98,"Base survey of 2019"
"Barley","Production practices","Dryland","percent of acres","No specific size","Northern Great Plains","United States",2021,98,"Base survey of 2019"
"Barley","Production practices","Dryland","percent of acres","No specific size","Northern Great Plains","United States",2022,98,"Base survey of 2019"
"Barley","Production practices","Dryland","percent of acres","No specific size","Northern Great Plains","United States",2023,98,"Base survey of 2019"
"Barley","Production practices","Dryland","percent of acres","No specific size","Northern Great Plains","United States",2024,98,"Base survey of 2019"
"Barley","Production practices","Dryland","percent of acres","No specific size","Basin and Range","United States",2003,70,"Base survey of 2003"
"Barley","Production practices","Dryland","percent of acres","No specific size","Basin and Range","United States",2004,70,"Base survey of 2003"
"Barley","Production practices","Dryland","percent of acres","No specific size","Basin and Range","United States",2005,70,"Base survey of 2003"
"Barley","Production practices","Dryland","percent of acres","No specific size","Basin and Range","United States",2006,70,"Base survey of 2003"
"Barley","Production practices","Dryland","percent of acres","No specific size","Basin and Range","United States",2007,70,"Base survey of 2003"
"Barley","Production practices","Dryland","percent of acres","No specific size","Basin and Range","United States",2008,70,"Base survey of 2003"
"Barley","Production practices","Dryland","percent of acres","No specific size","Basin and Range","United States",2009,70,"Base survey of 2003"
"Barley","Production practices","Dryland","percent of acres","No specific size","Basin and Range","United States",2010,70,"Base survey of 2003"
"Barley","Production practices","Dryland","percent of acres","No specific size","Basin and Range","United States",2011,57,"Base survey of 2011"
"Barley","Production practices","Dryland","percent of acres","No specific size","Basin and Range","United States",2012,57,"Base survey of 2011"
"Barley","Production practices","Dryland","percent of acres","No specific size","Basin and Range","United States",2013,57,"Base survey of 2011"
"Barley","Production practices","Dryland","percent of acres","No specific size","Basin and Range","United States",2014,57,"Base survey of 2011"
"Barley","Production practices","Dryland","percent of acres","No specific size","Basin and Range","United States",2015,57,"Base survey of 2011"
"Barley","Production practices","Dryland","percent of acres","No specific size","Basin and Range","United States",2016,57,"Base survey of 2011"
"Barley","Production practices","Dryland","percent of acres","No specific size","Basin and Range","United States",2017,57,"Base survey of 2011"
"Barley","Production practices","Dryland","percent of acres","No specific size","Basin and Range","United States",2018,57,"Base survey of 2011"
"Barley","Production practices","Dryland","percent of acres","No specific size","Basin and Range","United States",2019,69,"Base survey of 2019"
"Barley","Production practices","Dryland","percent of acres","No specific size","Basin and Range","United States",2020,69,"Base survey of 2019"
"Barley","Production practices","Dryland","percent of acres","No specific size","Basin and Range","United States",2021,69,"Base survey of 2019"
"Barley","Production practices","Dryland","percent of acres","No specific size","Basin and Range","United States",2022,68,"Base survey of 2019"
"Barley","Production practices","Dryland","percent of acres","No specific size","Basin and Range","United States",2023,69,"Base survey of 2019"
"Barley","Production practices","Dryland","percent of acres","No specific size","Basin and Range","United States",2024,68,"Base survey of 2019"
"Barley","Production practices","Dryland","percent of acres","No specific size","Fruitful Rim","United States",2003,38,"Base survey of 2003"
"Barley","Production practices","Dryland","percent of acres","No specific size","Fruitful Rim","United States",2004,38,"Base survey of 2003"
"Barley","Production practices","Dryland","percent of acres","No specific size","Fruitful Rim","United States",2005,38,"Base survey of 2003"
"Barley","Production practices","Dryland","percent of acres","No specific size","Fruitful Rim","United States",2006,38,"Base survey of 2003"
"Barley","Production practices","Dryland","percent of acres","No specific size","Fruitful Rim","United States",2007,38,"Base survey of 2003"
"Barley","Production practices","Dryland","percent of acres","No specific size","Fruitful Rim","United States",2008,38,"Base survey of 2003"
"Barley","Production practices","Dryland","percent of acres","No specific size","Fruitful Rim","United States",2009,38,"Base survey of 2003"
"Barley","Production practices","Dryland","percent of acres","No specific size","Fruitful Rim","United States",2010,38,"Base survey of 2003"
"Barley","Production practices","Dryland","percent of acres","No specific size","Fruitful Rim","United States",2011,30,"Base survey of 2011"
"Barley","Production practices","Dryland","percent of acres","No specific size","Fruitful Rim","United States",2012,30,"Base survey of 2011"
"Barley","Production practices","Dryland","percent of acres","No specific size","Fruitful Rim","United States",2013,30,"Base survey of 2011"
"Barley","Production practices","Dryland","percent of acres","No specific size","Fruitful Rim","United States",2014,30,"Base survey of 2011"
"Barley","Production practices","Dryland","percent of acres","No specific size","Fruitful Rim","United States",2015,30,"Base survey of 2011"
"Barley","Production practices","Dryland","percent of acres","No specific size","Fruitful Rim","United States",2016,30,"Base survey of 2011"
"Barley","Production practices","Dryland","percent of acres","No specific size","Fruitful Rim","United States",2017,30,"Base survey of 2011"
"Barley","Production practices","Dryland","percent of acres","No specific size","Fruitful Rim","United States",2018,30,"Base survey of 2011"
"Barley","Production practices","Dryland","percent of acres","No specific size","Fruitful Rim","United States",2019,55,"Base survey of 2019"
"Barley","Production practices","Dryland","percent of acres","No specific size","Fruitful Rim","United States",2020,55,"Base survey of 2019"
"Barley","Production practices","Dryland","percent of acres","No specific size","Fruitful Rim","United States",2021,55,"Base survey of 2019"
"Barley","Production practices","Dryland","percent of acres","No specific size","Fruitful Rim","United States",2022,54,"Base survey of 2019"
"Barley","Production practices","Dryland","percent of acres","No specific size","Fruitful Rim","United States",2023,55,"Base survey of 2019"
"Barley","Production practices","Dryland","percent of acres","No specific size","Fruitful Rim","United States",2024,55,"Base survey of 2019"
"Barley","Production practices","Irrigated","percent of acres","No specific size","U.S. total","United States",2003,20,"Base survey of 2003"
"Barley","Production practices","Irrigated","percent of acres","No specific size","U.S. total","United States",2004,20,"Base survey of 2003"
"Barley","Production practices","Irrigated","percent of acres","No specific size","U.S. total","United States",2005,20,"Base survey of 2003"
"Barley","Production practices","Irrigated","percent of acres","No specific size","U.S. total","United States",2006,20,"Base survey of 2003"
"Barley","Production practices","Irrigated","percent of acres","No specific size","U.S. total","United States",2007,20,"Base survey of 2003"
"Barley","Production practices","Irrigated","percent of acres","No specific size","U.S. total","United States",2008,20,"Base survey of 2003"
"Barley","Production practices","Irrigated","percent of acres","No specific size","U.S. total","United States",2009,20,"Base survey of 2003"
"Barley","Production practices","Irrigated","percent of acres","No specific size","U.S. total","United States",2010,20,"Base survey of 2003"
"Barley","Production practices","Irrigated","percent of acres","No specific size","U.S. total","United States",2011,33,"Base survey of 2011"
"Barley","Production practices","Irrigated","percent of acres","No specific size","U.S. total","United States",2012,33,"Base survey of 2011"
"Barley","Production practices","Irrigated","percent of acres","No specific size","U.S. total","United States",2013,33,"Base survey of 2011"
"Barley","Production practices","Irrigated","percent of acres","No specific size","U.S. total","United States",2014,33,"Base survey of 2011"
"Barley","Production practices","Irrigated","percent of acres","No specific size","U.S. total","United States",2015,33,"Base survey of 2011"
"Barley","Production practices","Irrigated","percent of acres","No specific size","U.S. total","United States",2016,33,"Base survey of 2011"
"Barley","Production practices","Irrigated","percent of acres","No specific size","U.S. total","United States",2017,33,"Base survey of 2011"
"Barley","Production practices","Irrigated","percent of acres","No specific size","U.S. total","United States",2018,33,"Base survey of 2011"
"Barley","Production practices","Irrigated","percent of acres","No specific size","U.S. total","United States",2019,16,"Base survey of 2019"
"Barley","Production practices","Irrigated","percent of acres","No specific size","U.S. total","United States",2020,16,"Base survey of 2019"
"Barley","Production practices","Irrigated","percent of acres","No specific size","U.S. total","United States",2021,16,"Base survey of 2019"
"Barley","Production practices","Irrigated","percent of acres","No specific size","U.S. total","United States",2022,15,"Base survey of 2019"
"Barley","Production practices","Irrigated","percent of acres","No specific size","U.S. total","United States",2023,14,"Base survey of 2019"
"Barley","Production practices","Irrigated","percent of acres","No specific size","U.S. total","United States",2024,17,"Base survey of 2019"
"Barley","Production practices","Irrigated","percent of acres","No specific size","Heartland","United States",2003,0,"Base survey of 2003"
"Barley","Production practices","Irrigated","percent of acres","No specific size","Heartland","United States",2004,0,"Base survey of 2003"
"Barley","Production practices","Irrigated","percent of acres","No specific size","Heartland","United States",2005,0,"Base survey of 2003"
"Barley","Production practices","Irrigated","percent of acres","No specific size","Heartland","United States",2006,0,"Base survey of 2003"
"Barley","Production practices","Irrigated","percent of acres","No specific size","Heartland","United States",2007,0,"Base survey of 2003"
"Barley","Production practices","Irrigated","percent of acres","No specific size","Heartland","United States",2008,0,"Base survey of 2003"
"Barley","Production practices","Irrigated","percent of acres","No specific size","Heartland","United States",2009,0,"Base survey of 2003"
"Barley","Production practices","Irrigated","percent of acres","No specific size","Heartland","United States",2010,0,"Base survey of 2003"
"Barley","Production practices","Irrigated","percent of acres","No specific size","Northern Crescent","United States",2003,2,"Base survey of 2003"
"Barley","Production practices","Irrigated","percent of acres","No specific size","Northern Crescent","United States",2004,2,"Base survey of 2003"
"Barley","Production practices","Irrigated","percent of acres","No specific size","Northern Crescent","United States",2005,2,"Base survey of 2003"
"Barley","Production practices","Irrigated","percent of acres","No specific size","Northern Crescent","United States",2006,2,"Base survey of 2003"
"Barley","Production practices","Irrigated","percent of acres","No specific size","Northern Crescent","United States",2007,2,"Base survey of 2003"
"Barley","Production practices","Irrigated","percent of acres","No specific size","Northern Crescent","United States",2008,2,"Base survey of 2003"
"Barley","Production practices","Irrigated","percent of acres","No specific size","Northern Crescent","United States",2009,2,"Base survey of 2003"
"Barley","Production practices","Irrigated","percent of acres","No specific size","Northern Crescent","United States",2010,2,"Base survey of 2003"
"Barley","Production practices","Irrigated","percent of acres","No specific size","Northern Crescent","United States",2011,0,"Base survey of 2011"
"Barley","Production practices","Irrigated","percent of acres","No specific size","Northern Crescent","United States",2012,0,"Base survey of 2011"
"Barley","Production practices","Irrigated","percent of acres","No specific size","Northern Crescent","United States",2013,0,"Base survey of 2011"
"Barley","Production practices","Irrigated","percent of acres","No specific size","Northern Crescent","United States",2014,0,"Base survey of 2011"
"Barley","Production practices","Irrigated","percent of acres","No specific size","Northern Crescent","United States",2015,0,"Base survey of 2011"
"Barley","Production practices","Irrigated","percent of acres","No specific size","Northern Crescent","United States",2016,0,"Base survey of 2011"
"Barley","Production practices","Irrigated","percent of acres","No specific size","Northern Crescent","United States",2017,0,"Base survey of 2011"
"Barley","Production practices","Irrigated","percent of acres","No specific size","Northern Crescent","United States",2018,0,"Base survey of 2011"
"Barley","Production practices","Irrigated","percent of acres","No specific size","Northern Crescent","United States",2019,1,"Base survey of 2019"
"Barley","Production practices","Irrigated","percent of acres","No specific size","Northern Crescent","United States",2020,1,"Base survey of 2019"
"Barley","Production practices","Irrigated","percent of acres","No specific size","Northern Crescent","United States",2021,1,"Base survey of 2019"
"Barley","Production practices","Irrigated","percent of acres","No specific size","Northern Crescent","United States",2022,0,"Base survey of 2019"
"Barley","Production practices","Irrigated","percent of acres","No specific size","Northern Crescent","United States",2023,0,"Base survey of 2019"
"Barley","Production practices","Irrigated","percent of acres","No specific size","Northern Crescent","United States",2024,0,"Base survey of 2019"
"Barley","Production practices","Irrigated","percent of acres","No specific size","Northern Great Plains","United States",2003,6,"Base survey of 2003"
"Barley","Production practices","Irrigated","percent of acres","No specific size","Northern Great Plains","United States",2004,6,"Base survey of 2003"
"Barley","Production practices","Irrigated","percent of acres","No specific size","Northern Great Plains","United States",2005,6,"Base survey of 2003"
"Barley","Production practices","Irrigated","percent of acres","No specific size","Northern Great Plains","United States",2006,6,"Base survey of 2003"
"Barley","Production practices","Irrigated","percent of acres","No specific size","Northern Great Plains","United States",2007,6,"Base survey of 2003"
"Barley","Production practices","Irrigated","percent of acres","No specific size","Northern Great Plains","United States",2008,6,"Base survey of 2003"
"Barley","Production practices","Irrigated","percent of acres","No specific size","Northern Great Plains","United States",2009,6,"Base survey of 2003"
"Barley","Production practices","Irrigated","percent of acres","No specific size","Northern Great Plains","United States",2010,6,"Base survey of 2003"
"Barley","Production practices","Irrigated","percent of acres","No specific size","Northern Great Plains","United States",2011,8,"Base survey of 2011"
"Barley","Production practices","Irrigated","percent of acres","No specific size","Northern Great Plains","United States",2012,8,"Base survey of 2011"
"Barley","Production practices","Irrigated","percent of acres","No specific size","Northern Great Plains","United States",2013,8,"Base survey of 2011"
"Barley","Production practices","Irrigated","percent of acres","No specific size","Northern Great Plains","United States",2014,8,"Base survey of 2011"
"Barley","Production practices","Irrigated","percent of acres","No specific size","Northern Great Plains","United States",2015,8,"Base survey of 2011"
"Barley","Production practices","Irrigated","percent of acres","No specific size","Northern Great Plains","United States",2016,8,"Base survey of 2011"
"Barley","Production practices","Irrigated","percent of acres","No specific size","Northern Great Plains","United States",2017,8,"Base survey of 2011"
"Barley","Production practices","Irrigated","percent of acres","No specific size","Northern Great Plains","United States",2018,8,"Base survey of 2011"
"Barley","Production practices","Irrigated","percent of acres","No specific size","Northern Great Plains","United States",2019,2,"Base survey of 2019"
"Barley","Production practices","Irrigated","percent of acres","No specific size","Northern Great Plains","United States",2020,2,"Base survey of 2019"
"Barley","Production practices","Irrigated","percent of acres","No specific size","Northern Great Plains","United States",2021,2,"Base survey of 2019"
"Barley","Production practices","Irrigated","percent of acres","No specific size","Northern Great Plains","United States",2022,2,"Base survey of 2019"
"Barley","Production practices","Irrigated","percent of acres","No specific size","Northern Great Plains","United States",2023,2,"Base survey of 2019"
"Barley","Production practices","Irrigated","percent of acres","No specific size","Northern Great Plains","United States",2024,2,"Base survey of 2019"
"Barley","Production practices","Irrigated","percent of acres","No specific size","Basin and Range","United States",2003,30,"Base survey of 2003"
"Barley","Production practices","Irrigated","percent of acres","No specific size","Basin and Range","United States",2004,30,"Base survey of 2003"
"Barley","Production practices","Irrigated","percent of acres","No specific size","Basin and Range","United States",2005,30,"Base survey of 2003"
"Barley","Production practices","Irrigated","percent of acres","No specific size","Basin and Range","United States",2006,30,"Base survey of 2003"
"Barley","Production practices","Irrigated","percent of acres","No specific size","Basin and Range","United States",2007,30,"Base survey of 2003"
"Barley","Production practices","Irrigated","percent of acres","No specific size","Basin and Range","United States",2008,30,"Base survey of 2003"
"Barley","Production practices","Irrigated","percent of acres","No specific size","Basin and Range","United States",2009,30,"Base survey of 2003"
"Barley","Production practices","Irrigated","percent of acres","No specific size","Basin and Range","United States",2010,30,"Base survey of 2003"
"Barley","Production practices","Irrigated","percent of acres","No specific size","Basin and Range","United States",2011,43,"Base survey of 2011"
"Barley","Production practices","Irrigated","percent of acres","No specific size","Basin and Range","United States",2012,43,"Base survey of 2011"
"Barley","Production practices","Irrigated","percent of acres","No specific size","Basin and Range","United States",2013,43,"Base survey of 2011"
"Barley","Production practices","Irrigated","percent of acres","No specific size","Basin and Range","United States",2014,43,"Base survey of 2011"
"Barley","Production practices","Irrigated","percent of acres","No specific size","Basin and Range","United States",2015,43,"Base survey of 2011"
"Barley","Production practices","Irrigated","percent of acres","No specific size","Basin and Range","United States",2016,43,"Base survey of 2011"
"Barley","Production practices","Irrigated","percent of acres","No specific size","Basin and Range","United States",2017,43,"Base survey of 2011"
"Barley","Production practices","Irrigated","percent of acres","No specific size","Basin and Range","United States",2018,43,"Base survey of 2011"
"Barley","Production practices","Irrigated","percent of acres","No specific size","Basin and Range","United States",2019,31,"Base survey of 2019"
"Barley","Production practices","Irrigated","percent of acres","No specific size","Basin and Range","United States",2020,31,"Base survey of 2019"
"Barley","Production practices","Irrigated","percent of acres","No specific size","Basin and Range","United States",2021,31,"Base survey of 2019"
"Barley","Production practices","Irrigated","percent of acres","No specific size","Basin and Range","United States",2022,32,"Base survey of 2019"
"Barley","Production practices","Irrigated","percent of acres","No specific size","Basin and Range","United States",2023,31,"Base survey of 2019"
"Barley","Production practices","Irrigated","percent of acres","No specific size","Basin and Range","United States",2024,32,"Base survey of 2019"
"Barley","Production practices","Irrigated","percent of acres","No specific size","Fruitful Rim","United States",2003,62,"Base survey of 2003"
"Barley","Production practices","Irrigated","percent of acres","No specific size","Fruitful Rim","United States",2004,62,"Base survey of 2003"
"Barley","Production practices","Irrigated","percent of acres","No specific size","Fruitful Rim","United States",2005,62,"Base survey of 2003"
"Barley","Production practices","Irrigated","percent of acres","No specific size","Fruitful Rim","United States",2006,62,"Base survey of 2003"
"Barley","Production practices","Irrigated","percent of acres","No specific size","Fruitful Rim","United States",2007,62,"Base survey of 2003"
"Barley","Production practices","Irrigated","percent of acres","No specific size","Fruitful Rim","United States",2008,62,"Base survey of 2003"
"Barley","Production practices","Irrigated","percent of acres","No specific size","Fruitful Rim","United States",2009,62,"Base survey of 2003"
"Barley","Production practices","Irrigated","percent of acres","No specific size","Fruitful Rim","United States",2010,62,"Base survey of 2003"
"Barley","Production practices","Irrigated","percent of acres","No specific size","Fruitful Rim","United States",2011,70,"Base survey of 2011"
"Barley","Production practices","Irrigated","percent of acres","No specific size","Fruitful Rim","United States",2012,70,"Base survey of 2011"
"Barley","Production practices","Irrigated","percent of acres","No specific size","Fruitful Rim","United States",2013,70,"Base survey of 2011"
"Barley","Production practices","Irrigated","percent of acres","No specific size","Fruitful Rim","United States",2014,70,"Base survey of 2011"
"Barley","Production practices","Irrigated","percent of acres","No specific size","Fruitful Rim","United States",2015,70,"Base survey of 2011"
"Barley","Production practices","Irrigated","percent of acres","No specific size","Fruitful Rim","United States",2016,70,"Base survey of 2011"
"Barley","Production practices","Irrigated","percent of acres","No specific size","Fruitful Rim","United States",2017,70,"Base survey of 2011"
"Barley","Production practices","Irrigated","percent of acres","No specific size","Fruitful Rim","United States",2018,70,"Base survey of 2011"
