"Commodity","Category","Item","Units","Size","Region","Country","Year","Value","Survey base year"
"Corn","Gross value of production","Primary product, grain","dollars per planted acre","No specific size","Eastern Uplands","United States",2025,757.13,"Base survey of 2021"
"Corn","Supporting information","Price","dollars per bushel at harvest","No specific size","Prairie Gateway","United States",2025,4,"Base survey of 2021"
"Corn","Operating costs","Interest on operating capital","dollars per planted acre","No specific size","Southern Seaboard","United States",2025,9.66,"Base survey of 2021"
"Corn","Operating costs","Total, operating costs","dollars per planted acre","No specific size","Eastern Uplands","United States",2025,457.89,"Base survey of 2021"
"Corn","Supporting information","Price","dollars per bushel at harvest","No specific size","Northern Great Plains","United States",2025,3.71,"Base survey of 2021"
"Corn","Gross value of production","Total, gross value of production","dollars per planted acre","No specific size","Southern Seaboard","United States",2025,856.23,"Base survey of 2021"
"Corn","Net value","Value of production less total costs listed","dollars per planted acre","No specific size","U.S. total","United States",2025,-102.99,"Base survey of 2021"
"Corn","Allocated overhead","Hired labor","dollars per planted acre","No specific size","Northern Crescent","United States",2025,6.24,"Base survey of 2021"
"Corn","Net value","Value of production less total costs listed","dollars per planted acre","No specific size","Heartland","United States",2025,-108.05,"Base survey of 2021"
"Corn","Allocated overhead","Total, allocated overhead","dollars per planted acre","No specific size","Prairie Gateway","United States",2025,388.64,"Base survey of 2021"
"Corn","Production practices","Irrigated","percent of acres","No specific size","Southern Seaboard","United States",2025,15,"Base survey of 2021"
"Corn","Production practices","Dryland","percent of acres","No specific size","Eastern Uplands","United States",2025,100,"Base survey of 2021"
"Corn","Operating costs","Fertilizer  ","dollars per planted acre","No specific size","Northern Great Plains","United States",2025,144.5,"Base survey of 2021"
"Corn","Operating costs","Total, operating costs","dollars per planted acre","No specific size","Prairie Gateway","United States",2025,389.55,"Base survey of 2021"
"Corn","Gross value of production","Primary product, grain","dollars per planted acre","No specific size","Prairie Gateway","United States",2025,671,"Base survey of 2021"
"Corn","Operating costs","Interest on operating capital","dollars per planted acre","No specific size","Eastern Uplands","United States",2025,8.89,"Base survey of 2021"
"Corn","Net value","Value of production less operating costs","dollars per planted acre","No specific size","Eastern Uplands","United States",2025,302.95,"Base survey of 2021"
"Corn","Net value","Value of production less total costs listed","dollars per planted acre","No specific size","Southern Seaboard","United States",2025,-27.39,"Base survey of 2021"
"Corn","Allocated overhead","General farm overhead","dollars per planted acre","No specific size","Northern Great Plains","United States",2025,20.93,"Base survey of 2021"
"Corn","Net value","Value of production less total costs listed","dollars per planted acre","No specific size","Eastern Uplands","United States",2025,-96.74,"Base survey of 2021"
"Corn","Allocated overhead","Taxes and insurance","dollars per planted acre","No specific size","Northern Great Plains","United States",2025,15.67,"Base survey of 2021"
"Corn","Allocated overhead","Total, allocated overhead","dollars per planted acre","No specific size","U.S. total","United States",2025,445.32,"Base survey of 2021"
"Corn","Supporting information","Enterprise size","planted acres","No specific size","Heartland","United States",2025,274,"Base survey of 2021"
"Corn","Operating costs","Custom services  ","dollars per planted acre","No specific size","Eastern Uplands","United States",2025,16.44,"Base survey of 2021"
"Corn","Operating costs","Seed","dollars per planted acre","No specific size","U.S. total","United States",2025,111.11,"Base survey of 2021"
"Corn","Operating costs","Chemicals","dollars per planted acre","No specific size","U.S. total","United States",2025,48.86,"Base survey of 2021"
"Corn","Operating costs","Fertilizer  ","dollars per planted acre","No specific size","Northern Crescent","United States",2025,180.77,"Base survey of 2021"
"Corn","Operating costs","Fuel, lube, and electricity","dollars per planted acre","No specific size","Prairie Gateway","United States",2025,30.1,"Base survey of 2021"
"Corn","Operating costs","Fuel, lube, and electricity","dollars per planted acre","No specific size","Northern Crescent","United States",2025,30.13,"Base survey of 2021"
"Corn","Operating costs","Repairs","dollars per planted acre","No specific size","Prairie Gateway","United States",2025,54.78,"Base survey of 2021"
"Corn","Costs listed","Total, costs listed","dollars per planted acre","No specific size","Heartland","United States",2025,947.29,"Base survey of 2021"
"Corn","Operating costs","Repairs","dollars per planted acre","No specific size","Eastern Uplands","United States",2025,46.18,"Base survey of 2021"
"Corn","Supporting information","Yield","bushels per planted acre","No specific size","Southern Seaboard","United States",2025,173,"Base survey of 2021"
"Corn","Supporting information","Yield","bushels per planted acre","No specific size","Northern Great Plains","United States",2025,208,"Base survey of 2021"
"Corn","Operating costs","Seed","dollars per planted acre","No specific size","Prairie Gateway","United States",2025,92.76,"Base survey of 2021"
"Corn","Operating costs","Chemicals","dollars per planted acre","No specific size","Heartland","United States",2025,49.23,"Base survey of 2021"
"Corn","Production practices","Irrigated","percent of acres","No specific size","Eastern Uplands","United States",2025,0,"Base survey of 2021"
"Corn","Allocated overhead","Hired labor","dollars per planted acre","No specific size","Northern Great Plains","United States",2025,3.74,"Base survey of 2021"
"Corn","Allocated overhead","Capital recovery of machinery and equipment","dollars per planted acre","No specific size","Heartland","United States",2025,173.63,"Base survey of 2021"
"Corn","Allocated overhead","Opportunity cost of land","dollars per planted acre","No specific size","Northern Crescent","United States",2025,154.9,"Base survey of 2021"
"Corn","Allocated overhead","Opportunity cost of unpaid labor","dollars per planted acre","No specific size","Prairie Gateway","United States",2025,24.8,"Base survey of 2021"
"Corn","Operating costs","Custom services  ","dollars per planted acre","No specific size","Northern Crescent","United States",2025,41.99,"Base survey of 2021"
"Corn","Net value","Value of production less operating costs","dollars per planted acre","No specific size","U.S. total","United States",2025,342.33,"Base survey of 2021"
"Corn","Operating costs","Fuel, lube, and electricity","dollars per planted acre","No specific size","Heartland","United States",2025,25.59,"Base survey of 2021"
"Corn","Supporting information","Enterprise size","planted acres","No specific size","Prairie Gateway","United States",2025,499,"Base survey of 2021"
"Corn","Operating costs","Chemicals","dollars per planted acre","No specific size","Southern Seaboard","United States",2025,36.97,"Base survey of 2021"
"Corn","Operating costs","Chemicals","dollars per planted acre","No specific size","Eastern Uplands","United States",2025,47.74,"Base survey of 2021"
"Corn","Operating costs","Custom services  ","dollars per planted acre","No specific size","Northern Great Plains","United States",2025,39.08,"Base survey of 2021"
"Corn","Net value","Value of production less operating costs","dollars per planted acre","No specific size","Prairie Gateway","United States",2025,282.85,"Base survey of 2021"
"Corn","Allocated overhead","Taxes and insurance","dollars per planted acre","No specific size","Northern Crescent","United States",2025,20.81,"Base survey of 2021"
"Corn","Allocated overhead","Capital recovery of machinery and equipment","dollars per planted acre","No specific size","Eastern Uplands","United States",2025,162.77,"Base survey of 2021"
"Corn","Allocated overhead","Opportunity cost of land","dollars per planted acre","No specific size","Eastern Uplands","United States",2025,137.35,"Base survey of 2021"
"Corn","Allocated overhead","Opportunity cost of land","dollars per planted acre","No specific size","Southern Seaboard","United States",2025,104.7,"Base survey of 2021"
"Corn","Operating costs","Seed","dollars per planted acre","No specific size","Northern Great Plains","United States",2025,104.41,"Base survey of 2021"
"Corn","Supporting information","Yield","bushels per planted acre","No specific size","Northern Crescent","United States",2025,178,"Base survey of 2021"
"Corn","Costs listed","Total, costs listed","dollars per planted acre","No specific size","Eastern Uplands","United States",2025,857.59,"Base survey of 2021"
"Corn","Gross value of production","Secondary product, silage","dollars per planted acre","No specific size","Heartland","United States",2025,1.85,"Base survey of 2021"
"Corn","Gross value of production","Secondary product, silage","dollars per planted acre","No specific size","Eastern Uplands","United States",2025,3.71,"Base survey of 2021"
"Corn","Operating costs","Purchased irrigation water","dollars per planted acre","No specific size","Southern Seaboard","United States",2025,0.28,"Base survey of 2021"
"Corn","Allocated overhead","Taxes and insurance","dollars per planted acre","No specific size","Heartland","United States",2025,21.86,"Base survey of 2021"
"Corn","Production practices","Dryland","percent of acres","No specific size","Prairie Gateway","United States",2025,74,"Base survey of 2021"
"Corn","Net value","Value of production less operating costs","dollars per planted acre","No specific size","Northern Great Plains","United States",2025,371.4,"Base survey of 2021"
"Corn","Gross value of production","Total, gross value of production","dollars per planted acre","No specific size","Northern Crescent","United States",2025,711.55,"Base survey of 2021"
"Corn","Production practices","Irrigated","percent of acres","No specific size","Prairie Gateway","United States",2025,26,"Base survey of 2021"
"Corn","Operating costs","Fertilizer  ","dollars per planted acre","No specific size","Heartland","United States",2025,169.71,"Base survey of 2021"
"Corn","Operating costs","Repairs","dollars per planted acre","No specific size","U.S. total","United States",2025,48.7,"Base survey of 2021"
"Corn","Operating costs","Fertilizer  ","dollars per planted acre","No specific size","Southern Seaboard","United States",2025,213.83,"Base survey of 2021"
"Corn","Allocated overhead","Hired labor","dollars per planted acre","No specific size","Heartland","United States",2025,3.5,"Base survey of 2021"
"Corn","Supporting information","Price","dollars per bushel at harvest","No specific size","U.S. total","United States",2025,3.93,"Base survey of 2021"
"Corn","Allocated overhead","Capital recovery of machinery and equipment","dollars per planted acre","No specific size","U.S. total","United States",2025,171.94,"Base survey of 2021"
"Corn","Supporting information","Price","dollars per bushel at harvest","No specific size","Northern Crescent","United States",2025,3.95,"Base survey of 2021"
"Corn","Operating costs","Seed","dollars per planted acre","No specific size","Eastern Uplands","United States",2025,127.65,"Base survey of 2021"
"Corn","Costs listed","Total, costs listed","dollars per planted acre","No specific size","Prairie Gateway","United States",2025,778.2,"Base survey of 2021"
"Corn","Gross value of production","Secondary product, silage","dollars per planted acre","No specific size","U.S. total","United States",2025,2.63,"Base survey of 2021"
"Corn","Costs listed","Total, costs listed","dollars per planted acre","No specific size","Southern Seaboard","United States",2025,883.62,"Base survey of 2021"
"Corn","Gross value of production","Secondary product, silage","dollars per planted acre","No specific size","Northern Crescent","United States",2025,8.01,"Base survey of 2021"
"Corn","Costs listed","Total, costs listed","dollars per planted acre","No specific size","U.S. total","United States",2025,885.43,"Base survey of 2021"
"Corn","Net value","Value of production less total costs listed","dollars per planted acre","No specific size","Prairie Gateway","United States",2025,-105.8,"Base survey of 2021"
"Corn","Allocated overhead","General farm overhead","dollars per planted acre","No specific size","Prairie Gateway","United States",2025,19.3,"Base survey of 2021"
"Corn","Allocated overhead","Total, allocated overhead","dollars per planted acre","No specific size","Eastern Uplands","United States",2025,399.7,"Base survey of 2021"
"Corn","Allocated overhead","Opportunity cost of land","dollars per planted acre","No specific size","Heartland","United States",2025,229.57,"Base survey of 2021"
"Corn","Allocated overhead","Opportunity cost of unpaid labor","dollars per planted acre","No specific size","Northern Great Plains","United States",2025,26.44,"Base survey of 2021"
"Corn","Allocated overhead","General farm overhead","dollars per planted acre","No specific size","U.S. total","United States",2025,26.33,"Base survey of 2021"
"Corn","Operating costs","Purchased irrigation water","dollars per planted acre","No specific size","Eastern Uplands","United States",2025,0,"Base survey of 2021"
"Corn","Operating costs","Interest on operating capital","dollars per planted acre","No specific size","Northern Great Plains","United States",2025,7.83,"Base survey of 2021"
"Corn","Operating costs","Total, operating costs","dollars per planted acre","No specific size","Northern Crescent","United States",2025,465,"Base survey of 2021"
"Corn","Operating costs","Purchased irrigation water","dollars per planted acre","No specific size","Northern Great Plains","United States",2025,0.1,"Base survey of 2021"
"Corn","Supporting information","Enterprise size","planted acres","No specific size","U.S. total","United States",2025,296,"Base survey of 2021"
"Corn","Allocated overhead","Capital recovery of machinery and equipment","dollars per planted acre","No specific size","Southern Seaboard","United States",2025,158.68,"Base survey of 2021"
"Corn","Operating costs","Fuel, lube, and electricity","dollars per planted acre","No specific size","Southern Seaboard","United States",2025,46.28,"Base survey of 2021"
"Corn","Operating costs","Chemicals","dollars per planted acre","No specific size","Northern Crescent","United States",2025,44.96,"Base survey of 2021"
"Corn","Gross value of production","Total, gross value of production","dollars per planted acre","No specific size","U.S. total","United States",2025,782.44,"Base survey of 2021"
"Corn","Operating costs","Seed","dollars per planted acre","No specific size","Heartland","United States",2025,119.55,"Base survey of 2021"
"Corn","Costs listed","Total, costs listed","dollars per planted acre","No specific size","Northern Great Plains","United States",2025,772.8,"Base survey of 2021"
"Corn","Costs listed","Total, costs listed","dollars per planted acre","No specific size","Northern Crescent","United States",2025,879.93,"Base survey of 2021"
"Corn","Operating costs","Fuel, lube, and electricity","dollars per planted acre","No specific size","U.S. total","United States",2025,26.71,"Base survey of 2021"
"Corn","Operating costs","Custom services  ","dollars per planted acre","No specific size","Heartland","United States",2025,37.95,"Base survey of 2021"
"Corn","Operating costs","Seed","dollars per planted acre","No specific size","Northern Crescent","United States",2025,109.66,"Base survey of 2021"
"Corn","Supporting information","Enterprise size","planted acres","No specific size","Northern Crescent","United States",2025,184,"Base survey of 2021"
"Corn","Allocated overhead","Hired labor","dollars per planted acre","No specific size","Prairie Gateway","United States",2025,6.99,"Base survey of 2021"
"Corn","Allocated overhead","Taxes and insurance","dollars per planted acre","No specific size","U.S. total","United States",2025,20.72,"Base survey of 2021"
"Corn","Operating costs","Chemicals","dollars per planted acre","No specific size","Prairie Gateway","United States",2025,55.12,"Base survey of 2021"
"Corn","Gross value of production","Total, gross value of production","dollars per planted acre","No specific size","Prairie Gateway","United States",2025,672.4,"Base survey of 2021"
"Corn","Supporting information","Enterprise size","planted acres","No specific size","Southern Seaboard","United States",2025,255,"Base survey of 2021"
"Corn","Operating costs","Custom services  ","dollars per planted acre","No specific size","Southern Seaboard","United States",2025,36.41,"Base survey of 2021"
"Corn","Operating costs","Custom services  ","dollars per planted acre","No specific size","U.S. total","United States",2025,37.01,"Base survey of 2021"
"Corn","Operating costs","Fuel, lube, and electricity","dollars per planted acre","No specific size","Eastern Uplands","United States",2025,23.34,"Base survey of 2021"
"Corn","Supporting information","Yield","bushels per planted acre","No specific size","Eastern Uplands","United States",2025,176,"Base survey of 2021"
"Corn","Operating costs","Chemicals","dollars per planted acre","No specific size","Northern Great Plains","United States",2025,42.66,"Base survey of 2021"
"Corn","Supporting information","Enterprise size","planted acres","No specific size","Eastern Uplands","United States",2025,105,"Base survey of 2021"
"Corn","Allocated overhead","Opportunity cost of land","dollars per planted acre","No specific size","Northern Great Plains","United States",2025,135.17,"Base survey of 2021"
"Corn","Allocated overhead","Opportunity cost of unpaid labor","dollars per planted acre","No specific size","Eastern Uplands","United States",2025,48.47,"Base survey of 2021"
"Corn","Supporting information","Yield","bushels per planted acre","No specific size","Prairie Gateway","United States",2025,168,"Base survey of 2021"
"Corn","Production practices","Dryland","percent of acres","No specific size","U.S. total","United States",2025,90,"Base survey of 2021"
"Corn","Allocated overhead","Taxes and insurance","dollars per planted acre","No specific size","Eastern Uplands","United States",2025,24.06,"Base survey of 2021"
"Corn","Production practices","Irrigated","percent of acres","No specific size","Heartland","United States",2025,5,"Base survey of 2021"
"Corn","Supporting information","Price","dollars per bushel at harvest","No specific size","Southern Seaboard","United States",2025,4.95,"Base survey of 2021"
"Corn","Gross value of production","Primary product, grain","dollars per planted acre","No specific size","Northern Great Plains","United States",2025,770.43,"Base survey of 2021"
"Corn","Operating costs","Total, operating costs","dollars per planted acre","No specific size","Northern Great Plains","United States",2025,403.23,"Base survey of 2021"
"Corn","Operating costs","Fertilizer  ","dollars per planted acre","No specific size","Prairie Gateway","United States",2025,114.49,"Base survey of 2021"
"Corn","Gross value of production","Secondary product, silage","dollars per planted acre","No specific size","Prairie Gateway","United States",2025,1.41,"Base survey of 2021"
"Corn","Operating costs","Total, operating costs","dollars per planted acre","No specific size","Heartland","United States",2025,457.96,"Base survey of 2021"
"Corn","Net value","Value of production less operating costs","dollars per planted acre","No specific size","Heartland","United States",2025,381.28,"Base survey of 2021"
"Corn","Net value","Value of production less operating costs","dollars per planted acre","No specific size","Southern Seaboard","United States",2025,358.47,"Base survey of 2021"
"Corn","Net value","Value of production less total costs listed","dollars per planted acre","No specific size","Northern Crescent","United States",2025,-168.38,"Base survey of 2021"
"Corn","Allocated overhead","Capital recovery of machinery and equipment","dollars per planted acre","No specific size","Northern Crescent","United States",2025,162.71,"Base survey of 2021"
"Corn","Allocated overhead","General farm overhead","dollars per planted acre","No specific size","Eastern Uplands","United States",2025,24.77,"Base survey of 2021"
"Corn","Allocated overhead","Hired labor","dollars per planted acre","No specific size","U.S. total","United States",2025,4.66,"Base survey of 2021"
"Corn","Gross value of production","Primary product, grain","dollars per planted acre","No specific size","U.S. total","United States",2025,779.8,"Base survey of 2021"
"Corn","Supporting information","Yield","bushels per planted acre","No specific size","U.S. total","United States",2025,198,"Base survey of 2021"
"Corn","Operating costs","Interest on operating capital","dollars per planted acre","No specific size","Heartland","United States",2025,8.89,"Base survey of 2021"
"Corn","Operating costs","Total, operating costs","dollars per planted acre","No specific size","U.S. total","United States",2025,440.11,"Base survey of 2021"
"Corn","Operating costs","Fertilizer  ","dollars per planted acre","No specific size","Eastern Uplands","United States",2025,187.64,"Base survey of 2021"
"Corn","Operating costs","Purchased irrigation water","dollars per planted acre","No specific size","Prairie Gateway","United States",2025,1.51,"Base survey of 2021"
"Corn","Operating costs","Interest on operating capital","dollars per planted acre","No specific size","Northern Crescent","United States",2025,9.03,"Base survey of 2021"
"Corn","Operating costs","Interest on operating capital","dollars per planted acre","No specific size","Prairie Gateway","United States",2025,7.56,"Base survey of 2021"
"Corn","Production practices","Dryland","percent of acres","No specific size","Heartland","United States",2025,95,"Base survey of 2021"
"Corn","Gross value of production","Primary product, grain","dollars per planted acre","No specific size","Heartland","United States",2025,837.39,"Base survey of 2021"
"Corn","Gross value of production","Total, gross value of production","dollars per planted acre","No specific size","Eastern Uplands","United States",2025,760.84,"Base survey of 2021"
"Corn","Allocated overhead","Total, allocated overhead","dollars per planted acre","No specific size","Heartland","United States",2025,489.33,"Base survey of 2021"
"Corn","Operating costs","Fertilizer  ","dollars per planted acre","No specific size","U.S. total","United States",2025,158.88,"Base survey of 2021"
"Corn","Net value","Value of production less operating costs","dollars per planted acre","No specific size","Northern Crescent","United States",2025,246.55,"Base survey of 2021"
"Corn","Supporting information","Enterprise size","planted acres","No specific size","Northern Great Plains","United States",2025,599,"Base survey of 2021"
"Corn","Gross value of production","Secondary product, silage","dollars per planted acre","No specific size","Southern Seaboard","United States",2025,0.56,"Base survey of 2021"
"Corn","Operating costs","Interest on operating capital","dollars per planted acre","No specific size","U.S. total","United States",2025,8.54,"Base survey of 2021"
"Corn","Operating costs","Repairs","dollars per planted acre","No specific size","Northern Crescent","United States",2025,48.46,"Base survey of 2021"
"Corn","Operating costs","Repairs","dollars per planted acre","No specific size","Southern Seaboard","United States",2025,51.13,"Base survey of 2021"
"Corn","Operating costs","Purchased irrigation water","dollars per planted acre","No specific size","U.S. total","United States",2025,0.29,"Base survey of 2021"
"Corn","Gross value of production","Total, gross value of production","dollars per planted acre","No specific size","Northern Great Plains","United States",2025,774.63,"Base survey of 2021"
"Corn","Gross value of production","Total, gross value of production","dollars per planted acre","No specific size","Heartland","United States",2025,839.24,"Base survey of 2021"
"Corn","Supporting information","Price","dollars per bushel at harvest","No specific size","Eastern Uplands","United States",2025,4.3,"Base survey of 2021"
"Corn","Production practices","Dryland","percent of acres","No specific size","Northern Great Plains","United States",2025,90,"Base survey of 2021"
"Corn","Allocated overhead","Taxes and insurance","dollars per planted acre","No specific size","Southern Seaboard","United States",2025,17.77,"Base survey of 2021"
"Corn","Allocated overhead","General farm overhead","dollars per planted acre","No specific size","Southern Seaboard","United States",2025,25.5,"Base survey of 2021"
"Corn","Allocated overhead","Opportunity cost of unpaid labor","dollars per planted acre","No specific size","Northern Crescent","United States",2025,36.33,"Base survey of 2021"
"Corn","Allocated overhead","Total, allocated overhead","dollars per planted acre","No specific size","Northern Great Plains","United States",2025,369.57,"Base survey of 2021"
"Corn","Allocated overhead","Opportunity cost of unpaid labor","dollars per planted acre","No specific size","Heartland","United States",2025,32.11,"Base survey of 2021"
"Corn","Supporting information","Price","dollars per bushel at harvest","No specific size","Heartland","United States",2025,3.92,"Base survey of 2021"
"Corn","Supporting information","Yield","bushels per planted acre","No specific size","Heartland","United States",2025,214,"Base survey of 2021"
"Corn","Operating costs","Total, operating costs","dollars per planted acre","No specific size","Southern Seaboard","United States",2025,497.76,"Base survey of 2021"
"Corn","Operating costs","Custom services  ","dollars per planted acre","No specific size","Prairie Gateway","United States",2025,33.25,"Base survey of 2021"
"Corn","Operating costs","Purchased irrigation water","dollars per planted acre","No specific size","Heartland","United States",2025,0,"Base survey of 2021"
"Corn","Allocated overhead","General farm overhead","dollars per planted acre","No specific size","Heartland","United States",2025,28.66,"Base survey of 2021"
"Corn","Allocated overhead","Hired labor","dollars per planted acre","No specific size","Southern Seaboard","United States",2025,9.39,"Base survey of 2021"
"Corn","Production practices","Irrigated","percent of acres","No specific size","Northern Great Plains","United States",2025,10,"Base survey of 2021"
"Corn","Allocated overhead","General farm overhead","dollars per planted acre","No specific size","Northern Crescent","United States",2025,33.94,"Base survey of 2021"
"Corn","Allocated overhead","Capital recovery of machinery and equipment","dollars per planted acre","No specific size","Prairie Gateway","United States",2025,175.01,"Base survey of 2021"
"Corn","Allocated overhead","Opportunity cost of land","dollars per planted acre","No specific size","Prairie Gateway","United States",2025,141.39,"Base survey of 2021"
"Corn","Allocated overhead","Opportunity cost of unpaid labor","dollars per planted acre","No specific size","Southern Seaboard","United States",2025,69.82,"Base survey of 2021"
"Corn","Operating costs","Repairs","dollars per planted acre","No specific size","Northern Great Plains","United States",2025,44.98,"Base survey of 2021"
"Corn","Net value","Value of production less total costs listed","dollars per planted acre","No specific size","Northern Great Plains","United States",2025,1.83,"Base survey of 2021"
"Corn","Operating costs","Purchased irrigation water","dollars per planted acre","No specific size","Northern Crescent","United States",2025,0,"Base survey of 2021"
"Corn","Gross value of production","Primary product, grain","dollars per planted acre","No specific size","Northern Crescent","United States",2025,703.54,"Base survey of 2021"
"Corn","Operating costs","Repairs","dollars per planted acre","No specific size","Heartland","United States",2025,47.04,"Base survey of 2021"
"Corn","Production practices","Dryland","percent of acres","No specific size","Southern Seaboard","United States",2025,85,"Base survey of 2021"
"Corn","Gross value of production","Primary product, grain","dollars per planted acre","No specific size","Southern Seaboard","United States",2025,855.67,"Base survey of 2021"
"Corn","Production practices","Irrigated","percent of acres","No specific size","Northern Crescent","United States",2025,5,"Base survey of 2021"
"Corn","Allocated overhead","Hired labor","dollars per planted acre","No specific size","Eastern Uplands","United States",2025,2.27,"Base survey of 2021"
"Corn","Allocated overhead","Opportunity cost of land","dollars per planted acre","No specific size","U.S. total","United States",2025,190.3,"Base survey of 2021"
"Corn","Allocated overhead","Total, allocated overhead","dollars per planted acre","No specific size","Southern Seaboard","United States",2025,385.86,"Base survey of 2021"
"Corn","Allocated overhead","Capital recovery of machinery and equipment","dollars per planted acre","No specific size","Northern Great Plains","United States",2025,167.61,"Base survey of 2021"
"Corn","Operating costs","Seed","dollars per planted acre","No specific size","Southern Seaboard","United States",2025,103.2,"Base survey of 2021"
"Corn","Operating costs","Fuel, lube, and electricity","dollars per planted acre","No specific size","Northern Great Plains","United States",2025,19.66,"Base survey of 2021"
"Corn","Gross value of production","Secondary product, silage","dollars per planted acre","No specific size","Northern Great Plains","United States",2025,4.2,"Base survey of 2021"
"Corn","Production practices","Irrigated","percent of acres","No specific size","U.S. total","United States",2025,10,"Base survey of 2021"
"Corn","Production practices","Dryland","percent of acres","No specific size","Northern Crescent","United States",2025,95,"Base survey of 2021"
"Corn","Allocated overhead","Taxes and insurance","dollars per planted acre","No specific size","Prairie Gateway","United States",2025,21.15,"Base survey of 2021"
"Corn","Allocated overhead","Total, allocated overhead","dollars per planted acre","No specific size","Northern Crescent","United States",2025,414.93,"Base survey of 2021"
"Corn","Allocated overhead","Opportunity cost of unpaid labor","dollars per planted acre","No specific size","U.S. total","United States",2025,31.37,"Base survey of 2021"
"Corn","Gross value of production","Primary product, grain","dollars per planted acre","No specific size","U.S. total","United States",1996,366.46,"Base survey of 1996"
"Corn","Gross value of production","Primary product, grain","dollars per planted acre","No specific size","U.S. total","United States",1997,327.6,"Base survey of 1996"
"Corn","Gross value of production","Primary product, grain","dollars per planted acre","No specific size","U.S. total","United States",1998,259.76,"Base survey of 1996"
"Corn","Gross value of production","Primary product, grain","dollars per planted acre","No specific size","U.S. total","United States",1999,228.15,"Base survey of 1996"
"Corn","Gross value of production","Primary product, grain","dollars per planted acre","No specific size","U.S. total","United States",2000,244.26,"Base survey of 1996"
"Corn","Gross value of production","Primary product, grain","dollars per planted acre","No specific size","U.S. total","United States",2001,264.96,"Base survey of 2001"
"Corn","Gross value of production","Primary product, grain","dollars per planted acre","No specific size","U.S. total","United States",2002,310.88,"Base survey of 2001"
"Corn","Gross value of production","Primary product, grain","dollars per planted acre","No specific size","U.S. total","United States",2003,317.37,"Base survey of 2001"
"Corn","Gross value of production","Primary product, grain","dollars per planted acre","No specific size","U.S. total","United States",2004,359.97,"Base survey of 2001"
"Corn","Gross value of production","Primary product, grain","dollars per planted acre","No specific size","U.S. total","United States",2005,259.26,"Base survey of 2005"
"Corn","Gross value of production","Primary product, grain","dollars per planted acre","No specific size","U.S. total","United States",2006,350.52,"Base survey of 2005"
"Corn","Gross value of production","Primary product, grain","dollars per planted acre","No specific size","U.S. total","United States",2007,467.61,"Base survey of 2005"
"Corn","Gross value of production","Primary product, grain","dollars per planted acre","No specific size","U.S. total","United States",2008,627.84,"Base survey of 2005"
"Corn","Gross value of production","Primary product, grain","dollars per planted acre","No specific size","U.S. total","United States",2009,560.04,"Base survey of 2005"
"Corn","Gross value of production","Primary product, grain","dollars per planted acre","No specific size","U.S. total","United States",2010,688.47,"Base survey of 2010"
"Corn","Gross value of production","Primary product, grain","dollars per planted acre","No specific size","U.S. total","United States",2011,836.58,"Base survey of 2010"
"Corn","Gross value of production","Primary product, grain","dollars per planted acre","No specific size","U.S. total","United States",2012,801.22,"Base survey of 2010"
"Corn","Gross value of production","Primary product, grain","dollars per planted acre","No specific size","U.S. total","United States",2013,719.16,"Base survey of 2010"
"Corn","Gross value of production","Primary product, grain","dollars per planted acre","No specific size","U.S. total","United States",2014,601.8,"Base survey of 2010"
"Corn","Gross value of production","Primary product, grain","dollars per planted acre","No specific size","U.S. total","United States",2015,611.22,"Base survey of 2010"
"Corn","Gross value of production","Primary product, grain","dollars per planted acre","No specific size","U.S. total","United States",2016,602.07,"Base survey of 2016"
"Corn","Gross value of production","Primary product, grain","dollars per planted acre","No specific size","U.S. total","United States",2017,598,"Base survey of 2016"
"Corn","Gross value of production","Primary product, grain","dollars per planted acre","No specific size","U.S. total","United States",2018,625.86,"Base survey of 2016"
"Corn","Gross value of production","Primary product, grain","dollars per planted acre","No specific size","U.S. total","United States",2019,662.59,"Base survey of 2016"
"Corn","Gross value of production","Primary product, grain","dollars per planted acre","No specific size","U.S. total","United States",2020,642.58,"Base survey of 2016"
"Corn","Gross value of production","Primary product, grain","dollars per planted acre","No specific size","U.S. total","United States",2021,942.01,"Base survey of 2021"
"Corn","Gross value of production","Primary product, grain","dollars per planted acre","No specific size","U.S. total","United States",2022,1167.59,"Base survey of 2021"
"Corn","Gross value of production","Primary product, grain","dollars per planted acre","No specific size","U.S. total","United States",2023,917.54,"Base survey of 2021"
"Corn","Gross value of production","Primary product, grain","dollars per planted acre","No specific size","U.S. total","United States",2024,755.28,"Base survey of 2021"
"Corn","Gross value of production","Primary product, grain","dollars per planted acre","No specific size","Heartland","United States",1996,384.32,"Base survey of 1996"
"Corn","Gross value of production","Primary product, grain","dollars per planted acre","No specific size","Heartland","United States",1997,340,"Base survey of 1996"
"Corn","Gross value of production","Primary product, grain","dollars per planted acre","No specific size","Heartland","United States",1998,275.04,"Base survey of 1996"
"Corn","Gross value of production","Primary product, grain","dollars per planted acre","No specific size","Heartland","United States",1999,235.47,"Base survey of 1996"
"Corn","Gross value of production","Primary product, grain","dollars per planted acre","No specific size","Heartland","United States",2000,258.13,"Base survey of 1996"
"Corn","Gross value of production","Primary product, grain","dollars per planted acre","No specific size","Heartland","United States",2001,271.8,"Base survey of 2001"
"Corn","Gross value of production","Primary product, grain","dollars per planted acre","No specific size","Heartland","United States",2002,326.6,"Base survey of 2001"
"Corn","Gross value of production","Primary product, grain","dollars per planted acre","No specific size","Heartland","United States",2003,329.7,"Base survey of 2001"
"Corn","Gross value of production","Primary product, grain","dollars per planted acre","No specific size","Heartland","United States",2004,373.8,"Base survey of 2001"
"Corn","Gross value of production","Primary product, grain","dollars per planted acre","No specific size","Heartland","United States",2005,266.76,"Base survey of 2005"
"Corn","Gross value of production","Primary product, grain","dollars per planted acre","No specific size","Heartland","United States",2006,377.5,"Base survey of 2005"
"Corn","Gross value of production","Primary product, grain","dollars per planted acre","No specific size","Heartland","United States",2007,500.65,"Base survey of 2005"
"Corn","Gross value of production","Primary product, grain","dollars per planted acre","No specific size","Heartland","United States",2008,685.72,"Base survey of 2005"
"Corn","Gross value of production","Primary product, grain","dollars per planted acre","No specific size","Heartland","United States",2009,606.48,"Base survey of 2005"
"Corn","Gross value of production","Primary product, grain","dollars per planted acre","No specific size","Heartland","United States",2010,723.11,"Base survey of 2010"
"Corn","Gross value of production","Primary product, grain","dollars per planted acre","No specific size","Heartland","United States",2011,883.5,"Base survey of 2010"
"Corn","Gross value of production","Primary product, grain","dollars per planted acre","No specific size","Heartland","United States",2012,811.58,"Base survey of 2010"
"Corn","Gross value of production","Primary product, grain","dollars per planted acre","No specific size","Heartland","United States",2013,757.35,"Base survey of 2010"
"Corn","Gross value of production","Primary product, grain","dollars per planted acre","No specific size","Heartland","United States",2014,628.29,"Base survey of 2010"
"Corn","Gross value of production","Primary product, grain","dollars per planted acre","No specific size","Heartland","United States",2015,633.36,"Base survey of 2010"
"Corn","Gross value of production","Primary product, grain","dollars per planted acre","No specific size","Heartland","United States",2016,646.16,"Base survey of 2016"
"Corn","Gross value of production","Primary product, grain","dollars per planted acre","No specific size","Heartland","United States",2017,646,"Base survey of 2016"
"Corn","Gross value of production","Primary product, grain","dollars per planted acre","No specific size","Heartland","United States",2018,674.61,"Base survey of 2016"
"Corn","Gross value of production","Primary product, grain","dollars per planted acre","No specific size","Heartland","United States",2019,714.4,"Base survey of 2016"
"Corn","Gross value of production","Primary product, grain","dollars per planted acre","No specific size","Heartland","United States",2020,682.1,"Base survey of 2016"
"Corn","Gross value of production","Primary product, grain","dollars per planted acre","No specific size","Heartland","United States",2021,1008.47,"Base survey of 2021"
"Corn","Gross value of production","Primary product, grain","dollars per planted acre","No specific size","Heartland","United States",2022,1300.79,"Base survey of 2021"
"Corn","Gross value of production","Primary product, grain","dollars per planted acre","No specific size","Heartland","United States",2023,992.07,"Base survey of 2021"
"Corn","Gross value of production","Primary product, grain","dollars per planted acre","No specific size","Heartland","United States",2024,822.28,"Base survey of 2021"
"Corn","Gross value of production","Primary product, grain","dollars per planted acre","No specific size","Northern Crescent","United States",1996,281.93,"Base survey of 1996"
"Corn","Gross value of production","Primary product, grain","dollars per planted acre","No specific size","Northern Crescent","United States",1997,298.69,"Base survey of 1996"
"Corn","Gross value of production","Primary product, grain","dollars per planted acre","No specific size","Northern Crescent","United States",1998,236.25,"Base survey of 1996"
"Corn","Gross value of production","Primary product, grain","dollars per planted acre","No specific size","Northern Crescent","United States",1999,209.56,"Base survey of 1996"
"Corn","Gross value of production","Primary product, grain","dollars per planted acre","No specific size","Northern Crescent","United States",2000,230.21,"Base survey of 1996"
"Corn","Gross value of production","Primary product, grain","dollars per planted acre","No specific size","Northern Crescent","United States",2001,217.12,"Base survey of 2001"
"Corn","Gross value of production","Primary product, grain","dollars per planted acre","No specific size","Northern Crescent","United States",2002,294.64,"Base survey of 2001"
"Corn","Gross value of production","Primary product, grain","dollars per planted acre","No specific size","Northern Crescent","United States",2003,296.7,"Base survey of 2001"
"Corn","Gross value of production","Primary product, grain","dollars per planted acre","No specific size","Northern Crescent","United States",2004,315,"Base survey of 2001"
"Corn","Gross value of production","Primary product, grain","dollars per planted acre","No specific size","Northern Crescent","United States",2005,258.72,"Base survey of 2005"
"Corn","Gross value of production","Primary product, grain","dollars per planted acre","No specific size","Northern Crescent","United States",2006,265,"Base survey of 2005"
"Corn","Gross value of production","Primary product, grain","dollars per planted acre","No specific size","Northern Crescent","United States",2007,348.84,"Base survey of 2005"
"Corn","Gross value of production","Primary product, grain","dollars per planted acre","No specific size","Northern Crescent","United States",2008,473.8,"Base survey of 2005"
"Corn","Gross value of production","Primary product, grain","dollars per planted acre","No specific size","Northern Crescent","United States",2009,441.25,"Base survey of 2005"
"Corn","Gross value of production","Primary product, grain","dollars per planted acre","No specific size","Northern Crescent","United States",2010,692.64,"Base survey of 2010"
"Corn","Gross value of production","Primary product, grain","dollars per planted acre","No specific size","Northern Crescent","United States",2011,862.71,"Base survey of 2010"
"Corn","Gross value of production","Primary product, grain","dollars per planted acre","No specific size","Northern Crescent","United States",2012,877.5,"Base survey of 2010"
"Corn","Gross value of production","Primary product, grain","dollars per planted acre","No specific size","Northern Crescent","United States",2013,671.79,"Base survey of 2010"
"Corn","Gross value of production","Primary product, grain","dollars per planted acre","No specific size","Northern Crescent","United States",2014,558.48,"Base survey of 2010"
"Corn","Gross value of production","Primary product, grain","dollars per planted acre","No specific size","Northern Crescent","United States",2015,573.54,"Base survey of 2010"
"Corn","Gross value of production","Primary product, grain","dollars per planted acre","No specific size","Northern Crescent","United States",2016,574.6,"Base survey of 2016"
"Corn","Gross value of production","Primary product, grain","dollars per planted acre","No specific size","Northern Crescent","United States",2017,596.49,"Base survey of 2016"
"Corn","Gross value of production","Primary product, grain","dollars per planted acre","No specific size","Northern Crescent","United States",2018,608.96,"Base survey of 2016"
"Corn","Gross value of production","Primary product, grain","dollars per planted acre","No specific size","Northern Crescent","United States",2019,657.36,"Base survey of 2016"
"Corn","Gross value of production","Primary product, grain","dollars per planted acre","No specific size","Northern Crescent","United States",2020,627.8,"Base survey of 2016"
"Corn","Gross value of production","Primary product, grain","dollars per planted acre","No specific size","Northern Crescent","United States",2021,925.68,"Base survey of 2021"
"Corn","Gross value of production","Primary product, grain","dollars per planted acre","No specific size","Northern Crescent","United States",2022,1066.89,"Base survey of 2021"
"Corn","Gross value of production","Primary product, grain","dollars per planted acre","No specific size","Northern Crescent","United States",2023,841.12,"Base survey of 2021"
"Corn","Gross value of production","Primary product, grain","dollars per planted acre","No specific size","Northern Crescent","United States",2024,675.59,"Base survey of 2021"
"Corn","Gross value of production","Primary product, grain","dollars per planted acre","No specific size","Northern Great Plains","United States",1996,265.42,"Base survey of 1996"
"Corn","Gross value of production","Primary product, grain","dollars per planted acre","No specific size","Northern Great Plains","United States",1997,228.48,"Base survey of 1996"
"Corn","Gross value of production","Primary product, grain","dollars per planted acre","No specific size","Northern Great Plains","United States",1998,195.36,"Base survey of 1996"
"Corn","Gross value of production","Primary product, grain","dollars per planted acre","No specific size","Northern Great Plains","United States",1999,162.75,"Base survey of 1996"
"Corn","Gross value of production","Primary product, grain","dollars per planted acre","No specific size","Northern Great Plains","United States",2000,161.02,"Base survey of 1996"
"Corn","Gross value of production","Primary product, grain","dollars per planted acre","No specific size","Northern Great Plains","United States",2001,192.03,"Base survey of 2001"
"Corn","Gross value of production","Primary product, grain","dollars per planted acre","No specific size","Northern Great Plains","United States",2002,211.85,"Base survey of 2001"
"Corn","Gross value of production","Primary product, grain","dollars per planted acre","No specific size","Northern Great Plains","United States",2003,220.32,"Base survey of 2001"
"Corn","Gross value of production","Primary product, grain","dollars per planted acre","No specific size","Northern Great Plains","United States",2004,229.9,"Base survey of 2001"
"Corn","Gross value of production","Primary product, grain","dollars per planted acre","No specific size","Northern Great Plains","United States",2005,223.86,"Base survey of 2005"
"Corn","Gross value of production","Primary product, grain","dollars per planted acre","No specific size","Northern Great Plains","United States",2006,302.56,"Base survey of 2005"
"Corn","Gross value of production","Primary product, grain","dollars per planted acre","No specific size","Northern Great Plains","United States",2007,401.32,"Base survey of 2005"
"Corn","Gross value of production","Primary product, grain","dollars per planted acre","No specific size","Northern Great Plains","United States",2008,559.36,"Base survey of 2005"
"Corn","Gross value of production","Primary product, grain","dollars per planted acre","No specific size","Northern Great Plains","United States",2009,474.02,"Base survey of 2005"
"Corn","Gross value of production","Primary product, grain","dollars per planted acre","No specific size","Northern Great Plains","United States",2010,574.56,"Base survey of 2010"
"Corn","Gross value of production","Primary product, grain","dollars per planted acre","No specific size","Northern Great Plains","United States",2011,655.69,"Base survey of 2010"
"Corn","Gross value of production","Primary product, grain","dollars per planted acre","No specific size","Northern Great Plains","United States",2012,707.3,"Base survey of 2010"
"Corn","Gross value of production","Primary product, grain","dollars per planted acre","No specific size","Northern Great Plains","United States",2013,519.09,"Base survey of 2010"
"Corn","Gross value of production","Primary product, grain","dollars per planted acre","No specific size","Northern Great Plains","United States",2014,419.42,"Base survey of 2010"
"Corn","Gross value of production","Primary product, grain","dollars per planted acre","No specific size","Northern Great Plains","United States",2015,479.96,"Base survey of 2010"
"Corn","Gross value of production","Primary product, grain","dollars per planted acre","No specific size","Northern Great Plains","United States",2016,500.2,"Base survey of 2016"
"Corn","Gross value of production","Primary product, grain","dollars per planted acre","No specific size","Northern Great Plains","United States",2017,439.55,"Base survey of 2016"
"Corn","Gross value of production","Primary product, grain","dollars per planted acre","No specific size","Northern Great Plains","United States",2018,520.03,"Base survey of 2016"
"Corn","Gross value of production","Primary product, grain","dollars per planted acre","No specific size","Northern Great Plains","United States",2019,518.47,"Base survey of 2016"
"Corn","Gross value of production","Primary product, grain","dollars per planted acre","No specific size","Northern Great Plains","United States",2020,526.68,"Base survey of 2016"
"Corn","Gross value of production","Primary product, grain","dollars per planted acre","No specific size","Northern Great Plains","United States",2021,776.4,"Base survey of 2021"
"Corn","Gross value of production","Primary product, grain","dollars per planted acre","No specific size","Northern Great Plains","United States",2022,1053.67,"Base survey of 2021"
"Corn","Gross value of production","Primary product, grain","dollars per planted acre","No specific size","Northern Great Plains","United States",2023,901.57,"Base survey of 2021"
"Corn","Gross value of production","Primary product, grain","dollars per planted acre","No specific size","Northern Great Plains","United States",2024,752.16,"Base survey of 2021"
"Corn","Gross value of production","Primary product, grain","dollars per planted acre","No specific size","Prairie Gateway","United States",1996,429.53,"Base survey of 1996"
"Corn","Gross value of production","Primary product, grain","dollars per planted acre","No specific size","Prairie Gateway","United States",1997,354.66,"Base survey of 1996"
"Corn","Gross value of production","Primary product, grain","dollars per planted acre","No specific size","Prairie Gateway","United States",1998,271.05,"Base survey of 1996"
"Corn","Gross value of production","Primary product, grain","dollars per planted acre","No specific size","Prairie Gateway","United States",1999,246.4,"Base survey of 1996"
"Corn","Gross value of production","Primary product, grain","dollars per planted acre","No specific size","Prairie Gateway","United States",2000,239.15,"Base survey of 1996"
"Corn","Gross value of production","Primary product, grain","dollars per planted acre","No specific size","Prairie Gateway","United States",2001,297,"Base survey of 2001"
"Corn","Gross value of production","Primary product, grain","dollars per planted acre","No specific size","Prairie Gateway","United States",2002,308.7,"Base survey of 2001"
"Corn","Gross value of production","Primary product, grain","dollars per planted acre","No specific size","Prairie Gateway","United States",2003,330.75,"Base survey of 2001"
"Corn","Gross value of production","Primary product, grain","dollars per planted acre","No specific size","Prairie Gateway","United States",2004,394.44,"Base survey of 2001"
"Corn","Gross value of production","Primary product, grain","dollars per planted acre","No specific size","Prairie Gateway","United States",2005,243,"Base survey of 2005"
"Corn","Gross value of production","Primary product, grain","dollars per planted acre","No specific size","Prairie Gateway","United States",2006,324.87,"Base survey of 2005"
"Corn","Gross value of production","Primary product, grain","dollars per planted acre","No specific size","Prairie Gateway","United States",2007,474.6,"Base survey of 2005"
"Corn","Gross value of production","Primary product, grain","dollars per planted acre","No specific size","Prairie Gateway","United States",2008,624.44,"Base survey of 2005"
"Corn","Gross value of production","Primary product, grain","dollars per planted acre","No specific size","Prairie Gateway","United States",2009,532.14,"Base survey of 2005"
"Corn","Gross value of production","Primary product, grain","dollars per planted acre","No specific size","Prairie Gateway","United States",2010,616.28,"Base survey of 2010"
"Corn","Gross value of production","Primary product, grain","dollars per planted acre","No specific size","Prairie Gateway","United States",2011,707.6,"Base survey of 2010"
"Corn","Gross value of production","Primary product, grain","dollars per planted acre","No specific size","Prairie Gateway","United States",2012,761.6,"Base survey of 2010"
"Corn","Gross value of production","Primary product, grain","dollars per planted acre","No specific size","Prairie Gateway","United States",2013,685.86,"Base survey of 2010"
"Corn","Gross value of production","Primary product, grain","dollars per planted acre","No specific size","Prairie Gateway","United States",2014,605.79,"Base survey of 2010"
"Corn","Gross value of production","Primary product, grain","dollars per planted acre","No specific size","Prairie Gateway","United States",2015,610.56,"Base survey of 2010"
"Corn","Gross value of production","Primary product, grain","dollars per planted acre","No specific size","Prairie Gateway","United States",2016,516.53,"Base survey of 2016"
"Corn","Gross value of production","Primary product, grain","dollars per planted acre","No specific size","Prairie Gateway","United States",2017,519.67,"Base survey of 2016"
"Corn","Gross value of production","Primary product, grain","dollars per planted acre","No specific size","Prairie Gateway","United States",2018,535.5,"Base survey of 2016"
"Corn","Gross value of production","Primary product, grain","dollars per planted acre","No specific size","Prairie Gateway","United States",2019,582.93,"Base survey of 2016"
"Corn","Gross value of production","Primary product, grain","dollars per planted acre","No specific size","Prairie Gateway","United States",2020,559.36,"Base survey of 2016"
"Corn","Gross value of production","Primary product, grain","dollars per planted acre","No specific size","Prairie Gateway","United States",2021,843.35,"Base survey of 2021"
"Corn","Gross value of production","Primary product, grain","dollars per planted acre","No specific size","Prairie Gateway","United States",2022,898.3,"Base survey of 2021"
"Corn","Gross value of production","Primary product, grain","dollars per planted acre","No specific size","Prairie Gateway","United States",2023,753.85,"Base survey of 2021"
"Corn","Gross value of production","Primary product, grain","dollars per planted acre","No specific size","Prairie Gateway","United States",2024,641.71,"Base survey of 2021"
"Corn","Gross value of production","Primary product, grain","dollars per planted acre","No specific size","Eastern Uplands","United States",1996,363.92,"Base survey of 1996"
"Corn","Gross value of production","Primary product, grain","dollars per planted acre","No specific size","Eastern Uplands","United States",1997,277.44,"Base survey of 1996"
"Corn","Gross value of production","Primary product, grain","dollars per planted acre","No specific size","Eastern Uplands","United States",1998,241.68,"Base survey of 1996"
"Corn","Gross value of production","Primary product, grain","dollars per planted acre","No specific size","Eastern Uplands","United States",1999,194,"Base survey of 1996"
"Corn","Gross value of production","Primary product, grain","dollars per planted acre","No specific size","Eastern Uplands","United States",2000,239.51,"Base survey of 1996"
"Corn","Gross value of production","Primary product, grain","dollars per planted acre","No specific size","Eastern Uplands","United States",2001,182.4,"Base survey of 2001"
"Corn","Gross value of production","Primary product, grain","dollars per planted acre","No specific size","Eastern Uplands","United States",2002,172.19,"Base survey of 2001"
"Corn","Gross value of production","Primary product, grain","dollars per planted acre","No specific size","Eastern Uplands","United States",2003,225.4,"Base survey of 2001"
"Corn","Gross value of production","Primary product, grain","dollars per planted acre","No specific size","Eastern Uplands","United States",2004,241.98,"Base survey of 2001"
"Corn","Gross value of production","Primary product, grain","dollars per planted acre","No specific size","Eastern Uplands","United States",2005,206.08,"Base survey of 2005"
"Corn","Gross value of production","Primary product, grain","dollars per planted acre","No specific size","Eastern Uplands","United States",2006,357.68,"Base survey of 2005"
"Corn","Gross value of production","Primary product, grain","dollars per planted acre","No specific size","Eastern Uplands","United States",2007,406.56,"Base survey of 2005"
"Corn","Gross value of production","Primary product, grain","dollars per planted acre","No specific size","Eastern Uplands","United States",2008,569.52,"Base survey of 2005"
"Corn","Gross value of production","Primary product, grain","dollars per planted acre","No specific size","Eastern Uplands","United States",2009,560.04,"Base survey of 2005"
"Corn","Gross value of production","Primary product, grain","dollars per planted acre","No specific size","Eastern Uplands","United States",2010,634.5,"Base survey of 2010"
"Corn","Gross value of production","Primary product, grain","dollars per planted acre","No specific size","Eastern Uplands","United States",2011,807.54,"Base survey of 2010"
"Corn","Gross value of production","Primary product, grain","dollars per planted acre","No specific size","Eastern Uplands","United States",2012,639,"Base survey of 2010"
"Corn","Gross value of production","Primary product, grain","dollars per planted acre","No specific size","Eastern Uplands","United States",2013,689.08,"Base survey of 2010"
"Corn","Gross value of production","Primary product, grain","dollars per planted acre","No specific size","Eastern Uplands","United States",2014,554.21,"Base survey of 2010"
"Corn","Gross value of production","Primary product, grain","dollars per planted acre","No specific size","Eastern Uplands","United States",2015,616.14,"Base survey of 2010"
"Corn","Gross value of production","Primary product, grain","dollars per planted acre","No specific size","Eastern Uplands","United States",2016,561.27,"Base survey of 2016"
"Corn","Gross value of production","Primary product, grain","dollars per planted acre","No specific size","Eastern Uplands","United States",2017,617.4,"Base survey of 2016"
"Corn","Gross value of production","Primary product, grain","dollars per planted acre","No specific size","Eastern Uplands","United States",2018,610.09,"Base survey of 2016"
"Corn","Gross value of production","Primary product, grain","dollars per planted acre","No specific size","Eastern Uplands","United States",2019,693.6,"Base survey of 2016"
"Corn","Gross value of production","Primary product, grain","dollars per planted acre","No specific size","Eastern Uplands","United States",2020,674.62,"Base survey of 2016"
"Corn","Gross value of production","Primary product, grain","dollars per planted acre","No specific size","Eastern Uplands","United States",2021,996.89,"Base survey of 2021"
"Corn","Gross value of production","Primary product, grain","dollars per planted acre","No specific size","Eastern Uplands","United States",2022,1086.66,"Base survey of 2021"
"Corn","Gross value of production","Primary product, grain","dollars per planted acre","No specific size","Eastern Uplands","United States",2023,935.74,"Base survey of 2021"
"Corn","Gross value of production","Primary product, grain","dollars per planted acre","No specific size","Eastern Uplands","United States",2024,698.15,"Base survey of 2021"
"Corn","Gross value of production","Primary product, grain","dollars per planted acre","No specific size","Southern Seaboard","United States",1996,332.08,"Base survey of 1996"
"Corn","Gross value of production","Primary product, grain","dollars per planted acre","No specific size","Southern Seaboard","United States",1997,271.6,"Base survey of 1996"
"Corn","Gross value of production","Primary product, grain","dollars per planted acre","No specific size","Southern Seaboard","United States",1998,145.28,"Base survey of 1996"
"Corn","Gross value of production","Primary product, grain","dollars per planted acre","No specific size","Southern Seaboard","United States",1999,180.94,"Base survey of 1996"
"Corn","Gross value of production","Primary product, grain","dollars per planted acre","No specific size","Southern Seaboard","United States",2000,206.7,"Base survey of 1996"
"Corn","Gross value of production","Primary product, grain","dollars per planted acre","No specific size","Southern Seaboard","United States",2001,295.65,"Base survey of 2001"
"Corn","Gross value of production","Primary product, grain","dollars per planted acre","No specific size","Southern Seaboard","United States",2002,227.95,"Base survey of 2001"
"Corn","Gross value of production","Primary product, grain","dollars per planted acre","No specific size","Southern Seaboard","United States",2003,298.8,"Base survey of 2001"
"Corn","Gross value of production","Primary product, grain","dollars per planted acre","No specific size","Southern Seaboard","United States",2004,310.7,"Base survey of 2001"
"Corn","Gross value of production","Primary product, grain","dollars per planted acre","No specific size","Southern Seaboard","United States",2005,224.14,"Base survey of 2005"
"Corn","Gross value of production","Primary product, grain","dollars per planted acre","No specific size","Southern Seaboard","United States",2006,319.7,"Base survey of 2005"
"Corn","Gross value of production","Primary product, grain","dollars per planted acre","No specific size","Southern Seaboard","United States",2007,358,"Base survey of 2005"
"Corn","Gross value of production","Primary product, grain","dollars per planted acre","No specific size","Southern Seaboard","United States",2008,430.1,"Base survey of 2005"
"Corn","Gross value of production","Primary product, grain","dollars per planted acre","No specific size","Southern Seaboard","United States",2009,433.92,"Base survey of 2005"
"Corn","Gross value of production","Primary product, grain","dollars per planted acre","No specific size","Southern Seaboard","United States",2010,557.76,"Base survey of 2010"
"Corn","Gross value of production","Primary product, grain","dollars per planted acre","No specific size","Southern Seaboard","United States",2011,681.75,"Base survey of 2010"
"Corn","Gross value of production","Primary product, grain","dollars per planted acre","No specific size","Southern Seaboard","United States",2012,1003.66,"Base survey of 2010"
"Corn","Gross value of production","Primary product, grain","dollars per planted acre","No specific size","Southern Seaboard","United States",2013,726.88,"Base survey of 2010"
"Corn","Gross value of production","Primary product, grain","dollars per planted acre","No specific size","Southern Seaboard","United States",2014,563.42,"Base survey of 2010"
"Corn","Gross value of production","Primary product, grain","dollars per planted acre","No specific size","Southern Seaboard","United States",2015,555.99,"Base survey of 2010"
"Corn","Gross value of production","Primary product, grain","dollars per planted acre","No specific size","Southern Seaboard","United States",2016,532.68,"Base survey of 2016"
"Corn","Gross value of production","Primary product, grain","dollars per planted acre","No specific size","Southern Seaboard","United States",2017,629.28,"Base survey of 2016"
"Corn","Gross value of production","Primary product, grain","dollars per planted acre","No specific size","Southern Seaboard","United States",2018,542.72,"Base survey of 2016"
"Corn","Gross value of production","Primary product, grain","dollars per planted acre","No specific size","Southern Seaboard","United States",2019,542.5,"Base survey of 2016"
"Corn","Gross value of production","Primary product, grain","dollars per planted acre","No specific size","Southern Seaboard","United States",2020,546.72,"Base survey of 2016"
"Corn","Gross value of production","Primary product, grain","dollars per planted acre","No specific size","Southern Seaboard","United States",2021,997.99,"Base survey of 2021"
"Corn","Gross value of production","Primary product, grain","dollars per planted acre","No specific size","Southern Seaboard","United States",2022,1129.25,"Base survey of 2021"
"Corn","Gross value of production","Primary product, grain","dollars per planted acre","No specific size","Southern Seaboard","United States",2023,956.23,"Base survey of 2021"
"Corn","Gross value of production","Primary product, grain","dollars per planted acre","No specific size","Southern Seaboard","United States",2024,534.54,"Base survey of 2021"
"Corn","Gross value of production","Secondary product, silage","dollars per planted acre","No specific size","U.S. total","United States",1996,3.47,"Base survey of 1996"
"Corn","Gross value of production","Secondary product, silage","dollars per planted acre","No specific size","U.S. total","United States",1997,3.77,"Base survey of 1996"
"Corn","Gross value of production","Secondary product, silage","dollars per planted acre","No specific size","U.S. total","United States",1998,3.12,"Base survey of 1996"
"Corn","Gross value of production","Secondary product, silage","dollars per planted acre","No specific size","U.S. total","United States",1999,2.55,"Base survey of 1996"
"Corn","Gross value of production","Secondary product, silage","dollars per planted acre","No specific size","U.S. total","United States",2000,2.41,"Base survey of 1996"
"Corn","Gross value of production","Secondary product, silage","dollars per planted acre","No specific size","U.S. total","United States",2001,1.96,"Base survey of 2001"
"Corn","Gross value of production","Secondary product, silage","dollars per planted acre","No specific size","U.S. total","United States",2002,1.94,"Base survey of 2001"
"Corn","Gross value of production","Secondary product, silage","dollars per planted acre","No specific size","U.S. total","United States",2003,2.25,"Base survey of 2001"
"Corn","Gross value of production","Secondary product, silage","dollars per planted acre","No specific size","U.S. total","United States",2004,2.38,"Base survey of 2001"
"Corn","Gross value of production","Secondary product, silage","dollars per planted acre","No specific size","U.S. total","United States",2005,1.17,"Base survey of 2005"
"Corn","Gross value of production","Secondary product, silage","dollars per planted acre","No specific size","U.S. total","United States",2006,1.35,"Base survey of 2005"
"Corn","Gross value of production","Secondary product, silage","dollars per planted acre","No specific size","U.S. total","United States",2007,1.33,"Base survey of 2005"
"Corn","Gross value of production","Secondary product, silage","dollars per planted acre","No specific size","U.S. total","United States",2008,1.52,"Base survey of 2005"
"Corn","Gross value of production","Secondary product, silage","dollars per planted acre","No specific size","U.S. total","United States",2009,1.18,"Base survey of 2005"
"Corn","Gross value of production","Secondary product, silage","dollars per planted acre","No specific size","U.S. total","United States",2010,0.92,"Base survey of 2010"
"Corn","Gross value of production","Secondary product, silage","dollars per planted acre","No specific size","U.S. total","United States",2011,1.19,"Base survey of 2010"
"Corn","Gross value of production","Secondary product, silage","dollars per planted acre","No specific size","U.S. total","United States",2012,1.33,"Base survey of 2010"
"Corn","Gross value of production","Secondary product, silage","dollars per planted acre","No specific size","U.S. total","United States",2013,1.35,"Base survey of 2010"
"Corn","Gross value of production","Secondary product, silage","dollars per planted acre","No specific size","U.S. total","United States",2014,1.38,"Base survey of 2010"
"Corn","Gross value of production","Secondary product, silage","dollars per planted acre","No specific size","U.S. total","United States",2015,1.38,"Base survey of 2010"
"Corn","Gross value of production","Secondary product, silage","dollars per planted acre","No specific size","U.S. total","United States",2016,1.85,"Base survey of 2016"
"Corn","Gross value of production","Secondary product, silage","dollars per planted acre","No specific size","U.S. total","United States",2017,2.03,"Base survey of 2016"
"Corn","Gross value of production","Secondary product, silage","dollars per planted acre","No specific size","U.S. total","United States",2018,2.25,"Base survey of 2016"
"Corn","Gross value of production","Secondary product, silage","dollars per planted acre","No specific size","U.S. total","United States",2019,2.35,"Base survey of 2016"
"Corn","Gross value of production","Secondary product, silage","dollars per planted acre","No specific size","U.S. total","United States",2020,2.13,"Base survey of 2016"
"Corn","Gross value of production","Secondary product, silage","dollars per planted acre","No specific size","U.S. total","United States",2021,2.55,"Base survey of 2021"
"Corn","Gross value of production","Secondary product, silage","dollars per planted acre","No specific size","U.S. total","United States",2022,2.6,"Base survey of 2021"
"Corn","Gross value of production","Secondary product, silage","dollars per planted acre","No specific size","U.S. total","United States",2023,2.87,"Base survey of 2021"
"Corn","Gross value of production","Secondary product, silage","dollars per planted acre","No specific size","U.S. total","United States",2024,2.69,"Base survey of 2021"
"Corn","Gross value of production","Secondary product, silage","dollars per planted acre","No specific size","Heartland","United States",1996,1.71,"Base survey of 1996"
"Corn","Gross value of production","Secondary product, silage","dollars per planted acre","No specific size","Heartland","United States",1997,1.73,"Base survey of 1996"
"Corn","Gross value of production","Secondary product, silage","dollars per planted acre","No specific size","Heartland","United States",1998,1.33,"Base survey of 1996"
"Corn","Gross value of production","Secondary product, silage","dollars per planted acre","No specific size","Heartland","United States",1999,1.17,"Base survey of 1996"
"Corn","Gross value of production","Secondary product, silage","dollars per planted acre","No specific size","Heartland","United States",2000,1.23,"Base survey of 1996"
"Corn","Gross value of production","Secondary product, silage","dollars per planted acre","No specific size","Heartland","United States",2001,1.37,"Base survey of 2001"
"Corn","Gross value of production","Secondary product, silage","dollars per planted acre","No specific size","Heartland","United States",2002,1.33,"Base survey of 2001"
"Corn","Gross value of production","Secondary product, silage","dollars per planted acre","No specific size","Heartland","United States",2003,1.36,"Base survey of 2001"
"Corn","Gross value of production","Secondary product, silage","dollars per planted acre","No specific size","Heartland","United States",2004,1.51,"Base survey of 2001"
"Corn","Gross value of production","Secondary product, silage","dollars per planted acre","No specific size","Heartland","United States",2005,0.56,"Base survey of 2005"
"Corn","Gross value of production","Secondary product, silage","dollars per planted acre","No specific size","Heartland","United States",2006,0.67,"Base survey of 2005"
"Corn","Gross value of production","Secondary product, silage","dollars per planted acre","No specific size","Heartland","United States",2007,0.62,"Base survey of 2005"
"Corn","Gross value of production","Secondary product, silage","dollars per planted acre","No specific size","Heartland","United States",2008,0.78,"Base survey of 2005"
"Corn","Gross value of production","Secondary product, silage","dollars per planted acre","No specific size","Heartland","United States",2009,0.7,"Base survey of 2005"
"Corn","Gross value of production","Secondary product, silage","dollars per planted acre","No specific size","Heartland","United States",2010,0.24,"Base survey of 2010"
"Corn","Gross value of production","Secondary product, silage","dollars per planted acre","No specific size","Heartland","United States",2011,0.42,"Base survey of 2010"
"Corn","Gross value of production","Secondary product, silage","dollars per planted acre","No specific size","Heartland","United States",2012,0.33,"Base survey of 2010"
"Corn","Gross value of production","Secondary product, silage","dollars per planted acre","No specific size","Heartland","United States",2013,0.35,"Base survey of 2010"
"Corn","Gross value of production","Secondary product, silage","dollars per planted acre","No specific size","Heartland","United States",2014,0.29,"Base survey of 2010"
"Corn","Gross value of production","Secondary product, silage","dollars per planted acre","No specific size","Heartland","United States",2015,0.3,"Base survey of 2010"
"Corn","Gross value of production","Secondary product, silage","dollars per planted acre","No specific size","Heartland","United States",2016,0.89,"Base survey of 2016"
"Corn","Gross value of production","Secondary product, silage","dollars per planted acre","No specific size","Heartland","United States",2017,0.92,"Base survey of 2016"
"Corn","Gross value of production","Secondary product, silage","dollars per planted acre","No specific size","Heartland","United States",2018,1,"Base survey of 2016"
"Corn","Gross value of production","Secondary product, silage","dollars per planted acre","No specific size","Heartland","United States",2019,1.01,"Base survey of 2016"
"Corn","Gross value of production","Secondary product, silage","dollars per planted acre","No specific size","Heartland","United States",2020,1.03,"Base survey of 2016"
"Corn","Gross value of production","Secondary product, silage","dollars per planted acre","No specific size","Heartland","United States",2021,1.71,"Base survey of 2021"
"Corn","Gross value of production","Secondary product, silage","dollars per planted acre","No specific size","Heartland","United States",2022,1.71,"Base survey of 2021"
"Corn","Gross value of production","Secondary product, silage","dollars per planted acre","No specific size","Heartland","United States",2023,2.19,"Base survey of 2021"
"Corn","Gross value of production","Secondary product, silage","dollars per planted acre","No specific size","Heartland","United States",2024,1.97,"Base survey of 2021"
"Corn","Gross value of production","Secondary product, silage","dollars per planted acre","No specific size","Northern Crescent","United States",1996,14.81,"Base survey of 1996"
"Corn","Gross value of production","Secondary product, silage","dollars per planted acre","No specific size","Northern Crescent","United States",1997,16.67,"Base survey of 1996"
"Corn","Gross value of production","Secondary product, silage","dollars per planted acre","No specific size","Northern Crescent","United States",1998,15.21,"Base survey of 1996"
"Corn","Gross value of production","Secondary product, silage","dollars per planted acre","No specific size","Northern Crescent","United States",1999,11.99,"Base survey of 1996"
"Corn","Gross value of production","Secondary product, silage","dollars per planted acre","No specific size","Northern Crescent","United States",2000,10.8,"Base survey of 1996"
"Corn","Gross value of production","Secondary product, silage","dollars per planted acre","No specific size","Northern Crescent","United States",2001,3.73,"Base survey of 2001"
"Corn","Gross value of production","Secondary product, silage","dollars per planted acre","No specific size","Northern Crescent","United States",2002,4.73,"Base survey of 2001"
"Corn","Gross value of production","Secondary product, silage","dollars per planted acre","No specific size","Northern Crescent","United States",2003,5.62,"Base survey of 2001"
"Corn","Gross value of production","Secondary product, silage","dollars per planted acre","No specific size","Northern Crescent","United States",2004,5.69,"Base survey of 2001"
"Corn","Gross value of production","Secondary product, silage","dollars per planted acre","No specific size","Northern Crescent","United States",2005,3.16,"Base survey of 2005"
"Corn","Gross value of production","Secondary product, silage","dollars per planted acre","No specific size","Northern Crescent","United States",2006,3.23,"Base survey of 2005"
"Corn","Gross value of production","Secondary product, silage","dollars per planted acre","No specific size","Northern Crescent","United States",2007,3.06,"Base survey of 2005"
"Corn","Gross value of production","Secondary product, silage","dollars per planted acre","No specific size","Northern Crescent","United States",2008,3.12,"Base survey of 2005"
"Corn","Gross value of production","Secondary product, silage","dollars per planted acre","No specific size","Northern Crescent","United States",2009,3.02,"Base survey of 2005"
"Corn","Gross value of production","Secondary product, silage","dollars per planted acre","No specific size","Northern Crescent","United States",2010,5.03,"Base survey of 2010"
"Corn","Gross value of production","Secondary product, silage","dollars per planted acre","No specific size","Northern Crescent","United States",2011,7.96,"Base survey of 2010"
"Corn","Gross value of production","Secondary product, silage","dollars per planted acre","No specific size","Northern Crescent","United States",2012,4.72,"Base survey of 2010"
"Corn","Gross value of production","Secondary product, silage","dollars per planted acre","No specific size","Northern Crescent","United States",2013,5.93,"Base survey of 2010"
"Corn","Gross value of production","Secondary product, silage","dollars per planted acre","No specific size","Northern Crescent","United States",2014,6.95,"Base survey of 2010"
"Corn","Gross value of production","Secondary product, silage","dollars per planted acre","No specific size","Northern Crescent","United States",2015,8.95,"Base survey of 2010"
"Corn","Gross value of production","Secondary product, silage","dollars per planted acre","No specific size","Northern Crescent","United States",2016,7.13,"Base survey of 2016"
"Corn","Gross value of production","Secondary product, silage","dollars per planted acre","No specific size","Northern Crescent","United States",2017,8.14,"Base survey of 2016"
"Corn","Gross value of production","Secondary product, silage","dollars per planted acre","No specific size","Northern Crescent","United States",2018,8.89,"Base survey of 2016"
"Corn","Gross value of production","Secondary product, silage","dollars per planted acre","No specific size","Northern Crescent","United States",2019,9.81,"Base survey of 2016"
"Corn","Gross value of production","Secondary product, silage","dollars per planted acre","No specific size","Northern Crescent","United States",2020,7.73,"Base survey of 2016"
"Corn","Gross value of production","Secondary product, silage","dollars per planted acre","No specific size","Northern Crescent","United States",2021,8.15,"Base survey of 2021"
"Corn","Gross value of production","Secondary product, silage","dollars per planted acre","No specific size","Northern Crescent","United States",2022,8.02,"Base survey of 2021"
"Corn","Gross value of production","Secondary product, silage","dollars per planted acre","No specific size","Northern Crescent","United States",2023,7.74,"Base survey of 2021"
"Corn","Gross value of production","Secondary product, silage","dollars per planted acre","No specific size","Northern Crescent","United States",2024,8.09,"Base survey of 2021"
"Corn","Gross value of production","Secondary product, silage","dollars per planted acre","No specific size","Northern Great Plains","United States",1996,2.63,"Base survey of 1996"
"Corn","Gross value of production","Secondary product, silage","dollars per planted acre","No specific size","Northern Great Plains","United States",1997,3.6,"Base survey of 1996"
"Corn","Gross value of production","Secondary product, silage","dollars per planted acre","No specific size","Northern Great Plains","United States",1998,2.1,"Base survey of 1996"
"Corn","Gross value of production","Secondary product, silage","dollars per planted acre","No specific size","Northern Great Plains","United States",1999,1.52,"Base survey of 1996"
"Corn","Gross value of production","Secondary product, silage","dollars per planted acre","No specific size","Northern Great Plains","United States",2000,2.47,"Base survey of 1996"
"Corn","Gross value of production","Secondary product, silage","dollars per planted acre","No specific size","Northern Great Plains","United States",2001,5.32,"Base survey of 2001"
"Corn","Gross value of production","Secondary product, silage","dollars per planted acre","No specific size","Northern Great Plains","United States",2002,4.55,"Base survey of 2001"
"Corn","Gross value of production","Secondary product, silage","dollars per planted acre","No specific size","Northern Great Plains","United States",2003,5.4,"Base survey of 2001"
"Corn","Gross value of production","Secondary product, silage","dollars per planted acre","No specific size","Northern Great Plains","United States",2004,6.57,"Base survey of 2001"
"Corn","Gross value of production","Secondary product, silage","dollars per planted acre","No specific size","Northern Great Plains","United States",2005,2.73,"Base survey of 2005"
"Corn","Gross value of production","Secondary product, silage","dollars per planted acre","No specific size","Northern Great Plains","United States",2006,2.34,"Base survey of 2005"
"Corn","Gross value of production","Secondary product, silage","dollars per planted acre","No specific size","Northern Great Plains","United States",2007,3.67,"Base survey of 2005"
"Corn","Gross value of production","Secondary product, silage","dollars per planted acre","No specific size","Northern Great Plains","United States",2008,6.17,"Base survey of 2005"
"Corn","Gross value of production","Secondary product, silage","dollars per planted acre","No specific size","Northern Great Plains","United States",2009,4.58,"Base survey of 2005"
"Corn","Gross value of production","Secondary product, silage","dollars per planted acre","No specific size","Northern Great Plains","United States",2010,1.18,"Base survey of 2010"
"Corn","Gross value of production","Secondary product, silage","dollars per planted acre","No specific size","Northern Great Plains","United States",2011,1.87,"Base survey of 2010"
"Corn","Gross value of production","Secondary product, silage","dollars per planted acre","No specific size","Northern Great Plains","United States",2012,0.89,"Base survey of 2010"
"Corn","Gross value of production","Secondary product, silage","dollars per planted acre","No specific size","Northern Great Plains","United States",2013,0.81,"Base survey of 2010"
"Corn","Gross value of production","Secondary product, silage","dollars per planted acre","No specific size","Northern Great Plains","United States",2014,1.8,"Base survey of 2010"
"Corn","Gross value of production","Secondary product, silage","dollars per planted acre","No specific size","Northern Great Plains","United States",2015,1.3,"Base survey of 2010"
"Corn","Gross value of production","Secondary product, silage","dollars per planted acre","No specific size","Northern Great Plains","United States",2016,2.06,"Base survey of 2016"
"Corn","Gross value of production","Secondary product, silage","dollars per planted acre","No specific size","Northern Great Plains","United States",2017,2.26,"Base survey of 2016"
"Corn","Gross value of production","Secondary product, silage","dollars per planted acre","No specific size","Northern Great Plains","United States",2018,2.12,"Base survey of 2016"
"Corn","Gross value of production","Secondary product, silage","dollars per planted acre","No specific size","Northern Great Plains","United States",2019,2.2,"Base survey of 2016"
"Corn","Gross value of production","Secondary product, silage","dollars per planted acre","No specific size","Northern Great Plains","United States",2020,3.1,"Base survey of 2016"
"Corn","Gross value of production","Secondary product, silage","dollars per planted acre","No specific size","Northern Great Plains","United States",2021,3.86,"Base survey of 2021"
"Corn","Gross value of production","Secondary product, silage","dollars per planted acre","No specific size","Northern Great Plains","United States",2022,4.08,"Base survey of 2021"
"Corn","Gross value of production","Secondary product, silage","dollars per planted acre","No specific size","Northern Great Plains","United States",2023,4.69,"Base survey of 2021"
"Corn","Gross value of production","Secondary product, silage","dollars per planted acre","No specific size","Northern Great Plains","United States",2024,4.22,"Base survey of 2021"
"Corn","Gross value of production","Secondary product, silage","dollars per planted acre","No specific size","Prairie Gateway","United States",1996,0.15,"Base survey of 1996"
"Corn","Gross value of production","Secondary product, silage","dollars per planted acre","No specific size","Prairie Gateway","United States",1997,0.2,"Base survey of 1996"
"Corn","Gross value of production","Secondary product, silage","dollars per planted acre","No specific size","Prairie Gateway","United States",1998,0.2,"Base survey of 1996"
"Corn","Gross value of production","Secondary product, silage","dollars per planted acre","No specific size","Prairie Gateway","United States",1999,0.15,"Base survey of 1996"
"Corn","Gross value of production","Secondary product, silage","dollars per planted acre","No specific size","Prairie Gateway","United States",2000,0.16,"Base survey of 1996"
"Corn","Gross value of production","Secondary product, silage","dollars per planted acre","No specific size","Prairie Gateway","United States",2001,0.97,"Base survey of 2001"
"Corn","Gross value of production","Secondary product, silage","dollars per planted acre","No specific size","Prairie Gateway","United States",2002,0.89,"Base survey of 2001"
"Corn","Gross value of production","Secondary product, silage","dollars per planted acre","No specific size","Prairie Gateway","United States",2003,0.9,"Base survey of 2001"
"Corn","Gross value of production","Secondary product, silage","dollars per planted acre","No specific size","Prairie Gateway","United States",2004,1.02,"Base survey of 2001"
"Corn","Gross value of production","Secondary product, silage","dollars per planted acre","No specific size","Prairie Gateway","United States",2005,1.92,"Base survey of 2005"
"Corn","Gross value of production","Secondary product, silage","dollars per planted acre","No specific size","Prairie Gateway","United States",2006,3.1,"Base survey of 2005"
"Corn","Gross value of production","Secondary product, silage","dollars per planted acre","No specific size","Prairie Gateway","United States",2007,3.27,"Base survey of 2005"
"Corn","Gross value of production","Secondary product, silage","dollars per planted acre","No specific size","Prairie Gateway","United States",2008,3.09,"Base survey of 2005"
"Corn","Gross value of production","Secondary product, silage","dollars per planted acre","No specific size","Prairie Gateway","United States",2009,2.47,"Base survey of 2005"
"Corn","Gross value of production","Secondary product, silage","dollars per planted acre","No specific size","Prairie Gateway","United States",2010,1,"Base survey of 2010"
"Corn","Gross value of production","Secondary product, silage","dollars per planted acre","No specific size","Prairie Gateway","United States",2011,1.45,"Base survey of 2010"
"Corn","Gross value of production","Secondary product, silage","dollars per planted acre","No specific size","Prairie Gateway","United States",2012,1.6,"Base survey of 2010"
"Corn","Gross value of production","Secondary product, silage","dollars per planted acre","No specific size","Prairie Gateway","United States",2013,1.42,"Base survey of 2010"
"Corn","Gross value of production","Secondary product, silage","dollars per planted acre","No specific size","Prairie Gateway","United States",2014,1.41,"Base survey of 2010"
"Corn","Gross value of production","Secondary product, silage","dollars per planted acre","No specific size","Prairie Gateway","United States",2015,1.59,"Base survey of 2010"
"Corn","Gross value of production","Secondary product, silage","dollars per planted acre","No specific size","Prairie Gateway","United States",2016,1.02,"Base survey of 2016"
"Corn","Gross value of production","Secondary product, silage","dollars per planted acre","No specific size","Prairie Gateway","United States",2017,1.23,"Base survey of 2016"
"Corn","Gross value of production","Secondary product, silage","dollars per planted acre","No specific size","Prairie Gateway","United States",2018,1.36,"Base survey of 2016"
"Corn","Gross value of production","Secondary product, silage","dollars per planted acre","No specific size","Prairie Gateway","United States",2019,1.64,"Base survey of 2016"
"Corn","Gross value of production","Secondary product, silage","dollars per planted acre","No specific size","Prairie Gateway","United States",2020,1.12,"Base survey of 2016"
"Corn","Gross value of production","Secondary product, silage","dollars per planted acre","No specific size","Prairie Gateway","United States",2021,1.34,"Base survey of 2021"
"Corn","Gross value of production","Secondary product, silage","dollars per planted acre","No specific size","Prairie Gateway","United States",2022,1.64,"Base survey of 2021"
"Corn","Gross value of production","Secondary product, silage","dollars per planted acre","No specific size","Prairie Gateway","United States",2023,1.45,"Base survey of 2021"
"Corn","Gross value of production","Secondary product, silage","dollars per planted acre","No specific size","Prairie Gateway","United States",2024,1.21,"Base survey of 2021"
"Corn","Gross value of production","Secondary product, silage","dollars per planted acre","No specific size","Eastern Uplands","United States",1996,0,"Base survey of 1996"
"Corn","Gross value of production","Secondary product, silage","dollars per planted acre","No specific size","Eastern Uplands","United States",1997,0,"Base survey of 1996"
"Corn","Gross value of production","Secondary product, silage","dollars per planted acre","No specific size","Eastern Uplands","United States",1998,0,"Base survey of 1996"
"Corn","Gross value of production","Secondary product, silage","dollars per planted acre","No specific size","Eastern Uplands","United States",1999,0,"Base survey of 1996"
"Corn","Gross value of production","Secondary product, silage","dollars per planted acre","No specific size","Eastern Uplands","United States",2000,0,"Base survey of 1996"
"Corn","Gross value of production","Secondary product, silage","dollars per planted acre","No specific size","Eastern Uplands","United States",2001,20.99,"Base survey of 2001"
"Corn","Gross value of production","Secondary product, silage","dollars per planted acre","No specific size","Eastern Uplands","United States",2002,15.78,"Base survey of 2001"
"Corn","Gross value of production","Secondary product, silage","dollars per planted acre","No specific size","Eastern Uplands","United States",2003,30.54,"Base survey of 2001"
"Corn","Gross value of production","Secondary product, silage","dollars per planted acre","No specific size","Eastern Uplands","United States",2004,23.15,"Base survey of 2001"
"Corn","Gross value of production","Secondary product, silage","dollars per planted acre","No specific size","Eastern Uplands","United States",2005,4.26,"Base survey of 2005"
"Corn","Gross value of production","Secondary product, silage","dollars per planted acre","No specific size","Eastern Uplands","United States",2006,6.68,"Base survey of 2005"
"Corn","Gross value of production","Secondary product, silage","dollars per planted acre","No specific size","Eastern Uplands","United States",2007,4.27,"Base survey of 2005"
"Corn","Gross value of production","Secondary product, silage","dollars per planted acre","No specific size","Eastern Uplands","United States",2008,7.56,"Base survey of 2005"
"Corn","Gross value of production","Secondary product, silage","dollars per planted acre","No specific size","Eastern Uplands","United States",2009,5.73,"Base survey of 2005"
"Corn","Gross value of production","Secondary product, silage","dollars per planted acre","No specific size","Eastern Uplands","United States",2010,4.75,"Base survey of 2010"
"Corn","Gross value of production","Secondary product, silage","dollars per planted acre","No specific size","Eastern Uplands","United States",2011,4.82,"Base survey of 2010"
"Corn","Gross value of production","Secondary product, silage","dollars per planted acre","No specific size","Eastern Uplands","United States",2012,4.02,"Base survey of 2010"
"Corn","Gross value of production","Secondary product, silage","dollars per planted acre","No specific size","Eastern Uplands","United States",2013,7.2,"Base survey of 2010"
"Corn","Gross value of production","Secondary product, silage","dollars per planted acre","No specific size","Eastern Uplands","United States",2014,8.15,"Base survey of 2010"
"Corn","Gross value of production","Secondary product, silage","dollars per planted acre","No specific size","Eastern Uplands","United States",2015,7.21,"Base survey of 2010"
"Corn","Gross value of production","Secondary product, silage","dollars per planted acre","No specific size","Eastern Uplands","United States",2016,7.24,"Base survey of 2016"
"Corn","Gross value of production","Secondary product, silage","dollars per planted acre","No specific size","Eastern Uplands","United States",2017,6.28,"Base survey of 2016"
"Corn","Gross value of production","Secondary product, silage","dollars per planted acre","No specific size","Eastern Uplands","United States",2018,10.26,"Base survey of 2016"
"Corn","Gross value of production","Secondary product, silage","dollars per planted acre","No specific size","Eastern Uplands","United States",2019,7.92,"Base survey of 2016"
"Corn","Gross value of production","Secondary product, silage","dollars per planted acre","No specific size","Eastern Uplands","United States",2020,9.11,"Base survey of 2016"
"Corn","Gross value of production","Secondary product, silage","dollars per planted acre","No specific size","Eastern Uplands","United States",2021,3.22,"Base survey of 2021"
"Corn","Gross value of production","Secondary product, silage","dollars per planted acre","No specific size","Eastern Uplands","United States",2022,3.94,"Base survey of 2021"
"Corn","Gross value of production","Secondary product, silage","dollars per planted acre","No specific size","Eastern Uplands","United States",2023,3.47,"Base survey of 2021"
"Corn","Gross value of production","Secondary product, silage","dollars per planted acre","No specific size","Eastern Uplands","United States",2024,4.49,"Base survey of 2021"
"Corn","Gross value of production","Secondary product, silage","dollars per planted acre","No specific size","Southern Seaboard","United States",1996,3.76,"Base survey of 1996"
"Corn","Gross value of production","Secondary product, silage","dollars per planted acre","No specific size","Southern Seaboard","United States",1997,4.35,"Base survey of 1996"
"Corn","Gross value of production","Secondary product, silage","dollars per planted acre","No specific size","Southern Seaboard","United States",1998,2.12,"Base survey of 1996"
"Corn","Gross value of production","Secondary product, silage","dollars per planted acre","No specific size","Southern Seaboard","United States",1999,3.46,"Base survey of 1996"
"Corn","Gross value of production","Secondary product, silage","dollars per planted acre","No specific size","Southern Seaboard","United States",2000,2.35,"Base survey of 1996"
"Corn","Gross value of production","Secondary product, silage","dollars per planted acre","No specific size","Southern Seaboard","United States",2001,2.3,"Base survey of 2001"
"Corn","Gross value of production","Secondary product, silage","dollars per planted acre","No specific size","Southern Seaboard","United States",2002,2,"Base survey of 2001"
"Corn","Gross value of production","Secondary product, silage","dollars per planted acre","No specific size","Southern Seaboard","United States",2003,2.23,"Base survey of 2001"
"Corn","Gross value of production","Secondary product, silage","dollars per planted acre","No specific size","Southern Seaboard","United States",2004,2.02,"Base survey of 2001"
"Corn","Gross value of production","Secondary product, silage","dollars per planted acre","No specific size","Southern Seaboard","United States",2005,0,"Base survey of 2005"
"Corn","Gross value of production","Secondary product, silage","dollars per planted acre","No specific size","Southern Seaboard","United States",2006,0,"Base survey of 2005"
"Corn","Gross value of production","Secondary product, silage","dollars per planted acre","No specific size","Southern Seaboard","United States",2007,0,"Base survey of 2005"
"Corn","Gross value of production","Secondary product, silage","dollars per planted acre","No specific size","Southern Seaboard","United States",2008,0,"Base survey of 2005"
"Corn","Gross value of production","Secondary product, silage","dollars per planted acre","No specific size","Southern Seaboard","United States",2009,0,"Base survey of 2005"
"Corn","Gross value of production","Secondary product, silage","dollars per planted acre","No specific size","Southern Seaboard","United States",2010,0,"Base survey of 2010"
"Corn","Gross value of production","Secondary product, silage","dollars per planted acre","No specific size","Southern Seaboard","United States",2011,0,"Base survey of 2010"
"Corn","Gross value of production","Secondary product, silage","dollars per planted acre","No specific size","Southern Seaboard","United States",2012,0,"Base survey of 2010"
"Corn","Gross value of production","Secondary product, silage","dollars per planted acre","No specific size","Southern Seaboard","United States",2013,0,"Base survey of 2010"
"Corn","Gross value of production","Secondary product, silage","dollars per planted acre","No specific size","Southern Seaboard","United States",2014,0,"Base survey of 2010"
"Corn","Gross value of production","Secondary product, silage","dollars per planted acre","No specific size","Southern Seaboard","United States",2015,0,"Base survey of 2010"
"Corn","Gross value of production","Secondary product, silage","dollars per planted acre","No specific size","Southern Seaboard","United States",2016,1.64,"Base survey of 2016"
"Corn","Gross value of production","Secondary product, silage","dollars per planted acre","No specific size","Southern Seaboard","United States",2017,2,"Base survey of 2016"
"Corn","Gross value of production","Secondary product, silage","dollars per planted acre","No specific size","Southern Seaboard","United States",2018,3,"Base survey of 2016"
"Corn","Gross value of production","Secondary product, silage","dollars per planted acre","No specific size","Southern Seaboard","United States",2019,2.07,"Base survey of 2016"
"Corn","Gross value of production","Secondary product, silage","dollars per planted acre","No specific size","Southern Seaboard","United States",2020,2.38,"Base survey of 2016"
"Corn","Gross value of production","Secondary product, silage","dollars per planted acre","No specific size","Southern Seaboard","United States",2021,0.63,"Base survey of 2021"
"Corn","Gross value of production","Secondary product, silage","dollars per planted acre","No specific size","Southern Seaboard","United States",2022,0.65,"Base survey of 2021"
"Corn","Gross value of production","Secondary product, silage","dollars per planted acre","No specific size","Southern Seaboard","United States",2023,0.65,"Base survey of 2021"
"Corn","Gross value of production","Secondary product, silage","dollars per planted acre","No specific size","Southern Seaboard","United States",2024,0.5,"Base survey of 2021"
"Corn","Gross value of production","Total, gross value of production","dollars per planted acre","No specific size","U.S. total","United States",1996,369.93,"Base survey of 1996"
"Corn","Gross value of production","Total, gross value of production","dollars per planted acre","No specific size","U.S. total","United States",1997,331.37,"Base survey of 1996"
"Corn","Gross value of production","Total, gross value of production","dollars per planted acre","No specific size","U.S. total","United States",1998,262.88,"Base survey of 1996"
"Corn","Gross value of production","Total, gross value of production","dollars per planted acre","No specific size","U.S. total","United States",1999,230.7,"Base survey of 1996"
"Corn","Gross value of production","Total, gross value of production","dollars per planted acre","No specific size","U.S. total","United States",2000,246.67,"Base survey of 1996"
"Corn","Gross value of production","Total, gross value of production","dollars per planted acre","No specific size","U.S. total","United States",2001,266.92,"Base survey of 2001"
"Corn","Gross value of production","Total, gross value of production","dollars per planted acre","No specific size","U.S. total","United States",2002,312.82,"Base survey of 2001"
"Corn","Gross value of production","Total, gross value of production","dollars per planted acre","No specific size","U.S. total","United States",2003,319.62,"Base survey of 2001"
"Corn","Gross value of production","Total, gross value of production","dollars per planted acre","No specific size","U.S. total","United States",2004,362.35,"Base survey of 2001"
"Corn","Gross value of production","Total, gross value of production","dollars per planted acre","No specific size","U.S. total","United States",2005,260.43,"Base survey of 2005"
"Corn","Gross value of production","Total, gross value of production","dollars per planted acre","No specific size","U.S. total","United States",2006,351.87,"Base survey of 2005"
"Corn","Gross value of production","Total, gross value of production","dollars per planted acre","No specific size","U.S. total","United States",2007,468.94,"Base survey of 2005"
"Corn","Gross value of production","Total, gross value of production","dollars per planted acre","No specific size","U.S. total","United States",2008,629.36,"Base survey of 2005"
"Corn","Gross value of production","Total, gross value of production","dollars per planted acre","No specific size","U.S. total","United States",2009,561.22,"Base survey of 2005"
"Corn","Gross value of production","Total, gross value of production","dollars per planted acre","No specific size","U.S. total","United States",2010,689.39,"Base survey of 2010"
"Corn","Gross value of production","Total, gross value of production","dollars per planted acre","No specific size","U.S. total","United States",2011,837.77,"Base survey of 2010"
"Corn","Gross value of production","Total, gross value of production","dollars per planted acre","No specific size","U.S. total","United States",2012,802.55,"Base survey of 2010"
"Corn","Gross value of production","Total, gross value of production","dollars per planted acre","No specific size","U.S. total","United States",2013,720.51,"Base survey of 2010"
"Corn","Gross value of production","Total, gross value of production","dollars per planted acre","No specific size","U.S. total","United States",2014,603.18,"Base survey of 2010"
"Corn","Gross value of production","Total, gross value of production","dollars per planted acre","No specific size","U.S. total","United States",2015,612.6,"Base survey of 2010"
"Corn","Gross value of production","Total, gross value of production","dollars per planted acre","No specific size","U.S. total","United States",2016,603.92,"Base survey of 2016"
"Corn","Gross value of production","Total, gross value of production","dollars per planted acre","No specific size","U.S. total","United States",2017,600.03,"Base survey of 2016"
"Corn","Gross value of production","Total, gross value of production","dollars per planted acre","No specific size","U.S. total","United States",2018,628.11,"Base survey of 2016"
"Corn","Gross value of production","Total, gross value of production","dollars per planted acre","No specific size","U.S. total","United States",2019,664.94,"Base survey of 2016"
"Corn","Gross value of production","Total, gross value of production","dollars per planted acre","No specific size","U.S. total","United States",2020,644.71,"Base survey of 2016"
"Corn","Gross value of production","Total, gross value of production","dollars per planted acre","No specific size","U.S. total","United States",2021,944.56,"Base survey of 2021"
"Corn","Gross value of production","Total, gross value of production","dollars per planted acre","No specific size","U.S. total","United States",2022,1170.19,"Base survey of 2021"
"Corn","Gross value of production","Total, gross value of production","dollars per planted acre","No specific size","U.S. total","United States",2023,920.41,"Base survey of 2021"
"Corn","Gross value of production","Total, gross value of production","dollars per planted acre","No specific size","U.S. total","United States",2024,757.97,"Base survey of 2021"
"Corn","Gross value of production","Total, gross value of production","dollars per planted acre","No specific size","Heartland","United States",1996,386.03,"Base survey of 1996"
"Corn","Gross value of production","Total, gross value of production","dollars per planted acre","No specific size","Heartland","United States",1997,341.73,"Base survey of 1996"
"Corn","Gross value of production","Total, gross value of production","dollars per planted acre","No specific size","Heartland","United States",1998,276.37,"Base survey of 1996"
"Corn","Gross value of production","Total, gross value of production","dollars per planted acre","No specific size","Heartland","United States",1999,236.64,"Base survey of 1996"
"Corn","Gross value of production","Total, gross value of production","dollars per planted acre","No specific size","Heartland","United States",2000,259.36,"Base survey of 1996"
"Corn","Gross value of production","Total, gross value of production","dollars per planted acre","No specific size","Heartland","United States",2001,273.17,"Base survey of 2001"
"Corn","Gross value of production","Total, gross value of production","dollars per planted acre","No specific size","Heartland","United States",2002,327.93,"Base survey of 2001"
"Corn","Gross value of production","Total, gross value of production","dollars per planted acre","No specific size","Heartland","United States",2003,331.06,"Base survey of 2001"
"Corn","Gross value of production","Total, gross value of production","dollars per planted acre","No specific size","Heartland","United States",2004,375.31,"Base survey of 2001"
"Corn","Gross value of production","Total, gross value of production","dollars per planted acre","No specific size","Heartland","United States",2005,267.32,"Base survey of 2005"
"Corn","Gross value of production","Total, gross value of production","dollars per planted acre","No specific size","Heartland","United States",2006,378.17,"Base survey of 2005"
"Corn","Gross value of production","Total, gross value of production","dollars per planted acre","No specific size","Heartland","United States",2007,501.27,"Base survey of 2005"
"Corn","Gross value of production","Total, gross value of production","dollars per planted acre","No specific size","Heartland","United States",2008,686.5,"Base survey of 2005"
"Corn","Gross value of production","Total, gross value of production","dollars per planted acre","No specific size","Heartland","United States",2009,607.18,"Base survey of 2005"
"Corn","Gross value of production","Total, gross value of production","dollars per planted acre","No specific size","Heartland","United States",2010,723.35,"Base survey of 2010"
"Corn","Gross value of production","Total, gross value of production","dollars per planted acre","No specific size","Heartland","United States",2011,883.92,"Base survey of 2010"
"Corn","Gross value of production","Total, gross value of production","dollars per planted acre","No specific size","Heartland","United States",2012,811.91,"Base survey of 2010"
"Corn","Gross value of production","Total, gross value of production","dollars per planted acre","No specific size","Heartland","United States",2013,757.7,"Base survey of 2010"
"Corn","Gross value of production","Total, gross value of production","dollars per planted acre","No specific size","Heartland","United States",2014,628.58,"Base survey of 2010"
"Corn","Gross value of production","Total, gross value of production","dollars per planted acre","No specific size","Heartland","United States",2015,633.66,"Base survey of 2010"
"Corn","Gross value of production","Total, gross value of production","dollars per planted acre","No specific size","Heartland","United States",2016,647.05,"Base survey of 2016"
"Corn","Gross value of production","Total, gross value of production","dollars per planted acre","No specific size","Heartland","United States",2017,646.92,"Base survey of 2016"
"Corn","Gross value of production","Total, gross value of production","dollars per planted acre","No specific size","Heartland","United States",2018,675.61,"Base survey of 2016"
"Corn","Gross value of production","Total, gross value of production","dollars per planted acre","No specific size","Heartland","United States",2019,715.41,"Base survey of 2016"
"Corn","Gross value of production","Total, gross value of production","dollars per planted acre","No specific size","Heartland","United States",2020,683.13,"Base survey of 2016"
"Corn","Gross value of production","Total, gross value of production","dollars per planted acre","No specific size","Heartland","United States",2021,1010.18,"Base survey of 2021"
"Corn","Gross value of production","Total, gross value of production","dollars per planted acre","No specific size","Heartland","United States",2022,1302.5,"Base survey of 2021"
"Corn","Gross value of production","Total, gross value of production","dollars per planted acre","No specific size","Heartland","United States",2023,994.26,"Base survey of 2021"
"Corn","Gross value of production","Total, gross value of production","dollars per planted acre","No specific size","Heartland","United States",2024,824.25,"Base survey of 2021"
"Corn","Gross value of production","Total, gross value of production","dollars per planted acre","No specific size","Northern Crescent","United States",1996,296.74,"Base survey of 1996"
"Corn","Gross value of production","Total, gross value of production","dollars per planted acre","No specific size","Northern Crescent","United States",1997,315.36,"Base survey of 1996"
"Corn","Gross value of production","Total, gross value of production","dollars per planted acre","No specific size","Northern Crescent","United States",1998,251.46,"Base survey of 1996"
"Corn","Gross value of production","Total, gross value of production","dollars per planted acre","No specific size","Northern Crescent","United States",1999,221.55,"Base survey of 1996"
"Corn","Gross value of production","Total, gross value of production","dollars per planted acre","No specific size","Northern Crescent","United States",2000,241.01,"Base survey of 1996"
"Corn","Gross value of production","Total, gross value of production","dollars per planted acre","No specific size","Northern Crescent","United States",2001,220.85,"Base survey of 2001"
"Corn","Gross value of production","Total, gross value of production","dollars per planted acre","No specific size","Northern Crescent","United States",2002,299.37,"Base survey of 2001"
"Corn","Gross value of production","Total, gross value of production","dollars per planted acre","No specific size","Northern Crescent","United States",2003,302.32,"Base survey of 2001"
"Corn","Gross value of production","Total, gross value of production","dollars per planted acre","No specific size","Northern Crescent","United States",2004,320.69,"Base survey of 2001"
"Corn","Gross value of production","Total, gross value of production","dollars per planted acre","No specific size","Northern Crescent","United States",2005,261.88,"Base survey of 2005"
"Corn","Gross value of production","Total, gross value of production","dollars per planted acre","No specific size","Northern Crescent","United States",2006,268.23,"Base survey of 2005"
"Corn","Gross value of production","Total, gross value of production","dollars per planted acre","No specific size","Northern Crescent","United States",2007,351.9,"Base survey of 2005"
"Corn","Gross value of production","Total, gross value of production","dollars per planted acre","No specific size","Northern Crescent","United States",2008,476.92,"Base survey of 2005"
"Corn","Gross value of production","Total, gross value of production","dollars per planted acre","No specific size","Northern Crescent","United States",2009,444.27,"Base survey of 2005"
"Corn","Gross value of production","Total, gross value of production","dollars per planted acre","No specific size","Northern Crescent","United States",2010,697.67,"Base survey of 2010"
"Corn","Gross value of production","Total, gross value of production","dollars per planted acre","No specific size","Northern Crescent","United States",2011,870.67,"Base survey of 2010"
"Corn","Gross value of production","Total, gross value of production","dollars per planted acre","No specific size","Northern Crescent","United States",2012,882.22,"Base survey of 2010"
"Corn","Gross value of production","Total, gross value of production","dollars per planted acre","No specific size","Northern Crescent","United States",2013,677.72,"Base survey of 2010"
"Corn","Gross value of production","Total, gross value of production","dollars per planted acre","No specific size","Northern Crescent","United States",2014,565.43,"Base survey of 2010"
"Corn","Gross value of production","Total, gross value of production","dollars per planted acre","No specific size","Northern Crescent","United States",2015,582.49,"Base survey of 2010"
"Corn","Gross value of production","Total, gross value of production","dollars per planted acre","No specific size","Northern Crescent","United States",2016,581.73,"Base survey of 2016"
"Corn","Gross value of production","Total, gross value of production","dollars per planted acre","No specific size","Northern Crescent","United States",2017,604.63,"Base survey of 2016"
"Corn","Gross value of production","Total, gross value of production","dollars per planted acre","No specific size","Northern Crescent","United States",2018,617.85,"Base survey of 2016"
"Corn","Gross value of production","Total, gross value of production","dollars per planted acre","No specific size","Northern Crescent","United States",2019,667.17,"Base survey of 2016"
"Corn","Gross value of production","Total, gross value of production","dollars per planted acre","No specific size","Northern Crescent","United States",2020,635.53,"Base survey of 2016"
"Corn","Gross value of production","Total, gross value of production","dollars per planted acre","No specific size","Northern Crescent","United States",2021,933.84,"Base survey of 2021"
"Corn","Gross value of production","Total, gross value of production","dollars per planted acre","No specific size","Northern Crescent","United States",2022,1074.91,"Base survey of 2021"
"Corn","Gross value of production","Total, gross value of production","dollars per planted acre","No specific size","Northern Crescent","United States",2023,848.86,"Base survey of 2021"
"Corn","Gross value of production","Total, gross value of production","dollars per planted acre","No specific size","Northern Crescent","United States",2024,683.68,"Base survey of 2021"
"Corn","Gross value of production","Total, gross value of production","dollars per planted acre","No specific size","Northern Great Plains","United States",1996,268.05,"Base survey of 1996"
"Corn","Gross value of production","Total, gross value of production","dollars per planted acre","No specific size","Northern Great Plains","United States",1997,232.08,"Base survey of 1996"
"Corn","Gross value of production","Total, gross value of production","dollars per planted acre","No specific size","Northern Great Plains","United States",1998,197.46,"Base survey of 1996"
"Corn","Gross value of production","Total, gross value of production","dollars per planted acre","No specific size","Northern Great Plains","United States",1999,164.27,"Base survey of 1996"
"Corn","Gross value of production","Total, gross value of production","dollars per planted acre","No specific size","Northern Great Plains","United States",2000,163.49,"Base survey of 1996"
"Corn","Gross value of production","Total, gross value of production","dollars per planted acre","No specific size","Northern Great Plains","United States",2001,197.35,"Base survey of 2001"
"Corn","Gross value of production","Total, gross value of production","dollars per planted acre","No specific size","Northern Great Plains","United States",2002,216.4,"Base survey of 2001"
"Corn","Gross value of production","Total, gross value of production","dollars per planted acre","No specific size","Northern Great Plains","United States",2003,225.72,"Base survey of 2001"
"Corn","Gross value of production","Total, gross value of production","dollars per planted acre","No specific size","Northern Great Plains","United States",2004,236.47,"Base survey of 2001"
"Corn","Gross value of production","Total, gross value of production","dollars per planted acre","No specific size","Northern Great Plains","United States",2005,226.59,"Base survey of 2005"
"Corn","Gross value of production","Total, gross value of production","dollars per planted acre","No specific size","Northern Great Plains","United States",2006,304.9,"Base survey of 2005"
"Corn","Gross value of production","Total, gross value of production","dollars per planted acre","No specific size","Northern Great Plains","United States",2007,404.99,"Base survey of 2005"
"Corn","Gross value of production","Total, gross value of production","dollars per planted acre","No specific size","Northern Great Plains","United States",2008,565.53,"Base survey of 2005"
"Corn","Gross value of production","Total, gross value of production","dollars per planted acre","No specific size","Northern Great Plains","United States",2009,478.6,"Base survey of 2005"
"Corn","Gross value of production","Total, gross value of production","dollars per planted acre","No specific size","Northern Great Plains","United States",2010,575.74,"Base survey of 2010"
"Corn","Gross value of production","Total, gross value of production","dollars per planted acre","No specific size","Northern Great Plains","United States",2011,657.56,"Base survey of 2010"
"Corn","Gross value of production","Total, gross value of production","dollars per planted acre","No specific size","Northern Great Plains","United States",2012,708.19,"Base survey of 2010"
"Corn","Gross value of production","Total, gross value of production","dollars per planted acre","No specific size","Northern Great Plains","United States",2013,519.9,"Base survey of 2010"
"Corn","Gross value of production","Total, gross value of production","dollars per planted acre","No specific size","Northern Great Plains","United States",2014,421.22,"Base survey of 2010"
"Corn","Gross value of production","Total, gross value of production","dollars per planted acre","No specific size","Northern Great Plains","United States",2015,481.26,"Base survey of 2010"
"Corn","Gross value of production","Total, gross value of production","dollars per planted acre","No specific size","Northern Great Plains","United States",2016,502.26,"Base survey of 2016"
"Corn","Gross value of production","Total, gross value of production","dollars per planted acre","No specific size","Northern Great Plains","United States",2017,441.81,"Base survey of 2016"
"Corn","Gross value of production","Total, gross value of production","dollars per planted acre","No specific size","Northern Great Plains","United States",2018,522.15,"Base survey of 2016"
"Corn","Gross value of production","Total, gross value of production","dollars per planted acre","No specific size","Northern Great Plains","United States",2019,520.67,"Base survey of 2016"
"Corn","Gross value of production","Total, gross value of production","dollars per planted acre","No specific size","Northern Great Plains","United States",2020,529.78,"Base survey of 2016"
"Corn","Gross value of production","Total, gross value of production","dollars per planted acre","No specific size","Northern Great Plains","United States",2021,780.26,"Base survey of 2021"
"Corn","Gross value of production","Total, gross value of production","dollars per planted acre","No specific size","Northern Great Plains","United States",2022,1057.75,"Base survey of 2021"
"Corn","Gross value of production","Total, gross value of production","dollars per planted acre","No specific size","Northern Great Plains","United States",2023,906.26,"Base survey of 2021"
"Corn","Gross value of production","Total, gross value of production","dollars per planted acre","No specific size","Northern Great Plains","United States",2024,756.38,"Base survey of 2021"
"Corn","Gross value of production","Total, gross value of production","dollars per planted acre","No specific size","Prairie Gateway","United States",1996,429.68,"Base survey of 1996"
"Corn","Gross value of production","Total, gross value of production","dollars per planted acre","No specific size","Prairie Gateway","United States",1997,354.86,"Base survey of 1996"
"Corn","Gross value of production","Total, gross value of production","dollars per planted acre","No specific size","Prairie Gateway","United States",1998,271.25,"Base survey of 1996"
"Corn","Gross value of production","Total, gross value of production","dollars per planted acre","No specific size","Prairie Gateway","United States",1999,246.55,"Base survey of 1996"
"Corn","Gross value of production","Total, gross value of production","dollars per planted acre","No specific size","Prairie Gateway","United States",2000,239.31,"Base survey of 1996"
"Corn","Gross value of production","Total, gross value of production","dollars per planted acre","No specific size","Prairie Gateway","United States",2001,297.97,"Base survey of 2001"
"Corn","Gross value of production","Total, gross value of production","dollars per planted acre","No specific size","Prairie Gateway","United States",2002,309.59,"Base survey of 2001"
"Corn","Gross value of production","Total, gross value of production","dollars per planted acre","No specific size","Prairie Gateway","United States",2003,331.65,"Base survey of 2001"
"Corn","Gross value of production","Total, gross value of production","dollars per planted acre","No specific size","Prairie Gateway","United States",2004,395.46,"Base survey of 2001"
"Corn","Gross value of production","Total, gross value of production","dollars per planted acre","No specific size","Prairie Gateway","United States",2005,244.92,"Base survey of 2005"
"Corn","Gross value of production","Total, gross value of production","dollars per planted acre","No specific size","Prairie Gateway","United States",2006,327.97,"Base survey of 2005"
"Corn","Gross value of production","Total, gross value of production","dollars per planted acre","No specific size","Prairie Gateway","United States",2007,477.87,"Base survey of 2005"
"Corn","Gross value of production","Total, gross value of production","dollars per planted acre","No specific size","Prairie Gateway","United States",2008,627.53,"Base survey of 2005"
"Corn","Gross value of production","Total, gross value of production","dollars per planted acre","No specific size","Prairie Gateway","United States",2009,534.61,"Base survey of 2005"
"Corn","Gross value of production","Total, gross value of production","dollars per planted acre","No specific size","Prairie Gateway","United States",2010,617.28,"Base survey of 2010"
"Corn","Gross value of production","Total, gross value of production","dollars per planted acre","No specific size","Prairie Gateway","United States",2011,709.05,"Base survey of 2010"
"Corn","Gross value of production","Total, gross value of production","dollars per planted acre","No specific size","Prairie Gateway","United States",2012,763.2,"Base survey of 2010"
"Corn","Gross value of production","Total, gross value of production","dollars per planted acre","No specific size","Prairie Gateway","United States",2013,687.28,"Base survey of 2010"
"Corn","Gross value of production","Total, gross value of production","dollars per planted acre","No specific size","Prairie Gateway","United States",2014,607.2,"Base survey of 2010"
"Corn","Gross value of production","Total, gross value of production","dollars per planted acre","No specific size","Prairie Gateway","United States",2015,612.15,"Base survey of 2010"
"Corn","Gross value of production","Total, gross value of production","dollars per planted acre","No specific size","Prairie Gateway","United States",2016,517.55,"Base survey of 2016"
"Corn","Gross value of production","Total, gross value of production","dollars per planted acre","No specific size","Prairie Gateway","United States",2017,520.9,"Base survey of 2016"
"Corn","Gross value of production","Total, gross value of production","dollars per planted acre","No specific size","Prairie Gateway","United States",2018,536.86,"Base survey of 2016"
"Corn","Gross value of production","Total, gross value of production","dollars per planted acre","No specific size","Prairie Gateway","United States",2019,584.57,"Base survey of 2016"
"Corn","Gross value of production","Total, gross value of production","dollars per planted acre","No specific size","Prairie Gateway","United States",2020,560.48,"Base survey of 2016"
"Corn","Gross value of production","Total, gross value of production","dollars per planted acre","No specific size","Prairie Gateway","United States",2021,844.69,"Base survey of 2021"
"Corn","Gross value of production","Total, gross value of production","dollars per planted acre","No specific size","Prairie Gateway","United States",2022,899.94,"Base survey of 2021"
"Corn","Gross value of production","Total, gross value of production","dollars per planted acre","No specific size","Prairie Gateway","United States",2023,755.3,"Base survey of 2021"
"Corn","Gross value of production","Total, gross value of production","dollars per planted acre","No specific size","Prairie Gateway","United States",2024,642.93,"Base survey of 2021"
"Corn","Gross value of production","Total, gross value of production","dollars per planted acre","No specific size","Eastern Uplands","United States",1996,363.92,"Base survey of 1996"
"Corn","Gross value of production","Total, gross value of production","dollars per planted acre","No specific size","Eastern Uplands","United States",1997,277.44,"Base survey of 1996"
"Corn","Gross value of production","Total, gross value of production","dollars per planted acre","No specific size","Eastern Uplands","United States",1998,241.68,"Base survey of 1996"
"Corn","Gross value of production","Total, gross value of production","dollars per planted acre","No specific size","Eastern Uplands","United States",1999,194,"Base survey of 1996"
"Corn","Gross value of production","Total, gross value of production","dollars per planted acre","No specific size","Eastern Uplands","United States",2000,239.51,"Base survey of 1996"
"Corn","Gross value of production","Total, gross value of production","dollars per planted acre","No specific size","Eastern Uplands","United States",2001,203.39,"Base survey of 2001"
"Corn","Gross value of production","Total, gross value of production","dollars per planted acre","No specific size","Eastern Uplands","United States",2002,187.97,"Base survey of 2001"
"Corn","Gross value of production","Total, gross value of production","dollars per planted acre","No specific size","Eastern Uplands","United States",2003,255.94,"Base survey of 2001"
"Corn","Gross value of production","Total, gross value of production","dollars per planted acre","No specific size","Eastern Uplands","United States",2004,265.13,"Base survey of 2001"
"Corn","Gross value of production","Total, gross value of production","dollars per planted acre","No specific size","Eastern Uplands","United States",2005,210.34,"Base survey of 2005"
"Corn","Gross value of production","Total, gross value of production","dollars per planted acre","No specific size","Eastern Uplands","United States",2006,364.36,"Base survey of 2005"
"Corn","Gross value of production","Total, gross value of production","dollars per planted acre","No specific size","Eastern Uplands","United States",2007,410.83,"Base survey of 2005"
"Corn","Gross value of production","Total, gross value of production","dollars per planted acre","No specific size","Eastern Uplands","United States",2008,577.08,"Base survey of 2005"
"Corn","Gross value of production","Total, gross value of production","dollars per planted acre","No specific size","Eastern Uplands","United States",2009,565.77,"Base survey of 2005"
"Corn","Gross value of production","Total, gross value of production","dollars per planted acre","No specific size","Eastern Uplands","United States",2010,639.25,"Base survey of 2010"
"Corn","Gross value of production","Total, gross value of production","dollars per planted acre","No specific size","Eastern Uplands","United States",2011,812.36,"Base survey of 2010"
"Corn","Gross value of production","Total, gross value of production","dollars per planted acre","No specific size","Eastern Uplands","United States",2012,643.02,"Base survey of 2010"
"Corn","Gross value of production","Total, gross value of production","dollars per planted acre","No specific size","Eastern Uplands","United States",2013,696.28,"Base survey of 2010"
"Corn","Gross value of production","Total, gross value of production","dollars per planted acre","No specific size","Eastern Uplands","United States",2014,562.36,"Base survey of 2010"
"Corn","Gross value of production","Total, gross value of production","dollars per planted acre","No specific size","Eastern Uplands","United States",2015,623.35,"Base survey of 2010"
"Corn","Gross value of production","Total, gross value of production","dollars per planted acre","No specific size","Eastern Uplands","United States",2016,568.51,"Base survey of 2016"
"Corn","Gross value of production","Total, gross value of production","dollars per planted acre","No specific size","Eastern Uplands","United States",2017,623.68,"Base survey of 2016"
"Corn","Gross value of production","Total, gross value of production","dollars per planted acre","No specific size","Eastern Uplands","United States",2018,620.35,"Base survey of 2016"
"Corn","Gross value of production","Total, gross value of production","dollars per planted acre","No specific size","Eastern Uplands","United States",2019,701.52,"Base survey of 2016"
"Corn","Gross value of production","Total, gross value of production","dollars per planted acre","No specific size","Eastern Uplands","United States",2020,683.73,"Base survey of 2016"
"Corn","Gross value of production","Total, gross value of production","dollars per planted acre","No specific size","Eastern Uplands","United States",2021,1000.1,"Base survey of 2021"
"Corn","Gross value of production","Total, gross value of production","dollars per planted acre","No specific size","Eastern Uplands","United States",2022,1090.61,"Base survey of 2021"
"Corn","Gross value of production","Total, gross value of production","dollars per planted acre","No specific size","Eastern Uplands","United States",2023,939.21,"Base survey of 2021"
"Corn","Gross value of production","Total, gross value of production","dollars per planted acre","No specific size","Eastern Uplands","United States",2024,702.65,"Base survey of 2021"
"Corn","Gross value of production","Total, gross value of production","dollars per planted acre","No specific size","Southern Seaboard","United States",1996,335.84,"Base survey of 1996"
"Corn","Gross value of production","Total, gross value of production","dollars per planted acre","No specific size","Southern Seaboard","United States",1997,275.95,"Base survey of 1996"
"Corn","Gross value of production","Total, gross value of production","dollars per planted acre","No specific size","Southern Seaboard","United States",1998,147.4,"Base survey of 1996"
"Corn","Gross value of production","Total, gross value of production","dollars per planted acre","No specific size","Southern Seaboard","United States",1999,184.4,"Base survey of 1996"
"Corn","Gross value of production","Total, gross value of production","dollars per planted acre","No specific size","Southern Seaboard","United States",2000,209.05,"Base survey of 1996"
"Corn","Gross value of production","Total, gross value of production","dollars per planted acre","No specific size","Southern Seaboard","United States",2001,297.95,"Base survey of 2001"
"Corn","Gross value of production","Total, gross value of production","dollars per planted acre","No specific size","Southern Seaboard","United States",2002,229.95,"Base survey of 2001"
"Corn","Gross value of production","Total, gross value of production","dollars per planted acre","No specific size","Southern Seaboard","United States",2003,301.03,"Base survey of 2001"
"Corn","Gross value of production","Total, gross value of production","dollars per planted acre","No specific size","Southern Seaboard","United States",2004,312.72,"Base survey of 2001"
"Corn","Gross value of production","Total, gross value of production","dollars per planted acre","No specific size","Southern Seaboard","United States",2005,224.14,"Base survey of 2005"
"Corn","Gross value of production","Total, gross value of production","dollars per planted acre","No specific size","Southern Seaboard","United States",2006,319.7,"Base survey of 2005"
"Corn","Gross value of production","Total, gross value of production","dollars per planted acre","No specific size","Southern Seaboard","United States",2007,358,"Base survey of 2005"
"Corn","Gross value of production","Total, gross value of production","dollars per planted acre","No specific size","Southern Seaboard","United States",2008,430.1,"Base survey of 2005"
"Corn","Gross value of production","Total, gross value of production","dollars per planted acre","No specific size","Southern Seaboard","United States",2009,433.92,"Base survey of 2005"
"Corn","Gross value of production","Total, gross value of production","dollars per planted acre","No specific size","Southern Seaboard","United States",2010,557.76,"Base survey of 2010"
"Corn","Gross value of production","Total, gross value of production","dollars per planted acre","No specific size","Southern Seaboard","United States",2011,681.75,"Base survey of 2010"
"Corn","Gross value of production","Total, gross value of production","dollars per planted acre","No specific size","Southern Seaboard","United States",2012,1003.66,"Base survey of 2010"
"Corn","Gross value of production","Total, gross value of production","dollars per planted acre","No specific size","Southern Seaboard","United States",2013,726.88,"Base survey of 2010"
"Corn","Gross value of production","Total, gross value of production","dollars per planted acre","No specific size","Southern Seaboard","United States",2014,563.42,"Base survey of 2010"
"Corn","Gross value of production","Total, gross value of production","dollars per planted acre","No specific size","Southern Seaboard","United States",2015,555.99,"Base survey of 2010"
"Corn","Gross value of production","Total, gross value of production","dollars per planted acre","No specific size","Southern Seaboard","United States",2016,534.32,"Base survey of 2016"
"Corn","Gross value of production","Total, gross value of production","dollars per planted acre","No specific size","Southern Seaboard","United States",2017,631.28,"Base survey of 2016"
"Corn","Gross value of production","Total, gross value of production","dollars per planted acre","No specific size","Southern Seaboard","United States",2018,545.72,"Base survey of 2016"
"Corn","Gross value of production","Total, gross value of production","dollars per planted acre","No specific size","Southern Seaboard","United States",2019,544.57,"Base survey of 2016"
"Corn","Gross value of production","Total, gross value of production","dollars per planted acre","No specific size","Southern Seaboard","United States",2020,549.1,"Base survey of 2016"
"Corn","Gross value of production","Total, gross value of production","dollars per planted acre","No specific size","Southern Seaboard","United States",2021,998.61,"Base survey of 2021"
"Corn","Gross value of production","Total, gross value of production","dollars per planted acre","No specific size","Southern Seaboard","United States",2022,1129.9,"Base survey of 2021"
"Corn","Gross value of production","Total, gross value of production","dollars per planted acre","No specific size","Southern Seaboard","United States",2023,956.88,"Base survey of 2021"
"Corn","Gross value of production","Total, gross value of production","dollars per planted acre","No specific size","Southern Seaboard","United States",2024,535.04,"Base survey of 2021"
"Corn","Operating costs","Seed","dollars per planted acre","No specific size","U.S. total","United States",1996,26.65,"Base survey of 1996"
"Corn","Operating costs","Seed","dollars per planted acre","No specific size","U.S. total","United States",1997,28.71,"Base survey of 1996"
"Corn","Operating costs","Seed","dollars per planted acre","No specific size","U.S. total","United States",1998,30.02,"Base survey of 1996"
"Corn","Operating costs","Seed","dollars per planted acre","No specific size","U.S. total","United States",1999,30.29,"Base survey of 1996"
"Corn","Operating costs","Seed","dollars per planted acre","No specific size","U.S. total","United States",2000,30.02,"Base survey of 1996"
"Corn","Operating costs","Seed","dollars per planted acre","No specific size","U.S. total","United States",2001,32.34,"Base survey of 2001"
"Corn","Operating costs","Seed","dollars per planted acre","No specific size","U.S. total","United States",2002,31.84,"Base survey of 2001"
"Corn","Operating costs","Seed","dollars per planted acre","No specific size","U.S. total","United States",2003,34.83,"Base survey of 2001"
"Corn","Operating costs","Seed","dollars per planted acre","No specific size","U.S. total","United States",2004,36.82,"Base survey of 2001"
"Corn","Operating costs","Seed","dollars per planted acre","No specific size","U.S. total","United States",2005,40.47,"Base survey of 2005"
"Corn","Operating costs","Seed","dollars per planted acre","No specific size","U.S. total","United States",2006,43.55,"Base survey of 2005"
"Corn","Operating costs","Seed","dollars per planted acre","No specific size","U.S. total","United States",2007,49.04,"Base survey of 2005"
"Corn","Operating costs","Seed","dollars per planted acre","No specific size","U.S. total","United States",2008,60.02,"Base survey of 2005"
"Corn","Operating costs","Seed","dollars per planted acre","No specific size","U.S. total","United States",2009,78.92,"Base survey of 2005"
"Corn","Operating costs","Seed","dollars per planted acre","No specific size","U.S. total","United States",2010,81.58,"Base survey of 2010"
"Corn","Operating costs","Seed","dollars per planted acre","No specific size","U.S. total","United States",2011,84.37,"Base survey of 2010"
"Corn","Operating costs","Seed","dollars per planted acre","No specific size","U.S. total","United States",2012,92.04,"Base survey of 2010"
"Corn","Operating costs","Seed","dollars per planted acre","No specific size","U.S. total","United States",2013,97.59,"Base survey of 2010"
"Corn","Operating costs","Seed","dollars per planted acre","No specific size","U.S. total","United States",2014,101.04,"Base survey of 2010"
"Corn","Operating costs","Seed","dollars per planted acre","No specific size","U.S. total","United States",2015,101.62,"Base survey of 2010"
"Corn","Operating costs","Seed","dollars per planted acre","No specific size","U.S. total","United States",2016,98.36,"Base survey of 2016"
"Corn","Operating costs","Seed","dollars per planted acre","No specific size","U.S. total","United States",2017,97.07,"Base survey of 2016"
"Corn","Operating costs","Seed","dollars per planted acre","No specific size","U.S. total","United States",2018,93.61,"Base survey of 2016"
"Corn","Operating costs","Seed","dollars per planted acre","No specific size","U.S. total","United States",2019,90.98,"Base survey of 2016"
"Corn","Operating costs","Seed","dollars per planted acre","No specific size","U.S. total","United States",2020,91.59,"Base survey of 2016"
"Corn","Operating costs","Seed","dollars per planted acre","No specific size","U.S. total","United States",2021,97.84,"Base survey of 2021"
"Corn","Operating costs","Seed","dollars per planted acre","No specific size","U.S. total","United States",2022,110.08,"Base survey of 2021"
"Corn","Operating costs","Seed","dollars per planted acre","No specific size","U.S. total","United States",2023,115.67,"Base survey of 2021"
"Corn","Operating costs","Seed","dollars per planted acre","No specific size","U.S. total","United States",2024,111.33,"Base survey of 2021"
"Corn","Operating costs","Seed","dollars per planted acre","No specific size","Heartland","United States",1996,27.32,"Base survey of 1996"
"Corn","Operating costs","Seed","dollars per planted acre","No specific size","Heartland","United States",1997,29.39,"Base survey of 1996"
"Corn","Operating costs","Seed","dollars per planted acre","No specific size","Heartland","United States",1998,31.07,"Base survey of 1996"
"Corn","Operating costs","Seed","dollars per planted acre","No specific size","Heartland","United States",1999,30.71,"Base survey of 1996"
"Corn","Operating costs","Seed","dollars per planted acre","No specific size","Heartland","United States",2000,30.64,"Base survey of 1996"
"Corn","Operating costs","Seed","dollars per planted acre","No specific size","Heartland","United States",2001,33,"Base survey of 2001"
"Corn","Operating costs","Seed","dollars per planted acre","No specific size","Heartland","United States",2002,31.6,"Base survey of 2001"
"Corn","Operating costs","Seed","dollars per planted acre","No specific size","Heartland","United States",2003,34.89,"Base survey of 2001"
"Corn","Operating costs","Seed","dollars per planted acre","No specific size","Heartland","United States",2004,37.05,"Base survey of 2001"
"Corn","Operating costs","Seed","dollars per planted acre","No specific size","Heartland","United States",2005,41.23,"Base survey of 2005"
"Corn","Operating costs","Seed","dollars per planted acre","No specific size","Heartland","United States",2006,43.83,"Base survey of 2005"
"Corn","Operating costs","Seed","dollars per planted acre","No specific size","Heartland","United States",2007,49.4,"Base survey of 2005"
"Corn","Operating costs","Seed","dollars per planted acre","No specific size","Heartland","United States",2008,61.29,"Base survey of 2005"
"Corn","Operating costs","Seed","dollars per planted acre","No specific size","Heartland","United States",2009,80.61,"Base survey of 2005"
"Corn","Operating costs","Seed","dollars per planted acre","No specific size","Heartland","United States",2010,87.72,"Base survey of 2010"
"Corn","Operating costs","Seed","dollars per planted acre","No specific size","Heartland","United States",2011,90.78,"Base survey of 2010"
"Corn","Operating costs","Seed","dollars per planted acre","No specific size","Heartland","United States",2012,98.83,"Base survey of 2010"
"Corn","Operating costs","Seed","dollars per planted acre","No specific size","Heartland","United States",2013,104.96,"Base survey of 2010"
"Corn","Operating costs","Seed","dollars per planted acre","No specific size","Heartland","United States",2014,108.41,"Base survey of 2010"
"Corn","Operating costs","Seed","dollars per planted acre","No specific size","Heartland","United States",2015,109.17,"Base survey of 2010"
"Corn","Operating costs","Seed","dollars per planted acre","No specific size","Heartland","United States",2016,104.52,"Base survey of 2016"
"Corn","Operating costs","Seed","dollars per planted acre","No specific size","Heartland","United States",2017,103.26,"Base survey of 2016"
"Corn","Operating costs","Seed","dollars per planted acre","No specific size","Heartland","United States",2018,99.46,"Base survey of 2016"
"Corn","Operating costs","Seed","dollars per planted acre","No specific size","Heartland","United States",2019,97.18,"Base survey of 2016"
"Corn","Operating costs","Seed","dollars per planted acre","No specific size","Heartland","United States",2020,97.27,"Base survey of 2016"
"Corn","Operating costs","Seed","dollars per planted acre","No specific size","Heartland","United States",2021,104.82,"Base survey of 2021"
"Corn","Operating costs","Seed","dollars per planted acre","No specific size","Heartland","United States",2022,117.77,"Base survey of 2021"
"Corn","Operating costs","Seed","dollars per planted acre","No specific size","Heartland","United States",2023,123.92,"Base survey of 2021"
"Corn","Operating costs","Seed","dollars per planted acre","No specific size","Heartland","United States",2024,119.61,"Base survey of 2021"
"Corn","Operating costs","Seed","dollars per planted acre","No specific size","Northern Crescent","United States",1996,25.1,"Base survey of 1996"
"Corn","Operating costs","Seed","dollars per planted acre","No specific size","Northern Crescent","United States",1997,27.63,"Base survey of 1996"
"Corn","Operating costs","Seed","dollars per planted acre","No specific size","Northern Crescent","United States",1998,28,"Base survey of 1996"
"Corn","Operating costs","Seed","dollars per planted acre","No specific size","Northern Crescent","United States",1999,28.54,"Base survey of 1996"
"Corn","Operating costs","Seed","dollars per planted acre","No specific size","Northern Crescent","United States",2000,28.96,"Base survey of 1996"
"Corn","Operating costs","Seed","dollars per planted acre","No specific size","Northern Crescent","United States",2001,31.72,"Base survey of 2001"
"Corn","Operating costs","Seed","dollars per planted acre","No specific size","Northern Crescent","United States",2002,33.17,"Base survey of 2001"
"Corn","Operating costs","Seed","dollars per planted acre","No specific size","Northern Crescent","United States",2003,35.48,"Base survey of 2001"
"Corn","Operating costs","Seed","dollars per planted acre","No specific size","Northern Crescent","United States",2004,37.18,"Base survey of 2001"
"Corn","Operating costs","Seed","dollars per planted acre","No specific size","Northern Crescent","United States",2005,41.23,"Base survey of 2005"
"Corn","Operating costs","Seed","dollars per planted acre","No specific size","Northern Crescent","United States",2006,43.83,"Base survey of 2005"
"Corn","Operating costs","Seed","dollars per planted acre","No specific size","Northern Crescent","United States",2007,49.4,"Base survey of 2005"
"Corn","Operating costs","Seed","dollars per planted acre","No specific size","Northern Crescent","United States",2008,61.29,"Base survey of 2005"
"Corn","Operating costs","Seed","dollars per planted acre","No specific size","Northern Crescent","United States",2009,80.61,"Base survey of 2005"
"Corn","Operating costs","Seed","dollars per planted acre","No specific size","Northern Crescent","United States",2010,75.26,"Base survey of 2010"
"Corn","Operating costs","Seed","dollars per planted acre","No specific size","Northern Crescent","United States",2011,77.89,"Base survey of 2010"
"Corn","Operating costs","Seed","dollars per planted acre","No specific size","Northern Crescent","United States",2012,84.79,"Base survey of 2010"
"Corn","Operating costs","Seed","dollars per planted acre","No specific size","Northern Crescent","United States",2013,90.05,"Base survey of 2010"
"Corn","Operating costs","Seed","dollars per planted acre","No specific size","Northern Crescent","United States",2014,93.01,"Base survey of 2010"
"Corn","Operating costs","Seed","dollars per planted acre","No specific size","Northern Crescent","United States",2015,93.66,"Base survey of 2010"
"Corn","Operating costs","Seed","dollars per planted acre","No specific size","Northern Crescent","United States",2016,99.68,"Base survey of 2016"
"Corn","Operating costs","Seed","dollars per planted acre","No specific size","Northern Crescent","United States",2017,98.45,"Base survey of 2016"
"Corn","Operating costs","Seed","dollars per planted acre","No specific size","Northern Crescent","United States",2018,94.92,"Base survey of 2016"
"Corn","Operating costs","Seed","dollars per planted acre","No specific size","Northern Crescent","United States",2019,92.6,"Base survey of 2016"
"Corn","Operating costs","Seed","dollars per planted acre","No specific size","Northern Crescent","United States",2020,92.84,"Base survey of 2016"
"Corn","Operating costs","Seed","dollars per planted acre","No specific size","Northern Crescent","United States",2021,95.85,"Base survey of 2021"
"Corn","Operating costs","Seed","dollars per planted acre","No specific size","Northern Crescent","United States",2022,108.01,"Base survey of 2021"
"Corn","Operating costs","Seed","dollars per planted acre","No specific size","Northern Crescent","United States",2023,113.82,"Base survey of 2021"
"Corn","Operating costs","Seed","dollars per planted acre","No specific size","Northern Crescent","United States",2024,109.69,"Base survey of 2021"
"Corn","Operating costs","Seed","dollars per planted acre","No specific size","Northern Great Plains","United States",1996,25.15,"Base survey of 1996"
"Corn","Operating costs","Seed","dollars per planted acre","No specific size","Northern Great Plains","United States",1997,27.59,"Base survey of 1996"
"Corn","Operating costs","Seed","dollars per planted acre","No specific size","Northern Great Plains","United States",1998,27.6,"Base survey of 1996"
"Corn","Operating costs","Seed","dollars per planted acre","No specific size","Northern Great Plains","United States",1999,30.35,"Base survey of 1996"
"Corn","Operating costs","Seed","dollars per planted acre","No specific size","Northern Great Plains","United States",2000,26.64,"Base survey of 1996"
"Corn","Operating costs","Seed","dollars per planted acre","No specific size","Northern Great Plains","United States",2001,30.42,"Base survey of 2001"
"Corn","Operating costs","Seed","dollars per planted acre","No specific size","Northern Great Plains","United States",2002,26.18,"Base survey of 2001"
"Corn","Operating costs","Seed","dollars per planted acre","No specific size","Northern Great Plains","United States",2003,32.47,"Base survey of 2001"
"Corn","Operating costs","Seed","dollars per planted acre","No specific size","Northern Great Plains","United States",2004,36.32,"Base survey of 2001"
"Corn","Operating costs","Seed","dollars per planted acre","No specific size","Northern Great Plains","United States",2005,39.34,"Base survey of 2005"
"Corn","Operating costs","Seed","dollars per planted acre","No specific size","Northern Great Plains","United States",2006,41.82,"Base survey of 2005"
"Corn","Operating costs","Seed","dollars per planted acre","No specific size","Northern Great Plains","United States",2007,47.14,"Base survey of 2005"
"Corn","Operating costs","Seed","dollars per planted acre","No specific size","Northern Great Plains","United States",2008,58.48,"Base survey of 2005"
"Corn","Operating costs","Seed","dollars per planted acre","No specific size","Northern Great Plains","United States",2009,76.91,"Base survey of 2005"
"Corn","Operating costs","Seed","dollars per planted acre","No specific size","Northern Great Plains","United States",2010,80.03,"Base survey of 2010"
"Corn","Operating costs","Seed","dollars per planted acre","No specific size","Northern Great Plains","United States",2011,82.83,"Base survey of 2010"
"Corn","Operating costs","Seed","dollars per planted acre","No specific size","Northern Great Plains","United States",2012,90.16,"Base survey of 2010"
"Corn","Operating costs","Seed","dollars per planted acre","No specific size","Northern Great Plains","United States",2013,95.76,"Base survey of 2010"
"Corn","Operating costs","Seed","dollars per planted acre","No specific size","Northern Great Plains","United States",2014,98.9,"Base survey of 2010"
"Corn","Operating costs","Seed","dollars per planted acre","No specific size","Northern Great Plains","United States",2015,99.6,"Base survey of 2010"
"Corn","Operating costs","Seed","dollars per planted acre","No specific size","Northern Great Plains","United States",2016,88.65,"Base survey of 2016"
"Corn","Operating costs","Seed","dollars per planted acre","No specific size","Northern Great Plains","United States",2017,87.56,"Base survey of 2016"
"Corn","Operating costs","Seed","dollars per planted acre","No specific size","Northern Great Plains","United States",2018,84.46,"Base survey of 2016"
"Corn","Operating costs","Seed","dollars per planted acre","No specific size","Northern Great Plains","United States",2019,82.48,"Base survey of 2016"
"Corn","Operating costs","Seed","dollars per planted acre","No specific size","Northern Great Plains","United States",2020,82.87,"Base survey of 2016"
"Corn","Operating costs","Seed","dollars per planted acre","No specific size","Northern Great Plains","United States",2021,91.64,"Base survey of 2021"
"Corn","Operating costs","Seed","dollars per planted acre","No specific size","Northern Great Plains","United States",2022,103.51,"Base survey of 2021"
"Corn","Operating costs","Seed","dollars per planted acre","No specific size","Northern Great Plains","United States",2023,108.36,"Base survey of 2021"
"Corn","Operating costs","Seed","dollars per planted acre","No specific size","Northern Great Plains","United States",2024,104.71,"Base survey of 2021"
"Corn","Operating costs","Seed","dollars per planted acre","No specific size","Prairie Gateway","United States",1996,27.23,"Base survey of 1996"
"Corn","Operating costs","Seed","dollars per planted acre","No specific size","Prairie Gateway","United States",1997,28.81,"Base survey of 1996"
"Corn","Operating costs","Seed","dollars per planted acre","No specific size","Prairie Gateway","United States",1998,29.83,"Base survey of 1996"
"Corn","Operating costs","Seed","dollars per planted acre","No specific size","Prairie Gateway","United States",1999,31.93,"Base survey of 1996"
"Corn","Operating costs","Seed","dollars per planted acre","No specific size","Prairie Gateway","United States",2000,31.09,"Base survey of 1996"
"Corn","Operating costs","Seed","dollars per planted acre","No specific size","Prairie Gateway","United States",2001,31.16,"Base survey of 2001"
"Corn","Operating costs","Seed","dollars per planted acre","No specific size","Prairie Gateway","United States",2002,34.62,"Base survey of 2001"
"Corn","Operating costs","Seed","dollars per planted acre","No specific size","Prairie Gateway","United States",2003,35.41,"Base survey of 2001"
"Corn","Operating costs","Seed","dollars per planted acre","No specific size","Prairie Gateway","United States",2004,36.32,"Base survey of 2001"
"Corn","Operating costs","Seed","dollars per planted acre","No specific size","Prairie Gateway","United States",2005,40.96,"Base survey of 2005"
"Corn","Operating costs","Seed","dollars per planted acre","No specific size","Prairie Gateway","United States",2006,43.54,"Base survey of 2005"
"Corn","Operating costs","Seed","dollars per planted acre","No specific size","Prairie Gateway","United States",2007,43.54,"Base survey of 2005"
"Corn","Operating costs","Seed","dollars per planted acre","No specific size","Prairie Gateway","United States",2008,54.02,"Base survey of 2005"
"Corn","Operating costs","Seed","dollars per planted acre","No specific size","Prairie Gateway","United States",2009,71.04,"Base survey of 2005"
"Corn","Operating costs","Seed","dollars per planted acre","No specific size","Prairie Gateway","United States",2010,63.21,"Base survey of 2010"
"Corn","Operating costs","Seed","dollars per planted acre","No specific size","Prairie Gateway","United States",2011,65.42,"Base survey of 2010"
"Corn","Operating costs","Seed","dollars per planted acre","No specific size","Prairie Gateway","United States",2012,71.21,"Base survey of 2010"
"Corn","Operating costs","Seed","dollars per planted acre","No specific size","Prairie Gateway","United States",2013,75.63,"Base survey of 2010"
"Corn","Operating costs","Seed","dollars per planted acre","No specific size","Prairie Gateway","United States",2014,78.12,"Base survey of 2010"
"Corn","Operating costs","Seed","dollars per planted acre","No specific size","Prairie Gateway","United States",2015,78.67,"Base survey of 2010"
"Corn","Operating costs","Seed","dollars per planted acre","No specific size","Prairie Gateway","United States",2016,81.55,"Base survey of 2016"
"Corn","Operating costs","Seed","dollars per planted acre","No specific size","Prairie Gateway","United States",2017,80.44,"Base survey of 2016"
"Corn","Operating costs","Seed","dollars per planted acre","No specific size","Prairie Gateway","United States",2018,77.66,"Base survey of 2016"
"Corn","Operating costs","Seed","dollars per planted acre","No specific size","Prairie Gateway","United States",2019,75.64,"Base survey of 2016"
"Corn","Operating costs","Seed","dollars per planted acre","No specific size","Prairie Gateway","United States",2020,75.98,"Base survey of 2016"
"Corn","Operating costs","Seed","dollars per planted acre","No specific size","Prairie Gateway","United States",2021,81.74,"Base survey of 2021"
"Corn","Operating costs","Seed","dollars per planted acre","No specific size","Prairie Gateway","United States",2022,91.78,"Base survey of 2021"
"Corn","Operating costs","Seed","dollars per planted acre","No specific size","Prairie Gateway","United States",2023,96.67,"Base survey of 2021"
"Corn","Operating costs","Seed","dollars per planted acre","No specific size","Prairie Gateway","United States",2024,92.77,"Base survey of 2021"
"Corn","Operating costs","Seed","dollars per planted acre","No specific size","Eastern Uplands","United States",1996,21.23,"Base survey of 1996"
"Corn","Operating costs","Seed","dollars per planted acre","No specific size","Eastern Uplands","United States",1997,22.07,"Base survey of 1996"
"Corn","Operating costs","Seed","dollars per planted acre","No specific size","Eastern Uplands","United States",1998,22.93,"Base survey of 1996"
"Corn","Operating costs","Seed","dollars per planted acre","No specific size","Eastern Uplands","United States",1999,23.12,"Base survey of 1996"
"Corn","Operating costs","Seed","dollars per planted acre","No specific size","Eastern Uplands","United States",2000,20.66,"Base survey of 1996"
"Corn","Operating costs","Seed","dollars per planted acre","No specific size","Eastern Uplands","United States",2001,28.27,"Base survey of 2001"
"Corn","Operating costs","Seed","dollars per planted acre","No specific size","Eastern Uplands","United States",2002,29.67,"Base survey of 2001"
"Corn","Operating costs","Seed","dollars per planted acre","No specific size","Eastern Uplands","United States",2003,35.02,"Base survey of 2001"
"Corn","Operating costs","Seed","dollars per planted acre","No specific size","Eastern Uplands","United States",2004,34.65,"Base survey of 2001"
"Corn","Operating costs","Seed","dollars per planted acre","No specific size","Eastern Uplands","United States",2005,37.61,"Base survey of 2005"
"Corn","Operating costs","Seed","dollars per planted acre","No specific size","Eastern Uplands","United States",2006,39.98,"Base survey of 2005"
"Corn","Operating costs","Seed","dollars per planted acre","No specific size","Eastern Uplands","United States",2007,45.06,"Base survey of 2005"
"Corn","Operating costs","Seed","dollars per planted acre","No specific size","Eastern Uplands","United States",2008,55.9,"Base survey of 2005"
"Corn","Operating costs","Seed","dollars per planted acre","No specific size","Eastern Uplands","United States",2009,73.52,"Base survey of 2005"
"Corn","Operating costs","Seed","dollars per planted acre","No specific size","Eastern Uplands","United States",2010,56.01,"Base survey of 2010"
"Corn","Operating costs","Seed","dollars per planted acre","No specific size","Eastern Uplands","United States",2011,57.97,"Base survey of 2010"
"Corn","Operating costs","Seed","dollars per planted acre","No specific size","Eastern Uplands","United States",2012,63.1,"Base survey of 2010"
"Corn","Operating costs","Seed","dollars per planted acre","No specific size","Eastern Uplands","United States",2013,67.02,"Base survey of 2010"
"Corn","Operating costs","Seed","dollars per planted acre","No specific size","Eastern Uplands","United States",2014,69.22,"Base survey of 2010"
"Corn","Operating costs","Seed","dollars per planted acre","No specific size","Eastern Uplands","United States",2015,69.71,"Base survey of 2010"
"Corn","Operating costs","Seed","dollars per planted acre","No specific size","Eastern Uplands","United States",2016,91.02,"Base survey of 2016"
"Corn","Operating costs","Seed","dollars per planted acre","No specific size","Eastern Uplands","United States",2017,89.71,"Base survey of 2016"
"Corn","Operating costs","Seed","dollars per planted acre","No specific size","Eastern Uplands","United States",2018,86.49,"Base survey of 2016"
"Corn","Operating costs","Seed","dollars per planted acre","No specific size","Eastern Uplands","United States",2019,84.86,"Base survey of 2016"
"Corn","Operating costs","Seed","dollars per planted acre","No specific size","Eastern Uplands","United States",2020,84.86,"Base survey of 2016"
"Corn","Operating costs","Seed","dollars per planted acre","No specific size","Eastern Uplands","United States",2021,112.72,"Base survey of 2021"
"Corn","Operating costs","Seed","dollars per planted acre","No specific size","Eastern Uplands","United States",2022,125.98,"Base survey of 2021"
"Corn","Operating costs","Seed","dollars per planted acre","No specific size","Eastern Uplands","United States",2023,132.36,"Base survey of 2021"
"Corn","Operating costs","Seed","dollars per planted acre","No specific size","Eastern Uplands","United States",2024,128.11,"Base survey of 2021"
"Corn","Operating costs","Seed","dollars per planted acre","No specific size","Southern Seaboard","United States",1996,22.04,"Base survey of 1996"
"Corn","Operating costs","Seed","dollars per planted acre","No specific size","Southern Seaboard","United States",1997,23.02,"Base survey of 1996"
"Corn","Operating costs","Seed","dollars per planted acre","No specific size","Southern Seaboard","United States",1998,22.93,"Base survey of 1996"
"Corn","Operating costs","Seed","dollars per planted acre","No specific size","Southern Seaboard","United States",1999,23.45,"Base survey of 1996"
"Corn","Operating costs","Seed","dollars per planted acre","No specific size","Southern Seaboard","United States",2000,24.48,"Base survey of 1996"
"Corn","Operating costs","Seed","dollars per planted acre","No specific size","Southern Seaboard","United States",2001,28.19,"Base survey of 2001"
"Corn","Operating costs","Seed","dollars per planted acre","No specific size","Southern Seaboard","United States",2002,31.96,"Base survey of 2001"
"Corn","Operating costs","Seed","dollars per planted acre","No specific size","Southern Seaboard","United States",2003,33.36,"Base survey of 2001"
"Corn","Operating costs","Seed","dollars per planted acre","No specific size","Southern Seaboard","United States",2004,34.05,"Base survey of 2001"
"Corn","Operating costs","Seed","dollars per planted acre","No specific size","Southern Seaboard","United States",2005,36.54,"Base survey of 2005"
"Corn","Operating costs","Seed","dollars per planted acre","No specific size","Southern Seaboard","United States",2006,38.84,"Base survey of 2005"
"Corn","Operating costs","Seed","dollars per planted acre","No specific size","Southern Seaboard","United States",2007,43.78,"Base survey of 2005"
"Corn","Operating costs","Seed","dollars per planted acre","No specific size","Southern Seaboard","United States",2008,54.31,"Base survey of 2005"
"Corn","Operating costs","Seed","dollars per planted acre","No specific size","Southern Seaboard","United States",2009,71.43,"Base survey of 2005"
"Corn","Operating costs","Seed","dollars per planted acre","No specific size","Southern Seaboard","United States",2010,67.14,"Base survey of 2010"
"Corn","Operating costs","Seed","dollars per planted acre","No specific size","Southern Seaboard","United States",2011,69.49,"Base survey of 2010"
"Corn","Operating costs","Seed","dollars per planted acre","No specific size","Southern Seaboard","United States",2012,75.64,"Base survey of 2010"
"Corn","Operating costs","Seed","dollars per planted acre","No specific size","Southern Seaboard","United States",2013,80.33,"Base survey of 2010"
"Corn","Operating costs","Seed","dollars per planted acre","No specific size","Southern Seaboard","United States",2014,82.97,"Base survey of 2010"
"Corn","Operating costs","Seed","dollars per planted acre","No specific size","Southern Seaboard","United States",2015,83.56,"Base survey of 2010"
"Corn","Operating costs","Seed","dollars per planted acre","No specific size","Southern Seaboard","United States",2016,81.02,"Base survey of 2016"
"Corn","Operating costs","Seed","dollars per planted acre","No specific size","Southern Seaboard","United States",2017,79.68,"Base survey of 2016"
"Corn","Operating costs","Seed","dollars per planted acre","No specific size","Southern Seaboard","United States",2018,76.95,"Base survey of 2016"
"Corn","Operating costs","Seed","dollars per planted acre","No specific size","Southern Seaboard","United States",2019,75.31,"Base survey of 2016"
"Corn","Operating costs","Seed","dollars per planted acre","No specific size","Southern Seaboard","United States",2020,75.53,"Base survey of 2016"
"Corn","Operating costs","Seed","dollars per planted acre","No specific size","Southern Seaboard","United States",2021,89.41,"Base survey of 2021"
"Corn","Operating costs","Seed","dollars per planted acre","No specific size","Southern Seaboard","United States",2022,100.62,"Base survey of 2021"
"Corn","Operating costs","Seed","dollars per planted acre","No specific size","Southern Seaboard","United States",2023,106.03,"Base survey of 2021"
"Corn","Operating costs","Seed","dollars per planted acre","No specific size","Southern Seaboard","United States",2024,100.98,"Base survey of 2021"
"Corn","Operating costs","Fertilizer  ","dollars per planted acre","No specific size","U.S. total","United States",1996,51.21,"Base survey of 1996"
"Corn","Operating costs","Fertilizer  ","dollars per planted acre","No specific size","U.S. total","United States",1997,50.37,"Base survey of 1996"
"Corn","Operating costs","Fertilizer  ","dollars per planted acre","No specific size","U.S. total","United States",1998,45.51,"Base survey of 1996"
"Corn","Operating costs","Fertilizer  ","dollars per planted acre","No specific size","U.S. total","United States",1999,42.84,"Base survey of 1996"
"Corn","Operating costs","Fertilizer  ","dollars per planted acre","No specific size","U.S. total","United States",2000,43.16,"Base survey of 1996"
"Corn","Operating costs","Fertilizer  ","dollars per planted acre","No specific size","U.S. total","United States",2001,55.12,"Base survey of 2001"
"Corn","Operating costs","Fertilizer  ","dollars per planted acre","No specific size","U.S. total","United States",2002,42.51,"Base survey of 2001"
"Corn","Operating costs","Fertilizer  ","dollars per planted acre","No specific size","U.S. total","United States",2003,50.64,"Base survey of 2001"
"Corn","Operating costs","Fertilizer  ","dollars per planted acre","No specific size","U.S. total","United States",2004,54.62,"Base survey of 2001"
"Corn","Operating costs","Fertilizer  ","dollars per planted acre","No specific size","U.S. total","United States",2005,69.35,"Base survey of 2005"
"Corn","Operating costs","Fertilizer  ","dollars per planted acre","No specific size","U.S. total","United States",2006,80.17,"Base survey of 2005"
"Corn","Operating costs","Fertilizer  ","dollars per planted acre","No specific size","U.S. total","United States",2007,93.13,"Base survey of 2005"
"Corn","Operating costs","Fertilizer  ","dollars per planted acre","No specific size","U.S. total","United States",2008,139.18,"Base survey of 2005"
"Corn","Operating costs","Fertilizer  ","dollars per planted acre","No specific size","U.S. total","United States",2009,131.11,"Base survey of 2005"
"Corn","Operating costs","Fertilizer  ","dollars per planted acre","No specific size","U.S. total","United States",2010,112.03,"Base survey of 2010"
"Corn","Operating costs","Fertilizer  ","dollars per planted acre","No specific size","U.S. total","United States",2011,147.36,"Base survey of 2010"
"Corn","Operating costs","Fertilizer  ","dollars per planted acre","No specific size","U.S. total","United States",2012,156.51,"Base survey of 2010"
"Corn","Operating costs","Fertilizer  ","dollars per planted acre","No specific size","U.S. total","United States",2013,153.33,"Base survey of 2010"
"Corn","Operating costs","Fertilizer  ","dollars per planted acre","No specific size","U.S. total","United States",2014,149.23,"Base survey of 2010"
"Corn","Operating costs","Fertilizer  ","dollars per planted acre","No specific size","U.S. total","United States",2015,137.33,"Base survey of 2010"
"Corn","Operating costs","Fertilizer  ","dollars per planted acre","No specific size","U.S. total","United States",2016,126.53,"Base survey of 2016"
"Corn","Operating costs","Fertilizer  ","dollars per planted acre","No specific size","U.S. total","United States",2017,110.98,"Base survey of 2016"
"Corn","Operating costs","Fertilizer  ","dollars per planted acre","No specific size","U.S. total","United States",2018,114.36,"Base survey of 2016"
"Corn","Operating costs","Fertilizer  ","dollars per planted acre","No specific size","U.S. total","United States",2019,123.55,"Base survey of 2016"
"Corn","Operating costs","Fertilizer  ","dollars per planted acre","No specific size","U.S. total","United States",2020,111.58,"Base survey of 2016"
"Corn","Operating costs","Fertilizer  ","dollars per planted acre","No specific size","U.S. total","United States",2021,119.75,"Base survey of 2021"
"Corn","Operating costs","Fertilizer  ","dollars per planted acre","No specific size","U.S. total","United States",2022,225.73,"Base survey of 2021"
"Corn","Operating costs","Fertilizer  ","dollars per planted acre","No specific size","U.S. total","United States",2023,178.94,"Base survey of 2021"
"Corn","Operating costs","Fertilizer  ","dollars per planted acre","No specific size","U.S. total","United States",2024,152.41,"Base survey of 2021"
"Corn","Operating costs","Fertilizer  ","dollars per planted acre","No specific size","Heartland","United States",1996,54.64,"Base survey of 1996"
"Corn","Operating costs","Fertilizer  ","dollars per planted acre","No specific size","Heartland","United States",1997,54.02,"Base survey of 1996"
"Corn","Operating costs","Fertilizer  ","dollars per planted acre","No specific size","Heartland","United States",1998,49.04,"Base survey of 1996"
"Corn","Operating costs","Fertilizer  ","dollars per planted acre","No specific size","Heartland","United States",1999,46.26,"Base survey of 1996"
"Corn","Operating costs","Fertilizer  ","dollars per planted acre","No specific size","Heartland","United States",2000,46.35,"Base survey of 1996"
"Corn","Operating costs","Fertilizer  ","dollars per planted acre","No specific size","Heartland","United States",2001,56.49,"Base survey of 2001"
"Corn","Operating costs","Fertilizer  ","dollars per planted acre","No specific size","Heartland","United States",2002,43.57,"Base survey of 2001"
"Corn","Operating costs","Fertilizer  ","dollars per planted acre","No specific size","Heartland","United States",2003,51.43,"Base survey of 2001"
"Corn","Operating costs","Fertilizer  ","dollars per planted acre","No specific size","Heartland","United States",2004,56.01,"Base survey of 2001"
"Corn","Operating costs","Fertilizer  ","dollars per planted acre","No specific size","Heartland","United States",2005,72.67,"Base survey of 2005"
"Corn","Operating costs","Fertilizer  ","dollars per planted acre","No specific size","Heartland","United States",2006,82.79,"Base survey of 2005"
"Corn","Operating costs","Fertilizer  ","dollars per planted acre","No specific size","Heartland","United States",2007,96.13,"Base survey of 2005"
"Corn","Operating costs","Fertilizer  ","dollars per planted acre","No specific size","Heartland","United States",2008,146.62,"Base survey of 2005"
"Corn","Operating costs","Fertilizer  ","dollars per planted acre","No specific size","Heartland","United States",2009,137.89,"Base survey of 2005"
"Corn","Operating costs","Fertilizer  ","dollars per planted acre","No specific size","Heartland","United States",2010,118.09,"Base survey of 2010"
"Corn","Operating costs","Fertilizer  ","dollars per planted acre","No specific size","Heartland","United States",2011,155.18,"Base survey of 2010"
"Corn","Operating costs","Fertilizer  ","dollars per planted acre","No specific size","Heartland","United States",2012,164.77,"Base survey of 2010"
"Corn","Operating costs","Fertilizer  ","dollars per planted acre","No specific size","Heartland","United States",2013,161.58,"Base survey of 2010"
"Corn","Operating costs","Fertilizer  ","dollars per planted acre","No specific size","Heartland","United States",2014,156.78,"Base survey of 2010"
"Corn","Operating costs","Fertilizer  ","dollars per planted acre","No specific size","Heartland","United States",2015,144.54,"Base survey of 2010"
"Corn","Operating costs","Fertilizer  ","dollars per planted acre","No specific size","Heartland","United States",2016,131.49,"Base survey of 2016"
"Corn","Operating costs","Fertilizer  ","dollars per planted acre","No specific size","Heartland","United States",2017,115.61,"Base survey of 2016"
"Corn","Operating costs","Fertilizer  ","dollars per planted acre","No specific size","Heartland","United States",2018,118.85,"Base survey of 2016"
"Corn","Operating costs","Fertilizer  ","dollars per planted acre","No specific size","Heartland","United States",2019,128.67,"Base survey of 2016"
"Corn","Operating costs","Fertilizer  ","dollars per planted acre","No specific size","Heartland","United States",2020,115.46,"Base survey of 2016"
"Corn","Operating costs","Fertilizer  ","dollars per planted acre","No specific size","Heartland","United States",2021,127.12,"Base survey of 2021"
"Corn","Operating costs","Fertilizer  ","dollars per planted acre","No specific size","Heartland","United States",2022,239.38,"Base survey of 2021"
"Corn","Operating costs","Fertilizer  ","dollars per planted acre","No specific size","Heartland","United States",2023,190.07,"Base survey of 2021"
"Corn","Operating costs","Fertilizer  ","dollars per planted acre","No specific size","Heartland","United States",2024,162.46,"Base survey of 2021"
"Corn","Operating costs","Fertilizer  ","dollars per planted acre","No specific size","Northern Crescent","United States",1996,47.85,"Base survey of 1996"
"Corn","Operating costs","Fertilizer  ","dollars per planted acre","No specific size","Northern Crescent","United States",1997,45.92,"Base survey of 1996"
"Corn","Operating costs","Fertilizer  ","dollars per planted acre","No specific size","Northern Crescent","United States",1998,41.94,"Base survey of 1996"
"Corn","Operating costs","Fertilizer  ","dollars per planted acre","No specific size","Northern Crescent","United States",1999,40.36,"Base survey of 1996"
"Corn","Operating costs","Fertilizer  ","dollars per planted acre","No specific size","Northern Crescent","United States",2000,40.69,"Base survey of 1996"
"Corn","Operating costs","Fertilizer  ","dollars per planted acre","No specific size","Northern Crescent","United States",2001,63.31,"Base survey of 2001"
"Corn","Operating costs","Fertilizer  ","dollars per planted acre","No specific size","Northern Crescent","United States",2002,51.94,"Base survey of 2001"
"Corn","Operating costs","Fertilizer  ","dollars per planted acre","No specific size","Northern Crescent","United States",2003,58.95,"Base survey of 2001"
"Corn","Operating costs","Fertilizer  ","dollars per planted acre","No specific size","Northern Crescent","United States",2004,64.01,"Base survey of 2001"
"Corn","Operating costs","Fertilizer  ","dollars per planted acre","No specific size","Northern Crescent","United States",2005,78.36,"Base survey of 2005"
"Corn","Operating costs","Fertilizer  ","dollars per planted acre","No specific size","Northern Crescent","United States",2006,89.27,"Base survey of 2005"
"Corn","Operating costs","Fertilizer  ","dollars per planted acre","No specific size","Northern Crescent","United States",2007,103.65,"Base survey of 2005"
"Corn","Operating costs","Fertilizer  ","dollars per planted acre","No specific size","Northern Crescent","United States",2008,158.09,"Base survey of 2005"
"Corn","Operating costs","Fertilizer  ","dollars per planted acre","No specific size","Northern Crescent","United States",2009,148.67,"Base survey of 2005"
"Corn","Operating costs","Fertilizer  ","dollars per planted acre","No specific size","Northern Crescent","United States",2010,122.11,"Base survey of 2010"
"Corn","Operating costs","Fertilizer  ","dollars per planted acre","No specific size","Northern Crescent","United States",2011,160.46,"Base survey of 2010"
"Corn","Operating costs","Fertilizer  ","dollars per planted acre","No specific size","Northern Crescent","United States",2012,170.38,"Base survey of 2010"
"Corn","Operating costs","Fertilizer  ","dollars per planted acre","No specific size","Northern Crescent","United States",2013,167.08,"Base survey of 2010"
"Corn","Operating costs","Fertilizer  ","dollars per planted acre","No specific size","Northern Crescent","United States",2014,162.11,"Base survey of 2010"
"Corn","Operating costs","Fertilizer  ","dollars per planted acre","No specific size","Northern Crescent","United States",2015,149.46,"Base survey of 2010"
"Corn","Operating costs","Fertilizer  ","dollars per planted acre","No specific size","Northern Crescent","United States",2016,136.96,"Base survey of 2016"
"Corn","Operating costs","Fertilizer  ","dollars per planted acre","No specific size","Northern Crescent","United States",2017,120.41,"Base survey of 2016"
"Corn","Operating costs","Fertilizer  ","dollars per planted acre","No specific size","Northern Crescent","United States",2018,123.9,"Base survey of 2016"
"Corn","Operating costs","Fertilizer  ","dollars per planted acre","No specific size","Northern Crescent","United States",2019,134.9,"Base survey of 2016"
"Corn","Operating costs","Fertilizer  ","dollars per planted acre","No specific size","Northern Crescent","United States",2020,120.42,"Base survey of 2016"
"Corn","Operating costs","Fertilizer  ","dollars per planted acre","No specific size","Northern Crescent","United States",2021,136.01,"Base survey of 2021"
"Corn","Operating costs","Fertilizer  ","dollars per planted acre","No specific size","Northern Crescent","United States",2022,256.64,"Base survey of 2021"
"Corn","Operating costs","Fertilizer  ","dollars per planted acre","No specific size","Northern Crescent","United States",2023,203.27,"Base survey of 2021"
"Corn","Operating costs","Fertilizer  ","dollars per planted acre","No specific size","Northern Crescent","United States",2024,174.63,"Base survey of 2021"
"Corn","Operating costs","Fertilizer  ","dollars per planted acre","No specific size","Northern Great Plains","United States",1996,27.67,"Base survey of 1996"
"Corn","Operating costs","Fertilizer  ","dollars per planted acre","No specific size","Northern Great Plains","United States",1997,26.89,"Base survey of 1996"
"Corn","Operating costs","Fertilizer  ","dollars per planted acre","No specific size","Northern Great Plains","United States",1998,22.77,"Base survey of 1996"
"Corn","Operating costs","Fertilizer  ","dollars per planted acre","No specific size","Northern Great Plains","United States",1999,20.52,"Base survey of 1996"
"Corn","Operating costs","Fertilizer  ","dollars per planted acre","No specific size","Northern Great Plains","United States",2000,21.36,"Base survey of 1996"
"Corn","Operating costs","Fertilizer  ","dollars per planted acre","No specific size","Northern Great Plains","United States",2001,36.46,"Base survey of 2001"
"Corn","Operating costs","Fertilizer  ","dollars per planted acre","No specific size","Northern Great Plains","United States",2002,25.62,"Base survey of 2001"
"Corn","Operating costs","Fertilizer  ","dollars per planted acre","No specific size","Northern Great Plains","United States",2003,33.76,"Base survey of 2001"
"Corn","Operating costs","Fertilizer  ","dollars per planted acre","No specific size","Northern Great Plains","United States",2004,35.73,"Base survey of 2001"
"Corn","Operating costs","Fertilizer  ","dollars per planted acre","No specific size","Northern Great Plains","United States",2005,46.25,"Base survey of 2005"
"Corn","Operating costs","Fertilizer  ","dollars per planted acre","No specific size","Northern Great Plains","United States",2006,52.69,"Base survey of 2005"
"Corn","Operating costs","Fertilizer  ","dollars per planted acre","No specific size","Northern Great Plains","United States",2007,61.18,"Base survey of 2005"
"Corn","Operating costs","Fertilizer  ","dollars per planted acre","No specific size","Northern Great Plains","United States",2008,93.31,"Base survey of 2005"
"Corn","Operating costs","Fertilizer  ","dollars per planted acre","No specific size","Northern Great Plains","United States",2009,87.75,"Base survey of 2005"
"Corn","Operating costs","Fertilizer  ","dollars per planted acre","No specific size","Northern Great Plains","United States",2010,94.88,"Base survey of 2010"
"Corn","Operating costs","Fertilizer  ","dollars per planted acre","No specific size","Northern Great Plains","United States",2011,124.68,"Base survey of 2010"
"Corn","Operating costs","Fertilizer  ","dollars per planted acre","No specific size","Northern Great Plains","United States",2012,132.39,"Base survey of 2010"
"Corn","Operating costs","Fertilizer  ","dollars per planted acre","No specific size","Northern Great Plains","United States",2013,129.82,"Base survey of 2010"
"Corn","Operating costs","Fertilizer  ","dollars per planted acre","No specific size","Northern Great Plains","United States",2014,125.96,"Base survey of 2010"
"Corn","Operating costs","Fertilizer  ","dollars per planted acre","No specific size","Northern Great Plains","United States",2015,116.13,"Base survey of 2010"
"Corn","Operating costs","Fertilizer  ","dollars per planted acre","No specific size","Northern Great Plains","United States",2016,104.23,"Base survey of 2016"
"Corn","Operating costs","Fertilizer  ","dollars per planted acre","No specific size","Northern Great Plains","United States",2017,91.54,"Base survey of 2016"
"Corn","Operating costs","Fertilizer  ","dollars per planted acre","No specific size","Northern Great Plains","United States",2018,94.16,"Base survey of 2016"
"Corn","Operating costs","Fertilizer  ","dollars per planted acre","No specific size","Northern Great Plains","United States",2019,101.52,"Base survey of 2016"
"Corn","Operating costs","Fertilizer  ","dollars per planted acre","No specific size","Northern Great Plains","United States",2020,92.44,"Base survey of 2016"
"Corn","Operating costs","Fertilizer  ","dollars per planted acre","No specific size","Northern Great Plains","United States",2021,108.02,"Base survey of 2021"
"Corn","Operating costs","Fertilizer  ","dollars per planted acre","No specific size","Northern Great Plains","United States",2022,203.28,"Base survey of 2021"
"Corn","Operating costs","Fertilizer  ","dollars per planted acre","No specific size","Northern Great Plains","United States",2023,161.3,"Base survey of 2021"
"Corn","Operating costs","Fertilizer  ","dollars per planted acre","No specific size","Northern Great Plains","United States",2024,138.24,"Base survey of 2021"
"Corn","Operating costs","Fertilizer  ","dollars per planted acre","No specific size","Prairie Gateway","United States",1996,42.88,"Base survey of 1996"
"Corn","Operating costs","Fertilizer  ","dollars per planted acre","No specific size","Prairie Gateway","United States",1997,42.66,"Base survey of 1996"
"Corn","Operating costs","Fertilizer  ","dollars per planted acre","No specific size","Prairie Gateway","United States",1998,37.23,"Base survey of 1996"
"Corn","Operating costs","Fertilizer  ","dollars per planted acre","No specific size","Prairie Gateway","United States",1999,33.4,"Base survey of 1996"
"Corn","Operating costs","Fertilizer  ","dollars per planted acre","No specific size","Prairie Gateway","United States",2000,35.21,"Base survey of 1996"
"Corn","Operating costs","Fertilizer  ","dollars per planted acre","No specific size","Prairie Gateway","United States",2001,47.37,"Base survey of 2001"
"Corn","Operating costs","Fertilizer  ","dollars per planted acre","No specific size","Prairie Gateway","United States",2002,34.27,"Base survey of 2001"
"Corn","Operating costs","Fertilizer  ","dollars per planted acre","No specific size","Prairie Gateway","United States",2003,44.23,"Base survey of 2001"
"Corn","Operating costs","Fertilizer  ","dollars per planted acre","No specific size","Prairie Gateway","United States",2004,45.84,"Base survey of 2001"
"Corn","Operating costs","Fertilizer  ","dollars per planted acre","No specific size","Prairie Gateway","United States",2005,55.62,"Base survey of 2005"
"Corn","Operating costs","Fertilizer  ","dollars per planted acre","No specific size","Prairie Gateway","United States",2006,63.36,"Base survey of 2005"
"Corn","Operating costs","Fertilizer  ","dollars per planted acre","No specific size","Prairie Gateway","United States",2007,63.36,"Base survey of 2005"
"Corn","Operating costs","Fertilizer  ","dollars per planted acre","No specific size","Prairie Gateway","United States",2008,96.64,"Base survey of 2005"
"Corn","Operating costs","Fertilizer  ","dollars per planted acre","No specific size","Prairie Gateway","United States",2009,90.88,"Base survey of 2005"
"Corn","Operating costs","Fertilizer  ","dollars per planted acre","No specific size","Prairie Gateway","United States",2010,84.96,"Base survey of 2010"
"Corn","Operating costs","Fertilizer  ","dollars per planted acre","No specific size","Prairie Gateway","United States",2011,111.64,"Base survey of 2010"
"Corn","Operating costs","Fertilizer  ","dollars per planted acre","No specific size","Prairie Gateway","United States",2012,118.55,"Base survey of 2010"
"Corn","Operating costs","Fertilizer  ","dollars per planted acre","No specific size","Prairie Gateway","United States",2013,116.25,"Base survey of 2010"
"Corn","Operating costs","Fertilizer  ","dollars per planted acre","No specific size","Prairie Gateway","United States",2014,112.79,"Base survey of 2010"
"Corn","Operating costs","Fertilizer  ","dollars per planted acre","No specific size","Prairie Gateway","United States",2015,103.99,"Base survey of 2010"
"Corn","Operating costs","Fertilizer  ","dollars per planted acre","No specific size","Prairie Gateway","United States",2016,105.04,"Base survey of 2016"
"Corn","Operating costs","Fertilizer  ","dollars per planted acre","No specific size","Prairie Gateway","United States",2017,92.66,"Base survey of 2016"
"Corn","Operating costs","Fertilizer  ","dollars per planted acre","No specific size","Prairie Gateway","United States",2018,95.5,"Base survey of 2016"
"Corn","Operating costs","Fertilizer  ","dollars per planted acre","No specific size","Prairie Gateway","United States",2019,103.55,"Base survey of 2016"
"Corn","Operating costs","Fertilizer  ","dollars per planted acre","No specific size","Prairie Gateway","United States",2020,93.01,"Base survey of 2016"
"Corn","Operating costs","Fertilizer  ","dollars per planted acre","No specific size","Prairie Gateway","United States",2021,85.74,"Base survey of 2021"
"Corn","Operating costs","Fertilizer  ","dollars per planted acre","No specific size","Prairie Gateway","United States",2022,161.68,"Base survey of 2021"
"Corn","Operating costs","Fertilizer  ","dollars per planted acre","No specific size","Prairie Gateway","United States",2023,127.88,"Base survey of 2021"
"Corn","Operating costs","Fertilizer  ","dollars per planted acre","No specific size","Prairie Gateway","United States",2024,109.58,"Base survey of 2021"
"Corn","Operating costs","Fertilizer  ","dollars per planted acre","No specific size","Eastern Uplands","United States",1996,70.57,"Base survey of 1996"
"Corn","Operating costs","Fertilizer  ","dollars per planted acre","No specific size","Eastern Uplands","United States",1997,68.04,"Base survey of 1996"
"Corn","Operating costs","Fertilizer  ","dollars per planted acre","No specific size","Eastern Uplands","United States",1998,62.34,"Base survey of 1996"
"Corn","Operating costs","Fertilizer  ","dollars per planted acre","No specific size","Eastern Uplands","United States",1999,60.23,"Base survey of 1996"
"Corn","Operating costs","Fertilizer  ","dollars per planted acre","No specific size","Eastern Uplands","United States",2000,61.01,"Base survey of 1996"
"Corn","Operating costs","Fertilizer  ","dollars per planted acre","No specific size","Eastern Uplands","United States",2001,66.14,"Base survey of 2001"
"Corn","Operating costs","Fertilizer  ","dollars per planted acre","No specific size","Eastern Uplands","United States",2002,55.69,"Base survey of 2001"
"Corn","Operating costs","Fertilizer  ","dollars per planted acre","No specific size","Eastern Uplands","United States",2003,64.34,"Base survey of 2001"
"Corn","Operating costs","Fertilizer  ","dollars per planted acre","No specific size","Eastern Uplands","United States",2004,68.88,"Base survey of 2001"
"Corn","Operating costs","Fertilizer  ","dollars per planted acre","No specific size","Eastern Uplands","United States",2005,87.96,"Base survey of 2005"
"Corn","Operating costs","Fertilizer  ","dollars per planted acre","No specific size","Eastern Uplands","United States",2006,100.21,"Base survey of 2005"
"Corn","Operating costs","Fertilizer  ","dollars per planted acre","No specific size","Eastern Uplands","United States",2007,116.35,"Base survey of 2005"
"Corn","Operating costs","Fertilizer  ","dollars per planted acre","No specific size","Eastern Uplands","United States",2008,177.46,"Base survey of 2005"
"Corn","Operating costs","Fertilizer  ","dollars per planted acre","No specific size","Eastern Uplands","United States",2009,166.89,"Base survey of 2005"
"Corn","Operating costs","Fertilizer  ","dollars per planted acre","No specific size","Eastern Uplands","United States",2010,131.41,"Base survey of 2010"
"Corn","Operating costs","Fertilizer  ","dollars per planted acre","No specific size","Eastern Uplands","United States",2011,172.68,"Base survey of 2010"
"Corn","Operating costs","Fertilizer  ","dollars per planted acre","No specific size","Eastern Uplands","United States",2012,183.36,"Base survey of 2010"
"Corn","Operating costs","Fertilizer  ","dollars per planted acre","No specific size","Eastern Uplands","United States",2013,179.8,"Base survey of 2010"
"Corn","Operating costs","Fertilizer  ","dollars per planted acre","No specific size","Eastern Uplands","United States",2014,174.46,"Base survey of 2010"
"Corn","Operating costs","Fertilizer  ","dollars per planted acre","No specific size","Eastern Uplands","United States",2015,160.84,"Base survey of 2010"
"Corn","Operating costs","Fertilizer  ","dollars per planted acre","No specific size","Eastern Uplands","United States",2016,147.28,"Base survey of 2016"
"Corn","Operating costs","Fertilizer  ","dollars per planted acre","No specific size","Eastern Uplands","United States",2017,129.96,"Base survey of 2016"
"Corn","Operating costs","Fertilizer  ","dollars per planted acre","No specific size","Eastern Uplands","United States",2018,132.86,"Base survey of 2016"
"Corn","Operating costs","Fertilizer  ","dollars per planted acre","No specific size","Eastern Uplands","United States",2019,146.55,"Base survey of 2016"
"Corn","Operating costs","Fertilizer  ","dollars per planted acre","No specific size","Eastern Uplands","United States",2020,130.58,"Base survey of 2016"
"Corn","Operating costs","Fertilizer  ","dollars per planted acre","No specific size","Eastern Uplands","United States",2021,139.96,"Base survey of 2021"
"Corn","Operating costs","Fertilizer  ","dollars per planted acre","No specific size","Eastern Uplands","United States",2022,264.13,"Base survey of 2021"
"Corn","Operating costs","Fertilizer  ","dollars per planted acre","No specific size","Eastern Uplands","United States",2023,209.6,"Base survey of 2021"
"Corn","Operating costs","Fertilizer  ","dollars per planted acre","No specific size","Eastern Uplands","United States",2024,178.22,"Base survey of 2021"
"Corn","Operating costs","Fertilizer  ","dollars per planted acre","No specific size","Southern Seaboard","United States",1996,68.94,"Base survey of 1996"
"Corn","Operating costs","Fertilizer  ","dollars per planted acre","No specific size","Southern Seaboard","United States",1997,67.79,"Base survey of 1996"
"Corn","Operating costs","Fertilizer  ","dollars per planted acre","No specific size","Southern Seaboard","United States",1998,63.8,"Base survey of 1996"
"Corn","Operating costs","Fertilizer  ","dollars per planted acre","No specific size","Southern Seaboard","United States",1999,60.41,"Base survey of 1996"
"Corn","Operating costs","Fertilizer  ","dollars per planted acre","No specific size","Southern Seaboard","United States",2000,60.3,"Base survey of 1996"
"Corn","Operating costs","Fertilizer  ","dollars per planted acre","No specific size","Southern Seaboard","United States",2001,66.04,"Base survey of 2001"
"Corn","Operating costs","Fertilizer  ","dollars per planted acre","No specific size","Southern Seaboard","United States",2002,55.56,"Base survey of 2001"
"Corn","Operating costs","Fertilizer  ","dollars per planted acre","No specific size","Southern Seaboard","United States",2003,57.95,"Base survey of 2001"
"Corn","Operating costs","Fertilizer  ","dollars per planted acre","No specific size","Southern Seaboard","United States",2004,67.87,"Base survey of 2001"
"Corn","Operating costs","Fertilizer  ","dollars per planted acre","No specific size","Southern Seaboard","United States",2005,73.55,"Base survey of 2005"
"Corn","Operating costs","Fertilizer  ","dollars per planted acre","No specific size","Southern Seaboard","United States",2006,83.79,"Base survey of 2005"
"Corn","Operating costs","Fertilizer  ","dollars per planted acre","No specific size","Southern Seaboard","United States",2007,97.29,"Base survey of 2005"
"Corn","Operating costs","Fertilizer  ","dollars per planted acre","No specific size","Southern Seaboard","United States",2008,148.39,"Base survey of 2005"
"Corn","Operating costs","Fertilizer  ","dollars per planted acre","No specific size","Southern Seaboard","United States",2009,139.55,"Base survey of 2005"
"Corn","Operating costs","Fertilizer  ","dollars per planted acre","No specific size","Southern Seaboard","United States",2010,137.78,"Base survey of 2010"
"Corn","Operating costs","Fertilizer  ","dollars per planted acre","No specific size","Southern Seaboard","United States",2011,181.05,"Base survey of 2010"
"Corn","Operating costs","Fertilizer  ","dollars per planted acre","No specific size","Southern Seaboard","United States",2012,192.25,"Base survey of 2010"
"Corn","Operating costs","Fertilizer  ","dollars per planted acre","No specific size","Southern Seaboard","United States",2013,188.52,"Base survey of 2010"
"Corn","Operating costs","Fertilizer  ","dollars per planted acre","No specific size","Southern Seaboard","United States",2014,182.92,"Base survey of 2010"
"Corn","Operating costs","Fertilizer  ","dollars per planted acre","No specific size","Southern Seaboard","United States",2015,168.64,"Base survey of 2010"
"Corn","Operating costs","Fertilizer  ","dollars per planted acre","No specific size","Southern Seaboard","United States",2016,185.93,"Base survey of 2016"
"Corn","Operating costs","Fertilizer  ","dollars per planted acre","No specific size","Southern Seaboard","United States",2017,161.33,"Base survey of 2016"
"Corn","Operating costs","Fertilizer  ","dollars per planted acre","No specific size","Southern Seaboard","United States",2018,166.75,"Base survey of 2016"
"Corn","Operating costs","Fertilizer  ","dollars per planted acre","No specific size","Southern Seaboard","United States",2019,182.1,"Base survey of 2016"
"Corn","Operating costs","Fertilizer  ","dollars per planted acre","No specific size","Southern Seaboard","United States",2020,163.73,"Base survey of 2016"
"Corn","Operating costs","Fertilizer  ","dollars per planted acre","No specific size","Southern Seaboard","United States",2021,159.66,"Base survey of 2021"
"Corn","Operating costs","Fertilizer  ","dollars per planted acre","No specific size","Southern Seaboard","United States",2022,301.39,"Base survey of 2021"
"Corn","Operating costs","Fertilizer  ","dollars per planted acre","No specific size","Southern Seaboard","United States",2023,238.57,"Base survey of 2021"
"Corn","Operating costs","Fertilizer  ","dollars per planted acre","No specific size","Southern Seaboard","United States",2024,204.12,"Base survey of 2021"
"Corn","Operating costs","Chemicals","dollars per planted acre","No specific size","U.S. total","United States",1996,27.42,"Base survey of 1996"
"Corn","Operating costs","Chemicals","dollars per planted acre","No specific size","U.S. total","United States",1997,26.87,"Base survey of 1996"
"Corn","Operating costs","Chemicals","dollars per planted acre","No specific size","U.S. total","United States",1998,27.36,"Base survey of 1996"
"Corn","Operating costs","Chemicals","dollars per planted acre","No specific size","U.S. total","United States",1999,28.4,"Base survey of 1996"
"Corn","Operating costs","Chemicals","dollars per planted acre","No specific size","U.S. total","United States",2000,28.82,"Base survey of 1996"
"Corn","Operating costs","Chemicals","dollars per planted acre","No specific size","U.S. total","United States",2001,26.44,"Base survey of 2001"
"Corn","Operating costs","Chemicals","dollars per planted acre","No specific size","U.S. total","United States",2002,26.11,"Base survey of 2001"
"Corn","Operating costs","Chemicals","dollars per planted acre","No specific size","U.S. total","United States",2003,26.2,"Base survey of 2001"
"Corn","Operating costs","Chemicals","dollars per planted acre","No specific size","U.S. total","United States",2004,26.76,"Base survey of 2001"
"Corn","Operating costs","Chemicals","dollars per planted acre","No specific size","U.S. total","United States",2005,22.84,"Base survey of 2005"
"Corn","Operating costs","Chemicals","dollars per planted acre","No specific size","U.S. total","United States",2006,23.62,"Base survey of 2005"
"Corn","Operating costs","Chemicals","dollars per planted acre","No specific size","U.S. total","United States",2007,24.38,"Base survey of 2005"
"Corn","Operating costs","Chemicals","dollars per planted acre","No specific size","U.S. total","United States",2008,25.19,"Base survey of 2005"
"Corn","Operating costs","Chemicals","dollars per planted acre","No specific size","U.S. total","United States",2009,27.83,"Base survey of 2005"
"Corn","Operating costs","Chemicals","dollars per planted acre","No specific size","U.S. total","United States",2010,26.29,"Base survey of 2010"
"Corn","Operating costs","Chemicals","dollars per planted acre","No specific size","U.S. total","United States",2011,26.35,"Base survey of 2010"
"Corn","Operating costs","Chemicals","dollars per planted acre","No specific size","U.S. total","United States",2012,27.52,"Base survey of 2010"
"Corn","Operating costs","Chemicals","dollars per planted acre","No specific size","U.S. total","United States",2013,28.57,"Base survey of 2010"
"Corn","Operating costs","Chemicals","dollars per planted acre","No specific size","U.S. total","United States",2014,29.2,"Base survey of 2010"
"Corn","Operating costs","Chemicals","dollars per planted acre","No specific size","U.S. total","United States",2015,27.95,"Base survey of 2010"
"Corn","Operating costs","Chemicals","dollars per planted acre","No specific size","U.S. total","United States",2016,35.65,"Base survey of 2016"
"Corn","Operating costs","Chemicals","dollars per planted acre","No specific size","U.S. total","United States",2017,34.24,"Base survey of 2016"
"Corn","Operating costs","Chemicals","dollars per planted acre","No specific size","U.S. total","United States",2018,33.82,"Base survey of 2016"
"Corn","Operating costs","Chemicals","dollars per planted acre","No specific size","U.S. total","United States",2019,33.27,"Base survey of 2016"
"Corn","Operating costs","Chemicals","dollars per planted acre","No specific size","U.S. total","United States",2020,31.56,"Base survey of 2016"
"Corn","Operating costs","Chemicals","dollars per planted acre","No specific size","U.S. total","United States",2021,41.32,"Base survey of 2021"
"Corn","Operating costs","Chemicals","dollars per planted acre","No specific size","U.S. total","United States",2022,63.37,"Base survey of 2021"
"Corn","Operating costs","Chemicals","dollars per planted acre","No specific size","U.S. total","United States",2023,61.27,"Base survey of 2021"
"Corn","Operating costs","Chemicals","dollars per planted acre","No specific size","U.S. total","United States",2024,48.94,"Base survey of 2021"
"Corn","Operating costs","Chemicals","dollars per planted acre","No specific size","Heartland","United States",1996,28.57,"Base survey of 1996"
"Corn","Operating costs","Chemicals","dollars per planted acre","No specific size","Heartland","United States",1997,27.97,"Base survey of 1996"
"Corn","Operating costs","Chemicals","dollars per planted acre","No specific size","Heartland","United States",1998,28.69,"Base survey of 1996"
"Corn","Operating costs","Chemicals","dollars per planted acre","No specific size","Heartland","United States",1999,29.95,"Base survey of 1996"
"Corn","Operating costs","Chemicals","dollars per planted acre","No specific size","Heartland","United States",2000,30.51,"Base survey of 1996"
"Corn","Operating costs","Chemicals","dollars per planted acre","No specific size","Heartland","United States",2001,26.67,"Base survey of 2001"
"Corn","Operating costs","Chemicals","dollars per planted acre","No specific size","Heartland","United States",2002,26.22,"Base survey of 2001"
"Corn","Operating costs","Chemicals","dollars per planted acre","No specific size","Heartland","United States",2003,26.5,"Base survey of 2001"
"Corn","Operating costs","Chemicals","dollars per planted acre","No specific size","Heartland","United States",2004,27.11,"Base survey of 2001"
"Corn","Operating costs","Chemicals","dollars per planted acre","No specific size","Heartland","United States",2005,24.71,"Base survey of 2005"
"Corn","Operating costs","Chemicals","dollars per planted acre","No specific size","Heartland","United States",2006,25.73,"Base survey of 2005"
"Corn","Operating costs","Chemicals","dollars per planted acre","No specific size","Heartland","United States",2007,26.55,"Base survey of 2005"
"Corn","Operating costs","Chemicals","dollars per planted acre","No specific size","Heartland","United States",2008,27.68,"Base survey of 2005"
"Corn","Operating costs","Chemicals","dollars per planted acre","No specific size","Heartland","United States",2009,30.52,"Base survey of 2005"
"Corn","Operating costs","Chemicals","dollars per planted acre","No specific size","Heartland","United States",2010,26.95,"Base survey of 2010"
"Corn","Operating costs","Chemicals","dollars per planted acre","No specific size","Heartland","United States",2011,26.95,"Base survey of 2010"
"Corn","Operating costs","Chemicals","dollars per planted acre","No specific size","Heartland","United States",2012,28.31,"Base survey of 2010"
"Corn","Operating costs","Chemicals","dollars per planted acre","No specific size","Heartland","United States",2013,29.4,"Base survey of 2010"
"Corn","Operating costs","Chemicals","dollars per planted acre","No specific size","Heartland","United States",2014,29.94,"Base survey of 2010"
"Corn","Operating costs","Chemicals","dollars per planted acre","No specific size","Heartland","United States",2015,28.66,"Base survey of 2010"
"Corn","Operating costs","Chemicals","dollars per planted acre","No specific size","Heartland","United States",2016,36.56,"Base survey of 2016"
"Corn","Operating costs","Chemicals","dollars per planted acre","No specific size","Heartland","United States",2017,35.05,"Base survey of 2016"
"Corn","Operating costs","Chemicals","dollars per planted acre","No specific size","Heartland","United States",2018,34.53,"Base survey of 2016"
"Corn","Operating costs","Chemicals","dollars per planted acre","No specific size","Heartland","United States",2019,33.88,"Base survey of 2016"
"Corn","Operating costs","Chemicals","dollars per planted acre","No specific size","Heartland","United States",2020,31.97,"Base survey of 2016"
"Corn","Operating costs","Chemicals","dollars per planted acre","No specific size","Heartland","United States",2021,41.74,"Base survey of 2021"
"Corn","Operating costs","Chemicals","dollars per planted acre","No specific size","Heartland","United States",2022,63.7,"Base survey of 2021"
"Corn","Operating costs","Chemicals","dollars per planted acre","No specific size","Heartland","United States",2023,61.87,"Base survey of 2021"
"Corn","Operating costs","Chemicals","dollars per planted acre","No specific size","Heartland","United States",2024,49.34,"Base survey of 2021"
"Corn","Operating costs","Chemicals","dollars per planted acre","No specific size","Northern Crescent","United States",1996,26.37,"Base survey of 1996"
"Corn","Operating costs","Chemicals","dollars per planted acre","No specific size","Northern Crescent","United States",1997,26.04,"Base survey of 1996"
"Corn","Operating costs","Chemicals","dollars per planted acre","No specific size","Northern Crescent","United States",1998,26.01,"Base survey of 1996"
"Corn","Operating costs","Chemicals","dollars per planted acre","No specific size","Northern Crescent","United States",1999,27.2,"Base survey of 1996"
"Corn","Operating costs","Chemicals","dollars per planted acre","No specific size","Northern Crescent","United States",2000,27.64,"Base survey of 1996"
"Corn","Operating costs","Chemicals","dollars per planted acre","No specific size","Northern Crescent","United States",2001,25.4,"Base survey of 2001"
"Corn","Operating costs","Chemicals","dollars per planted acre","No specific size","Northern Crescent","United States",2002,25.43,"Base survey of 2001"
"Corn","Operating costs","Chemicals","dollars per planted acre","No specific size","Northern Crescent","United States",2003,25.77,"Base survey of 2001"
"Corn","Operating costs","Chemicals","dollars per planted acre","No specific size","Northern Crescent","United States",2004,26.35,"Base survey of 2001"
"Corn","Operating costs","Chemicals","dollars per planted acre","No specific size","Northern Crescent","United States",2005,19.95,"Base survey of 2005"
"Corn","Operating costs","Chemicals","dollars per planted acre","No specific size","Northern Crescent","United States",2006,20.77,"Base survey of 2005"
"Corn","Operating costs","Chemicals","dollars per planted acre","No specific size","Northern Crescent","United States",2007,21.43,"Base survey of 2005"
"Corn","Operating costs","Chemicals","dollars per planted acre","No specific size","Northern Crescent","United States",2008,22.34,"Base survey of 2005"
"Corn","Operating costs","Chemicals","dollars per planted acre","No specific size","Northern Crescent","United States",2009,24.63,"Base survey of 2005"
"Corn","Operating costs","Chemicals","dollars per planted acre","No specific size","Northern Crescent","United States",2010,25.7,"Base survey of 2010"
"Corn","Operating costs","Chemicals","dollars per planted acre","No specific size","Northern Crescent","United States",2011,25.7,"Base survey of 2010"
"Corn","Operating costs","Chemicals","dollars per planted acre","No specific size","Northern Crescent","United States",2012,27,"Base survey of 2010"
"Corn","Operating costs","Chemicals","dollars per planted acre","No specific size","Northern Crescent","United States",2013,28.04,"Base survey of 2010"
"Corn","Operating costs","Chemicals","dollars per planted acre","No specific size","Northern Crescent","United States",2014,28.56,"Base survey of 2010"
"Corn","Operating costs","Chemicals","dollars per planted acre","No specific size","Northern Crescent","United States",2015,27.33,"Base survey of 2010"
"Corn","Operating costs","Chemicals","dollars per planted acre","No specific size","Northern Crescent","United States",2016,33.26,"Base survey of 2016"
"Corn","Operating costs","Chemicals","dollars per planted acre","No specific size","Northern Crescent","United States",2017,31.96,"Base survey of 2016"
"Corn","Operating costs","Chemicals","dollars per planted acre","No specific size","Northern Crescent","United States",2018,31.41,"Base survey of 2016"
"Corn","Operating costs","Chemicals","dollars per planted acre","No specific size","Northern Crescent","United States",2019,30.98,"Base survey of 2016"
"Corn","Operating costs","Chemicals","dollars per planted acre","No specific size","Northern Crescent","United States",2020,29.18,"Base survey of 2016"
"Corn","Operating costs","Chemicals","dollars per planted acre","No specific size","Northern Crescent","United States",2021,37.75,"Base survey of 2021"
"Corn","Operating costs","Chemicals","dollars per planted acre","No specific size","Northern Crescent","United States",2022,57.76,"Base survey of 2021"
"Corn","Operating costs","Chemicals","dollars per planted acre","No specific size","Northern Crescent","United States",2023,56.21,"Base survey of 2021"
"Corn","Operating costs","Chemicals","dollars per planted acre","No specific size","Northern Crescent","United States",2024,44.71,"Base survey of 2021"
"Corn","Operating costs","Chemicals","dollars per planted acre","No specific size","Northern Great Plains","United States",1996,19.15,"Base survey of 1996"
"Corn","Operating costs","Chemicals","dollars per planted acre","No specific size","Northern Great Plains","United States",1997,19,"Base survey of 1996"
"Corn","Operating costs","Chemicals","dollars per planted acre","No specific size","Northern Great Plains","United States",1998,19.41,"Base survey of 1996"
"Corn","Operating costs","Chemicals","dollars per planted acre","No specific size","Northern Great Plains","United States",1999,19.57,"Base survey of 1996"
"Corn","Operating costs","Chemicals","dollars per planted acre","No specific size","Northern Great Plains","United States",2000,19.57,"Base survey of 1996"
"Corn","Operating costs","Chemicals","dollars per planted acre","No specific size","Northern Great Plains","United States",2001,20.19,"Base survey of 2001"
"Corn","Operating costs","Chemicals","dollars per planted acre","No specific size","Northern Great Plains","United States",2002,20.64,"Base survey of 2001"
"Corn","Operating costs","Chemicals","dollars per planted acre","No specific size","Northern Great Plains","United States",2003,20.5,"Base survey of 2001"
"Corn","Operating costs","Chemicals","dollars per planted acre","No specific size","Northern Great Plains","United States",2004,20.66,"Base survey of 2001"
"Corn","Operating costs","Chemicals","dollars per planted acre","No specific size","Northern Great Plains","United States",2005,15.82,"Base survey of 2005"
"Corn","Operating costs","Chemicals","dollars per planted acre","No specific size","Northern Great Plains","United States",2006,16.47,"Base survey of 2005"
"Corn","Operating costs","Chemicals","dollars per planted acre","No specific size","Northern Great Plains","United States",2007,16.99,"Base survey of 2005"
"Corn","Operating costs","Chemicals","dollars per planted acre","No specific size","Northern Great Plains","United States",2008,17.71,"Base survey of 2005"
"Corn","Operating costs","Chemicals","dollars per planted acre","No specific size","Northern Great Plains","United States",2009,19.52,"Base survey of 2005"
"Corn","Operating costs","Chemicals","dollars per planted acre","No specific size","Northern Great Plains","United States",2010,18.34,"Base survey of 2010"
"Corn","Operating costs","Chemicals","dollars per planted acre","No specific size","Northern Great Plains","United States",2011,18.34,"Base survey of 2010"
"Corn","Operating costs","Chemicals","dollars per planted acre","No specific size","Northern Great Plains","United States",2012,19.27,"Base survey of 2010"
"Corn","Operating costs","Chemicals","dollars per planted acre","No specific size","Northern Great Plains","United States",2013,20.01,"Base survey of 2010"
"Corn","Operating costs","Chemicals","dollars per planted acre","No specific size","Northern Great Plains","United States",2014,20.38,"Base survey of 2010"
"Corn","Operating costs","Chemicals","dollars per planted acre","No specific size","Northern Great Plains","United States",2015,19.5,"Base survey of 2010"
"Corn","Operating costs","Chemicals","dollars per planted acre","No specific size","Northern Great Plains","United States",2016,25.31,"Base survey of 2016"
"Corn","Operating costs","Chemicals","dollars per planted acre","No specific size","Northern Great Plains","United States",2017,24.3,"Base survey of 2016"
"Corn","Operating costs","Chemicals","dollars per planted acre","No specific size","Northern Great Plains","United States",2018,23.94,"Base survey of 2016"
"Corn","Operating costs","Chemicals","dollars per planted acre","No specific size","Northern Great Plains","United States",2019,23.37,"Base survey of 2016"
"Corn","Operating costs","Chemicals","dollars per planted acre","No specific size","Northern Great Plains","United States",2020,22.27,"Base survey of 2016"
"Corn","Operating costs","Chemicals","dollars per planted acre","No specific size","Northern Great Plains","United States",2021,36.21,"Base survey of 2021"
"Corn","Operating costs","Chemicals","dollars per planted acre","No specific size","Northern Great Plains","United States",2022,57.27,"Base survey of 2021"
"Corn","Operating costs","Chemicals","dollars per planted acre","No specific size","Northern Great Plains","United States",2023,53.9,"Base survey of 2021"
"Corn","Operating costs","Chemicals","dollars per planted acre","No specific size","Northern Great Plains","United States",2024,42.89,"Base survey of 2021"
"Corn","Operating costs","Chemicals","dollars per planted acre","No specific size","Prairie Gateway","United States",1996,26.5,"Base survey of 1996"
"Corn","Operating costs","Chemicals","dollars per planted acre","No specific size","Prairie Gateway","United States",1997,25.78,"Base survey of 1996"
"Corn","Operating costs","Chemicals","dollars per planted acre","No specific size","Prairie Gateway","United States",1998,25.87,"Base survey of 1996"
"Corn","Operating costs","Chemicals","dollars per planted acre","No specific size","Prairie Gateway","United States",1999,25.8,"Base survey of 1996"
"Corn","Operating costs","Chemicals","dollars per planted acre","No specific size","Prairie Gateway","United States",2000,25.99,"Base survey of 1996"
"Corn","Operating costs","Chemicals","dollars per planted acre","No specific size","Prairie Gateway","United States",2001,28.86,"Base survey of 2001"
"Corn","Operating costs","Chemicals","dollars per planted acre","No specific size","Prairie Gateway","United States",2002,28.76,"Base survey of 2001"
"Corn","Operating costs","Chemicals","dollars per planted acre","No specific size","Prairie Gateway","United States",2003,28.04,"Base survey of 2001"
"Corn","Operating costs","Chemicals","dollars per planted acre","No specific size","Prairie Gateway","United States",2004,28.76,"Base survey of 2001"
"Corn","Operating costs","Chemicals","dollars per planted acre","No specific size","Prairie Gateway","United States",2005,19.23,"Base survey of 2005"
"Corn","Operating costs","Chemicals","dollars per planted acre","No specific size","Prairie Gateway","United States",2006,20.02,"Base survey of 2005"
"Corn","Operating costs","Chemicals","dollars per planted acre","No specific size","Prairie Gateway","United States",2007,20.02,"Base survey of 2005"
"Corn","Operating costs","Chemicals","dollars per planted acre","No specific size","Prairie Gateway","United States",2008,20.87,"Base survey of 2005"
"Corn","Operating costs","Chemicals","dollars per planted acre","No specific size","Prairie Gateway","United States",2009,23.01,"Base survey of 2005"
"Corn","Operating costs","Chemicals","dollars per planted acre","No specific size","Prairie Gateway","United States",2010,26.42,"Base survey of 2010"
"Corn","Operating costs","Chemicals","dollars per planted acre","No specific size","Prairie Gateway","United States",2011,26.42,"Base survey of 2010"
"Corn","Operating costs","Chemicals","dollars per planted acre","No specific size","Prairie Gateway","United States",2012,27.75,"Base survey of 2010"
"Corn","Operating costs","Chemicals","dollars per planted acre","No specific size","Prairie Gateway","United States",2013,28.82,"Base survey of 2010"
"Corn","Operating costs","Chemicals","dollars per planted acre","No specific size","Prairie Gateway","United States",2014,29.36,"Base survey of 2010"
"Corn","Operating costs","Chemicals","dollars per planted acre","No specific size","Prairie Gateway","United States",2015,28.1,"Base survey of 2010"
"Corn","Operating costs","Chemicals","dollars per planted acre","No specific size","Prairie Gateway","United States",2016,39.42,"Base survey of 2016"
"Corn","Operating costs","Chemicals","dollars per planted acre","No specific size","Prairie Gateway","United States",2017,38.35,"Base survey of 2016"
"Corn","Operating costs","Chemicals","dollars per planted acre","No specific size","Prairie Gateway","United States",2018,37.98,"Base survey of 2016"
"Corn","Operating costs","Chemicals","dollars per planted acre","No specific size","Prairie Gateway","United States",2019,37.25,"Base survey of 2016"
"Corn","Operating costs","Chemicals","dollars per planted acre","No specific size","Prairie Gateway","United States",2020,35.27,"Base survey of 2016"
"Corn","Operating costs","Chemicals","dollars per planted acre","No specific size","Prairie Gateway","United States",2021,46.76,"Base survey of 2021"
"Corn","Operating costs","Chemicals","dollars per planted acre","No specific size","Prairie Gateway","United States",2022,71.21,"Base survey of 2021"
"Corn","Operating costs","Chemicals","dollars per planted acre","No specific size","Prairie Gateway","United States",2023,69.07,"Base survey of 2021"
"Corn","Operating costs","Chemicals","dollars per planted acre","No specific size","Prairie Gateway","United States",2024,55.11,"Base survey of 2021"
"Corn","Operating costs","Chemicals","dollars per planted acre","No specific size","Eastern Uplands","United States",1996,31.66,"Base survey of 1996"
"Corn","Operating costs","Chemicals","dollars per planted acre","No specific size","Eastern Uplands","United States",1997,30.31,"Base survey of 1996"
"Corn","Operating costs","Chemicals","dollars per planted acre","No specific size","Eastern Uplands","United States",1998,31.63,"Base survey of 1996"
"Corn","Operating costs","Chemicals","dollars per planted acre","No specific size","Eastern Uplands","United States",1999,32.17,"Base survey of 1996"
"Corn","Operating costs","Chemicals","dollars per planted acre","No specific size","Eastern Uplands","United States",2000,32.33,"Base survey of 1996"
"Corn","Operating costs","Chemicals","dollars per planted acre","No specific size","Eastern Uplands","United States",2001,23.77,"Base survey of 2001"
"Corn","Operating costs","Chemicals","dollars per planted acre","No specific size","Eastern Uplands","United States",2002,23.48,"Base survey of 2001"
"Corn","Operating costs","Chemicals","dollars per planted acre","No specific size","Eastern Uplands","United States",2003,24.74,"Base survey of 2001"
"Corn","Operating costs","Chemicals","dollars per planted acre","No specific size","Eastern Uplands","United States",2004,24.31,"Base survey of 2001"
"Corn","Operating costs","Chemicals","dollars per planted acre","No specific size","Eastern Uplands","United States",2005,22.26,"Base survey of 2005"
"Corn","Operating costs","Chemicals","dollars per planted acre","No specific size","Eastern Uplands","United States",2006,23.18,"Base survey of 2005"
"Corn","Operating costs","Chemicals","dollars per planted acre","No specific size","Eastern Uplands","United States",2007,23.92,"Base survey of 2005"
"Corn","Operating costs","Chemicals","dollars per planted acre","No specific size","Eastern Uplands","United States",2008,24.94,"Base survey of 2005"
"Corn","Operating costs","Chemicals","dollars per planted acre","No specific size","Eastern Uplands","United States",2009,27.5,"Base survey of 2005"
"Corn","Operating costs","Chemicals","dollars per planted acre","No specific size","Eastern Uplands","United States",2010,24.55,"Base survey of 2010"
"Corn","Operating costs","Chemicals","dollars per planted acre","No specific size","Eastern Uplands","United States",2011,24.55,"Base survey of 2010"
"Corn","Operating costs","Chemicals","dollars per planted acre","No specific size","Eastern Uplands","United States",2012,25.79,"Base survey of 2010"
"Corn","Operating costs","Chemicals","dollars per planted acre","No specific size","Eastern Uplands","United States",2013,26.78,"Base survey of 2010"
"Corn","Operating costs","Chemicals","dollars per planted acre","No specific size","Eastern Uplands","United States",2014,27.28,"Base survey of 2010"
"Corn","Operating costs","Chemicals","dollars per planted acre","No specific size","Eastern Uplands","United States",2015,26.11,"Base survey of 2010"
"Corn","Operating costs","Chemicals","dollars per planted acre","No specific size","Eastern Uplands","United States",2016,37.31,"Base survey of 2016"
"Corn","Operating costs","Chemicals","dollars per planted acre","No specific size","Eastern Uplands","United States",2017,35.93,"Base survey of 2016"
"Corn","Operating costs","Chemicals","dollars per planted acre","No specific size","Eastern Uplands","United States",2018,35.46,"Base survey of 2016"
"Corn","Operating costs","Chemicals","dollars per planted acre","No specific size","Eastern Uplands","United States",2019,34.12,"Base survey of 2016"
"Corn","Operating costs","Chemicals","dollars per planted acre","No specific size","Eastern Uplands","United States",2020,32.51,"Base survey of 2016"
"Corn","Operating costs","Chemicals","dollars per planted acre","No specific size","Eastern Uplands","United States",2021,39.98,"Base survey of 2021"
"Corn","Operating costs","Chemicals","dollars per planted acre","No specific size","Eastern Uplands","United States",2022,60.91,"Base survey of 2021"
"Corn","Operating costs","Chemicals","dollars per planted acre","No specific size","Eastern Uplands","United States",2023,59.51,"Base survey of 2021"
"Corn","Operating costs","Chemicals","dollars per planted acre","No specific size","Eastern Uplands","United States",2024,47.35,"Base survey of 2021"
"Corn","Operating costs","Chemicals","dollars per planted acre","No specific size","Southern Seaboard","United States",1996,21.86,"Base survey of 1996"
"Corn","Operating costs","Chemicals","dollars per planted acre","No specific size","Southern Seaboard","United States",1997,20.77,"Base survey of 1996"
"Corn","Operating costs","Chemicals","dollars per planted acre","No specific size","Southern Seaboard","United States",1998,20.64,"Base survey of 1996"
"Corn","Operating costs","Chemicals","dollars per planted acre","No specific size","Southern Seaboard","United States",1999,20.41,"Base survey of 1996"
"Corn","Operating costs","Chemicals","dollars per planted acre","No specific size","Southern Seaboard","United States",2000,19.84,"Base survey of 1996"
"Corn","Operating costs","Chemicals","dollars per planted acre","No specific size","Southern Seaboard","United States",2001,24.52,"Base survey of 2001"
"Corn","Operating costs","Chemicals","dollars per planted acre","No specific size","Southern Seaboard","United States",2002,24.91,"Base survey of 2001"
"Corn","Operating costs","Chemicals","dollars per planted acre","No specific size","Southern Seaboard","United States",2003,24.86,"Base survey of 2001"
"Corn","Operating costs","Chemicals","dollars per planted acre","No specific size","Southern Seaboard","United States",2004,25.24,"Base survey of 2001"
"Corn","Operating costs","Chemicals","dollars per planted acre","No specific size","Southern Seaboard","United States",2005,21.48,"Base survey of 2005"
"Corn","Operating costs","Chemicals","dollars per planted acre","No specific size","Southern Seaboard","United States",2006,22.37,"Base survey of 2005"
"Corn","Operating costs","Chemicals","dollars per planted acre","No specific size","Southern Seaboard","United States",2007,23.08,"Base survey of 2005"
"Corn","Operating costs","Chemicals","dollars per planted acre","No specific size","Southern Seaboard","United States",2008,24.06,"Base survey of 2005"
"Corn","Operating costs","Chemicals","dollars per planted acre","No specific size","Southern Seaboard","United States",2009,26.53,"Base survey of 2005"
"Corn","Operating costs","Chemicals","dollars per planted acre","No specific size","Southern Seaboard","United States",2010,35.3,"Base survey of 2010"
"Corn","Operating costs","Chemicals","dollars per planted acre","No specific size","Southern Seaboard","United States",2011,35.3,"Base survey of 2010"
"Corn","Operating costs","Chemicals","dollars per planted acre","No specific size","Southern Seaboard","United States",2012,37.08,"Base survey of 2010"
"Corn","Operating costs","Chemicals","dollars per planted acre","No specific size","Southern Seaboard","United States",2013,38.51,"Base survey of 2010"
"Corn","Operating costs","Chemicals","dollars per planted acre","No specific size","Southern Seaboard","United States",2014,39.22,"Base survey of 2010"
"Corn","Operating costs","Chemicals","dollars per planted acre","No specific size","Southern Seaboard","United States",2015,37.54,"Base survey of 2010"
"Corn","Operating costs","Chemicals","dollars per planted acre","No specific size","Southern Seaboard","United States",2016,44.49,"Base survey of 2016"
"Corn","Operating costs","Chemicals","dollars per planted acre","No specific size","Southern Seaboard","United States",2017,42.3,"Base survey of 2016"
"Corn","Operating costs","Chemicals","dollars per planted acre","No specific size","Southern Seaboard","United States",2018,41.81,"Base survey of 2016"
"Corn","Operating costs","Chemicals","dollars per planted acre","No specific size","Southern Seaboard","United States",2019,41.14,"Base survey of 2016"
"Corn","Operating costs","Chemicals","dollars per planted acre","No specific size","Southern Seaboard","United States",2020,38.94,"Base survey of 2016"
"Corn","Operating costs","Chemicals","dollars per planted acre","No specific size","Southern Seaboard","United States",2021,30.62,"Base survey of 2021"
"Corn","Operating costs","Chemicals","dollars per planted acre","No specific size","Southern Seaboard","United States",2022,46.85,"Base survey of 2021"
"Corn","Operating costs","Chemicals","dollars per planted acre","No specific size","Southern Seaboard","United States",2023,45.59,"Base survey of 2021"
"Corn","Operating costs","Chemicals","dollars per planted acre","No specific size","Southern Seaboard","United States",2024,35.62,"Base survey of 2021"
"Corn","Operating costs","Custom services  ","dollars per planted acre","No specific size","U.S. total","United States",1996,11.3,"Base survey of 1996"
"Corn","Operating costs","Custom services  ","dollars per planted acre","No specific size","U.S. total","United States",1997,11.3,"Base survey of 1996"
"Corn","Operating costs","Custom services  ","dollars per planted acre","No specific size","U.S. total","United States",1998,11.29,"Base survey of 1996"
"Corn","Operating costs","Custom services  ","dollars per planted acre","No specific size","U.S. total","United States",1999,11.37,"Base survey of 1996"
"Corn","Operating costs","Custom services  ","dollars per planted acre","No specific size","U.S. total","United States",2000,11.48,"Base survey of 1996"
"Corn","Operating costs","Custom services  ","dollars per planted acre","No specific size","U.S. total","United States",2001,10.94,"Base survey of 2001"
"Corn","Operating costs","Custom services  ","dollars per planted acre","No specific size","U.S. total","United States",2002,10.79,"Base survey of 2001"
"Corn","Operating costs","Custom services  ","dollars per planted acre","No specific size","U.S. total","United States",2003,11.17,"Base survey of 2001"
"Corn","Operating costs","Custom services  ","dollars per planted acre","No specific size","U.S. total","United States",2004,11.55,"Base survey of 2001"
"Corn","Operating costs","Custom services  ","dollars per planted acre","No specific size","U.S. total","United States",2005,9.97,"Base survey of 2005"
"Corn","Operating costs","Custom services  ","dollars per planted acre","No specific size","U.S. total","United States",2006,10.58,"Base survey of 2005"
"Corn","Operating costs","Custom services  ","dollars per planted acre","No specific size","U.S. total","United States",2007,10.93,"Base survey of 2005"
"Corn","Operating costs","Custom services  ","dollars per planted acre","No specific size","U.S. total","United States",2008,10.98,"Base survey of 2005"
"Corn","Operating costs","Custom services  ","dollars per planted acre","No specific size","U.S. total","United States",2009,11.76,"Base survey of 2005"
"Corn","Operating costs","Custom services  ","dollars per planted acre","No specific size","U.S. total","United States",2010,16.36,"Base survey of 2010"
"Corn","Operating costs","Custom services  ","dollars per planted acre","No specific size","U.S. total","United States",2011,16.77,"Base survey of 2010"
"Corn","Operating costs","Custom services  ","dollars per planted acre","No specific size","U.S. total","United States",2012,17.07,"Base survey of 2010"
"Corn","Operating costs","Custom services  ","dollars per planted acre","No specific size","U.S. total","United States",2013,17.77,"Base survey of 2010"
"Corn","Operating costs","Custom services  ","dollars per planted acre","No specific size","U.S. total","United States",2014,18.24,"Base survey of 2010"
"Corn","Operating costs","Custom services  ","dollars per planted acre","No specific size","U.S. total","United States",2015,19.04,"Base survey of 2010"
"Corn","Operating costs","Custom services  ","dollars per planted acre","No specific size","U.S. total","United States",2016,22.69,"Base survey of 2016"
"Corn","Operating costs","Custom services  ","dollars per planted acre","No specific size","U.S. total","United States",2017,22.05,"Base survey of 2016"
"Corn","Operating costs","Custom services  ","dollars per planted acre","No specific size","U.S. total","United States",2018,22.48,"Base survey of 2016"
"Corn","Operating costs","Custom services  ","dollars per planted acre","No specific size","U.S. total","United States",2019,22.74,"Base survey of 2016"
"Corn","Operating costs","Custom services  ","dollars per planted acre","No specific size","U.S. total","United States",2020,22.94,"Base survey of 2016"
"Corn","Operating costs","Custom services  ","dollars per planted acre","No specific size","U.S. total","United States",2021,29.34,"Base survey of 2021"
"Corn","Operating costs","Custom services  ","dollars per planted acre","No specific size","U.S. total","United States",2022,33.23,"Base survey of 2021"
"Corn","Operating costs","Custom services  ","dollars per planted acre","No specific size","U.S. total","United States",2023,34.75,"Base survey of 2021"
"Corn","Operating costs","Custom services  ","dollars per planted acre","No specific size","U.S. total","United States",2024,35.99,"Base survey of 2021"
"Corn","Operating costs","Custom services  ","dollars per planted acre","No specific size","Heartland","United States",1996,10.75,"Base survey of 1996"
"Corn","Operating costs","Custom services  ","dollars per planted acre","No specific size","Heartland","United States",1997,10.58,"Base survey of 1996"
"Corn","Operating costs","Custom services  ","dollars per planted acre","No specific size","Heartland","United States",1998,10.7,"Base survey of 1996"
"Corn","Operating costs","Custom services  ","dollars per planted acre","No specific size","Heartland","United States",1999,10.73,"Base survey of 1996"
"Corn","Operating costs","Custom services  ","dollars per planted acre","No specific size","Heartland","United States",2000,10.96,"Base survey of 1996"
"Corn","Operating costs","Custom services  ","dollars per planted acre","No specific size","Heartland","United States",2001,9.77,"Base survey of 2001"
"Corn","Operating costs","Custom services  ","dollars per planted acre","No specific size","Heartland","United States",2002,9.69,"Base survey of 2001"
"Corn","Operating costs","Custom services  ","dollars per planted acre","No specific size","Heartland","United States",2003,10.09,"Base survey of 2001"
"Corn","Operating costs","Custom services  ","dollars per planted acre","No specific size","Heartland","United States",2004,10.53,"Base survey of 2001"
"Corn","Operating costs","Custom services  ","dollars per planted acre","No specific size","Heartland","United States",2005,8.99,"Base survey of 2005"
"Corn","Operating costs","Custom services  ","dollars per planted acre","No specific size","Heartland","United States",2006,9.4,"Base survey of 2005"
"Corn","Operating costs","Custom services  ","dollars per planted acre","No specific size","Heartland","United States",2007,9.8,"Base survey of 2005"
"Corn","Operating costs","Custom services  ","dollars per planted acre","No specific size","Heartland","United States",2008,9.8,"Base survey of 2005"
"Corn","Operating costs","Custom services  ","dollars per planted acre","No specific size","Heartland","United States",2009,10.47,"Base survey of 2005"
"Corn","Operating costs","Custom services  ","dollars per planted acre","No specific size","Heartland","United States",2010,15.25,"Base survey of 2010"
"Corn","Operating costs","Custom services  ","dollars per planted acre","No specific size","Heartland","United States",2011,15.53,"Base survey of 2010"
"Corn","Operating costs","Custom services  ","dollars per planted acre","No specific size","Heartland","United States",2012,15.84,"Base survey of 2010"
"Corn","Allocated overhead","Hired labor","dollars per planted acre","No specific size","Northern Great Plains","United States",2001,5.48,"Base survey of 2001"
"Corn","Allocated overhead","Hired labor","dollars per planted acre","No specific size","Northern Great Plains","United States",2002,5.26,"Base survey of 2001"
"Corn","Allocated overhead","Hired labor","dollars per planted acre","No specific size","Northern Great Plains","United States",2003,5.3,"Base survey of 2001"
"Corn","Allocated overhead","Hired labor","dollars per planted acre","No specific size","Northern Great Plains","United States",2004,5.42,"Base survey of 2001"
"Corn","Allocated overhead","Hired labor","dollars per planted acre","No specific size","Northern Great Plains","United States",2005,3.3,"Base survey of 2005"
"Corn","Allocated overhead","Hired labor","dollars per planted acre","No specific size","Northern Great Plains","United States",2006,3.42,"Base survey of 2005"
"Corn","Allocated overhead","Hired labor","dollars per planted acre","No specific size","Northern Great Plains","United States",2007,3.54,"Base survey of 2005"
"Corn","Allocated overhead","Hired labor","dollars per planted acre","No specific size","Northern Great Plains","United States",2008,3.66,"Base survey of 2005"
"Corn","Allocated overhead","Hired labor","dollars per planted acre","No specific size","Northern Great Plains","United States",2009,3.74,"Base survey of 2005"
"Corn","Allocated overhead","Hired labor","dollars per planted acre","No specific size","Northern Great Plains","United States",2010,3.17,"Base survey of 2010"
"Corn","Allocated overhead","Hired labor","dollars per planted acre","No specific size","Northern Great Plains","United States",2011,3.2,"Base survey of 2010"
"Corn","Allocated overhead","Hired labor","dollars per planted acre","No specific size","Northern Great Plains","United States",2012,3.32,"Base survey of 2010"
"Corn","Allocated overhead","Hired labor","dollars per planted acre","No specific size","Northern Great Plains","United States",2013,3.41,"Base survey of 2010"
"Corn","Allocated overhead","Hired labor","dollars per planted acre","No specific size","Northern Great Plains","United States",2014,3.48,"Base survey of 2010"
"Corn","Allocated overhead","Hired labor","dollars per planted acre","No specific size","Northern Great Plains","United States",2015,3.6,"Base survey of 2010"
"Corn","Allocated overhead","Hired labor","dollars per planted acre","No specific size","Northern Great Plains","United States",2016,6.17,"Base survey of 2016"
"Corn","Allocated overhead","Hired labor","dollars per planted acre","No specific size","Northern Great Plains","United States",2017,6.4,"Base survey of 2016"
"Corn","Allocated overhead","Hired labor","dollars per planted acre","No specific size","Northern Great Plains","United States",2018,6.83,"Base survey of 2016"
"Corn","Allocated overhead","Hired labor","dollars per planted acre","No specific size","Northern Great Plains","United States",2019,7.3,"Base survey of 2016"
"Corn","Allocated overhead","Hired labor","dollars per planted acre","No specific size","Northern Great Plains","United States",2020,7.62,"Base survey of 2016"
"Corn","Allocated overhead","Hired labor","dollars per planted acre","No specific size","Northern Great Plains","United States",2021,3.11,"Base survey of 2021"
"Corn","Allocated overhead","Hired labor","dollars per planted acre","No specific size","Northern Great Plains","United States",2022,3.23,"Base survey of 2021"
"Corn","Allocated overhead","Hired labor","dollars per planted acre","No specific size","Northern Great Plains","United States",2023,3.51,"Base survey of 2021"
"Corn","Allocated overhead","Hired labor","dollars per planted acre","No specific size","Northern Great Plains","United States",2024,3.63,"Base survey of 2021"
"Corn","Allocated overhead","Hired labor","dollars per planted acre","No specific size","Prairie Gateway","United States",1996,5.5,"Base survey of 1996"
"Corn","Allocated overhead","Hired labor","dollars per planted acre","No specific size","Prairie Gateway","United States",1997,5.88,"Base survey of 1996"
"Corn","Allocated overhead","Hired labor","dollars per planted acre","No specific size","Prairie Gateway","United States",1998,6.01,"Base survey of 1996"
"Corn","Allocated overhead","Hired labor","dollars per planted acre","No specific size","Prairie Gateway","United States",1999,6.07,"Base survey of 1996"
"Corn","Allocated overhead","Hired labor","dollars per planted acre","No specific size","Prairie Gateway","United States",2000,6.21,"Base survey of 1996"
"Corn","Allocated overhead","Hired labor","dollars per planted acre","No specific size","Prairie Gateway","United States",2001,5.04,"Base survey of 2001"
"Corn","Allocated overhead","Hired labor","dollars per planted acre","No specific size","Prairie Gateway","United States",2002,5.35,"Base survey of 2001"
"Corn","Allocated overhead","Hired labor","dollars per planted acre","No specific size","Prairie Gateway","United States",2003,5.48,"Base survey of 2001"
"Corn","Allocated overhead","Hired labor","dollars per planted acre","No specific size","Prairie Gateway","United States",2004,5.58,"Base survey of 2001"
"Corn","Allocated overhead","Hired labor","dollars per planted acre","No specific size","Prairie Gateway","United States",2005,3.66,"Base survey of 2005"
"Corn","Allocated overhead","Hired labor","dollars per planted acre","No specific size","Prairie Gateway","United States",2006,3.79,"Base survey of 2005"
"Corn","Allocated overhead","Hired labor","dollars per planted acre","No specific size","Prairie Gateway","United States",2007,3.79,"Base survey of 2005"
"Corn","Allocated overhead","Hired labor","dollars per planted acre","No specific size","Prairie Gateway","United States",2008,3.92,"Base survey of 2005"
"Corn","Allocated overhead","Hired labor","dollars per planted acre","No specific size","Prairie Gateway","United States",2009,4.01,"Base survey of 2005"
"Corn","Allocated overhead","Hired labor","dollars per planted acre","No specific size","Prairie Gateway","United States",2010,3.34,"Base survey of 2010"
"Corn","Allocated overhead","Hired labor","dollars per planted acre","No specific size","Prairie Gateway","United States",2011,3.38,"Base survey of 2010"
"Corn","Allocated overhead","Hired labor","dollars per planted acre","No specific size","Prairie Gateway","United States",2012,3.49,"Base survey of 2010"
"Corn","Allocated overhead","Hired labor","dollars per planted acre","No specific size","Prairie Gateway","United States",2013,3.6,"Base survey of 2010"
"Corn","Allocated overhead","Hired labor","dollars per planted acre","No specific size","Prairie Gateway","United States",2014,3.66,"Base survey of 2010"
"Corn","Allocated overhead","Hired labor","dollars per planted acre","No specific size","Prairie Gateway","United States",2015,3.8,"Base survey of 2010"
"Corn","Allocated overhead","Hired labor","dollars per planted acre","No specific size","Prairie Gateway","United States",2016,7.96,"Base survey of 2016"
"Corn","Allocated overhead","Hired labor","dollars per planted acre","No specific size","Prairie Gateway","United States",2017,7.96,"Base survey of 2016"
"Corn","Allocated overhead","Hired labor","dollars per planted acre","No specific size","Prairie Gateway","United States",2018,8.36,"Base survey of 2016"
"Corn","Allocated overhead","Hired labor","dollars per planted acre","No specific size","Prairie Gateway","United States",2019,8.8,"Base survey of 2016"
"Corn","Allocated overhead","Hired labor","dollars per planted acre","No specific size","Prairie Gateway","United States",2020,9.1,"Base survey of 2016"
"Corn","Allocated overhead","Hired labor","dollars per planted acre","No specific size","Prairie Gateway","United States",2021,5.84,"Base survey of 2021"
"Corn","Allocated overhead","Hired labor","dollars per planted acre","No specific size","Prairie Gateway","United States",2022,6.28,"Base survey of 2021"
"Corn","Allocated overhead","Hired labor","dollars per planted acre","No specific size","Prairie Gateway","United States",2023,6.65,"Base survey of 2021"
"Corn","Allocated overhead","Hired labor","dollars per planted acre","No specific size","Prairie Gateway","United States",2024,6.82,"Base survey of 2021"
"Corn","Allocated overhead","Hired labor","dollars per planted acre","No specific size","Eastern Uplands","United States",1996,2.56,"Base survey of 1996"
"Corn","Allocated overhead","Hired labor","dollars per planted acre","No specific size","Eastern Uplands","United States",1997,2.59,"Base survey of 1996"
"Corn","Allocated overhead","Hired labor","dollars per planted acre","No specific size","Eastern Uplands","United States",1998,2.75,"Base survey of 1996"
"Corn","Allocated overhead","Hired labor","dollars per planted acre","No specific size","Eastern Uplands","United States",1999,2.92,"Base survey of 1996"
"Corn","Allocated overhead","Hired labor","dollars per planted acre","No specific size","Eastern Uplands","United States",2000,3,"Base survey of 1996"
"Corn","Allocated overhead","Hired labor","dollars per planted acre","No specific size","Eastern Uplands","United States",2001,3.86,"Base survey of 2001"
"Corn","Allocated overhead","Hired labor","dollars per planted acre","No specific size","Eastern Uplands","United States",2002,3.92,"Base survey of 2001"
"Corn","Allocated overhead","Hired labor","dollars per planted acre","No specific size","Eastern Uplands","United States",2003,4.22,"Base survey of 2001"
"Corn","Allocated overhead","Hired labor","dollars per planted acre","No specific size","Eastern Uplands","United States",2004,4.64,"Base survey of 2001"
"Corn","Allocated overhead","Hired labor","dollars per planted acre","No specific size","Eastern Uplands","United States",2005,1.17,"Base survey of 2005"
"Corn","Allocated overhead","Hired labor","dollars per planted acre","No specific size","Eastern Uplands","United States",2006,1.21,"Base survey of 2005"
"Corn","Allocated overhead","Hired labor","dollars per planted acre","No specific size","Eastern Uplands","United States",2007,1.25,"Base survey of 2005"
"Corn","Allocated overhead","Hired labor","dollars per planted acre","No specific size","Eastern Uplands","United States",2008,1.29,"Base survey of 2005"
"Corn","Allocated overhead","Hired labor","dollars per planted acre","No specific size","Eastern Uplands","United States",2009,1.32,"Base survey of 2005"
"Corn","Allocated overhead","Hired labor","dollars per planted acre","No specific size","Eastern Uplands","United States",2010,2.34,"Base survey of 2010"
"Corn","Allocated overhead","Hired labor","dollars per planted acre","No specific size","Eastern Uplands","United States",2011,2.36,"Base survey of 2010"
"Corn","Allocated overhead","Hired labor","dollars per planted acre","No specific size","Eastern Uplands","United States",2012,2.45,"Base survey of 2010"
"Corn","Allocated overhead","Hired labor","dollars per planted acre","No specific size","Eastern Uplands","United States",2013,2.52,"Base survey of 2010"
"Corn","Allocated overhead","Hired labor","dollars per planted acre","No specific size","Eastern Uplands","United States",2014,2.57,"Base survey of 2010"
"Corn","Allocated overhead","Hired labor","dollars per planted acre","No specific size","Eastern Uplands","United States",2015,2.66,"Base survey of 2010"
"Corn","Allocated overhead","Hired labor","dollars per planted acre","No specific size","Eastern Uplands","United States",2016,10.73,"Base survey of 2016"
"Corn","Allocated overhead","Hired labor","dollars per planted acre","No specific size","Eastern Uplands","United States",2017,11.03,"Base survey of 2016"
"Corn","Allocated overhead","Hired labor","dollars per planted acre","No specific size","Eastern Uplands","United States",2018,11.55,"Base survey of 2016"
"Corn","Allocated overhead","Hired labor","dollars per planted acre","No specific size","Eastern Uplands","United States",2019,12.89,"Base survey of 2016"
"Corn","Allocated overhead","Hired labor","dollars per planted acre","No specific size","Eastern Uplands","United States",2020,12.95,"Base survey of 2016"
"Corn","Allocated overhead","Hired labor","dollars per planted acre","No specific size","Eastern Uplands","United States",2021,1.82,"Base survey of 2021"
"Corn","Allocated overhead","Hired labor","dollars per planted acre","No specific size","Eastern Uplands","United States",2022,1.98,"Base survey of 2021"
"Corn","Allocated overhead","Hired labor","dollars per planted acre","No specific size","Eastern Uplands","United States",2023,2.1,"Base survey of 2021"
"Corn","Allocated overhead","Hired labor","dollars per planted acre","No specific size","Eastern Uplands","United States",2024,2.12,"Base survey of 2021"
"Corn","Allocated overhead","Hired labor","dollars per planted acre","No specific size","Southern Seaboard","United States",1996,9.44,"Base survey of 1996"
"Corn","Allocated overhead","Hired labor","dollars per planted acre","No specific size","Southern Seaboard","United States",1997,9.95,"Base survey of 1996"
"Corn","Allocated overhead","Hired labor","dollars per planted acre","No specific size","Southern Seaboard","United States",1998,10.81,"Base survey of 1996"
"Corn","Allocated overhead","Hired labor","dollars per planted acre","No specific size","Southern Seaboard","United States",1999,11.31,"Base survey of 1996"
"Corn","Allocated overhead","Hired labor","dollars per planted acre","No specific size","Southern Seaboard","United States",2000,11.78,"Base survey of 1996"
"Corn","Allocated overhead","Hired labor","dollars per planted acre","No specific size","Southern Seaboard","United States",2001,6.11,"Base survey of 2001"
"Corn","Allocated overhead","Hired labor","dollars per planted acre","No specific size","Southern Seaboard","United States",2002,6.51,"Base survey of 2001"
"Corn","Allocated overhead","Hired labor","dollars per planted acre","No specific size","Southern Seaboard","United States",2003,6.73,"Base survey of 2001"
"Corn","Allocated overhead","Hired labor","dollars per planted acre","No specific size","Southern Seaboard","United States",2004,6.77,"Base survey of 2001"
"Corn","Allocated overhead","Hired labor","dollars per planted acre","No specific size","Southern Seaboard","United States",2005,6.11,"Base survey of 2005"
"Corn","Allocated overhead","Hired labor","dollars per planted acre","No specific size","Southern Seaboard","United States",2006,6.33,"Base survey of 2005"
"Corn","Allocated overhead","Hired labor","dollars per planted acre","No specific size","Southern Seaboard","United States",2007,6.55,"Base survey of 2005"
"Corn","Allocated overhead","Hired labor","dollars per planted acre","No specific size","Southern Seaboard","United States",2008,6.77,"Base survey of 2005"
"Corn","Allocated overhead","Hired labor","dollars per planted acre","No specific size","Southern Seaboard","United States",2009,6.92,"Base survey of 2005"
"Corn","Allocated overhead","Hired labor","dollars per planted acre","No specific size","Southern Seaboard","United States",2010,4.13,"Base survey of 2010"
"Corn","Allocated overhead","Hired labor","dollars per planted acre","No specific size","Southern Seaboard","United States",2011,4.17,"Base survey of 2010"
"Corn","Allocated overhead","Hired labor","dollars per planted acre","No specific size","Southern Seaboard","United States",2012,4.32,"Base survey of 2010"
"Corn","Allocated overhead","Hired labor","dollars per planted acre","No specific size","Southern Seaboard","United States",2013,4.45,"Base survey of 2010"
"Corn","Allocated overhead","Hired labor","dollars per planted acre","No specific size","Southern Seaboard","United States",2014,4.53,"Base survey of 2010"
"Corn","Allocated overhead","Hired labor","dollars per planted acre","No specific size","Southern Seaboard","United States",2015,4.69,"Base survey of 2010"
"Corn","Allocated overhead","Hired labor","dollars per planted acre","No specific size","Southern Seaboard","United States",2016,10.86,"Base survey of 2016"
"Corn","Allocated overhead","Hired labor","dollars per planted acre","No specific size","Southern Seaboard","United States",2017,11.04,"Base survey of 2016"
"Corn","Allocated overhead","Hired labor","dollars per planted acre","No specific size","Southern Seaboard","United States",2018,11.76,"Base survey of 2016"
"Corn","Allocated overhead","Hired labor","dollars per planted acre","No specific size","Southern Seaboard","United States",2019,12.47,"Base survey of 2016"
"Corn","Allocated overhead","Hired labor","dollars per planted acre","No specific size","Southern Seaboard","United States",2020,12.98,"Base survey of 2016"
"Corn","Allocated overhead","Hired labor","dollars per planted acre","No specific size","Southern Seaboard","United States",2021,7.94,"Base survey of 2021"
"Corn","Allocated overhead","Hired labor","dollars per planted acre","No specific size","Southern Seaboard","United States",2022,8.5,"Base survey of 2021"
"Corn","Allocated overhead","Hired labor","dollars per planted acre","No specific size","Southern Seaboard","United States",2023,8.96,"Base survey of 2021"
"Corn","Allocated overhead","Hired labor","dollars per planted acre","No specific size","Southern Seaboard","United States",2024,9.38,"Base survey of 2021"
"Corn","Allocated overhead","Opportunity cost of unpaid labor","dollars per planted acre","No specific size","U.S. total","United States",1996,28.99,"Base survey of 1996"
"Corn","Allocated overhead","Opportunity cost of unpaid labor","dollars per planted acre","No specific size","U.S. total","United States",1997,29.89,"Base survey of 1996"
"Corn","Allocated overhead","Opportunity cost of unpaid labor","dollars per planted acre","No specific size","U.S. total","United States",1998,30.63,"Base survey of 1996"
"Corn","Allocated overhead","Opportunity cost of unpaid labor","dollars per planted acre","No specific size","U.S. total","United States",1999,31.43,"Base survey of 1996"
"Corn","Allocated overhead","Opportunity cost of unpaid labor","dollars per planted acre","No specific size","U.S. total","United States",2000,32.21,"Base survey of 1996"
"Corn","Allocated overhead","Opportunity cost of unpaid labor","dollars per planted acre","No specific size","U.S. total","United States",2001,24.96,"Base survey of 2001"
"Corn","Allocated overhead","Opportunity cost of unpaid labor","dollars per planted acre","No specific size","U.S. total","United States",2002,25.74,"Base survey of 2001"
"Corn","Allocated overhead","Opportunity cost of unpaid labor","dollars per planted acre","No specific size","U.S. total","United States",2003,26.53,"Base survey of 2001"
"Corn","Allocated overhead","Opportunity cost of unpaid labor","dollars per planted acre","No specific size","U.S. total","United States",2004,26.98,"Base survey of 2001"
"Corn","Allocated overhead","Opportunity cost of unpaid labor","dollars per planted acre","No specific size","U.S. total","United States",2005,22.02,"Base survey of 2005"
"Corn","Allocated overhead","Opportunity cost of unpaid labor","dollars per planted acre","No specific size","U.S. total","United States",2006,23.56,"Base survey of 2005"
"Corn","Allocated overhead","Opportunity cost of unpaid labor","dollars per planted acre","No specific size","U.S. total","United States",2007,24.34,"Base survey of 2005"
"Corn","Allocated overhead","Opportunity cost of unpaid labor","dollars per planted acre","No specific size","U.S. total","United States",2008,25.12,"Base survey of 2005"
"Corn","Allocated overhead","Opportunity cost of unpaid labor","dollars per planted acre","No specific size","U.S. total","United States",2009,25.67,"Base survey of 2005"
"Corn","Allocated overhead","Opportunity cost of unpaid labor","dollars per planted acre","No specific size","U.S. total","United States",2010,22.54,"Base survey of 2010"
"Corn","Allocated overhead","Opportunity cost of unpaid labor","dollars per planted acre","No specific size","U.S. total","United States",2011,22.77,"Base survey of 2010"
"Corn","Allocated overhead","Opportunity cost of unpaid labor","dollars per planted acre","No specific size","U.S. total","United States",2012,23.65,"Base survey of 2010"
"Corn","Allocated overhead","Opportunity cost of unpaid labor","dollars per planted acre","No specific size","U.S. total","United States",2013,24.4,"Base survey of 2010"
"Corn","Allocated overhead","Opportunity cost of unpaid labor","dollars per planted acre","No specific size","U.S. total","United States",2014,24.75,"Base survey of 2010"
"Corn","Allocated overhead","Opportunity cost of unpaid labor","dollars per planted acre","No specific size","U.S. total","United States",2015,25.63,"Base survey of 2010"
"Corn","Allocated overhead","Opportunity cost of unpaid labor","dollars per planted acre","No specific size","U.S. total","United States",2016,25.76,"Base survey of 2016"
"Corn","Allocated overhead","Opportunity cost of unpaid labor","dollars per planted acre","No specific size","U.S. total","United States",2017,26.4,"Base survey of 2016"
"Corn","Allocated overhead","Opportunity cost of unpaid labor","dollars per planted acre","No specific size","U.S. total","United States",2018,28.12,"Base survey of 2016"
"Corn","Allocated overhead","Opportunity cost of unpaid labor","dollars per planted acre","No specific size","U.S. total","United States",2019,29.68,"Base survey of 2016"
"Corn","Allocated overhead","Opportunity cost of unpaid labor","dollars per planted acre","No specific size","U.S. total","United States",2020,31.01,"Base survey of 2016"
"Corn","Allocated overhead","Opportunity cost of unpaid labor","dollars per planted acre","No specific size","U.S. total","United States",2021,26.44,"Base survey of 2021"
"Corn","Allocated overhead","Opportunity cost of unpaid labor","dollars per planted acre","No specific size","U.S. total","United States",2022,28.45,"Base survey of 2021"
"Corn","Allocated overhead","Opportunity cost of unpaid labor","dollars per planted acre","No specific size","U.S. total","United States",2023,29.94,"Base survey of 2021"
"Corn","Allocated overhead","Opportunity cost of unpaid labor","dollars per planted acre","No specific size","U.S. total","United States",2024,30.76,"Base survey of 2021"
"Corn","Allocated overhead","Opportunity cost of unpaid labor","dollars per planted acre","No specific size","Heartland","United States",1996,28.49,"Base survey of 1996"
"Corn","Allocated overhead","Opportunity cost of unpaid labor","dollars per planted acre","No specific size","Heartland","United States",1997,29.29,"Base survey of 1996"
"Corn","Allocated overhead","Opportunity cost of unpaid labor","dollars per planted acre","No specific size","Heartland","United States",1998,30.14,"Base survey of 1996"
"Corn","Allocated overhead","Opportunity cost of unpaid labor","dollars per planted acre","No specific size","Heartland","United States",1999,30.92,"Base survey of 1996"
"Corn","Allocated overhead","Opportunity cost of unpaid labor","dollars per planted acre","No specific size","Heartland","United States",2000,31.8,"Base survey of 1996"
"Corn","Allocated overhead","Opportunity cost of unpaid labor","dollars per planted acre","No specific size","Heartland","United States",2001,22.2,"Base survey of 2001"
"Corn","Allocated overhead","Opportunity cost of unpaid labor","dollars per planted acre","No specific size","Heartland","United States",2002,23.03,"Base survey of 2001"
"Corn","Allocated overhead","Opportunity cost of unpaid labor","dollars per planted acre","No specific size","Heartland","United States",2003,23.79,"Base survey of 2001"
"Corn","Allocated overhead","Opportunity cost of unpaid labor","dollars per planted acre","No specific size","Heartland","United States",2004,24.28,"Base survey of 2001"
"Corn","Allocated overhead","Opportunity cost of unpaid labor","dollars per planted acre","No specific size","Heartland","United States",2005,19.8,"Base survey of 2005"
"Corn","Allocated overhead","Opportunity cost of unpaid labor","dollars per planted acre","No specific size","Heartland","United States",2006,20.52,"Base survey of 2005"
"Corn","Allocated overhead","Opportunity cost of unpaid labor","dollars per planted acre","No specific size","Heartland","United States",2007,21.24,"Base survey of 2005"
"Corn","Allocated overhead","Opportunity cost of unpaid labor","dollars per planted acre","No specific size","Heartland","United States",2008,21.96,"Base survey of 2005"
"Corn","Allocated overhead","Opportunity cost of unpaid labor","dollars per planted acre","No specific size","Heartland","United States",2009,22.44,"Base survey of 2005"
"Corn","Allocated overhead","Opportunity cost of unpaid labor","dollars per planted acre","No specific size","Heartland","United States",2010,20.21,"Base survey of 2010"
"Corn","Allocated overhead","Opportunity cost of unpaid labor","dollars per planted acre","No specific size","Heartland","United States",2011,20.42,"Base survey of 2010"
"Corn","Allocated overhead","Opportunity cost of unpaid labor","dollars per planted acre","No specific size","Heartland","United States",2012,21.15,"Base survey of 2010"
"Corn","Allocated overhead","Opportunity cost of unpaid labor","dollars per planted acre","No specific size","Heartland","United States",2013,21.76,"Base survey of 2010"
"Corn","Allocated overhead","Opportunity cost of unpaid labor","dollars per planted acre","No specific size","Heartland","United States",2014,22.17,"Base survey of 2010"
"Corn","Allocated overhead","Opportunity cost of unpaid labor","dollars per planted acre","No specific size","Heartland","United States",2015,22.97,"Base survey of 2010"
"Corn","Allocated overhead","Opportunity cost of unpaid labor","dollars per planted acre","No specific size","Heartland","United States",2016,23.87,"Base survey of 2016"
"Corn","Allocated overhead","Opportunity cost of unpaid labor","dollars per planted acre","No specific size","Heartland","United States",2017,24.53,"Base survey of 2016"
"Corn","Allocated overhead","Opportunity cost of unpaid labor","dollars per planted acre","No specific size","Heartland","United States",2018,26.05,"Base survey of 2016"
"Corn","Allocated overhead","Opportunity cost of unpaid labor","dollars per planted acre","No specific size","Heartland","United States",2019,27.42,"Base survey of 2016"
"Corn","Allocated overhead","Opportunity cost of unpaid labor","dollars per planted acre","No specific size","Heartland","United States",2020,28.51,"Base survey of 2016"
"Corn","Allocated overhead","Opportunity cost of unpaid labor","dollars per planted acre","No specific size","Heartland","United States",2021,26.82,"Base survey of 2021"
"Corn","Allocated overhead","Opportunity cost of unpaid labor","dollars per planted acre","No specific size","Heartland","United States",2022,28.77,"Base survey of 2021"
"Corn","Allocated overhead","Opportunity cost of unpaid labor","dollars per planted acre","No specific size","Heartland","United States",2023,30.36,"Base survey of 2021"
"Corn","Allocated overhead","Opportunity cost of unpaid labor","dollars per planted acre","No specific size","Heartland","United States",2024,31.4,"Base survey of 2021"
"Corn","Allocated overhead","Opportunity cost of unpaid labor","dollars per planted acre","No specific size","Northern Crescent","United States",1996,34.29,"Base survey of 1996"
"Corn","Allocated overhead","Opportunity cost of unpaid labor","dollars per planted acre","No specific size","Northern Crescent","United States",1997,35.87,"Base survey of 1996"
"Corn","Allocated overhead","Opportunity cost of unpaid labor","dollars per planted acre","No specific size","Northern Crescent","United States",1998,36.81,"Base survey of 1996"
"Corn","Allocated overhead","Opportunity cost of unpaid labor","dollars per planted acre","No specific size","Northern Crescent","United States",1999,37.94,"Base survey of 1996"
"Corn","Allocated overhead","Opportunity cost of unpaid labor","dollars per planted acre","No specific size","Northern Crescent","United States",2000,39.27,"Base survey of 1996"
"Corn","Allocated overhead","Opportunity cost of unpaid labor","dollars per planted acre","No specific size","Northern Crescent","United States",2001,34.54,"Base survey of 2001"
"Corn","Allocated overhead","Opportunity cost of unpaid labor","dollars per planted acre","No specific size","Northern Crescent","United States",2002,34.17,"Base survey of 2001"
"Corn","Allocated overhead","Opportunity cost of unpaid labor","dollars per planted acre","No specific size","Northern Crescent","United States",2003,34.8,"Base survey of 2001"
"Corn","Allocated overhead","Opportunity cost of unpaid labor","dollars per planted acre","No specific size","Northern Crescent","United States",2004,35.36,"Base survey of 2001"
"Corn","Allocated overhead","Opportunity cost of unpaid labor","dollars per planted acre","No specific size","Northern Crescent","United States",2005,31.78,"Base survey of 2005"
"Corn","Allocated overhead","Opportunity cost of unpaid labor","dollars per planted acre","No specific size","Northern Crescent","United States",2006,32.94,"Base survey of 2005"
"Corn","Allocated overhead","Opportunity cost of unpaid labor","dollars per planted acre","No specific size","Northern Crescent","United States",2007,34.1,"Base survey of 2005"
"Corn","Allocated overhead","Opportunity cost of unpaid labor","dollars per planted acre","No specific size","Northern Crescent","United States",2008,35.26,"Base survey of 2005"
"Corn","Allocated overhead","Opportunity cost of unpaid labor","dollars per planted acre","No specific size","Northern Crescent","United States",2009,36.03,"Base survey of 2005"
"Corn","Allocated overhead","Opportunity cost of unpaid labor","dollars per planted acre","No specific size","Northern Crescent","United States",2010,29.98,"Base survey of 2010"
"Corn","Allocated overhead","Opportunity cost of unpaid labor","dollars per planted acre","No specific size","Northern Crescent","United States",2011,30.3,"Base survey of 2010"
"Corn","Allocated overhead","Opportunity cost of unpaid labor","dollars per planted acre","No specific size","Northern Crescent","United States",2012,31.37,"Base survey of 2010"
"Corn","Allocated overhead","Opportunity cost of unpaid labor","dollars per planted acre","No specific size","Northern Crescent","United States",2013,32.28,"Base survey of 2010"
"Corn","Allocated overhead","Opportunity cost of unpaid labor","dollars per planted acre","No specific size","Northern Crescent","United States",2014,32.89,"Base survey of 2010"
"Corn","Allocated overhead","Opportunity cost of unpaid labor","dollars per planted acre","No specific size","Northern Crescent","United States",2015,34.08,"Base survey of 2010"
"Corn","Allocated overhead","Opportunity cost of unpaid labor","dollars per planted acre","No specific size","Northern Crescent","United States",2016,33.21,"Base survey of 2016"
"Corn","Allocated overhead","Opportunity cost of unpaid labor","dollars per planted acre","No specific size","Northern Crescent","United States",2017,34.08,"Base survey of 2016"
"Corn","Allocated overhead","Opportunity cost of unpaid labor","dollars per planted acre","No specific size","Northern Crescent","United States",2018,36.16,"Base survey of 2016"
"Corn","Allocated overhead","Opportunity cost of unpaid labor","dollars per planted acre","No specific size","Northern Crescent","United States",2019,38.38,"Base survey of 2016"
"Corn","Allocated overhead","Opportunity cost of unpaid labor","dollars per planted acre","No specific size","Northern Crescent","United States",2020,39.53,"Base survey of 2016"
"Corn","Allocated overhead","Opportunity cost of unpaid labor","dollars per planted acre","No specific size","Northern Crescent","United States",2021,30.4,"Base survey of 2021"
"Corn","Allocated overhead","Opportunity cost of unpaid labor","dollars per planted acre","No specific size","Northern Crescent","United States",2022,32.6,"Base survey of 2021"
"Corn","Allocated overhead","Opportunity cost of unpaid labor","dollars per planted acre","No specific size","Northern Crescent","United States",2023,34.32,"Base survey of 2021"
"Corn","Allocated overhead","Opportunity cost of unpaid labor","dollars per planted acre","No specific size","Northern Crescent","United States",2024,35.49,"Base survey of 2021"
"Corn","Allocated overhead","Opportunity cost of unpaid labor","dollars per planted acre","No specific size","Northern Great Plains","United States",1996,21.45,"Base survey of 1996"
"Corn","Allocated overhead","Opportunity cost of unpaid labor","dollars per planted acre","No specific size","Northern Great Plains","United States",1997,22.77,"Base survey of 1996"
"Corn","Allocated overhead","Opportunity cost of unpaid labor","dollars per planted acre","No specific size","Northern Great Plains","United States",1998,23.1,"Base survey of 1996"
"Corn","Allocated overhead","Opportunity cost of unpaid labor","dollars per planted acre","No specific size","Northern Great Plains","United States",1999,24.09,"Base survey of 1996"
"Corn","Allocated overhead","Opportunity cost of unpaid labor","dollars per planted acre","No specific size","Northern Great Plains","United States",2000,23.87,"Base survey of 1996"
"Corn","Allocated overhead","Opportunity cost of unpaid labor","dollars per planted acre","No specific size","Northern Great Plains","United States",2001,21.08,"Base survey of 2001"
"Corn","Allocated overhead","Opportunity cost of unpaid labor","dollars per planted acre","No specific size","Northern Great Plains","United States",2002,21.75,"Base survey of 2001"
"Corn","Allocated overhead","Opportunity cost of unpaid labor","dollars per planted acre","No specific size","Northern Great Plains","United States",2003,22.62,"Base survey of 2001"
"Corn","Allocated overhead","Opportunity cost of unpaid labor","dollars per planted acre","No specific size","Northern Great Plains","United States",2004,23,"Base survey of 2001"
"Corn","Allocated overhead","Opportunity cost of unpaid labor","dollars per planted acre","No specific size","Northern Great Plains","United States",2005,21.29,"Base survey of 2005"
"Corn","Allocated overhead","Opportunity cost of unpaid labor","dollars per planted acre","No specific size","Northern Great Plains","United States",2006,22.06,"Base survey of 2005"
"Corn","Allocated overhead","Opportunity cost of unpaid labor","dollars per planted acre","No specific size","Northern Great Plains","United States",2007,22.83,"Base survey of 2005"
"Corn","Allocated overhead","Opportunity cost of unpaid labor","dollars per planted acre","No specific size","Northern Great Plains","United States",2008,23.6,"Base survey of 2005"
"Corn","Allocated overhead","Opportunity cost of unpaid labor","dollars per planted acre","No specific size","Northern Great Plains","United States",2009,24.12,"Base survey of 2005"
"Corn","Allocated overhead","Opportunity cost of unpaid labor","dollars per planted acre","No specific size","Northern Great Plains","United States",2010,26.59,"Base survey of 2010"
"Corn","Allocated overhead","Opportunity cost of unpaid labor","dollars per planted acre","No specific size","Northern Great Plains","United States",2011,26.87,"Base survey of 2010"
"Corn","Allocated overhead","Opportunity cost of unpaid labor","dollars per planted acre","No specific size","Northern Great Plains","United States",2012,27.82,"Base survey of 2010"
"Corn","Allocated overhead","Opportunity cost of unpaid labor","dollars per planted acre","No specific size","Northern Great Plains","United States",2013,28.63,"Base survey of 2010"
"Corn","Allocated overhead","Opportunity cost of unpaid labor","dollars per planted acre","No specific size","Northern Great Plains","United States",2014,29.17,"Base survey of 2010"
"Corn","Allocated overhead","Opportunity cost of unpaid labor","dollars per planted acre","No specific size","Northern Great Plains","United States",2015,30.23,"Base survey of 2010"
"Corn","Allocated overhead","Opportunity cost of unpaid labor","dollars per planted acre","No specific size","Northern Great Plains","United States",2016,19.35,"Base survey of 2016"
"Corn","Allocated overhead","Opportunity cost of unpaid labor","dollars per planted acre","No specific size","Northern Great Plains","United States",2017,20.09,"Base survey of 2016"
"Corn","Allocated overhead","Opportunity cost of unpaid labor","dollars per planted acre","No specific size","Northern Great Plains","United States",2018,21.59,"Base survey of 2016"
"Corn","Allocated overhead","Opportunity cost of unpaid labor","dollars per planted acre","No specific size","Northern Great Plains","United States",2019,23.18,"Base survey of 2016"
"Corn","Allocated overhead","Opportunity cost of unpaid labor","dollars per planted acre","No specific size","Northern Great Plains","United States",2020,24.62,"Base survey of 2016"
"Corn","Allocated overhead","Opportunity cost of unpaid labor","dollars per planted acre","No specific size","Northern Great Plains","United States",2021,22.31,"Base survey of 2021"
"Corn","Allocated overhead","Opportunity cost of unpaid labor","dollars per planted acre","No specific size","Northern Great Plains","United States",2022,25.12,"Base survey of 2021"
"Corn","Allocated overhead","Opportunity cost of unpaid labor","dollars per planted acre","No specific size","Northern Great Plains","United States",2023,25.24,"Base survey of 2021"
"Corn","Allocated overhead","Opportunity cost of unpaid labor","dollars per planted acre","No specific size","Northern Great Plains","United States",2024,26.54,"Base survey of 2021"
"Corn","Allocated overhead","Opportunity cost of unpaid labor","dollars per planted acre","No specific size","Prairie Gateway","United States",1996,22.9,"Base survey of 1996"
"Corn","Allocated overhead","Opportunity cost of unpaid labor","dollars per planted acre","No specific size","Prairie Gateway","United States",1997,23.64,"Base survey of 1996"
"Corn","Allocated overhead","Opportunity cost of unpaid labor","dollars per planted acre","No specific size","Prairie Gateway","United States",1998,24.21,"Base survey of 1996"
"Corn","Allocated overhead","Opportunity cost of unpaid labor","dollars per planted acre","No specific size","Prairie Gateway","United States",1999,24.67,"Base survey of 1996"
"Corn","Allocated overhead","Opportunity cost of unpaid labor","dollars per planted acre","No specific size","Prairie Gateway","United States",2000,25.05,"Base survey of 1996"
"Corn","Allocated overhead","Opportunity cost of unpaid labor","dollars per planted acre","No specific size","Prairie Gateway","United States",2001,29.44,"Base survey of 2001"
"Corn","Allocated overhead","Opportunity cost of unpaid labor","dollars per planted acre","No specific size","Prairie Gateway","United States",2002,31.2,"Base survey of 2001"
"Corn","Allocated overhead","Opportunity cost of unpaid labor","dollars per planted acre","No specific size","Prairie Gateway","United States",2003,32.74,"Base survey of 2001"
"Corn","Allocated overhead","Opportunity cost of unpaid labor","dollars per planted acre","No specific size","Prairie Gateway","United States",2004,33.19,"Base survey of 2001"
"Corn","Allocated overhead","Opportunity cost of unpaid labor","dollars per planted acre","No specific size","Prairie Gateway","United States",2005,24.24,"Base survey of 2005"
"Corn","Allocated overhead","Opportunity cost of unpaid labor","dollars per planted acre","No specific size","Prairie Gateway","United States",2006,25.12,"Base survey of 2005"
"Corn","Allocated overhead","Opportunity cost of unpaid labor","dollars per planted acre","No specific size","Prairie Gateway","United States",2007,25.12,"Base survey of 2005"
"Corn","Allocated overhead","Opportunity cost of unpaid labor","dollars per planted acre","No specific size","Prairie Gateway","United States",2008,25.97,"Base survey of 2005"
"Corn","Allocated overhead","Opportunity cost of unpaid labor","dollars per planted acre","No specific size","Prairie Gateway","United States",2009,26.54,"Base survey of 2005"
"Corn","Allocated overhead","Opportunity cost of unpaid labor","dollars per planted acre","No specific size","Prairie Gateway","United States",2010,24.37,"Base survey of 2010"
"Corn","Allocated overhead","Opportunity cost of unpaid labor","dollars per planted acre","No specific size","Prairie Gateway","United States",2011,24.63,"Base survey of 2010"
"Corn","Allocated overhead","Opportunity cost of unpaid labor","dollars per planted acre","No specific size","Prairie Gateway","United States",2012,25.5,"Base survey of 2010"
"Corn","Allocated overhead","Opportunity cost of unpaid labor","dollars per planted acre","No specific size","Prairie Gateway","United States",2013,26.24,"Base survey of 2010"
"Corn","Allocated overhead","Opportunity cost of unpaid labor","dollars per planted acre","No specific size","Prairie Gateway","United States",2014,26.74,"Base survey of 2010"
"Corn","Allocated overhead","Opportunity cost of unpaid labor","dollars per planted acre","No specific size","Prairie Gateway","United States",2015,27.7,"Base survey of 2010"
"Corn","Allocated overhead","Opportunity cost of unpaid labor","dollars per planted acre","No specific size","Prairie Gateway","United States",2016,29.84,"Base survey of 2016"
"Corn","Allocated overhead","Opportunity cost of unpaid labor","dollars per planted acre","No specific size","Prairie Gateway","United States",2017,30.29,"Base survey of 2016"
"Corn","Allocated overhead","Opportunity cost of unpaid labor","dollars per planted acre","No specific size","Prairie Gateway","United States",2018,32.32,"Base survey of 2016"
"Corn","Allocated overhead","Opportunity cost of unpaid labor","dollars per planted acre","No specific size","Prairie Gateway","United States",2019,33.4,"Base survey of 2016"
"Corn","Allocated overhead","Opportunity cost of unpaid labor","dollars per planted acre","No specific size","Prairie Gateway","United States",2020,35.15,"Base survey of 2016"
"Corn","Allocated overhead","Opportunity cost of unpaid labor","dollars per planted acre","No specific size","Prairie Gateway","United States",2021,20.87,"Base survey of 2021"
"Corn","Allocated overhead","Opportunity cost of unpaid labor","dollars per planted acre","No specific size","Prairie Gateway","United States",2022,22.48,"Base survey of 2021"
"Corn","Allocated overhead","Opportunity cost of unpaid labor","dollars per planted acre","No specific size","Prairie Gateway","United States",2023,23.96,"Base survey of 2021"
"Corn","Allocated overhead","Opportunity cost of unpaid labor","dollars per planted acre","No specific size","Prairie Gateway","United States",2024,24.13,"Base survey of 2021"
"Corn","Allocated overhead","Opportunity cost of unpaid labor","dollars per planted acre","No specific size","Eastern Uplands","United States",1996,53.17,"Base survey of 1996"
"Corn","Allocated overhead","Opportunity cost of unpaid labor","dollars per planted acre","No specific size","Eastern Uplands","United States",1997,55.19,"Base survey of 1996"
"Corn","Allocated overhead","Opportunity cost of unpaid labor","dollars per planted acre","No specific size","Eastern Uplands","United States",1998,57.54,"Base survey of 1996"
"Corn","Allocated overhead","Opportunity cost of unpaid labor","dollars per planted acre","No specific size","Eastern Uplands","United States",1999,59.44,"Base survey of 1996"
"Corn","Allocated overhead","Opportunity cost of unpaid labor","dollars per planted acre","No specific size","Eastern Uplands","United States",2000,61.51,"Base survey of 1996"
"Corn","Allocated overhead","Opportunity cost of unpaid labor","dollars per planted acre","No specific size","Eastern Uplands","United States",2001,46.72,"Base survey of 2001"
"Corn","Allocated overhead","Opportunity cost of unpaid labor","dollars per planted acre","No specific size","Eastern Uplands","United States",2002,47.54,"Base survey of 2001"
"Corn","Allocated overhead","Opportunity cost of unpaid labor","dollars per planted acre","No specific size","Eastern Uplands","United States",2003,48.46,"Base survey of 2001"
"Corn","Allocated overhead","Opportunity cost of unpaid labor","dollars per planted acre","No specific size","Eastern Uplands","United States",2004,49.63,"Base survey of 2001"
"Corn","Allocated overhead","Opportunity cost of unpaid labor","dollars per planted acre","No specific size","Eastern Uplands","United States",2005,37.75,"Base survey of 2005"
"Corn","Allocated overhead","Opportunity cost of unpaid labor","dollars per planted acre","No specific size","Eastern Uplands","United States",2006,39.12,"Base survey of 2005"
"Corn","Allocated overhead","Opportunity cost of unpaid labor","dollars per planted acre","No specific size","Eastern Uplands","United States",2007,40.49,"Base survey of 2005"
"Corn","Allocated overhead","Opportunity cost of unpaid labor","dollars per planted acre","No specific size","Eastern Uplands","United States",2008,41.86,"Base survey of 2005"
"Corn","Allocated overhead","Opportunity cost of unpaid labor","dollars per planted acre","No specific size","Eastern Uplands","United States",2009,42.77,"Base survey of 2005"
"Corn","Allocated overhead","Opportunity cost of unpaid labor","dollars per planted acre","No specific size","Eastern Uplands","United States",2010,33.8,"Base survey of 2010"
"Corn","Allocated overhead","Opportunity cost of unpaid labor","dollars per planted acre","No specific size","Eastern Uplands","United States",2011,34.16,"Base survey of 2010"
"Corn","Allocated overhead","Opportunity cost of unpaid labor","dollars per planted acre","No specific size","Eastern Uplands","United States",2012,35.37,"Base survey of 2010"
"Corn","Allocated overhead","Opportunity cost of unpaid labor","dollars per planted acre","No specific size","Eastern Uplands","United States",2013,36.4,"Base survey of 2010"
"Corn","Allocated overhead","Opportunity cost of unpaid labor","dollars per planted acre","No specific size","Eastern Uplands","United States",2014,37.08,"Base survey of 2010"
"Corn","Allocated overhead","Opportunity cost of unpaid labor","dollars per planted acre","No specific size","Eastern Uplands","United States",2015,38.42,"Base survey of 2010"
"Corn","Allocated overhead","Opportunity cost of unpaid labor","dollars per planted acre","No specific size","Eastern Uplands","United States",2016,30.1,"Base survey of 2016"
"Corn","Allocated overhead","Opportunity cost of unpaid labor","dollars per planted acre","No specific size","Eastern Uplands","United States",2017,30.72,"Base survey of 2016"
"Corn","Allocated overhead","Opportunity cost of unpaid labor","dollars per planted acre","No specific size","Eastern Uplands","United States",2018,32.61,"Base survey of 2016"
"Corn","Allocated overhead","Opportunity cost of unpaid labor","dollars per planted acre","No specific size","Eastern Uplands","United States",2019,34.87,"Base survey of 2016"
"Corn","Allocated overhead","Opportunity cost of unpaid labor","dollars per planted acre","No specific size","Eastern Uplands","United States",2020,35.84,"Base survey of 2016"
"Corn","Allocated overhead","Opportunity cost of unpaid labor","dollars per planted acre","No specific size","Eastern Uplands","United States",2021,41.23,"Base survey of 2021"
"Corn","Allocated overhead","Opportunity cost of unpaid labor","dollars per planted acre","No specific size","Eastern Uplands","United States",2022,43.79,"Base survey of 2021"
"Corn","Allocated overhead","Opportunity cost of unpaid labor","dollars per planted acre","No specific size","Eastern Uplands","United States",2023,45.83,"Base survey of 2021"
"Corn","Allocated overhead","Opportunity cost of unpaid labor","dollars per planted acre","No specific size","Eastern Uplands","United States",2024,47.83,"Base survey of 2021"
"Corn","Allocated overhead","Opportunity cost of unpaid labor","dollars per planted acre","No specific size","Southern Seaboard","United States",1996,48.41,"Base survey of 1996"
"Corn","Allocated overhead","Opportunity cost of unpaid labor","dollars per planted acre","No specific size","Southern Seaboard","United States",1997,50.24,"Base survey of 1996"
"Corn","Allocated overhead","Opportunity cost of unpaid labor","dollars per planted acre","No specific size","Southern Seaboard","United States",1998,52.28,"Base survey of 1996"
"Corn","Allocated overhead","Opportunity cost of unpaid labor","dollars per planted acre","No specific size","Southern Seaboard","United States",1999,53.71,"Base survey of 1996"
"Corn","Allocated overhead","Opportunity cost of unpaid labor","dollars per planted acre","No specific size","Southern Seaboard","United States",2000,55.45,"Base survey of 1996"
"Corn","Allocated overhead","Opportunity cost of unpaid labor","dollars per planted acre","No specific size","Southern Seaboard","United States",2001,33.81,"Base survey of 2001"
"Corn","Allocated overhead","Opportunity cost of unpaid labor","dollars per planted acre","No specific size","Southern Seaboard","United States",2002,33.94,"Base survey of 2001"
"Corn","Allocated overhead","Opportunity cost of unpaid labor","dollars per planted acre","No specific size","Southern Seaboard","United States",2003,35.15,"Base survey of 2001"
"Corn","Allocated overhead","Opportunity cost of unpaid labor","dollars per planted acre","No specific size","Southern Seaboard","United States",2004,36.43,"Base survey of 2001"
"Corn","Allocated overhead","Opportunity cost of unpaid labor","dollars per planted acre","No specific size","Southern Seaboard","United States",2005,24.69,"Base survey of 2005"
"Corn","Allocated overhead","Opportunity cost of unpaid labor","dollars per planted acre","No specific size","Southern Seaboard","United States",2006,25.59,"Base survey of 2005"
"Corn","Allocated overhead","Opportunity cost of unpaid labor","dollars per planted acre","No specific size","Southern Seaboard","United States",2007,26.49,"Base survey of 2005"
"Corn","Allocated overhead","Opportunity cost of unpaid labor","dollars per planted acre","No specific size","Southern Seaboard","United States",2008,27.39,"Base survey of 2005"
"Corn","Allocated overhead","Opportunity cost of unpaid labor","dollars per planted acre","No specific size","Southern Seaboard","United States",2009,27.99,"Base survey of 2005"
"Corn","Allocated overhead","Opportunity cost of unpaid labor","dollars per planted acre","No specific size","Southern Seaboard","United States",2010,32.46,"Base survey of 2010"
"Corn","Allocated overhead","Opportunity cost of unpaid labor","dollars per planted acre","No specific size","Southern Seaboard","United States",2011,32.8,"Base survey of 2010"
"Corn","Allocated overhead","Opportunity cost of unpaid labor","dollars per planted acre","No specific size","Southern Seaboard","United States",2012,33.96,"Base survey of 2010"
"Corn","Allocated overhead","Opportunity cost of unpaid labor","dollars per planted acre","No specific size","Southern Seaboard","United States",2013,34.95,"Base survey of 2010"
"Corn","Allocated overhead","Opportunity cost of unpaid labor","dollars per planted acre","No specific size","Southern Seaboard","United States",2014,35.61,"Base survey of 2010"
"Corn","Allocated overhead","Opportunity cost of unpaid labor","dollars per planted acre","No specific size","Southern Seaboard","United States",2015,36.9,"Base survey of 2010"
"Corn","Allocated overhead","Opportunity cost of unpaid labor","dollars per planted acre","No specific size","Southern Seaboard","United States",2016,33.01,"Base survey of 2016"
"Corn","Allocated overhead","Opportunity cost of unpaid labor","dollars per planted acre","No specific size","Southern Seaboard","United States",2017,33.87,"Base survey of 2016"
"Corn","Allocated overhead","Opportunity cost of unpaid labor","dollars per planted acre","No specific size","Southern Seaboard","United States",2018,35.94,"Base survey of 2016"
"Corn","Allocated overhead","Opportunity cost of unpaid labor","dollars per planted acre","No specific size","Southern Seaboard","United States",2019,37.93,"Base survey of 2016"
"Corn","Allocated overhead","Opportunity cost of unpaid labor","dollars per planted acre","No specific size","Southern Seaboard","United States",2020,39.37,"Base survey of 2016"
"Corn","Allocated overhead","Opportunity cost of unpaid labor","dollars per planted acre","No specific size","Southern Seaboard","United States",2021,58.96,"Base survey of 2021"
"Corn","Allocated overhead","Opportunity cost of unpaid labor","dollars per planted acre","No specific size","Southern Seaboard","United States",2022,63.18,"Base survey of 2021"
"Corn","Allocated overhead","Opportunity cost of unpaid labor","dollars per planted acre","No specific size","Southern Seaboard","United States",2023,66.61,"Base survey of 2021"
"Corn","Allocated overhead","Opportunity cost of unpaid labor","dollars per planted acre","No specific size","Southern Seaboard","United States",2024,69.67,"Base survey of 2021"
"Corn","Allocated overhead","Capital recovery of machinery and equipment","dollars per planted acre","No specific size","U.S. total","United States",1996,63.02,"Base survey of 1996"
"Corn","Allocated overhead","Capital recovery of machinery and equipment","dollars per planted acre","No specific size","U.S. total","United States",1997,64.5,"Base survey of 1996"
"Corn","Allocated overhead","Capital recovery of machinery and equipment","dollars per planted acre","No specific size","U.S. total","United States",1998,66.46,"Base survey of 1996"
"Corn","Allocated overhead","Capital recovery of machinery and equipment","dollars per planted acre","No specific size","U.S. total","United States",1999,68.49,"Base survey of 1996"
"Corn","Allocated overhead","Capital recovery of machinery and equipment","dollars per planted acre","No specific size","U.S. total","United States",2000,70.16,"Base survey of 1996"
"Corn","Allocated overhead","Capital recovery of machinery and equipment","dollars per planted acre","No specific size","U.S. total","United States",2001,54.69,"Base survey of 2001"
"Corn","Allocated overhead","Capital recovery of machinery and equipment","dollars per planted acre","No specific size","U.S. total","United States",2002,55.26,"Base survey of 2001"
"Corn","Allocated overhead","Capital recovery of machinery and equipment","dollars per planted acre","No specific size","U.S. total","United States",2003,56.67,"Base survey of 2001"
"Corn","Allocated overhead","Capital recovery of machinery and equipment","dollars per planted acre","No specific size","U.S. total","United States",2004,61.25,"Base survey of 2001"
"Corn","Allocated overhead","Capital recovery of machinery and equipment","dollars per planted acre","No specific size","U.S. total","United States",2005,64.02,"Base survey of 2005"
"Corn","Allocated overhead","Capital recovery of machinery and equipment","dollars per planted acre","No specific size","U.S. total","United States",2006,66.71,"Base survey of 2005"
"Corn","Allocated overhead","Capital recovery of machinery and equipment","dollars per planted acre","No specific size","U.S. total","United States",2007,69.77,"Base survey of 2005"
"Corn","Allocated overhead","Capital recovery of machinery and equipment","dollars per planted acre","No specific size","U.S. total","United States",2008,76.36,"Base survey of 2005"
"Corn","Allocated overhead","Capital recovery of machinery and equipment","dollars per planted acre","No specific size","U.S. total","United States",2009,81.12,"Base survey of 2005"
"Corn","Allocated overhead","Capital recovery of machinery and equipment","dollars per planted acre","No specific size","U.S. total","United States",2010,84.4,"Base survey of 2010"
"Corn","Allocated overhead","Capital recovery of machinery and equipment","dollars per planted acre","No specific size","U.S. total","United States",2011,89.59,"Base survey of 2010"
"Corn","Allocated overhead","Capital recovery of machinery and equipment","dollars per planted acre","No specific size","U.S. total","United States",2012,94.05,"Base survey of 2010"
"Corn","Allocated overhead","Capital recovery of machinery and equipment","dollars per planted acre","No specific size","U.S. total","United States",2013,96.86,"Base survey of 2010"
"Corn","Allocated overhead","Capital recovery of machinery and equipment","dollars per planted acre","No specific size","U.S. total","United States",2014,100.15,"Base survey of 2010"
"Corn","Allocated overhead","Capital recovery of machinery and equipment","dollars per planted acre","No specific size","U.S. total","United States",2015,102.63,"Base survey of 2010"
"Corn","Allocated overhead","Capital recovery of machinery and equipment","dollars per planted acre","No specific size","U.S. total","United States",2016,117.96,"Base survey of 2016"
"Corn","Allocated overhead","Capital recovery of machinery and equipment","dollars per planted acre","No specific size","U.S. total","United States",2017,120.3,"Base survey of 2016"
"Corn","Allocated overhead","Capital recovery of machinery and equipment","dollars per planted acre","No specific size","U.S. total","United States",2018,127.78,"Base survey of 2016"
"Corn","Allocated overhead","Capital recovery of machinery and equipment","dollars per planted acre","No specific size","U.S. total","United States",2019,126.58,"Base survey of 2016"
"Corn","Allocated overhead","Capital recovery of machinery and equipment","dollars per planted acre","No specific size","U.S. total","United States",2020,127.8,"Base survey of 2016"
"Corn","Allocated overhead","Capital recovery of machinery and equipment","dollars per planted acre","No specific size","U.S. total","United States",2021,146.53,"Base survey of 2021"
"Corn","Allocated overhead","Capital recovery of machinery and equipment","dollars per planted acre","No specific size","U.S. total","United States",2022,153.65,"Base survey of 2021"
"Corn","Allocated overhead","Capital recovery of machinery and equipment","dollars per planted acre","No specific size","U.S. total","United States",2023,163.82,"Base survey of 2021"
"Corn","Allocated overhead","Capital recovery of machinery and equipment","dollars per planted acre","No specific size","U.S. total","United States",2024,170.92,"Base survey of 2021"
"Corn","Allocated overhead","Capital recovery of machinery and equipment","dollars per planted acre","No specific size","Heartland","United States",1996,60.5,"Base survey of 1996"
"Corn","Allocated overhead","Capital recovery of machinery and equipment","dollars per planted acre","No specific size","Heartland","United States",1997,61.52,"Base survey of 1996"
"Corn","Allocated overhead","Capital recovery of machinery and equipment","dollars per planted acre","No specific size","Heartland","United States",1998,63.67,"Base survey of 1996"
"Corn","Allocated overhead","Capital recovery of machinery and equipment","dollars per planted acre","No specific size","Heartland","United States",1999,65.7,"Base survey of 1996"
"Corn","Allocated overhead","Capital recovery of machinery and equipment","dollars per planted acre","No specific size","Heartland","United States",2000,67.32,"Base survey of 1996"
"Corn","Allocated overhead","Capital recovery of machinery and equipment","dollars per planted acre","No specific size","Heartland","United States",2001,51.27,"Base survey of 2001"
"Corn","Allocated overhead","Capital recovery of machinery and equipment","dollars per planted acre","No specific size","Heartland","United States",2002,51.87,"Base survey of 2001"
"Corn","Allocated overhead","Capital recovery of machinery and equipment","dollars per planted acre","No specific size","Heartland","United States",2003,53.06,"Base survey of 2001"
"Corn","Allocated overhead","Capital recovery of machinery and equipment","dollars per planted acre","No specific size","Heartland","United States",2004,58.11,"Base survey of 2001"
"Corn","Allocated overhead","Capital recovery of machinery and equipment","dollars per planted acre","No specific size","Heartland","United States",2005,60.45,"Base survey of 2005"
"Corn","Allocated overhead","Capital recovery of machinery and equipment","dollars per planted acre","No specific size","Heartland","United States",2006,63.59,"Base survey of 2005"
"Corn","Allocated overhead","Capital recovery of machinery and equipment","dollars per planted acre","No specific size","Heartland","United States",2007,66.73,"Base survey of 2005"
"Corn","Allocated overhead","Capital recovery of machinery and equipment","dollars per planted acre","No specific size","Heartland","United States",2008,73.02,"Base survey of 2005"
"Corn","Allocated overhead","Capital recovery of machinery and equipment","dollars per planted acre","No specific size","Heartland","United States",2009,77.56,"Base survey of 2005"
"Corn","Allocated overhead","Capital recovery of machinery and equipment","dollars per planted acre","No specific size","Heartland","United States",2010,81.22,"Base survey of 2010"
"Corn","Allocated overhead","Capital recovery of machinery and equipment","dollars per planted acre","No specific size","Heartland","United States",2011,86.16,"Base survey of 2010"
"Corn","Allocated overhead","Capital recovery of machinery and equipment","dollars per planted acre","No specific size","Heartland","United States",2012,90.47,"Base survey of 2010"
"Corn","Allocated overhead","Capital recovery of machinery and equipment","dollars per planted acre","No specific size","Heartland","United States",2013,93.06,"Base survey of 2010"
"Corn","Allocated overhead","Capital recovery of machinery and equipment","dollars per planted acre","No specific size","Heartland","United States",2014,96.5,"Base survey of 2010"
"Corn","Allocated overhead","Capital recovery of machinery and equipment","dollars per planted acre","No specific size","Heartland","United States",2015,98.74,"Base survey of 2010"
"Corn","Allocated overhead","Capital recovery of machinery and equipment","dollars per planted acre","No specific size","Heartland","United States",2016,116.55,"Base survey of 2016"
"Corn","Allocated overhead","Capital recovery of machinery and equipment","dollars per planted acre","No specific size","Heartland","United States",2017,118.97,"Base survey of 2016"
"Corn","Allocated overhead","Capital recovery of machinery and equipment","dollars per planted acre","No specific size","Heartland","United States",2018,126.37,"Base survey of 2016"
"Corn","Allocated overhead","Capital recovery of machinery and equipment","dollars per planted acre","No specific size","Heartland","United States",2019,125.01,"Base survey of 2016"
"Corn","Allocated overhead","Capital recovery of machinery and equipment","dollars per planted acre","No specific size","Heartland","United States",2020,126.35,"Base survey of 2016"
"Corn","Allocated overhead","Capital recovery of machinery and equipment","dollars per planted acre","No specific size","Heartland","United States",2021,147.71,"Base survey of 2021"
"Corn","Allocated overhead","Capital recovery of machinery and equipment","dollars per planted acre","No specific size","Heartland","United States",2022,154.84,"Base survey of 2021"
"Corn","Allocated overhead","Capital recovery of machinery and equipment","dollars per planted acre","No specific size","Heartland","United States",2023,165.09,"Base survey of 2021"
"Corn","Allocated overhead","Capital recovery of machinery and equipment","dollars per planted acre","No specific size","Heartland","United States",2024,172.46,"Base survey of 2021"
"Corn","Allocated overhead","Capital recovery of machinery and equipment","dollars per planted acre","No specific size","Northern Crescent","United States",1996,61.9,"Base survey of 1996"
"Corn","Allocated overhead","Capital recovery of machinery and equipment","dollars per planted acre","No specific size","Northern Crescent","United States",1997,65.13,"Base survey of 1996"
"Corn","Allocated overhead","Capital recovery of machinery and equipment","dollars per planted acre","No specific size","Northern Crescent","United States",1998,69.23,"Base survey of 1996"
"Corn","Allocated overhead","Capital recovery of machinery and equipment","dollars per planted acre","No specific size","Northern Crescent","United States",1999,69.86,"Base survey of 1996"
"Corn","Allocated overhead","Capital recovery of machinery and equipment","dollars per planted acre","No specific size","Northern Crescent","United States",2000,72.87,"Base survey of 1996"
"Corn","Allocated overhead","Capital recovery of machinery and equipment","dollars per planted acre","No specific size","Northern Crescent","United States",2001,57.01,"Base survey of 2001"
"Corn","Allocated overhead","Capital recovery of machinery and equipment","dollars per planted acre","No specific size","Northern Crescent","United States",2002,59.43,"Base survey of 2001"
"Corn","Allocated overhead","Capital recovery of machinery and equipment","dollars per planted acre","No specific size","Northern Crescent","United States",2003,60.99,"Base survey of 2001"
"Corn","Allocated overhead","Capital recovery of machinery and equipment","dollars per planted acre","No specific size","Northern Crescent","United States",2004,65.68,"Base survey of 2001"
"Corn","Allocated overhead","Capital recovery of machinery and equipment","dollars per planted acre","No specific size","Northern Crescent","United States",2005,60.53,"Base survey of 2005"
"Corn","Allocated overhead","Capital recovery of machinery and equipment","dollars per planted acre","No specific size","Northern Crescent","United States",2006,63.68,"Base survey of 2005"
"Corn","Allocated overhead","Capital recovery of machinery and equipment","dollars per planted acre","No specific size","Northern Crescent","United States",2007,66.83,"Base survey of 2005"
"Corn","Allocated overhead","Capital recovery of machinery and equipment","dollars per planted acre","No specific size","Northern Crescent","United States",2008,73.13,"Base survey of 2005"
"Corn","Allocated overhead","Capital recovery of machinery and equipment","dollars per planted acre","No specific size","Northern Crescent","United States",2009,77.68,"Base survey of 2005"
"Corn","Allocated overhead","Capital recovery of machinery and equipment","dollars per planted acre","No specific size","Northern Crescent","United States",2010,73.91,"Base survey of 2010"
"Corn","Allocated overhead","Capital recovery of machinery and equipment","dollars per planted acre","No specific size","Northern Crescent","United States",2011,78.41,"Base survey of 2010"
"Corn","Allocated overhead","Capital recovery of machinery and equipment","dollars per planted acre","No specific size","Northern Crescent","United States",2012,82.33,"Base survey of 2010"
"Corn","Allocated overhead","Capital recovery of machinery and equipment","dollars per planted acre","No specific size","Northern Crescent","United States",2013,84.68,"Base survey of 2010"
"Corn","Allocated overhead","Capital recovery of machinery and equipment","dollars per planted acre","No specific size","Northern Crescent","United States",2014,87.82,"Base survey of 2010"
"Corn","Allocated overhead","Capital recovery of machinery and equipment","dollars per planted acre","No specific size","Northern Crescent","United States",2015,89.86,"Base survey of 2010"
"Corn","Allocated overhead","Capital recovery of machinery and equipment","dollars per planted acre","No specific size","Northern Crescent","United States",2016,104.57,"Base survey of 2016"
"Corn","Allocated overhead","Capital recovery of machinery and equipment","dollars per planted acre","No specific size","Northern Crescent","United States",2017,106.64,"Base survey of 2016"
"Corn","Allocated overhead","Capital recovery of machinery and equipment","dollars per planted acre","No specific size","Northern Crescent","United States",2018,113.18,"Base survey of 2016"
"Corn","Allocated overhead","Capital recovery of machinery and equipment","dollars per planted acre","No specific size","Northern Crescent","United States",2019,111.77,"Base survey of 2016"
"Corn","Allocated overhead","Capital recovery of machinery and equipment","dollars per planted acre","No specific size","Northern Crescent","United States",2020,113.08,"Base survey of 2016"
"Corn","Allocated overhead","Capital recovery of machinery and equipment","dollars per planted acre","No specific size","Northern Crescent","United States",2021,138.95,"Base survey of 2021"
"Corn","Allocated overhead","Capital recovery of machinery and equipment","dollars per planted acre","No specific size","Northern Crescent","United States",2022,145.4,"Base survey of 2021"
"Corn","Allocated overhead","Capital recovery of machinery and equipment","dollars per planted acre","No specific size","Northern Crescent","United States",2023,155.24,"Base survey of 2021"
"Corn","Allocated overhead","Capital recovery of machinery and equipment","dollars per planted acre","No specific size","Northern Crescent","United States",2024,162.16,"Base survey of 2021"
"Corn","Allocated overhead","Capital recovery of machinery and equipment","dollars per planted acre","No specific size","Northern Great Plains","United States",1996,55.34,"Base survey of 1996"
"Corn","Allocated overhead","Capital recovery of machinery and equipment","dollars per planted acre","No specific size","Northern Great Plains","United States",1997,56.52,"Base survey of 1996"
"Corn","Allocated overhead","Capital recovery of machinery and equipment","dollars per planted acre","No specific size","Northern Great Plains","United States",1998,59.3,"Base survey of 1996"
"Corn","Allocated overhead","Capital recovery of machinery and equipment","dollars per planted acre","No specific size","Northern Great Plains","United States",1999,60.79,"Base survey of 1996"
"Corn","Allocated overhead","Capital recovery of machinery and equipment","dollars per planted acre","No specific size","Northern Great Plains","United States",2000,59.38,"Base survey of 1996"
"Corn","Allocated overhead","Capital recovery of machinery and equipment","dollars per planted acre","No specific size","Northern Great Plains","United States",2001,53.55,"Base survey of 2001"
"Corn","Allocated overhead","Capital recovery of machinery and equipment","dollars per planted acre","No specific size","Northern Great Plains","United States",2002,51.74,"Base survey of 2001"
"Corn","Allocated overhead","Capital recovery of machinery and equipment","dollars per planted acre","No specific size","Northern Great Plains","United States",2003,53.78,"Base survey of 2001"
"Corn","Allocated overhead","Capital recovery of machinery and equipment","dollars per planted acre","No specific size","Northern Great Plains","United States",2004,55.05,"Base survey of 2001"
"Corn","Allocated overhead","Capital recovery of machinery and equipment","dollars per planted acre","No specific size","Northern Great Plains","United States",2005,69.07,"Base survey of 2005"
"Corn","Allocated overhead","Capital recovery of machinery and equipment","dollars per planted acre","No specific size","Northern Great Plains","United States",2006,72.66,"Base survey of 2005"
"Corn","Allocated overhead","Capital recovery of machinery and equipment","dollars per planted acre","No specific size","Northern Great Plains","United States",2007,76.25,"Base survey of 2005"
"Corn","Allocated overhead","Capital recovery of machinery and equipment","dollars per planted acre","No specific size","Northern Great Plains","United States",2008,83.44,"Base survey of 2005"
"Corn","Allocated overhead","Capital recovery of machinery and equipment","dollars per planted acre","No specific size","Northern Great Plains","United States",2009,88.63,"Base survey of 2005"
"Corn","Allocated overhead","Capital recovery of machinery and equipment","dollars per planted acre","No specific size","Northern Great Plains","United States",2010,95.85,"Base survey of 2010"
"Corn","Allocated overhead","Capital recovery of machinery and equipment","dollars per planted acre","No specific size","Northern Great Plains","United States",2011,101.68,"Base survey of 2010"
"Corn","Allocated overhead","Capital recovery of machinery and equipment","dollars per planted acre","No specific size","Northern Great Plains","United States",2012,106.77,"Base survey of 2010"
"Corn","Allocated overhead","Capital recovery of machinery and equipment","dollars per planted acre","No specific size","Northern Great Plains","United States",2013,109.82,"Base survey of 2010"
"Corn","Allocated overhead","Capital recovery of machinery and equipment","dollars per planted acre","No specific size","Northern Great Plains","United States",2014,113.89,"Base survey of 2010"
"Corn","Allocated overhead","Capital recovery of machinery and equipment","dollars per planted acre","No specific size","Northern Great Plains","United States",2015,116.53,"Base survey of 2010"
"Corn","Allocated overhead","Capital recovery of machinery and equipment","dollars per planted acre","No specific size","Northern Great Plains","United States",2016,114.12,"Base survey of 2016"
"Corn","Allocated overhead","Capital recovery of machinery and equipment","dollars per planted acre","No specific size","Northern Great Plains","United States",2017,116.39,"Base survey of 2016"
"Corn","Allocated overhead","Capital recovery of machinery and equipment","dollars per planted acre","No specific size","Northern Great Plains","United States",2018,123.79,"Base survey of 2016"
"Corn","Allocated overhead","Capital recovery of machinery and equipment","dollars per planted acre","No specific size","Northern Great Plains","United States",2019,123.22,"Base survey of 2016"
"Corn","Allocated overhead","Capital recovery of machinery and equipment","dollars per planted acre","No specific size","Northern Great Plains","United States",2020,123.32,"Base survey of 2016"
"Corn","Allocated overhead","Capital recovery of machinery and equipment","dollars per planted acre","No specific size","Northern Great Plains","United States",2021,142.64,"Base survey of 2021"
"Corn","Allocated overhead","Capital recovery of machinery and equipment","dollars per planted acre","No specific size","Northern Great Plains","United States",2022,149.19,"Base survey of 2021"
"Corn","Allocated overhead","Capital recovery of machinery and equipment","dollars per planted acre","No specific size","Northern Great Plains","United States",2023,159.34,"Base survey of 2021"
"Corn","Allocated overhead","Capital recovery of machinery and equipment","dollars per planted acre","No specific size","Northern Great Plains","United States",2024,166.94,"Base survey of 2021"
"Corn","Allocated overhead","Capital recovery of machinery and equipment","dollars per planted acre","No specific size","Prairie Gateway","United States",1996,79.69,"Base survey of 1996"
"Corn","Allocated overhead","Capital recovery of machinery and equipment","dollars per planted acre","No specific size","Prairie Gateway","United States",1997,80.44,"Base survey of 1996"
"Corn","Allocated overhead","Capital recovery of machinery and equipment","dollars per planted acre","No specific size","Prairie Gateway","United States",1998,80.53,"Base survey of 1996"
"Corn","Allocated overhead","Capital recovery of machinery and equipment","dollars per planted acre","No specific size","Prairie Gateway","United States",1999,83.46,"Base survey of 1996"
"Corn","Allocated overhead","Capital recovery of machinery and equipment","dollars per planted acre","No specific size","Prairie Gateway","United States",2000,83.93,"Base survey of 1996"
"Corn","Allocated overhead","Capital recovery of machinery and equipment","dollars per planted acre","No specific size","Prairie Gateway","United States",2001,69.4,"Base survey of 2001"
"Corn","Allocated overhead","Capital recovery of machinery and equipment","dollars per planted acre","No specific size","Prairie Gateway","United States",2002,70.09,"Base survey of 2001"
"Corn","Allocated overhead","Capital recovery of machinery and equipment","dollars per planted acre","No specific size","Prairie Gateway","United States",2003,73.28,"Base survey of 2001"
"Corn","Allocated overhead","Capital recovery of machinery and equipment","dollars per planted acre","No specific size","Prairie Gateway","United States",2004,77.58,"Base survey of 2001"
"Corn","Allocated overhead","Capital recovery of machinery and equipment","dollars per planted acre","No specific size","Prairie Gateway","United States",2005,81.97,"Base survey of 2005"
"Corn","Allocated overhead","Capital recovery of machinery and equipment","dollars per planted acre","No specific size","Prairie Gateway","United States",2006,86.23,"Base survey of 2005"
"Corn","Allocated overhead","Capital recovery of machinery and equipment","dollars per planted acre","No specific size","Prairie Gateway","United States",2007,86.23,"Base survey of 2005"
"Corn","Allocated overhead","Capital recovery of machinery and equipment","dollars per planted acre","No specific size","Prairie Gateway","United States",2008,94.36,"Base survey of 2005"
"Corn","Allocated overhead","Capital recovery of machinery and equipment","dollars per planted acre","No specific size","Prairie Gateway","United States",2009,100.23,"Base survey of 2005"
"Corn","Allocated overhead","Capital recovery of machinery and equipment","dollars per planted acre","No specific size","Prairie Gateway","United States",2010,101.04,"Base survey of 2010"
"Corn","Allocated overhead","Capital recovery of machinery and equipment","dollars per planted acre","No specific size","Prairie Gateway","United States",2011,107.19,"Base survey of 2010"
"Corn","Allocated overhead","Capital recovery of machinery and equipment","dollars per planted acre","No specific size","Prairie Gateway","United States",2012,112.55,"Base survey of 2010"
"Corn","Allocated overhead","Capital recovery of machinery and equipment","dollars per planted acre","No specific size","Prairie Gateway","United States",2013,115.77,"Base survey of 2010"
"Corn","Allocated overhead","Capital recovery of machinery and equipment","dollars per planted acre","No specific size","Prairie Gateway","United States",2014,120.05,"Base survey of 2010"
"Corn","Allocated overhead","Capital recovery of machinery and equipment","dollars per planted acre","No specific size","Prairie Gateway","United States",2015,122.84,"Base survey of 2010"
"Corn","Allocated overhead","Capital recovery of machinery and equipment","dollars per planted acre","No specific size","Prairie Gateway","United States",2016,139.99,"Base survey of 2016"
"Corn","Allocated overhead","Capital recovery of machinery and equipment","dollars per planted acre","No specific size","Prairie Gateway","United States",2017,141.46,"Base survey of 2016"
"Corn","Allocated overhead","Capital recovery of machinery and equipment","dollars per planted acre","No specific size","Prairie Gateway","United States",2018,150.44,"Base survey of 2016"
"Corn","Allocated overhead","Capital recovery of machinery and equipment","dollars per planted acre","No specific size","Prairie Gateway","United States",2019,146.93,"Base survey of 2016"
"Corn","Allocated overhead","Capital recovery of machinery and equipment","dollars per planted acre","No specific size","Prairie Gateway","United States",2020,149.52,"Base survey of 2016"
"Corn","Allocated overhead","Capital recovery of machinery and equipment","dollars per planted acre","No specific size","Prairie Gateway","United States",2021,150.49,"Base survey of 2021"
"Corn","Allocated overhead","Capital recovery of machinery and equipment","dollars per planted acre","No specific size","Prairie Gateway","United States",2022,157.82,"Base survey of 2021"
"Corn","Allocated overhead","Capital recovery of machinery and equipment","dollars per planted acre","No specific size","Prairie Gateway","United States",2023,168.27,"Base survey of 2021"
"Corn","Allocated overhead","Capital recovery of machinery and equipment","dollars per planted acre","No specific size","Prairie Gateway","United States",2024,174.05,"Base survey of 2021"
"Corn","Allocated overhead","Capital recovery of machinery and equipment","dollars per planted acre","No specific size","Eastern Uplands","United States",1996,66.86,"Base survey of 1996"
"Corn","Allocated overhead","Capital recovery of machinery and equipment","dollars per planted acre","No specific size","Eastern Uplands","United States",1997,66.13,"Base survey of 1996"
"Corn","Allocated overhead","Capital recovery of machinery and equipment","dollars per planted acre","No specific size","Eastern Uplands","United States",1998,70.4,"Base survey of 1996"
"Corn","Allocated overhead","Capital recovery of machinery and equipment","dollars per planted acre","No specific size","Eastern Uplands","United States",1999,69.82,"Base survey of 1996"
"Corn","Allocated overhead","Capital recovery of machinery and equipment","dollars per planted acre","No specific size","Eastern Uplands","United States",2000,76.08,"Base survey of 1996"
"Corn","Allocated overhead","Capital recovery of machinery and equipment","dollars per planted acre","No specific size","Eastern Uplands","United States",2001,46.6,"Base survey of 2001"
"Corn","Allocated overhead","Capital recovery of machinery and equipment","dollars per planted acre","No specific size","Eastern Uplands","United States",2002,44.05,"Base survey of 2001"
"Corn","Allocated overhead","Capital recovery of machinery and equipment","dollars per planted acre","No specific size","Eastern Uplands","United States",2003,47.79,"Base survey of 2001"
"Corn","Allocated overhead","Capital recovery of machinery and equipment","dollars per planted acre","No specific size","Eastern Uplands","United States",2004,51.95,"Base survey of 2001"
"Corn","Allocated overhead","Capital recovery of machinery and equipment","dollars per planted acre","No specific size","Eastern Uplands","United States",2005,56.81,"Base survey of 2005"
"Corn","Allocated overhead","Capital recovery of machinery and equipment","dollars per planted acre","No specific size","Eastern Uplands","United States",2006,59.77,"Base survey of 2005"
"Corn","Allocated overhead","Capital recovery of machinery and equipment","dollars per planted acre","No specific size","Eastern Uplands","United States",2007,62.73,"Base survey of 2005"
"Corn","Allocated overhead","Capital recovery of machinery and equipment","dollars per planted acre","No specific size","Eastern Uplands","United States",2008,68.64,"Base survey of 2005"
"Corn","Allocated overhead","Capital recovery of machinery and equipment","dollars per planted acre","No specific size","Eastern Uplands","United States",2009,72.91,"Base survey of 2005"
"Corn","Allocated overhead","Capital recovery of machinery and equipment","dollars per planted acre","No specific size","Eastern Uplands","United States",2010,71.86,"Base survey of 2010"
"Corn","Allocated overhead","Capital recovery of machinery and equipment","dollars per planted acre","No specific size","Eastern Uplands","United States",2011,76.23,"Base survey of 2010"
"Corn","Allocated overhead","Capital recovery of machinery and equipment","dollars per planted acre","No specific size","Eastern Uplands","United States",2012,80.05,"Base survey of 2010"
"Corn","Allocated overhead","Capital recovery of machinery and equipment","dollars per planted acre","No specific size","Eastern Uplands","United States",2013,82.33,"Base survey of 2010"
"Corn","Allocated overhead","Capital recovery of machinery and equipment","dollars per planted acre","No specific size","Eastern Uplands","United States",2014,85.38,"Base survey of 2010"
"Corn","Allocated overhead","Capital recovery of machinery and equipment","dollars per planted acre","No specific size","Eastern Uplands","United States",2015,87.36,"Base survey of 2010"
"Corn","Allocated overhead","Capital recovery of machinery and equipment","dollars per planted acre","No specific size","Eastern Uplands","United States",2016,88.86,"Base survey of 2016"
"Corn","Allocated overhead","Capital recovery of machinery and equipment","dollars per planted acre","No specific size","Eastern Uplands","United States",2017,91.14,"Base survey of 2016"
"Corn","Allocated overhead","Capital recovery of machinery and equipment","dollars per planted acre","No specific size","Eastern Uplands","United States",2018,96.44,"Base survey of 2016"
"Corn","Allocated overhead","Capital recovery of machinery and equipment","dollars per planted acre","No specific size","Eastern Uplands","United States",2019,95.1,"Base survey of 2016"
"Corn","Allocated overhead","Capital recovery of machinery and equipment","dollars per planted acre","No specific size","Eastern Uplands","United States",2020,96.96,"Base survey of 2016"
"Corn","Allocated overhead","Capital recovery of machinery and equipment","dollars per planted acre","No specific size","Eastern Uplands","United States",2021,138.61,"Base survey of 2021"
"Corn","Allocated overhead","Capital recovery of machinery and equipment","dollars per planted acre","No specific size","Eastern Uplands","United States",2022,145.12,"Base survey of 2021"
"Corn","Allocated overhead","Capital recovery of machinery and equipment","dollars per planted acre","No specific size","Eastern Uplands","United States",2023,154.77,"Base survey of 2021"
"Corn","Allocated overhead","Capital recovery of machinery and equipment","dollars per planted acre","No specific size","Eastern Uplands","United States",2024,161.46,"Base survey of 2021"
"Corn","Allocated overhead","Capital recovery of machinery and equipment","dollars per planted acre","No specific size","Southern Seaboard","United States",1996,72.57,"Base survey of 1996"
"Corn","Allocated overhead","Capital recovery of machinery and equipment","dollars per planted acre","No specific size","Southern Seaboard","United States",1997,76.09,"Base survey of 1996"
"Corn","Allocated overhead","Capital recovery of machinery and equipment","dollars per planted acre","No specific size","Southern Seaboard","United States",1998,68.33,"Base survey of 1996"
"Corn","Allocated overhead","Capital recovery of machinery and equipment","dollars per planted acre","No specific size","Southern Seaboard","United States",1999,75.29,"Base survey of 1996"
"Corn","Allocated overhead","Capital recovery of machinery and equipment","dollars per planted acre","No specific size","Southern Seaboard","United States",2000,83.65,"Base survey of 1996"
"Corn","Allocated overhead","Capital recovery of machinery and equipment","dollars per planted acre","No specific size","Southern Seaboard","United States",2001,57.95,"Base survey of 2001"
"Corn","Allocated overhead","Capital recovery of machinery and equipment","dollars per planted acre","No specific size","Southern Seaboard","United States",2002,54.06,"Base survey of 2001"
"Corn","Allocated overhead","Capital recovery of machinery and equipment","dollars per planted acre","No specific size","Southern Seaboard","United States",2003,56.36,"Base survey of 2001"
"Corn","Allocated overhead","Capital recovery of machinery and equipment","dollars per planted acre","No specific size","Southern Seaboard","United States",2004,58,"Base survey of 2001"
"Corn","Allocated overhead","Capital recovery of machinery and equipment","dollars per planted acre","No specific size","Southern Seaboard","United States",2005,63.62,"Base survey of 2005"
"Corn","Allocated overhead","Capital recovery of machinery and equipment","dollars per planted acre","No specific size","Southern Seaboard","United States",2006,66.93,"Base survey of 2005"
"Corn","Allocated overhead","Capital recovery of machinery and equipment","dollars per planted acre","No specific size","Southern Seaboard","United States",2007,70.24,"Base survey of 2005"
"Corn","Allocated overhead","Capital recovery of machinery and equipment","dollars per planted acre","No specific size","Southern Seaboard","United States",2008,76.86,"Base survey of 2005"
"Corn","Allocated overhead","Capital recovery of machinery and equipment","dollars per planted acre","No specific size","Southern Seaboard","United States",2009,81.64,"Base survey of 2005"
"Corn","Allocated overhead","Capital recovery of machinery and equipment","dollars per planted acre","No specific size","Southern Seaboard","United States",2010,81.8,"Base survey of 2010"
"Corn","Allocated overhead","Capital recovery of machinery and equipment","dollars per planted acre","No specific size","Southern Seaboard","United States",2011,86.78,"Base survey of 2010"
"Corn","Allocated overhead","Capital recovery of machinery and equipment","dollars per planted acre","No specific size","Southern Seaboard","United States",2012,91.12,"Base survey of 2010"
"Corn","Allocated overhead","Capital recovery of machinery and equipment","dollars per planted acre","No specific size","Southern Seaboard","United States",2013,93.72,"Base survey of 2010"
"Corn","Allocated overhead","Capital recovery of machinery and equipment","dollars per planted acre","No specific size","Southern Seaboard","United States",2014,97.19,"Base survey of 2010"
"Corn","Allocated overhead","Capital recovery of machinery and equipment","dollars per planted acre","No specific size","Southern Seaboard","United States",2015,99.45,"Base survey of 2010"
"Corn","Allocated overhead","Capital recovery of machinery and equipment","dollars per planted acre","No specific size","Southern Seaboard","United States",2016,107.27,"Base survey of 2016"
"Corn","Allocated overhead","Capital recovery of machinery and equipment","dollars per planted acre","No specific size","Southern Seaboard","United States",2017,106.96,"Base survey of 2016"
"Corn","Allocated overhead","Capital recovery of machinery and equipment","dollars per planted acre","No specific size","Southern Seaboard","United States",2018,114.6,"Base survey of 2016"
"Corn","Allocated overhead","Capital recovery of machinery and equipment","dollars per planted acre","No specific size","Southern Seaboard","United States",2019,114.29,"Base survey of 2016"
"Corn","Allocated overhead","Capital recovery of machinery and equipment","dollars per planted acre","No specific size","Southern Seaboard","United States",2020,116.42,"Base survey of 2016"
"Corn","Allocated overhead","Capital recovery of machinery and equipment","dollars per planted acre","No specific size","Southern Seaboard","United States",2021,134.33,"Base survey of 2021"
"Corn","Allocated overhead","Capital recovery of machinery and equipment","dollars per planted acre","No specific size","Southern Seaboard","United States",2022,140.91,"Base survey of 2021"
"Corn","Allocated overhead","Capital recovery of machinery and equipment","dollars per planted acre","No specific size","Southern Seaboard","United States",2023,150.46,"Base survey of 2021"
"Corn","Allocated overhead","Capital recovery of machinery and equipment","dollars per planted acre","No specific size","Southern Seaboard","United States",2024,156.13,"Base survey of 2021"
"Corn","Allocated overhead","Opportunity cost of land","dollars per planted acre","No specific size","U.S. total","United States",1996,80.79,"Base survey of 1996"
"Corn","Allocated overhead","Opportunity cost of land","dollars per planted acre","No specific size","U.S. total","United States",1997,84.81,"Base survey of 1996"
"Corn","Allocated overhead","Opportunity cost of land","dollars per planted acre","No specific size","U.S. total","United States",1998,86.35,"Base survey of 1996"
"Corn","Allocated overhead","Opportunity cost of land","dollars per planted acre","No specific size","U.S. total","United States",1999,86.77,"Base survey of 1996"
"Corn","Allocated overhead","Opportunity cost of land","dollars per planted acre","No specific size","U.S. total","United States",2000,89.36,"Base survey of 1996"
"Corn","Allocated overhead","Opportunity cost of land","dollars per planted acre","No specific size","U.S. total","United States",2001,86.5,"Base survey of 2001"
"Corn","Allocated overhead","Opportunity cost of land","dollars per planted acre","No specific size","U.S. total","United States",2002,87.44,"Base survey of 2001"
"Corn","Allocated overhead","Opportunity cost of land","dollars per planted acre","No specific size","U.S. total","United States",2003,89.2,"Base survey of 2001"
"Corn","Allocated overhead","Opportunity cost of land","dollars per planted acre","No specific size","U.S. total","United States",2004,92.14,"Base survey of 2001"
"Corn","Allocated overhead","Opportunity cost of land","dollars per planted acre","No specific size","U.S. total","United States",2005,93.27,"Base survey of 2005"
"Corn","Allocated overhead","Opportunity cost of land","dollars per planted acre","No specific size","U.S. total","United States",2006,90.84,"Base survey of 2005"
"Corn","Allocated overhead","Opportunity cost of land","dollars per planted acre","No specific size","U.S. total","United States",2007,97.21,"Base survey of 2005"
"Corn","Allocated overhead","Opportunity cost of land","dollars per planted acre","No specific size","U.S. total","United States",2008,107.37,"Base survey of 2005"
"Corn","Allocated overhead","Opportunity cost of land","dollars per planted acre","No specific size","U.S. total","United States",2009,123.87,"Base survey of 2005"
"Corn","Allocated overhead","Opportunity cost of land","dollars per planted acre","No specific size","U.S. total","United States",2010,127.33,"Base survey of 2010"
"Corn","Allocated overhead","Opportunity cost of land","dollars per planted acre","No specific size","U.S. total","United States",2011,138.2,"Base survey of 2010"
"Corn","Allocated overhead","Opportunity cost of land","dollars per planted acre","No specific size","U.S. total","United States",2012,154.94,"Base survey of 2010"
"Corn","Allocated overhead","Opportunity cost of land","dollars per planted acre","No specific size","U.S. total","United States",2013,167.74,"Base survey of 2010"
"Corn","Allocated overhead","Opportunity cost of land","dollars per planted acre","No specific size","U.S. total","United States",2014,175.6,"Base survey of 2010"
"Corn","Allocated overhead","Opportunity cost of land","dollars per planted acre","No specific size","U.S. total","United States",2015,179.15,"Base survey of 2010"
"Corn","Allocated overhead","Opportunity cost of land","dollars per planted acre","No specific size","U.S. total","United States",2016,160.42,"Base survey of 2016"
"Corn","Allocated overhead","Opportunity cost of land","dollars per planted acre","No specific size","U.S. total","United States",2017,158.73,"Base survey of 2016"
"Corn","Allocated overhead","Opportunity cost of land","dollars per planted acre","No specific size","U.S. total","United States",2018,160.73,"Base survey of 2016"
"Corn","Allocated overhead","Opportunity cost of land","dollars per planted acre","No specific size","U.S. total","United States",2019,159.4,"Base survey of 2016"
"Corn","Allocated overhead","Opportunity cost of land","dollars per planted acre","No specific size","U.S. total","United States",2020,161.86,"Base survey of 2016"
"Corn","Allocated overhead","Opportunity cost of land","dollars per planted acre","No specific size","U.S. total","United States",2021,166.45,"Base survey of 2021"
"Corn","Allocated overhead","Opportunity cost of land","dollars per planted acre","No specific size","U.S. total","United States",2022,179.63,"Base survey of 2021"
"Corn","Allocated overhead","Opportunity cost of land","dollars per planted acre","No specific size","U.S. total","United States",2023,186.56,"Base survey of 2021"
"Corn","Allocated overhead","Opportunity cost of land","dollars per planted acre","No specific size","U.S. total","United States",2024,191.67,"Base survey of 2021"
"Corn","Allocated overhead","Opportunity cost of land","dollars per planted acre","No specific size","Heartland","United States",1996,91.43,"Base survey of 1996"
"Corn","Allocated overhead","Opportunity cost of land","dollars per planted acre","No specific size","Heartland","United States",1997,95.4,"Base survey of 1996"
"Corn","Allocated overhead","Opportunity cost of land","dollars per planted acre","No specific size","Heartland","United States",1998,97.17,"Base survey of 1996"
"Corn","Allocated overhead","Opportunity cost of land","dollars per planted acre","No specific size","Heartland","United States",1999,97.32,"Base survey of 1996"
"Corn","Allocated overhead","Opportunity cost of land","dollars per planted acre","No specific size","Heartland","United States",2000,100.73,"Base survey of 1996"
"Corn","Allocated overhead","Opportunity cost of land","dollars per planted acre","No specific size","Heartland","United States",2001,96.9,"Base survey of 2001"
"Corn","Allocated overhead","Opportunity cost of land","dollars per planted acre","No specific size","Heartland","United States",2002,98.83,"Base survey of 2001"
"Corn","Allocated overhead","Opportunity cost of land","dollars per planted acre","No specific size","Heartland","United States",2003,100.28,"Base survey of 2001"
"Corn","Allocated overhead","Opportunity cost of land","dollars per planted acre","No specific size","Heartland","United States",2004,103.58,"Base survey of 2001"
"Corn","Allocated overhead","Opportunity cost of land","dollars per planted acre","No specific size","Heartland","United States",2005,104.87,"Base survey of 2005"
"Corn","Allocated overhead","Opportunity cost of land","dollars per planted acre","No specific size","Heartland","United States",2006,103.16,"Base survey of 2005"
"Corn","Allocated overhead","Opportunity cost of land","dollars per planted acre","No specific size","Heartland","United States",2007,110.48,"Base survey of 2005"
"Corn","Allocated overhead","Opportunity cost of land","dollars per planted acre","No specific size","Heartland","United States",2008,123.66,"Base survey of 2005"
"Corn","Allocated overhead","Opportunity cost of land","dollars per planted acre","No specific size","Heartland","United States",2009,142.36,"Base survey of 2005"
"Corn","Allocated overhead","Opportunity cost of land","dollars per planted acre","No specific size","Heartland","United States",2010,150.49,"Base survey of 2010"
"Corn","Allocated overhead","Opportunity cost of land","dollars per planted acre","No specific size","Heartland","United States",2011,163.77,"Base survey of 2010"
"Corn","Allocated overhead","Opportunity cost of land","dollars per planted acre","No specific size","Heartland","United States",2012,184.42,"Base survey of 2010"
"Corn","Allocated overhead","Opportunity cost of land","dollars per planted acre","No specific size","Heartland","United States",2013,200.65,"Base survey of 2010"
"Corn","Allocated overhead","Opportunity cost of land","dollars per planted acre","No specific size","Heartland","United States",2014,208.03,"Base survey of 2010"
"Corn","Allocated overhead","Opportunity cost of land","dollars per planted acre","No specific size","Heartland","United States",2015,212.46,"Base survey of 2010"
"Corn","Allocated overhead","Opportunity cost of land","dollars per planted acre","No specific size","Heartland","United States",2016,193.15,"Base survey of 2016"
"Corn","Allocated overhead","Opportunity cost of land","dollars per planted acre","No specific size","Heartland","United States",2017,190.98,"Base survey of 2016"
"Corn","Allocated overhead","Opportunity cost of land","dollars per planted acre","No specific size","Heartland","United States",2018,192.88,"Base survey of 2016"
"Corn","Allocated overhead","Opportunity cost of land","dollars per planted acre","No specific size","Heartland","United States",2019,193.03,"Base survey of 2016"
"Corn","Allocated overhead","Opportunity cost of land","dollars per planted acre","No specific size","Heartland","United States",2020,192.31,"Base survey of 2016"
"Corn","Allocated overhead","Opportunity cost of land","dollars per planted acre","No specific size","Heartland","United States",2021,198.86,"Base survey of 2021"
"Corn","Allocated overhead","Opportunity cost of land","dollars per planted acre","No specific size","Heartland","United States",2022,214.04,"Base survey of 2021"
"Corn","Allocated overhead","Opportunity cost of land","dollars per planted acre","No specific size","Heartland","United States",2023,224.71,"Base survey of 2021"
"Corn","Allocated overhead","Opportunity cost of land","dollars per planted acre","No specific size","Heartland","United States",2024,231.77,"Base survey of 2021"
"Corn","Allocated overhead","Opportunity cost of land","dollars per planted acre","No specific size","Northern Crescent","United States",1996,57.6,"Base survey of 1996"
"Corn","Allocated overhead","Opportunity cost of land","dollars per planted acre","No specific size","Northern Crescent","United States",1997,62.22,"Base survey of 1996"
"Corn","Allocated overhead","Opportunity cost of land","dollars per planted acre","No specific size","Northern Crescent","United States",1998,64.86,"Base survey of 1996"
"Corn","Allocated overhead","Opportunity cost of land","dollars per planted acre","No specific size","Northern Crescent","United States",1999,65.48,"Base survey of 1996"
"Corn","Allocated overhead","Opportunity cost of land","dollars per planted acre","No specific size","Northern Crescent","United States",2000,66.8,"Base survey of 1996"
"Corn","Allocated overhead","Opportunity cost of land","dollars per planted acre","No specific size","Northern Crescent","United States",2001,67.56,"Base survey of 2001"
"Corn","Allocated overhead","Opportunity cost of land","dollars per planted acre","No specific size","Northern Crescent","United States",2002,67.44,"Base survey of 2001"
"Corn","Allocated overhead","Opportunity cost of land","dollars per planted acre","No specific size","Northern Crescent","United States",2003,68.88,"Base survey of 2001"
"Corn","Allocated overhead","Opportunity cost of land","dollars per planted acre","No specific size","Northern Crescent","United States",2004,71.2,"Base survey of 2001"
"Corn","Allocated overhead","Opportunity cost of land","dollars per planted acre","No specific size","Northern Crescent","United States",2005,77.15,"Base survey of 2005"
"Corn","Allocated overhead","Opportunity cost of land","dollars per planted acre","No specific size","Northern Crescent","United States",2006,75.9,"Base survey of 2005"
"Corn","Allocated overhead","Opportunity cost of land","dollars per planted acre","No specific size","Northern Crescent","United States",2007,81.28,"Base survey of 2005"
"Corn","Allocated overhead","Opportunity cost of land","dollars per planted acre","No specific size","Northern Crescent","United States",2008,90.98,"Base survey of 2005"
"Corn","Allocated overhead","Opportunity cost of land","dollars per planted acre","No specific size","Northern Crescent","United States",2009,104.74,"Base survey of 2005"
"Corn","Allocated overhead","Opportunity cost of land","dollars per planted acre","No specific size","Northern Crescent","United States",2010,82.67,"Base survey of 2010"
"Corn","Allocated overhead","Opportunity cost of land","dollars per planted acre","No specific size","Northern Crescent","United States",2011,89.96,"Base survey of 2010"
"Corn","Allocated overhead","Opportunity cost of land","dollars per planted acre","No specific size","Northern Crescent","United States",2012,101.31,"Base survey of 2010"
"Corn","Allocated overhead","Opportunity cost of land","dollars per planted acre","No specific size","Northern Crescent","United States",2013,110.23,"Base survey of 2010"
"Corn","Allocated overhead","Opportunity cost of land","dollars per planted acre","No specific size","Northern Crescent","United States",2014,114.28,"Base survey of 2010"
"Corn","Allocated overhead","Opportunity cost of land","dollars per planted acre","No specific size","Northern Crescent","United States",2015,116.71,"Base survey of 2010"
"Corn","Allocated overhead","Opportunity cost of land","dollars per planted acre","No specific size","Northern Crescent","United States",2016,120.84,"Base survey of 2016"
"Corn","Allocated overhead","Opportunity cost of land","dollars per planted acre","No specific size","Northern Crescent","United States",2017,121.12,"Base survey of 2016"
"Corn","Allocated overhead","Opportunity cost of land","dollars per planted acre","No specific size","Northern Crescent","United States",2018,121.57,"Base survey of 2016"
"Corn","Allocated overhead","Opportunity cost of land","dollars per planted acre","No specific size","Northern Crescent","United States",2019,125.33,"Base survey of 2016"
"Corn","Allocated overhead","Opportunity cost of land","dollars per planted acre","No specific size","Northern Crescent","United States",2020,126.81,"Base survey of 2016"
"Corn","Allocated overhead","Opportunity cost of land","dollars per planted acre","No specific size","Northern Crescent","United States",2021,132.18,"Base survey of 2021"
"Corn","Allocated overhead","Opportunity cost of land","dollars per planted acre","No specific size","Northern Crescent","United States",2022,141.47,"Base survey of 2021"
"Corn","Allocated overhead","Opportunity cost of land","dollars per planted acre","No specific size","Northern Crescent","United States",2023,147.87,"Base survey of 2021"
"Corn","Allocated overhead","Opportunity cost of land","dollars per planted acre","No specific size","Northern Crescent","United States",2024,152.16,"Base survey of 2021"
"Corn","Allocated overhead","Opportunity cost of land","dollars per planted acre","No specific size","Northern Great Plains","United States",1996,50.65,"Base survey of 1996"
"Corn","Allocated overhead","Opportunity cost of land","dollars per planted acre","No specific size","Northern Great Plains","United States",1997,53.57,"Base survey of 1996"
"Corn","Allocated overhead","Opportunity cost of land","dollars per planted acre","No specific size","Northern Great Plains","United States",1998,55.33,"Base survey of 1996"
"Corn","Allocated overhead","Opportunity cost of land","dollars per planted acre","No specific size","Northern Great Plains","United States",1999,56.02,"Base survey of 1996"
"Corn","Allocated overhead","Opportunity cost of land","dollars per planted acre","No specific size","Northern Great Plains","United States",2000,56.88,"Base survey of 1996"
"Corn","Allocated overhead","Opportunity cost of land","dollars per planted acre","No specific size","Northern Great Plains","United States",2001,53.2,"Base survey of 2001"
"Corn","Allocated overhead","Opportunity cost of land","dollars per planted acre","No specific size","Northern Great Plains","United States",2002,52.28,"Base survey of 2001"
"Corn","Allocated overhead","Opportunity cost of land","dollars per planted acre","No specific size","Northern Great Plains","United States",2003,53.65,"Base survey of 2001"
"Corn","Allocated overhead","Opportunity cost of land","dollars per planted acre","No specific size","Northern Great Plains","United States",2004,54.73,"Base survey of 2001"
"Corn","Allocated overhead","Opportunity cost of land","dollars per planted acre","No specific size","Northern Great Plains","United States",2005,59.79,"Base survey of 2005"
"Corn","Allocated overhead","Opportunity cost of land","dollars per planted acre","No specific size","Northern Great Plains","United States",2006,58.82,"Base survey of 2005"
"Corn","Allocated overhead","Opportunity cost of land","dollars per planted acre","No specific size","Northern Great Plains","United States",2007,62.99,"Base survey of 2005"
"Corn","Allocated overhead","Opportunity cost of land","dollars per planted acre","No specific size","Northern Great Plains","United States",2008,70.51,"Base survey of 2005"
"Corn","Allocated overhead","Opportunity cost of land","dollars per planted acre","No specific size","Northern Great Plains","United States",2009,81.17,"Base survey of 2005"
"Corn","Allocated overhead","Opportunity cost of land","dollars per planted acre","No specific size","Northern Great Plains","United States",2010,75.46,"Base survey of 2010"
"Corn","Allocated overhead","Opportunity cost of land","dollars per planted acre","No specific size","Northern Great Plains","United States",2011,82.12,"Base survey of 2010"
"Corn","Allocated overhead","Opportunity cost of land","dollars per planted acre","No specific size","Northern Great Plains","United States",2012,92.48,"Base survey of 2010"
"Corn","Allocated overhead","Opportunity cost of land","dollars per planted acre","No specific size","Northern Great Plains","United States",2013,100.61,"Base survey of 2010"
"Corn","Allocated overhead","Opportunity cost of land","dollars per planted acre","No specific size","Northern Great Plains","United States",2014,104.31,"Base survey of 2010"
"Corn","Allocated overhead","Opportunity cost of land","dollars per planted acre","No specific size","Northern Great Plains","United States",2015,106.53,"Base survey of 2010"
"Corn","Allocated overhead","Opportunity cost of land","dollars per planted acre","No specific size","Northern Great Plains","United States",2016,107.72,"Base survey of 2016"
"Corn","Allocated overhead","Opportunity cost of land","dollars per planted acre","No specific size","Northern Great Plains","United States",2017,104.99,"Base survey of 2016"
"Corn","Allocated overhead","Opportunity cost of land","dollars per planted acre","No specific size","Northern Great Plains","United States",2018,105.51,"Base survey of 2016"
"Corn","Allocated overhead","Opportunity cost of land","dollars per planted acre","No specific size","Northern Great Plains","United States",2019,107.94,"Base survey of 2016"
"Corn","Allocated overhead","Opportunity cost of land","dollars per planted acre","No specific size","Northern Great Plains","United States",2020,111.79,"Base survey of 2016"
"Corn","Allocated overhead","Opportunity cost of land","dollars per planted acre","No specific size","Northern Great Plains","United States",2021,119.46,"Base survey of 2021"
"Corn","Allocated overhead","Opportunity cost of land","dollars per planted acre","No specific size","Northern Great Plains","United States",2022,128.54,"Base survey of 2021"
"Corn","Allocated overhead","Opportunity cost of land","dollars per planted acre","No specific size","Northern Great Plains","United States",2023,127.21,"Base survey of 2021"
"Corn","Allocated overhead","Opportunity cost of land","dollars per planted acre","No specific size","Northern Great Plains","United States",2024,133.18,"Base survey of 2021"
"Corn","Allocated overhead","Opportunity cost of land","dollars per planted acre","No specific size","Prairie Gateway","United States",1996,77.75,"Base survey of 1996"
"Corn","Allocated overhead","Opportunity cost of land","dollars per planted acre","No specific size","Prairie Gateway","United States",1997,80.47,"Base survey of 1996"
"Corn","Allocated overhead","Opportunity cost of land","dollars per planted acre","No specific size","Prairie Gateway","United States",1998,80.17,"Base survey of 1996"
"Corn","Allocated overhead","Opportunity cost of land","dollars per planted acre","No specific size","Prairie Gateway","United States",1999,79.08,"Base survey of 1996"
"Corn","Allocated overhead","Opportunity cost of land","dollars per planted acre","No specific size","Prairie Gateway","United States",2000,79.65,"Base survey of 1996"
"Corn","Allocated overhead","Opportunity cost of land","dollars per planted acre","No specific size","Prairie Gateway","United States",2001,71.21,"Base survey of 2001"
"Corn","Allocated overhead","Opportunity cost of land","dollars per planted acre","No specific size","Prairie Gateway","United States",2002,71.02,"Base survey of 2001"
"Corn","Allocated overhead","Opportunity cost of land","dollars per planted acre","No specific size","Prairie Gateway","United States",2003,73.48,"Base survey of 2001"
"Corn","Allocated overhead","Opportunity cost of land","dollars per planted acre","No specific size","Prairie Gateway","United States",2004,76.61,"Base survey of 2001"
"Corn","Allocated overhead","Opportunity cost of land","dollars per planted acre","No specific size","Prairie Gateway","United States",2005,70.82,"Base survey of 2005"
"Corn","Allocated overhead","Opportunity cost of land","dollars per planted acre","No specific size","Prairie Gateway","United States",2006,69.67,"Base survey of 2005"
"Corn","Allocated overhead","Opportunity cost of land","dollars per planted acre","No specific size","Prairie Gateway","United States",2007,69.67,"Base survey of 2005"
"Corn","Allocated overhead","Opportunity cost of land","dollars per planted acre","No specific size","Prairie Gateway","United States",2008,77.98,"Base survey of 2005"
"Corn","Allocated overhead","Opportunity cost of land","dollars per planted acre","No specific size","Prairie Gateway","United States",2009,89.77,"Base survey of 2005"
"Corn","Allocated overhead","Opportunity cost of land","dollars per planted acre","No specific size","Prairie Gateway","United States",2010,86.46,"Base survey of 2010"
"Corn","Allocated overhead","Opportunity cost of land","dollars per planted acre","No specific size","Prairie Gateway","United States",2011,94.09,"Base survey of 2010"
"Corn","Allocated overhead","Opportunity cost of land","dollars per planted acre","No specific size","Prairie Gateway","United States",2012,105.96,"Base survey of 2010"
"Corn","Allocated overhead","Opportunity cost of land","dollars per planted acre","No specific size","Prairie Gateway","United States",2013,115.28,"Base survey of 2010"
"Corn","Allocated overhead","Opportunity cost of land","dollars per planted acre","No specific size","Prairie Gateway","United States",2014,119.52,"Base survey of 2010"
"Corn","Allocated overhead","Opportunity cost of land","dollars per planted acre","No specific size","Prairie Gateway","United States",2015,122.06,"Base survey of 2010"
"Corn","Allocated overhead","Opportunity cost of land","dollars per planted acre","No specific size","Prairie Gateway","United States",2016,109.92,"Base survey of 2016"
"Corn","Allocated overhead","Opportunity cost of land","dollars per planted acre","No specific size","Prairie Gateway","United States",2017,109.09,"Base survey of 2016"
"Corn","Allocated overhead","Opportunity cost of land","dollars per planted acre","No specific size","Prairie Gateway","United States",2018,112.11,"Base survey of 2016"
"Corn","Allocated overhead","Opportunity cost of land","dollars per planted acre","No specific size","Prairie Gateway","United States",2019,107.65,"Base survey of 2016"
"Corn","Allocated overhead","Opportunity cost of land","dollars per planted acre","No specific size","Prairie Gateway","United States",2020,111.39,"Base survey of 2016"
"Corn","Allocated overhead","Opportunity cost of land","dollars per planted acre","No specific size","Prairie Gateway","United States",2021,125.13,"Base survey of 2021"
"Corn","Allocated overhead","Opportunity cost of land","dollars per planted acre","No specific size","Prairie Gateway","United States",2022,133.33,"Base survey of 2021"
"Corn","Allocated overhead","Opportunity cost of land","dollars per planted acre","No specific size","Prairie Gateway","United States",2023,138.31,"Base survey of 2021"
"Corn","Allocated overhead","Opportunity cost of land","dollars per planted acre","No specific size","Prairie Gateway","United States",2024,140.05,"Base survey of 2021"
"Corn","Allocated overhead","Opportunity cost of land","dollars per planted acre","No specific size","Eastern Uplands","United States",1996,42.75,"Base survey of 1996"
"Corn","Allocated overhead","Opportunity cost of land","dollars per planted acre","No specific size","Eastern Uplands","United States",1997,47.73,"Base survey of 1996"
"Corn","Allocated overhead","Opportunity cost of land","dollars per planted acre","No specific size","Eastern Uplands","United States",1998,43.55,"Base survey of 1996"
"Corn","Allocated overhead","Opportunity cost of land","dollars per planted acre","No specific size","Eastern Uplands","United States",1999,46.49,"Base survey of 1996"
"Corn","Allocated overhead","Opportunity cost of land","dollars per planted acre","No specific size","Eastern Uplands","United States",2000,48.39,"Base survey of 1996"
"Corn","Allocated overhead","Opportunity cost of land","dollars per planted acre","No specific size","Eastern Uplands","United States",2001,50.43,"Base survey of 2001"
"Corn","Allocated overhead","Opportunity cost of land","dollars per planted acre","No specific size","Eastern Uplands","United States",2002,48.67,"Base survey of 2001"
"Corn","Allocated overhead","Opportunity cost of land","dollars per planted acre","No specific size","Eastern Uplands","United States",2003,50.12,"Base survey of 2001"
"Corn","Allocated overhead","Opportunity cost of land","dollars per planted acre","No specific size","Eastern Uplands","United States",2004,51.94,"Base survey of 2001"
"Corn","Allocated overhead","Opportunity cost of land","dollars per planted acre","No specific size","Eastern Uplands","United States",2005,62.77,"Base survey of 2005"
"Corn","Allocated overhead","Opportunity cost of land","dollars per planted acre","No specific size","Eastern Uplands","United States",2006,61.75,"Base survey of 2005"
"Corn","Allocated overhead","Opportunity cost of land","dollars per planted acre","No specific size","Eastern Uplands","United States",2007,66.13,"Base survey of 2005"
"Corn","Allocated overhead","Opportunity cost of land","dollars per planted acre","No specific size","Eastern Uplands","United States",2008,74.02,"Base survey of 2005"
"Corn","Allocated overhead","Opportunity cost of land","dollars per planted acre","No specific size","Eastern Uplands","United States",2009,85.21,"Base survey of 2005"
"Corn","Allocated overhead","Opportunity cost of land","dollars per planted acre","No specific size","Eastern Uplands","United States",2010,72.63,"Base survey of 2010"
"Corn","Allocated overhead","Opportunity cost of land","dollars per planted acre","No specific size","Eastern Uplands","United States",2011,79.04,"Base survey of 2010"
"Corn","Allocated overhead","Opportunity cost of land","dollars per planted acre","No specific size","Eastern Uplands","United States",2012,89.01,"Base survey of 2010"
"Corn","Allocated overhead","Opportunity cost of land","dollars per planted acre","No specific size","Eastern Uplands","United States",2013,96.84,"Base survey of 2010"
"Corn","Allocated overhead","Opportunity cost of land","dollars per planted acre","No specific size","Eastern Uplands","United States",2014,100.4,"Base survey of 2010"
"Corn","Allocated overhead","Opportunity cost of land","dollars per planted acre","No specific size","Eastern Uplands","United States",2015,102.54,"Base survey of 2010"
"Corn","Allocated overhead","Opportunity cost of land","dollars per planted acre","No specific size","Eastern Uplands","United States",2016,89.44,"Base survey of 2016"
"Corn","Allocated overhead","Opportunity cost of land","dollars per planted acre","No specific size","Eastern Uplands","United States",2017,90.44,"Base survey of 2016"
"Corn","Allocated overhead","Opportunity cost of land","dollars per planted acre","No specific size","Eastern Uplands","United States",2018,92.2,"Base survey of 2016"
"Corn","Allocated overhead","Opportunity cost of land","dollars per planted acre","No specific size","Eastern Uplands","United States",2019,96.38,"Base survey of 2016"
"Corn","Allocated overhead","Opportunity cost of land","dollars per planted acre","No specific size","Eastern Uplands","United States",2020,93.9,"Base survey of 2016"
"Corn","Allocated overhead","Opportunity cost of land","dollars per planted acre","No specific size","Eastern Uplands","United States",2021,120.69,"Base survey of 2021"
"Corn","Allocated overhead","Opportunity cost of land","dollars per planted acre","No specific size","Eastern Uplands","United States",2022,128.43,"Base survey of 2021"
"Corn","Allocated overhead","Opportunity cost of land","dollars per planted acre","No specific size","Eastern Uplands","United States",2023,136.47,"Base survey of 2021"
"Corn","Allocated overhead","Opportunity cost of land","dollars per planted acre","No specific size","Eastern Uplands","United States",2024,138.67,"Base survey of 2021"
"Corn","Allocated overhead","Opportunity cost of land","dollars per planted acre","No specific size","Southern Seaboard","United States",1996,31.11,"Base survey of 1996"
"Corn","Allocated overhead","Opportunity cost of land","dollars per planted acre","No specific size","Southern Seaboard","United States",1997,34.39,"Base survey of 1996"
"Corn","Allocated overhead","Opportunity cost of land","dollars per planted acre","No specific size","Southern Seaboard","United States",1998,33.23,"Base survey of 1996"
"Corn","Allocated overhead","Opportunity cost of land","dollars per planted acre","No specific size","Southern Seaboard","United States",1999,33.86,"Base survey of 1996"
"Corn","Allocated overhead","Opportunity cost of land","dollars per planted acre","No specific size","Southern Seaboard","United States",2000,34.73,"Base survey of 1996"
"Corn","Allocated overhead","Opportunity cost of land","dollars per planted acre","No specific size","Southern Seaboard","United States",2001,47.86,"Base survey of 2001"
"Corn","Allocated overhead","Opportunity cost of land","dollars per planted acre","No specific size","Southern Seaboard","United States",2002,50.48,"Base survey of 2001"
"Corn","Allocated overhead","Opportunity cost of land","dollars per planted acre","No specific size","Southern Seaboard","United States",2003,51.32,"Base survey of 2001"
"Corn","Allocated overhead","Opportunity cost of land","dollars per planted acre","No specific size","Southern Seaboard","United States",2004,53.38,"Base survey of 2001"
"Corn","Allocated overhead","Opportunity cost of land","dollars per planted acre","No specific size","Southern Seaboard","United States",2005,54.69,"Base survey of 2005"
"Corn","Allocated overhead","Opportunity cost of land","dollars per planted acre","No specific size","Southern Seaboard","United States",2006,53.8,"Base survey of 2005"
"Corn","Allocated overhead","Opportunity cost of land","dollars per planted acre","No specific size","Southern Seaboard","United States",2007,57.62,"Base survey of 2005"
"Corn","Allocated overhead","Opportunity cost of land","dollars per planted acre","No specific size","Southern Seaboard","United States",2008,64.5,"Base survey of 2005"
"Corn","Allocated overhead","Opportunity cost of land","dollars per planted acre","No specific size","Southern Seaboard","United States",2009,74.25,"Base survey of 2005"
"Corn","Allocated overhead","Opportunity cost of land","dollars per planted acre","No specific size","Southern Seaboard","United States",2010,66.88,"Base survey of 2010"
"Corn","Allocated overhead","Opportunity cost of land","dollars per planted acre","No specific size","Southern Seaboard","United States",2011,72.78,"Base survey of 2010"
"Corn","Allocated overhead","Opportunity cost of land","dollars per planted acre","No specific size","Southern Seaboard","United States",2012,81.96,"Base survey of 2010"
"Corn","Allocated overhead","Opportunity cost of land","dollars per planted acre","No specific size","Southern Seaboard","United States",2013,89.17,"Base survey of 2010"
"Corn","Allocated overhead","Opportunity cost of land","dollars per planted acre","No specific size","Southern Seaboard","United States",2014,92.45,"Base survey of 2010"
"Corn","Allocated overhead","Opportunity cost of land","dollars per planted acre","No specific size","Southern Seaboard","United States",2015,94.42,"Base survey of 2010"
"Corn","Allocated overhead","Opportunity cost of land","dollars per planted acre","No specific size","Southern Seaboard","United States",2016,91.25,"Base survey of 2016"
"Corn","Allocated overhead","Opportunity cost of land","dollars per planted acre","No specific size","Southern Seaboard","United States",2017,96.41,"Base survey of 2016"
"Corn","Allocated overhead","Opportunity cost of land","dollars per planted acre","No specific size","Southern Seaboard","United States",2018,94.99,"Base survey of 2016"
"Corn","Allocated overhead","Opportunity cost of land","dollars per planted acre","No specific size","Southern Seaboard","United States",2019,101.36,"Base survey of 2016"
"Corn","Allocated overhead","Opportunity cost of land","dollars per planted acre","No specific size","Southern Seaboard","United States",2020,100.6,"Base survey of 2016"
"Corn","Allocated overhead","Opportunity cost of land","dollars per planted acre","No specific size","Southern Seaboard","United States",2021,93.51,"Base survey of 2021"
"Corn","Allocated overhead","Opportunity cost of land","dollars per planted acre","No specific size","Southern Seaboard","United States",2022,97.43,"Base survey of 2021"
"Corn","Allocated overhead","Opportunity cost of land","dollars per planted acre","No specific size","Southern Seaboard","United States",2023,100.68,"Base survey of 2021"
"Corn","Allocated overhead","Opportunity cost of land","dollars per planted acre","No specific size","Southern Seaboard","United States",2024,101.73,"Base survey of 2021"
"Corn","Allocated overhead","Taxes and insurance","dollars per planted acre","No specific size","U.S. total","United States",1996,6.98,"Base survey of 1996"
"Corn","Allocated overhead","Taxes and insurance","dollars per planted acre","No specific size","U.S. total","United States",1997,7,"Base survey of 1996"
"Corn","Allocated overhead","Taxes and insurance","dollars per planted acre","No specific size","U.S. total","United States",1998,7.05,"Base survey of 1996"
"Corn","Allocated overhead","Taxes and insurance","dollars per planted acre","No specific size","U.S. total","United States",1999,6.96,"Base survey of 1996"
"Corn","Allocated overhead","Taxes and insurance","dollars per planted acre","No specific size","U.S. total","United States",2000,7.13,"Base survey of 1996"
"Corn","Allocated overhead","Taxes and insurance","dollars per planted acre","No specific size","U.S. total","United States",2001,5.49,"Base survey of 2001"
"Corn","Allocated overhead","Taxes and insurance","dollars per planted acre","No specific size","U.S. total","United States",2002,5.42,"Base survey of 2001"
"Corn","Allocated overhead","Taxes and insurance","dollars per planted acre","No specific size","U.S. total","United States",2003,5.54,"Base survey of 2001"
"Corn","Allocated overhead","Taxes and insurance","dollars per planted acre","No specific size","U.S. total","United States",2004,5.58,"Base survey of 2001"
"Corn","Allocated overhead","Taxes and insurance","dollars per planted acre","No specific size","U.S. total","United States",2005,6.51,"Base survey of 2005"
"Corn","Allocated overhead","Taxes and insurance","dollars per planted acre","No specific size","U.S. total","United States",2006,7.01,"Base survey of 2005"
"Corn","Allocated overhead","Taxes and insurance","dollars per planted acre","No specific size","U.S. total","United States",2007,7.52,"Base survey of 2005"
"Corn","Allocated overhead","Taxes and insurance","dollars per planted acre","No specific size","U.S. total","United States",2008,8.29,"Base survey of 2005"
"Corn","Allocated overhead","Taxes and insurance","dollars per planted acre","No specific size","U.S. total","United States",2009,8.13,"Base survey of 2005"
"Corn","Allocated overhead","Taxes and insurance","dollars per planted acre","No specific size","U.S. total","United States",2010,8.46,"Base survey of 2010"
"Corn","Allocated overhead","Taxes and insurance","dollars per planted acre","No specific size","U.S. total","United States",2011,8.92,"Base survey of 2010"
"Corn","Allocated overhead","Taxes and insurance","dollars per planted acre","No specific size","U.S. total","United States",2012,9,"Base survey of 2010"
"Corn","Allocated overhead","Taxes and insurance","dollars per planted acre","No specific size","U.S. total","United States",2013,9.19,"Base survey of 2010"
"Corn","Allocated overhead","Taxes and insurance","dollars per planted acre","No specific size","U.S. total","United States",2014,9.34,"Base survey of 2010"
"Corn","Allocated overhead","Taxes and insurance","dollars per planted acre","No specific size","U.S. total","United States",2015,11.01,"Base survey of 2010"
"Corn","Allocated overhead","Taxes and insurance","dollars per planted acre","No specific size","U.S. total","United States",2016,11.56,"Base survey of 2016"
"Corn","Allocated overhead","Taxes and insurance","dollars per planted acre","No specific size","U.S. total","United States",2017,12.02,"Base survey of 2016"
"Corn","Allocated overhead","Taxes and insurance","dollars per planted acre","No specific size","U.S. total","United States",2018,12.22,"Base survey of 2016"
"Corn","Allocated overhead","Taxes and insurance","dollars per planted acre","No specific size","U.S. total","United States",2019,12.67,"Base survey of 2016"
"Corn","Allocated overhead","Taxes and insurance","dollars per planted acre","No specific size","U.S. total","United States",2020,13.22,"Base survey of 2016"
"Corn","Allocated overhead","Taxes and insurance","dollars per planted acre","No specific size","U.S. total","United States",2021,16.31,"Base survey of 2021"
"Corn","Allocated overhead","Taxes and insurance","dollars per planted acre","No specific size","U.S. total","United States",2022,18.03,"Base survey of 2021"
"Corn","Allocated overhead","Taxes and insurance","dollars per planted acre","No specific size","U.S. total","United States",2023,18.69,"Base survey of 2021"
"Corn","Allocated overhead","Taxes and insurance","dollars per planted acre","No specific size","U.S. total","United States",2024,19.89,"Base survey of 2021"
"Corn","Allocated overhead","Taxes and insurance","dollars per planted acre","No specific size","Heartland","United States",1996,6.32,"Base survey of 1996"
"Corn","Allocated overhead","Taxes and insurance","dollars per planted acre","No specific size","Heartland","United States",1997,6.32,"Base survey of 1996"
"Corn","Allocated overhead","Taxes and insurance","dollars per planted acre","No specific size","Heartland","United States",1998,6.38,"Base survey of 1996"
"Corn","Allocated overhead","Taxes and insurance","dollars per planted acre","No specific size","Heartland","United States",1999,6.3,"Base survey of 1996"
"Corn","Allocated overhead","Taxes and insurance","dollars per planted acre","No specific size","Heartland","United States",2000,6.47,"Base survey of 1996"
"Corn","Allocated overhead","Taxes and insurance","dollars per planted acre","No specific size","Heartland","United States",2001,5.15,"Base survey of 2001"
"Corn","Allocated overhead","Taxes and insurance","dollars per planted acre","No specific size","Heartland","United States",2002,5.07,"Base survey of 2001"
"Corn","Allocated overhead","Taxes and insurance","dollars per planted acre","No specific size","Heartland","United States",2003,5.19,"Base survey of 2001"
"Corn","Allocated overhead","Taxes and insurance","dollars per planted acre","No specific size","Heartland","United States",2004,5.24,"Base survey of 2001"
"Corn","Allocated overhead","Taxes and insurance","dollars per planted acre","No specific size","Heartland","United States",2005,6.06,"Base survey of 2005"
"Corn","Allocated overhead","Taxes and insurance","dollars per planted acre","No specific size","Heartland","United States",2006,6.37,"Base survey of 2005"
"Corn","Allocated overhead","Taxes and insurance","dollars per planted acre","No specific size","Heartland","United States",2007,6.88,"Base survey of 2005"
"Corn","Allocated overhead","Taxes and insurance","dollars per planted acre","No specific size","Heartland","United States",2008,7.64,"Base survey of 2005"
"Corn","Allocated overhead","Taxes and insurance","dollars per planted acre","No specific size","Heartland","United States",2009,7.46,"Base survey of 2005"
"Corn","Allocated overhead","Taxes and insurance","dollars per planted acre","No specific size","Heartland","United States",2010,7.77,"Base survey of 2010"
"Corn","Allocated overhead","Taxes and insurance","dollars per planted acre","No specific size","Heartland","United States",2011,8.18,"Base survey of 2010"
"Corn","Allocated overhead","Taxes and insurance","dollars per planted acre","No specific size","Heartland","United States",2012,8.26,"Base survey of 2010"
"Corn","Allocated overhead","Taxes and insurance","dollars per planted acre","No specific size","Heartland","United States",2013,8.42,"Base survey of 2010"
"Corn","Allocated overhead","Taxes and insurance","dollars per planted acre","No specific size","Heartland","United States",2014,8.58,"Base survey of 2010"
"Corn","Allocated overhead","Taxes and insurance","dollars per planted acre","No specific size","Heartland","United States",2015,10.1,"Base survey of 2010"
"Corn","Allocated overhead","Taxes and insurance","dollars per planted acre","No specific size","Heartland","United States",2016,11.21,"Base survey of 2016"
"Corn","Allocated overhead","Taxes and insurance","dollars per planted acre","No specific size","Heartland","United States",2017,11.67,"Base survey of 2016"
"Corn","Allocated overhead","Taxes and insurance","dollars per planted acre","No specific size","Heartland","United States",2018,11.85,"Base survey of 2016"
"Corn","Allocated overhead","Taxes and insurance","dollars per planted acre","No specific size","Heartland","United States",2019,12.33,"Base survey of 2016"
"Corn","Allocated overhead","Taxes and insurance","dollars per planted acre","No specific size","Heartland","United States",2020,12.89,"Base survey of 2016"
"Corn","Allocated overhead","Taxes and insurance","dollars per planted acre","No specific size","Heartland","United States",2021,17.1,"Base survey of 2021"
"Corn","Allocated overhead","Taxes and insurance","dollars per planted acre","No specific size","Heartland","United States",2022,18.9,"Base survey of 2021"
"Corn","Allocated overhead","Taxes and insurance","dollars per planted acre","No specific size","Heartland","United States",2023,19.67,"Base survey of 2021"
"Corn","Allocated overhead","Taxes and insurance","dollars per planted acre","No specific size","Heartland","United States",2024,20.88,"Base survey of 2021"
"Corn","Allocated overhead","Taxes and insurance","dollars per planted acre","No specific size","Northern Crescent","United States",1996,6.49,"Base survey of 1996"
"Corn","Allocated overhead","Taxes and insurance","dollars per planted acre","No specific size","Northern Crescent","United States",1997,6.47,"Base survey of 1996"
"Corn","Allocated overhead","Taxes and insurance","dollars per planted acre","No specific size","Northern Crescent","United States",1998,6.47,"Base survey of 1996"
"Corn","Allocated overhead","Taxes and insurance","dollars per planted acre","No specific size","Northern Crescent","United States",1999,6.38,"Base survey of 1996"
"Corn","Allocated overhead","Taxes and insurance","dollars per planted acre","No specific size","Northern Crescent","United States",2000,6.62,"Base survey of 1996"
"Corn","Allocated overhead","Taxes and insurance","dollars per planted acre","No specific size","Northern Crescent","United States",2001,5.72,"Base survey of 2001"
"Corn","Allocated overhead","Taxes and insurance","dollars per planted acre","No specific size","Northern Crescent","United States",2002,5.65,"Base survey of 2001"
"Corn","Allocated overhead","Taxes and insurance","dollars per planted acre","No specific size","Northern Crescent","United States",2003,5.8,"Base survey of 2001"
"Corn","Allocated overhead","Taxes and insurance","dollars per planted acre","No specific size","Northern Crescent","United States",2004,5.81,"Base survey of 2001"
"Corn","Allocated overhead","Taxes and insurance","dollars per planted acre","No specific size","Northern Crescent","United States",2005,9,"Base survey of 2005"
"Corn","Allocated overhead","Taxes and insurance","dollars per planted acre","No specific size","Northern Crescent","United States",2006,9.47,"Base survey of 2005"
"Corn","Allocated overhead","Taxes and insurance","dollars per planted acre","No specific size","Northern Crescent","United States",2007,10.23,"Base survey of 2005"
"Corn","Allocated overhead","Taxes and insurance","dollars per planted acre","No specific size","Northern Crescent","United States",2008,11.35,"Base survey of 2005"
"Corn","Allocated overhead","Taxes and insurance","dollars per planted acre","No specific size","Northern Crescent","United States",2009,11.08,"Base survey of 2005"
"Corn","Allocated overhead","Taxes and insurance","dollars per planted acre","No specific size","Northern Crescent","United States",2010,9.08,"Base survey of 2010"
"Corn","Allocated overhead","Taxes and insurance","dollars per planted acre","No specific size","Northern Crescent","United States",2011,9.55,"Base survey of 2010"
"Corn","Allocated overhead","Taxes and insurance","dollars per planted acre","No specific size","Northern Crescent","United States",2012,9.65,"Base survey of 2010"
"Corn","Allocated overhead","Taxes and insurance","dollars per planted acre","No specific size","Northern Crescent","United States",2013,9.84,"Base survey of 2010"
"Corn","Allocated overhead","Taxes and insurance","dollars per planted acre","No specific size","Northern Crescent","United States",2014,10.03,"Base survey of 2010"
"Corn","Allocated overhead","Taxes and insurance","dollars per planted acre","No specific size","Northern Crescent","United States",2015,11.81,"Base survey of 2010"
"Corn","Allocated overhead","Taxes and insurance","dollars per planted acre","No specific size","Northern Crescent","United States",2016,13.33,"Base survey of 2016"
"Corn","Allocated overhead","Taxes and insurance","dollars per planted acre","No specific size","Northern Crescent","United States",2017,13.93,"Base survey of 2016"
"Corn","Allocated overhead","Taxes and insurance","dollars per planted acre","No specific size","Northern Crescent","United States",2018,14.12,"Base survey of 2016"
"Corn","Allocated overhead","Taxes and insurance","dollars per planted acre","No specific size","Northern Crescent","United States",2019,14.5,"Base survey of 2016"
"Corn","Allocated overhead","Taxes and insurance","dollars per planted acre","No specific size","Northern Crescent","United States",2020,15.25,"Base survey of 2016"
"Corn","Allocated overhead","Taxes and insurance","dollars per planted acre","No specific size","Northern Crescent","United States",2021,16.54,"Base survey of 2021"
"Corn","Allocated overhead","Taxes and insurance","dollars per planted acre","No specific size","Northern Crescent","United States",2022,18.04,"Base survey of 2021"
"Corn","Allocated overhead","Taxes and insurance","dollars per planted acre","No specific size","Northern Crescent","United States",2023,18.84,"Base survey of 2021"
"Corn","Allocated overhead","Taxes and insurance","dollars per planted acre","No specific size","Northern Crescent","United States",2024,20.05,"Base survey of 2021"
"Corn","Allocated overhead","Taxes and insurance","dollars per planted acre","No specific size","Northern Great Plains","United States",1996,9.4,"Base survey of 1996"
"Corn","Allocated overhead","Taxes and insurance","dollars per planted acre","No specific size","Northern Great Plains","United States",1997,9.77,"Base survey of 1996"
"Corn","Allocated overhead","Taxes and insurance","dollars per planted acre","No specific size","Northern Great Plains","United States",1998,9.78,"Base survey of 1996"
"Corn","Allocated overhead","Taxes and insurance","dollars per planted acre","No specific size","Northern Great Plains","United States",1999,9.85,"Base survey of 1996"
"Corn","Allocated overhead","Taxes and insurance","dollars per planted acre","No specific size","Northern Great Plains","United States",2000,9.5,"Base survey of 1996"
"Corn","Allocated overhead","Taxes and insurance","dollars per planted acre","No specific size","Northern Great Plains","United States",2001,5.12,"Base survey of 2001"
"Corn","Allocated overhead","Taxes and insurance","dollars per planted acre","No specific size","Northern Great Plains","United States",2002,5.01,"Base survey of 2001"
"Corn","Allocated overhead","Taxes and insurance","dollars per planted acre","No specific size","Northern Great Plains","United States",2003,5.1,"Base survey of 2001"
"Corn","Allocated overhead","Taxes and insurance","dollars per planted acre","No specific size","Northern Great Plains","United States",2004,5.13,"Base survey of 2001"
"Corn","Allocated overhead","Taxes and insurance","dollars per planted acre","No specific size","Northern Great Plains","United States",2005,4.06,"Base survey of 2005"
"Corn","Allocated overhead","Taxes and insurance","dollars per planted acre","No specific size","Northern Great Plains","United States",2006,4.27,"Base survey of 2005"
"Corn","Allocated overhead","Taxes and insurance","dollars per planted acre","No specific size","Northern Great Plains","United States",2007,4.61,"Base survey of 2005"
"Corn","Allocated overhead","Taxes and insurance","dollars per planted acre","No specific size","Northern Great Plains","United States",2008,5.12,"Base survey of 2005"
"Corn","Allocated overhead","Taxes and insurance","dollars per planted acre","No specific size","Northern Great Plains","United States",2009,5,"Base survey of 2005"
"Corn","Allocated overhead","Taxes and insurance","dollars per planted acre","No specific size","Northern Great Plains","United States",2010,8.85,"Base survey of 2010"
"Corn","Allocated overhead","Taxes and insurance","dollars per planted acre","No specific size","Northern Great Plains","United States",2011,9.31,"Base survey of 2010"
"Corn","Allocated overhead","Taxes and insurance","dollars per planted acre","No specific size","Northern Great Plains","United States",2012,9.4,"Base survey of 2010"
"Corn","Allocated overhead","Taxes and insurance","dollars per planted acre","No specific size","Northern Great Plains","United States",2013,9.59,"Base survey of 2010"
"Corn","Allocated overhead","Taxes and insurance","dollars per planted acre","No specific size","Northern Great Plains","United States",2014,9.78,"Base survey of 2010"
"Corn","Allocated overhead","Taxes and insurance","dollars per planted acre","No specific size","Northern Great Plains","United States",2015,11.51,"Base survey of 2010"
"Corn","Allocated overhead","Taxes and insurance","dollars per planted acre","No specific size","Northern Great Plains","United States",2016,10.36,"Base survey of 2016"
"Corn","Allocated overhead","Taxes and insurance","dollars per planted acre","No specific size","Northern Great Plains","United States",2017,10.78,"Base survey of 2016"
"Corn","Allocated overhead","Taxes and insurance","dollars per planted acre","No specific size","Northern Great Plains","United States",2018,10.92,"Base survey of 2016"
"Corn","Allocated overhead","Taxes and insurance","dollars per planted acre","No specific size","Northern Great Plains","United States",2019,11.85,"Base survey of 2016"
"Corn","Allocated overhead","Taxes and insurance","dollars per planted acre","No specific size","Northern Great Plains","United States",2020,11.04,"Base survey of 2016"
"Corn","Allocated overhead","Taxes and insurance","dollars per planted acre","No specific size","Northern Great Plains","United States",2021,12.26,"Base survey of 2021"
"Corn","Allocated overhead","Taxes and insurance","dollars per planted acre","No specific size","Northern Great Plains","United States",2022,13.46,"Base survey of 2021"
"Corn","Allocated overhead","Taxes and insurance","dollars per planted acre","No specific size","Northern Great Plains","United States",2023,14.08,"Base survey of 2021"
"Corn","Allocated overhead","Taxes and insurance","dollars per planted acre","No specific size","Northern Great Plains","United States",2024,15.03,"Base survey of 2021"
"Corn","Allocated overhead","Taxes and insurance","dollars per planted acre","No specific size","Prairie Gateway","United States",1996,10.09,"Base survey of 1996"
"Corn","Allocated overhead","Taxes and insurance","dollars per planted acre","No specific size","Prairie Gateway","United States",1997,10.05,"Base survey of 1996"
"Corn","Allocated overhead","Taxes and insurance","dollars per planted acre","No specific size","Prairie Gateway","United States",1998,10.02,"Base survey of 1996"
"Corn","Allocated overhead","Taxes and insurance","dollars per planted acre","No specific size","Prairie Gateway","United States",1999,9.93,"Base survey of 1996"
"Corn","Allocated overhead","Taxes and insurance","dollars per planted acre","No specific size","Prairie Gateway","United States",2000,10.05,"Base survey of 1996"
"Corn","Allocated overhead","Taxes and insurance","dollars per planted acre","No specific size","Prairie Gateway","United States",2001,6.63,"Base survey of 2001"
"Corn","Allocated overhead","Taxes and insurance","dollars per planted acre","No specific size","Prairie Gateway","United States",2002,6.54,"Base survey of 2001"
"Corn","Allocated overhead","Taxes and insurance","dollars per planted acre","No specific size","Prairie Gateway","United States",2003,6.74,"Base survey of 2001"
"Corn","Allocated overhead","Taxes and insurance","dollars per planted acre","No specific size","Prairie Gateway","United States",2004,6.8,"Base survey of 2001"
"Corn","Allocated overhead","Taxes and insurance","dollars per planted acre","No specific size","Prairie Gateway","United States",2005,8,"Base survey of 2005"
"Corn","Allocated overhead","Taxes and insurance","dollars per planted acre","No specific size","Prairie Gateway","United States",2006,8.42,"Base survey of 2005"
"Corn","Allocated overhead","Taxes and insurance","dollars per planted acre","No specific size","Prairie Gateway","United States",2007,8.42,"Base survey of 2005"
"Corn","Allocated overhead","Taxes and insurance","dollars per planted acre","No specific size","Prairie Gateway","United States",2008,9.35,"Base survey of 2005"
"Corn","Allocated overhead","Taxes and insurance","dollars per planted acre","No specific size","Prairie Gateway","United States",2009,9.13,"Base survey of 2005"
"Corn","Allocated overhead","Taxes and insurance","dollars per planted acre","No specific size","Prairie Gateway","United States",2010,10.45,"Base survey of 2010"
"Corn","Allocated overhead","Taxes and insurance","dollars per planted acre","No specific size","Prairie Gateway","United States",2011,10.99,"Base survey of 2010"
"Corn","Allocated overhead","Taxes and insurance","dollars per planted acre","No specific size","Prairie Gateway","United States",2012,11.1,"Base survey of 2010"
"Corn","Allocated overhead","Taxes and insurance","dollars per planted acre","No specific size","Prairie Gateway","United States",2013,11.32,"Base survey of 2010"
"Corn","Allocated overhead","Taxes and insurance","dollars per planted acre","No specific size","Prairie Gateway","United States",2014,11.54,"Base survey of 2010"
"Corn","Allocated overhead","Taxes and insurance","dollars per planted acre","No specific size","Prairie Gateway","United States",2015,13.59,"Base survey of 2010"
"Corn","Allocated overhead","Taxes and insurance","dollars per planted acre","No specific size","Prairie Gateway","United States",2016,11.53,"Base survey of 2016"
"Corn","Allocated overhead","Taxes and insurance","dollars per planted acre","No specific size","Prairie Gateway","United States",2017,11.99,"Base survey of 2016"
"Corn","Allocated overhead","Taxes and insurance","dollars per planted acre","No specific size","Prairie Gateway","United States",2018,12.19,"Base survey of 2016"
"Corn","Allocated overhead","Taxes and insurance","dollars per planted acre","No specific size","Prairie Gateway","United States",2019,12.36,"Base survey of 2016"
"Corn","Allocated overhead","Taxes and insurance","dollars per planted acre","No specific size","Prairie Gateway","United States",2020,13.07,"Base survey of 2016"
"Corn","Allocated overhead","Taxes and insurance","dollars per planted acre","No specific size","Prairie Gateway","United States",2021,16.62,"Base survey of 2021"
"Corn","Allocated overhead","Taxes and insurance","dollars per planted acre","No specific size","Prairie Gateway","United States",2022,18.3,"Base survey of 2021"
"Corn","Allocated overhead","Taxes and insurance","dollars per planted acre","No specific size","Prairie Gateway","United States",2023,19.01,"Base survey of 2021"
"Corn","Allocated overhead","Taxes and insurance","dollars per planted acre","No specific size","Prairie Gateway","United States",2024,20.2,"Base survey of 2021"
"Corn","Allocated overhead","Taxes and insurance","dollars per planted acre","No specific size","Eastern Uplands","United States",1996,6.74,"Base survey of 1996"
"Corn","Allocated overhead","Taxes and insurance","dollars per planted acre","No specific size","Eastern Uplands","United States",1997,6.71,"Base survey of 1996"
"Corn","Allocated overhead","Taxes and insurance","dollars per planted acre","No specific size","Eastern Uplands","United States",1998,6.79,"Base survey of 1996"
"Corn","Allocated overhead","Taxes and insurance","dollars per planted acre","No specific size","Eastern Uplands","United States",1999,6.68,"Base survey of 1996"
"Corn","Allocated overhead","Taxes and insurance","dollars per planted acre","No specific size","Eastern Uplands","United States",2000,6.93,"Base survey of 1996"
"Corn","Allocated overhead","Taxes and insurance","dollars per planted acre","No specific size","Eastern Uplands","United States",2001,6.05,"Base survey of 2001"
"Corn","Allocated overhead","Taxes and insurance","dollars per planted acre","No specific size","Eastern Uplands","United States",2002,6.07,"Base survey of 2001"
"Corn","Allocated overhead","Taxes and insurance","dollars per planted acre","No specific size","Eastern Uplands","United States",2003,6.2,"Base survey of 2001"
"Corn","Allocated overhead","Taxes and insurance","dollars per planted acre","No specific size","Eastern Uplands","United States",2004,6.19,"Base survey of 2001"
"Corn","Allocated overhead","Taxes and insurance","dollars per planted acre","No specific size","Eastern Uplands","United States",2005,5.13,"Base survey of 2005"
"Corn","Allocated overhead","Taxes and insurance","dollars per planted acre","No specific size","Eastern Uplands","United States",2006,5.4,"Base survey of 2005"
"Corn","Allocated overhead","Taxes and insurance","dollars per planted acre","No specific size","Eastern Uplands","United States",2007,5.83,"Base survey of 2005"
"Corn","Allocated overhead","Taxes and insurance","dollars per planted acre","No specific size","Eastern Uplands","United States",2008,6.47,"Base survey of 2005"
"Corn","Allocated overhead","Taxes and insurance","dollars per planted acre","No specific size","Eastern Uplands","United States",2009,6.32,"Base survey of 2005"
"Corn","Allocated overhead","Taxes and insurance","dollars per planted acre","No specific size","Eastern Uplands","United States",2010,10.95,"Base survey of 2010"
"Corn","Allocated overhead","Taxes and insurance","dollars per planted acre","No specific size","Eastern Uplands","United States",2011,11.52,"Base survey of 2010"
"Corn","Allocated overhead","Taxes and insurance","dollars per planted acre","No specific size","Eastern Uplands","United States",2012,11.64,"Base survey of 2010"
"Corn","Allocated overhead","Taxes and insurance","dollars per planted acre","No specific size","Eastern Uplands","United States",2013,11.87,"Base survey of 2010"
"Corn","Allocated overhead","Taxes and insurance","dollars per planted acre","No specific size","Eastern Uplands","United States",2014,12.1,"Base survey of 2010"
"Corn","Allocated overhead","Taxes and insurance","dollars per planted acre","No specific size","Eastern Uplands","United States",2015,14.24,"Base survey of 2010"
"Corn","Allocated overhead","Taxes and insurance","dollars per planted acre","No specific size","Eastern Uplands","United States",2016,11.79,"Base survey of 2016"
"Corn","Allocated overhead","Taxes and insurance","dollars per planted acre","No specific size","Eastern Uplands","United States",2017,12.27,"Base survey of 2016"
"Corn","Allocated overhead","Taxes and insurance","dollars per planted acre","No specific size","Eastern Uplands","United States",2018,12.41,"Base survey of 2016"
"Corn","Allocated overhead","Taxes and insurance","dollars per planted acre","No specific size","Eastern Uplands","United States",2019,12.97,"Base survey of 2016"
"Corn","Allocated overhead","Taxes and insurance","dollars per planted acre","No specific size","Eastern Uplands","United States",2020,13.55,"Base survey of 2016"
"Corn","Allocated overhead","Taxes and insurance","dollars per planted acre","No specific size","Eastern Uplands","United States",2021,19.29,"Base survey of 2021"
"Corn","Allocated overhead","Taxes and insurance","dollars per planted acre","No specific size","Eastern Uplands","United States",2022,20.99,"Base survey of 2021"
"Corn","Allocated overhead","Taxes and insurance","dollars per planted acre","No specific size","Eastern Uplands","United States",2023,21.61,"Base survey of 2021"
"Corn","Allocated overhead","Taxes and insurance","dollars per planted acre","No specific size","Eastern Uplands","United States",2024,23.33,"Base survey of 2021"
"Corn","Allocated overhead","Taxes and insurance","dollars per planted acre","No specific size","Southern Seaboard","United States",1996,8.94,"Base survey of 1996"
"Corn","Allocated overhead","Taxes and insurance","dollars per planted acre","No specific size","Southern Seaboard","United States",1997,8.87,"Base survey of 1996"
"Corn","Allocated overhead","Taxes and insurance","dollars per planted acre","No specific size","Southern Seaboard","United States",1998,9.21,"Base survey of 1996"
"Corn","Allocated overhead","Taxes and insurance","dollars per planted acre","No specific size","Southern Seaboard","United States",1999,9.06,"Base survey of 1996"
"Corn","Allocated overhead","Taxes and insurance","dollars per planted acre","No specific size","Southern Seaboard","United States",2000,9.39,"Base survey of 1996"
"Corn","Allocated overhead","Taxes and insurance","dollars per planted acre","No specific size","Southern Seaboard","United States",2001,9.92,"Base survey of 2001"
"Corn","Allocated overhead","Taxes and insurance","dollars per planted acre","No specific size","Southern Seaboard","United States",2002,9.84,"Base survey of 2001"
"Corn","Allocated overhead","Taxes and insurance","dollars per planted acre","No specific size","Southern Seaboard","United States",2003,10.13,"Base survey of 2001"
"Corn","Allocated overhead","Taxes and insurance","dollars per planted acre","No specific size","Southern Seaboard","United States",2004,10.22,"Base survey of 2001"
"Corn","Allocated overhead","Taxes and insurance","dollars per planted acre","No specific size","Southern Seaboard","United States",2005,7.87,"Base survey of 2005"
"Corn","Allocated overhead","Taxes and insurance","dollars per planted acre","No specific size","Southern Seaboard","United States",2006,8.28,"Base survey of 2005"
"Corn","Allocated overhead","Taxes and insurance","dollars per planted acre","No specific size","Southern Seaboard","United States",2007,8.95,"Base survey of 2005"
"Corn","Allocated overhead","Taxes and insurance","dollars per planted acre","No specific size","Southern Seaboard","United States",2008,9.93,"Base survey of 2005"
"Corn","Allocated overhead","Taxes and insurance","dollars per planted acre","No specific size","Southern Seaboard","United States",2009,9.69,"Base survey of 2005"
"Corn","Allocated overhead","Taxes and insurance","dollars per planted acre","No specific size","Southern Seaboard","United States",2010,11.91,"Base survey of 2010"
"Corn","Allocated overhead","Taxes and insurance","dollars per planted acre","No specific size","Southern Seaboard","United States",2011,12.53,"Base survey of 2010"
"Corn","Allocated overhead","Taxes and insurance","dollars per planted acre","No specific size","Southern Seaboard","United States",2012,12.66,"Base survey of 2010"
"Corn","Allocated overhead","Taxes and insurance","dollars per planted acre","No specific size","Southern Seaboard","United States",2013,12.91,"Base survey of 2010"
"Corn","Allocated overhead","Taxes and insurance","dollars per planted acre","No specific size","Southern Seaboard","United States",2014,13.16,"Base survey of 2010"
"Corn","Allocated overhead","Taxes and insurance","dollars per planted acre","No specific size","Southern Seaboard","United States",2015,15.49,"Base survey of 2010"
"Corn","Allocated overhead","Taxes and insurance","dollars per planted acre","No specific size","Southern Seaboard","United States",2016,17.08,"Base survey of 2016"
"Corn","Allocated overhead","Taxes and insurance","dollars per planted acre","No specific size","Southern Seaboard","United States",2017,18.04,"Base survey of 2016"
"Corn","Allocated overhead","Taxes and insurance","dollars per planted acre","No specific size","Southern Seaboard","United States",2018,18.21,"Base survey of 2016"
"Corn","Allocated overhead","Taxes and insurance","dollars per planted acre","No specific size","Southern Seaboard","United States",2019,18.61,"Base survey of 2016"
"Corn","Allocated overhead","Taxes and insurance","dollars per planted acre","No specific size","Southern Seaboard","United States",2020,19.53,"Base survey of 2016"
"Corn","Allocated overhead","Taxes and insurance","dollars per planted acre","No specific size","Southern Seaboard","United States",2021,13.92,"Base survey of 2021"
"Corn","Allocated overhead","Taxes and insurance","dollars per planted acre","No specific size","Southern Seaboard","United States",2022,15.35,"Base survey of 2021"
"Corn","Allocated overhead","Taxes and insurance","dollars per planted acre","No specific size","Southern Seaboard","United States",2023,16.03,"Base survey of 2021"
"Corn","Allocated overhead","Taxes and insurance","dollars per planted acre","No specific size","Southern Seaboard","United States",2024,17.02,"Base survey of 2021"
"Corn","Allocated overhead","General farm overhead","dollars per planted acre","No specific size","U.S. total","United States",1996,10.38,"Base survey of 1996"
"Corn","Allocated overhead","General farm overhead","dollars per planted acre","No specific size","U.S. total","United States",1997,12.21,"Base survey of 1996"
"Corn","Allocated overhead","General farm overhead","dollars per planted acre","No specific size","U.S. total","United States",1998,11.47,"Base survey of 1996"
"Corn","Allocated overhead","General farm overhead","dollars per planted acre","No specific size","U.S. total","United States",1999,10.88,"Base survey of 1996"
"Corn","Allocated overhead","General farm overhead","dollars per planted acre","No specific size","U.S. total","United States",2000,11.11,"Base survey of 1996"
"Corn","Allocated overhead","General farm overhead","dollars per planted acre","No specific size","U.S. total","United States",2001,11.67,"Base survey of 2001"
"Corn","Allocated overhead","General farm overhead","dollars per planted acre","No specific size","U.S. total","United States",2002,11.91,"Base survey of 2001"
"Corn","Allocated overhead","General farm overhead","dollars per planted acre","No specific size","U.S. total","United States",2003,12.17,"Base survey of 2001"
"Corn","Allocated overhead","General farm overhead","dollars per planted acre","No specific size","U.S. total","United States",2004,12.41,"Base survey of 2001"
"Corn","Allocated overhead","General farm overhead","dollars per planted acre","No specific size","U.S. total","United States",2005,12.61,"Base survey of 2005"
"Corn","Allocated overhead","General farm overhead","dollars per planted acre","No specific size","U.S. total","United States",2006,13.45,"Base survey of 2005"
"Corn","Allocated overhead","General farm overhead","dollars per planted acre","No specific size","U.S. total","United States",2007,13.88,"Base survey of 2005"
"Corn","Allocated overhead","General farm overhead","dollars per planted acre","No specific size","U.S. total","United States",2008,14.18,"Base survey of 2005"
"Corn","Allocated overhead","General farm overhead","dollars per planted acre","No specific size","U.S. total","United States",2009,14.49,"Base survey of 2005"
"Corn","Allocated overhead","General farm overhead","dollars per planted acre","No specific size","U.S. total","United States",2010,18.1,"Base survey of 2010"
"Corn","Allocated overhead","General farm overhead","dollars per planted acre","No specific size","U.S. total","United States",2011,18.73,"Base survey of 2010"
"Corn","Allocated overhead","General farm overhead","dollars per planted acre","No specific size","U.S. total","United States",2012,19.32,"Base survey of 2010"
"Corn","Allocated overhead","General farm overhead","dollars per planted acre","No specific size","U.S. total","United States",2013,19.54,"Base survey of 2010"
"Corn","Allocated overhead","General farm overhead","dollars per planted acre","No specific size","U.S. total","United States",2014,19.88,"Base survey of 2010"
"Corn","Allocated overhead","General farm overhead","dollars per planted acre","No specific size","U.S. total","United States",2015,19.83,"Base survey of 2010"
"Corn","Allocated overhead","General farm overhead","dollars per planted acre","No specific size","U.S. total","United States",2016,17.74,"Base survey of 2016"
"Corn","Allocated overhead","General farm overhead","dollars per planted acre","No specific size","U.S. total","United States",2017,17.99,"Base survey of 2016"
"Corn","Allocated overhead","General farm overhead","dollars per planted acre","No specific size","U.S. total","United States",2018,18.68,"Base survey of 2016"
"Corn","Allocated overhead","General farm overhead","dollars per planted acre","No specific size","U.S. total","United States",2019,19.26,"Base survey of 2016"
"Corn","Allocated overhead","General farm overhead","dollars per planted acre","No specific size","U.S. total","United States",2020,19.62,"Base survey of 2016"
"Corn","Allocated overhead","General farm overhead","dollars per planted acre","No specific size","U.S. total","United States",2021,22.26,"Base survey of 2021"
"Corn","Allocated overhead","General farm overhead","dollars per planted acre","No specific size","U.S. total","United States",2022,24.83,"Base survey of 2021"
"Corn","Allocated overhead","General farm overhead","dollars per planted acre","No specific size","U.S. total","United States",2023,25.64,"Base survey of 2021"
"Corn","Allocated overhead","General farm overhead","dollars per planted acre","No specific size","U.S. total","United States",2024,25.86,"Base survey of 2021"
"Corn","Allocated overhead","General farm overhead","dollars per planted acre","No specific size","Heartland","United States",1996,10.42,"Base survey of 1996"
"Corn","Allocated overhead","General farm overhead","dollars per planted acre","No specific size","Heartland","United States",1997,12.22,"Base survey of 1996"
"Corn","Allocated overhead","General farm overhead","dollars per planted acre","No specific size","Heartland","United States",1998,11.49,"Base survey of 1996"
"Corn","Allocated overhead","General farm overhead","dollars per planted acre","No specific size","Heartland","United States",1999,10.86,"Base survey of 1996"
"Corn","Allocated overhead","General farm overhead","dollars per planted acre","No specific size","Heartland","United States",2000,11.11,"Base survey of 1996"
"Corn","Allocated overhead","General farm overhead","dollars per planted acre","No specific size","Heartland","United States",2001,10.49,"Base survey of 2001"
"Corn","Allocated overhead","General farm overhead","dollars per planted acre","No specific size","Heartland","United States",2002,10.69,"Base survey of 2001"
"Corn","Allocated overhead","General farm overhead","dollars per planted acre","No specific size","Heartland","United States",2003,10.93,"Base survey of 2001"
"Corn","Allocated overhead","General farm overhead","dollars per planted acre","No specific size","Heartland","United States",2004,11.17,"Base survey of 2001"
"Corn","Allocated overhead","General farm overhead","dollars per planted acre","No specific size","Heartland","United States",2005,12.14,"Base survey of 2005"
"Corn","Allocated overhead","General farm overhead","dollars per planted acre","No specific size","Heartland","United States",2006,12.57,"Base survey of 2005"
"Corn","Allocated overhead","General farm overhead","dollars per planted acre","No specific size","Heartland","United States",2007,13,"Base survey of 2005"
"Corn","Allocated overhead","General farm overhead","dollars per planted acre","No specific size","Heartland","United States",2008,13.35,"Base survey of 2005"
"Corn","Allocated overhead","General farm overhead","dollars per planted acre","No specific size","Heartland","United States",2009,13.61,"Base survey of 2005"
"Corn","Allocated overhead","General farm overhead","dollars per planted acre","No specific size","Heartland","United States",2010,17.37,"Base survey of 2010"
"Corn","Allocated overhead","General farm overhead","dollars per planted acre","No specific size","Heartland","United States",2011,17.91,"Base survey of 2010"
"Corn","Allocated overhead","General farm overhead","dollars per planted acre","No specific size","Heartland","United States",2012,18.45,"Base survey of 2010"
"Corn","Allocated overhead","General farm overhead","dollars per planted acre","No specific size","Heartland","United States",2013,18.63,"Base survey of 2010"
"Corn","Allocated overhead","General farm overhead","dollars per planted acre","No specific size","Heartland","United States",2014,18.98,"Base survey of 2010"
"Corn","Allocated overhead","General farm overhead","dollars per planted acre","No specific size","Heartland","United States",2015,18.95,"Base survey of 2010"
"Corn","Allocated overhead","General farm overhead","dollars per planted acre","No specific size","Heartland","United States",2016,16.8,"Base survey of 2016"
"Corn","Allocated overhead","General farm overhead","dollars per planted acre","No specific size","Heartland","United States",2017,17.07,"Base survey of 2016"
"Corn","Allocated overhead","General farm overhead","dollars per planted acre","No specific size","Heartland","United States",2018,17.68,"Base survey of 2016"
"Corn","Allocated overhead","General farm overhead","dollars per planted acre","No specific size","Heartland","United States",2019,18.32,"Base survey of 2016"
"Corn","Allocated overhead","General farm overhead","dollars per planted acre","No specific size","Heartland","United States",2020,18.53,"Base survey of 2016"
"Corn","Allocated overhead","General farm overhead","dollars per planted acre","No specific size","Heartland","United States",2021,24.08,"Base survey of 2021"
"Corn","Allocated overhead","General farm overhead","dollars per planted acre","No specific size","Heartland","United States",2022,26.83,"Base survey of 2021"
"Corn","Allocated overhead","General farm overhead","dollars per planted acre","No specific size","Heartland","United States",2023,27.82,"Base survey of 2021"
"Corn","Allocated overhead","General farm overhead","dollars per planted acre","No specific size","Heartland","United States",2024,28.08,"Base survey of 2021"
"Corn","Allocated overhead","General farm overhead","dollars per planted acre","No specific size","Northern Crescent","United States",1996,12.73,"Base survey of 1996"
"Corn","Allocated overhead","General farm overhead","dollars per planted acre","No specific size","Northern Crescent","United States",1997,15.13,"Base survey of 1996"
"Corn","Allocated overhead","General farm overhead","dollars per planted acre","No specific size","Northern Crescent","United States",1998,14.31,"Base survey of 1996"
"Corn","Allocated overhead","General farm overhead","dollars per planted acre","No specific size","Northern Crescent","United States",1999,13.57,"Base survey of 1996"
"Corn","Allocated overhead","General farm overhead","dollars per planted acre","No specific size","Northern Crescent","United States",2000,13.96,"Base survey of 1996"
"Corn","Allocated overhead","General farm overhead","dollars per planted acre","No specific size","Northern Crescent","United States",2001,15.34,"Base survey of 2001"
"Corn","Allocated overhead","General farm overhead","dollars per planted acre","No specific size","Northern Crescent","United States",2002,15.85,"Base survey of 2001"
"Corn","Allocated overhead","General farm overhead","dollars per planted acre","No specific size","Northern Crescent","United States",2003,16.22,"Base survey of 2001"
"Corn","Allocated overhead","General farm overhead","dollars per planted acre","No specific size","Northern Crescent","United States",2004,16.46,"Base survey of 2001"
"Corn","Allocated overhead","General farm overhead","dollars per planted acre","No specific size","Northern Crescent","United States",2005,17.67,"Base survey of 2005"
"Corn","Allocated overhead","General farm overhead","dollars per planted acre","No specific size","Northern Crescent","United States",2006,18.3,"Base survey of 2005"
"Corn","Allocated overhead","General farm overhead","dollars per planted acre","No specific size","Northern Crescent","United States",2007,18.93,"Base survey of 2005"
"Corn","Allocated overhead","General farm overhead","dollars per planted acre","No specific size","Northern Crescent","United States",2008,19.43,"Base survey of 2005"
"Corn","Allocated overhead","General farm overhead","dollars per planted acre","No specific size","Northern Crescent","United States",2009,19.81,"Base survey of 2005"
"Corn","Allocated overhead","General farm overhead","dollars per planted acre","No specific size","Northern Crescent","United States",2010,23.85,"Base survey of 2010"
"Corn","Allocated overhead","General farm overhead","dollars per planted acre","No specific size","Northern Crescent","United States",2011,24.59,"Base survey of 2010"
"Corn","Allocated overhead","General farm overhead","dollars per planted acre","No specific size","Northern Crescent","United States",2012,25.33,"Base survey of 2010"
"Corn","Allocated overhead","General farm overhead","dollars per planted acre","No specific size","Northern Crescent","United States",2013,25.57,"Base survey of 2010"
"Corn","Allocated overhead","General farm overhead","dollars per planted acre","No specific size","Northern Crescent","United States",2014,26.07,"Base survey of 2010"
"Corn","Allocated overhead","General farm overhead","dollars per planted acre","No specific size","Northern Crescent","United States",2015,26.02,"Base survey of 2010"
"Corn","Allocated overhead","General farm overhead","dollars per planted acre","No specific size","Northern Crescent","United States",2016,25.86,"Base survey of 2016"
"Corn","Allocated overhead","General farm overhead","dollars per planted acre","No specific size","Northern Crescent","United States",2017,26.33,"Base survey of 2016"
"Corn","Allocated overhead","General farm overhead","dollars per planted acre","No specific size","Northern Crescent","United States",2018,27.13,"Base survey of 2016"
"Corn","Allocated overhead","General farm overhead","dollars per planted acre","No specific size","Northern Crescent","United States",2019,28.21,"Base survey of 2016"
"Corn","Allocated overhead","General farm overhead","dollars per planted acre","No specific size","Northern Crescent","United States",2020,28.4,"Base survey of 2016"
"Corn","Allocated overhead","General farm overhead","dollars per planted acre","No specific size","Northern Crescent","United States",2021,28.45,"Base survey of 2021"
"Corn","Allocated overhead","General farm overhead","dollars per planted acre","No specific size","Northern Crescent","United States",2022,31.61,"Base survey of 2021"
"Corn","Allocated overhead","General farm overhead","dollars per planted acre","No specific size","Northern Crescent","United States",2023,32.8,"Base survey of 2021"
"Corn","Allocated overhead","General farm overhead","dollars per planted acre","No specific size","Northern Crescent","United States",2024,33.11,"Base survey of 2021"
"Corn","Allocated overhead","General farm overhead","dollars per planted acre","No specific size","Northern Great Plains","United States",1996,6.08,"Base survey of 1996"
"Corn","Allocated overhead","General farm overhead","dollars per planted acre","No specific size","Northern Great Plains","United States",1997,7.15,"Base survey of 1996"
"Corn","Allocated overhead","General farm overhead","dollars per planted acre","No specific size","Northern Great Plains","United States",1998,6.75,"Base survey of 1996"
"Corn","Allocated overhead","General farm overhead","dollars per planted acre","No specific size","Northern Great Plains","United States",1999,6.4,"Base survey of 1996"
"Corn","Allocated overhead","General farm overhead","dollars per planted acre","No specific size","Northern Great Plains","United States",2000,6.54,"Base survey of 1996"
"Corn","Allocated overhead","General farm overhead","dollars per planted acre","No specific size","Northern Great Plains","United States",2001,10.74,"Base survey of 2001"
"Corn","Allocated overhead","General farm overhead","dollars per planted acre","No specific size","Northern Great Plains","United States",2002,11.07,"Base survey of 2001"
"Corn","Allocated overhead","General farm overhead","dollars per planted acre","No specific size","Northern Great Plains","United States",2003,11.45,"Base survey of 2001"
"Corn","Allocated overhead","General farm overhead","dollars per planted acre","No specific size","Northern Great Plains","United States",2004,11.86,"Base survey of 2001"
"Corn","Allocated overhead","General farm overhead","dollars per planted acre","No specific size","Northern Great Plains","United States",2005,9.2,"Base survey of 2005"
"Corn","Allocated overhead","General farm overhead","dollars per planted acre","No specific size","Northern Great Plains","United States",2006,9.53,"Base survey of 2005"
"Corn","Allocated overhead","General farm overhead","dollars per planted acre","No specific size","Northern Great Plains","United States",2007,9.86,"Base survey of 2005"
"Corn","Allocated overhead","General farm overhead","dollars per planted acre","No specific size","Northern Great Plains","United States",2008,10.12,"Base survey of 2005"
"Corn","Allocated overhead","General farm overhead","dollars per planted acre","No specific size","Northern Great Plains","United States",2009,10.32,"Base survey of 2005"
"Corn","Allocated overhead","General farm overhead","dollars per planted acre","No specific size","Northern Great Plains","United States",2010,18.08,"Base survey of 2010"
"Corn","Allocated overhead","General farm overhead","dollars per planted acre","No specific size","Northern Great Plains","United States",2011,18.64,"Base survey of 2010"
"Corn","Allocated overhead","General farm overhead","dollars per planted acre","No specific size","Northern Great Plains","United States",2012,19.2,"Base survey of 2010"
"Corn","Allocated overhead","General farm overhead","dollars per planted acre","No specific size","Northern Great Plains","United States",2013,19.39,"Base survey of 2010"
"Corn","Allocated overhead","General farm overhead","dollars per planted acre","No specific size","Northern Great Plains","United States",2014,19.76,"Base survey of 2010"
"Corn","Allocated overhead","General farm overhead","dollars per planted acre","No specific size","Northern Great Plains","United States",2015,19.72,"Base survey of 2010"
"Corn","Allocated overhead","General farm overhead","dollars per planted acre","No specific size","Northern Great Plains","United States",2016,15.58,"Base survey of 2016"
"Corn","Allocated overhead","General farm overhead","dollars per planted acre","No specific size","Northern Great Plains","United States",2017,15.85,"Base survey of 2016"
"Corn","Allocated overhead","General farm overhead","dollars per planted acre","No specific size","Northern Great Plains","United States",2018,16.43,"Base survey of 2016"
"Corn","Allocated overhead","General farm overhead","dollars per planted acre","No specific size","Northern Great Plains","United States",2019,17.07,"Base survey of 2016"
"Corn","Allocated overhead","General farm overhead","dollars per planted acre","No specific size","Northern Great Plains","United States",2020,17.16,"Base survey of 2016"
"Corn","Allocated overhead","General farm overhead","dollars per planted acre","No specific size","Northern Great Plains","United States",2021,17.54,"Base survey of 2021"
"Corn","Allocated overhead","General farm overhead","dollars per planted acre","No specific size","Northern Great Plains","United States",2022,19.3,"Base survey of 2021"
"Corn","Allocated overhead","General farm overhead","dollars per planted acre","No specific size","Northern Great Plains","United States",2023,20.22,"Base survey of 2021"
"Corn","Allocated overhead","General farm overhead","dollars per planted acre","No specific size","Northern Great Plains","United States",2024,20.46,"Base survey of 2021"
"Corn","Allocated overhead","General farm overhead","dollars per planted acre","No specific size","Prairie Gateway","United States",1996,9.28,"Base survey of 1996"
"Corn","Allocated overhead","General farm overhead","dollars per planted acre","No specific size","Prairie Gateway","United States",1997,10.99,"Base survey of 1996"
"Corn","Allocated overhead","General farm overhead","dollars per planted acre","No specific size","Prairie Gateway","United States",1998,10.3,"Base survey of 1996"
"Corn","Allocated overhead","General farm overhead","dollars per planted acre","No specific size","Prairie Gateway","United States",1999,9.87,"Base survey of 1996"
"Corn","Allocated overhead","General farm overhead","dollars per planted acre","No specific size","Prairie Gateway","United States",2000,10.11,"Base survey of 1996"
"Corn","Allocated overhead","General farm overhead","dollars per planted acre","No specific size","Prairie Gateway","United States",2001,14.31,"Base survey of 2001"
"Corn","Allocated overhead","General farm overhead","dollars per planted acre","No specific size","Prairie Gateway","United States",2002,14.58,"Base survey of 2001"
"Corn","Allocated overhead","General farm overhead","dollars per planted acre","No specific size","Prairie Gateway","United States",2003,14.99,"Base survey of 2001"
"Corn","Allocated overhead","General farm overhead","dollars per planted acre","No specific size","Prairie Gateway","United States",2004,15.3,"Base survey of 2001"
"Corn","Allocated overhead","General farm overhead","dollars per planted acre","No specific size","Prairie Gateway","United States",2005,12.64,"Base survey of 2005"
"Corn","Allocated overhead","General farm overhead","dollars per planted acre","No specific size","Prairie Gateway","United States",2006,13.09,"Base survey of 2005"
"Corn","Allocated overhead","General farm overhead","dollars per planted acre","No specific size","Prairie Gateway","United States",2007,13.09,"Base survey of 2005"
"Corn","Allocated overhead","General farm overhead","dollars per planted acre","No specific size","Prairie Gateway","United States",2008,13.44,"Base survey of 2005"
"Corn","Allocated overhead","General farm overhead","dollars per planted acre","No specific size","Prairie Gateway","United States",2009,13.7,"Base survey of 2005"
"Corn","Allocated overhead","General farm overhead","dollars per planted acre","No specific size","Prairie Gateway","United States",2010,16.84,"Base survey of 2010"
"Corn","Allocated overhead","General farm overhead","dollars per planted acre","No specific size","Prairie Gateway","United States",2011,17.36,"Base survey of 2010"
"Corn","Allocated overhead","General farm overhead","dollars per planted acre","No specific size","Prairie Gateway","United States",2012,17.88,"Base survey of 2010"
"Corn","Allocated overhead","General farm overhead","dollars per planted acre","No specific size","Prairie Gateway","United States",2013,18.06,"Base survey of 2010"
"Corn","Allocated overhead","General farm overhead","dollars per planted acre","No specific size","Prairie Gateway","United States",2014,18.4,"Base survey of 2010"
"Corn","Allocated overhead","General farm overhead","dollars per planted acre","No specific size","Prairie Gateway","United States",2015,18.37,"Base survey of 2010"
"Corn","Allocated overhead","General farm overhead","dollars per planted acre","No specific size","Prairie Gateway","United States",2016,15.79,"Base survey of 2016"
"Corn","Allocated overhead","General farm overhead","dollars per planted acre","No specific size","Prairie Gateway","United States",2017,16.1,"Base survey of 2016"
"Corn","Allocated overhead","General farm overhead","dollars per planted acre","No specific size","Prairie Gateway","United States",2018,16.78,"Base survey of 2016"
"Corn","Allocated overhead","General farm overhead","dollars per planted acre","No specific size","Prairie Gateway","United States",2019,17.02,"Base survey of 2016"
"Corn","Allocated overhead","General farm overhead","dollars per planted acre","No specific size","Prairie Gateway","United States",2020,17.46,"Base survey of 2016"
"Corn","Allocated overhead","General farm overhead","dollars per planted acre","No specific size","Prairie Gateway","United States",2021,16.06,"Base survey of 2021"
"Corn","Allocated overhead","General farm overhead","dollars per planted acre","No specific size","Prairie Gateway","United States",2022,17.84,"Base survey of 2021"
"Corn","Allocated overhead","General farm overhead","dollars per planted acre","No specific size","Prairie Gateway","United States",2023,18.44,"Base survey of 2021"
"Corn","Allocated overhead","General farm overhead","dollars per planted acre","No specific size","Prairie Gateway","United States",2024,18.89,"Base survey of 2021"
"Corn","Allocated overhead","General farm overhead","dollars per planted acre","No specific size","Eastern Uplands","United States",1996,10.2,"Base survey of 1996"
"Corn","Allocated overhead","General farm overhead","dollars per planted acre","No specific size","Eastern Uplands","United States",1997,11.95,"Base survey of 1996"
"Corn","Allocated overhead","General farm overhead","dollars per planted acre","No specific size","Eastern Uplands","United States",1998,11.29,"Base survey of 1996"
"Corn","Allocated overhead","General farm overhead","dollars per planted acre","No specific size","Eastern Uplands","United States",1999,10.7,"Base survey of 1996"
"Corn","Allocated overhead","General farm overhead","dollars per planted acre","No specific size","Eastern Uplands","United States",2000,10.96,"Base survey of 1996"
"Corn","Allocated overhead","General farm overhead","dollars per planted acre","No specific size","Eastern Uplands","United States",2001,11.93,"Base survey of 2001"
"Corn","Allocated overhead","General farm overhead","dollars per planted acre","No specific size","Eastern Uplands","United States",2002,12.22,"Base survey of 2001"
"Corn","Allocated overhead","General farm overhead","dollars per planted acre","No specific size","Eastern Uplands","United States",2003,12.53,"Base survey of 2001"
"Corn","Allocated overhead","General farm overhead","dollars per planted acre","No specific size","Eastern Uplands","United States",2004,12.86,"Base survey of 2001"
"Corn","Allocated overhead","General farm overhead","dollars per planted acre","No specific size","Eastern Uplands","United States",2005,10.54,"Base survey of 2005"
"Corn","Allocated overhead","General farm overhead","dollars per planted acre","No specific size","Eastern Uplands","United States",2006,10.92,"Base survey of 2005"
"Corn","Allocated overhead","General farm overhead","dollars per planted acre","No specific size","Eastern Uplands","United States",2007,11.3,"Base survey of 2005"
"Corn","Allocated overhead","General farm overhead","dollars per planted acre","No specific size","Eastern Uplands","United States",2008,11.6,"Base survey of 2005"
"Corn","Allocated overhead","General farm overhead","dollars per planted acre","No specific size","Eastern Uplands","United States",2009,11.83,"Base survey of 2005"
"Corn","Allocated overhead","General farm overhead","dollars per planted acre","No specific size","Eastern Uplands","United States",2010,23.38,"Base survey of 2010"
"Corn","Allocated overhead","General farm overhead","dollars per planted acre","No specific size","Eastern Uplands","United States",2011,24.11,"Base survey of 2010"
"Corn","Allocated overhead","General farm overhead","dollars per planted acre","No specific size","Eastern Uplands","United States",2012,24.83,"Base survey of 2010"
"Corn","Allocated overhead","General farm overhead","dollars per planted acre","No specific size","Eastern Uplands","United States",2013,25.07,"Base survey of 2010"
"Corn","Allocated overhead","General farm overhead","dollars per planted acre","No specific size","Eastern Uplands","United States",2014,25.55,"Base survey of 2010"
"Corn","Allocated overhead","General farm overhead","dollars per planted acre","No specific size","Eastern Uplands","United States",2015,25.5,"Base survey of 2010"
"Corn","Allocated overhead","General farm overhead","dollars per planted acre","No specific size","Eastern Uplands","United States",2016,17.56,"Base survey of 2016"
"Corn","Allocated overhead","General farm overhead","dollars per planted acre","No specific size","Eastern Uplands","United States",2017,17.67,"Base survey of 2016"
"Corn","Allocated overhead","General farm overhead","dollars per planted acre","No specific size","Eastern Uplands","United States",2018,18.3,"Base survey of 2016"
"Corn","Allocated overhead","General farm overhead","dollars per planted acre","No specific size","Eastern Uplands","United States",2019,19.15,"Base survey of 2016"
"Corn","Allocated overhead","General farm overhead","dollars per planted acre","No specific size","Eastern Uplands","United States",2020,19.44,"Base survey of 2016"
"Corn","Allocated overhead","General farm overhead","dollars per planted acre","No specific size","Eastern Uplands","United States",2021,21.73,"Base survey of 2021"
"Corn","Allocated overhead","General farm overhead","dollars per planted acre","No specific size","Eastern Uplands","United States",2022,23.7,"Base survey of 2021"
"Corn","Allocated overhead","General farm overhead","dollars per planted acre","No specific size","Eastern Uplands","United States",2023,23.91,"Base survey of 2021"
"Corn","Allocated overhead","General farm overhead","dollars per planted acre","No specific size","Eastern Uplands","United States",2024,25.16,"Base survey of 2021"
"Corn","Allocated overhead","General farm overhead","dollars per planted acre","No specific size","Southern Seaboard","United States",1996,8.71,"Base survey of 1996"
"Corn","Allocated overhead","General farm overhead","dollars per planted acre","No specific size","Southern Seaboard","United States",1997,10.3,"Base survey of 1996"
"Corn","Allocated overhead","General farm overhead","dollars per planted acre","No specific size","Southern Seaboard","United States",1998,9.74,"Base survey of 1996"
"Corn","Allocated overhead","General farm overhead","dollars per planted acre","No specific size","Southern Seaboard","United States",1999,9.22,"Base survey of 1996"
"Corn","Allocated overhead","General farm overhead","dollars per planted acre","No specific size","Southern Seaboard","United States",2000,9.44,"Base survey of 1996"
"Corn","Allocated overhead","General farm overhead","dollars per planted acre","No specific size","Southern Seaboard","United States",2001,16.17,"Base survey of 2001"
"Corn","Allocated overhead","General farm overhead","dollars per planted acre","No specific size","Southern Seaboard","United States",2002,16.67,"Base survey of 2001"
"Corn","Allocated overhead","General farm overhead","dollars per planted acre","No specific size","Southern Seaboard","United States",2003,16.96,"Base survey of 2001"
"Corn","Allocated overhead","General farm overhead","dollars per planted acre","No specific size","Southern Seaboard","United States",2004,17.25,"Base survey of 2001"
"Corn","Allocated overhead","General farm overhead","dollars per planted acre","No specific size","Southern Seaboard","United States",2005,16.85,"Base survey of 2005"
"Corn","Allocated overhead","General farm overhead","dollars per planted acre","No specific size","Southern Seaboard","United States",2006,17.45,"Base survey of 2005"
"Corn","Allocated overhead","General farm overhead","dollars per planted acre","No specific size","Southern Seaboard","United States",2007,18.05,"Base survey of 2005"
"Corn","Allocated overhead","General farm overhead","dollars per planted acre","No specific size","Southern Seaboard","United States",2008,18.53,"Base survey of 2005"
"Corn","Allocated overhead","General farm overhead","dollars per planted acre","No specific size","Southern Seaboard","United States",2009,18.89,"Base survey of 2005"
"Corn","Allocated overhead","General farm overhead","dollars per planted acre","No specific size","Southern Seaboard","United States",2010,25.68,"Base survey of 2010"
"Corn","Allocated overhead","General farm overhead","dollars per planted acre","No specific size","Southern Seaboard","United States",2011,26.48,"Base survey of 2010"
"Corn","Allocated overhead","General farm overhead","dollars per planted acre","No specific size","Southern Seaboard","United States",2012,27.27,"Base survey of 2010"
"Corn","Allocated overhead","General farm overhead","dollars per planted acre","No specific size","Southern Seaboard","United States",2013,27.54,"Base survey of 2010"
"Corn","Allocated overhead","General farm overhead","dollars per planted acre","No specific size","Southern Seaboard","United States",2014,28.07,"Base survey of 2010"
"Corn","Allocated overhead","General farm overhead","dollars per planted acre","No specific size","Southern Seaboard","United States",2015,28.01,"Base survey of 2010"
"Corn","Allocated overhead","General farm overhead","dollars per planted acre","No specific size","Southern Seaboard","United States",2016,26.54,"Base survey of 2016"
"Corn","Allocated overhead","General farm overhead","dollars per planted acre","No specific size","Southern Seaboard","United States",2017,26.04,"Base survey of 2016"
"Corn","Allocated overhead","General farm overhead","dollars per planted acre","No specific size","Southern Seaboard","United States",2018,27.32,"Base survey of 2016"
"Corn","Allocated overhead","General farm overhead","dollars per planted acre","No specific size","Southern Seaboard","United States",2019,28.59,"Base survey of 2016"
"Corn","Allocated overhead","General farm overhead","dollars per planted acre","No specific size","Southern Seaboard","United States",2020,29.34,"Base survey of 2016"
"Corn","Allocated overhead","General farm overhead","dollars per planted acre","No specific size","Southern Seaboard","United States",2021,20.93,"Base survey of 2021"
"Corn","Allocated overhead","General farm overhead","dollars per planted acre","No specific size","Southern Seaboard","United States",2022,23.4,"Base survey of 2021"
"Corn","Allocated overhead","General farm overhead","dollars per planted acre","No specific size","Southern Seaboard","United States",2023,24.31,"Base survey of 2021"
"Corn","Allocated overhead","General farm overhead","dollars per planted acre","No specific size","Southern Seaboard","United States",2024,23.96,"Base survey of 2021"
"Corn","Allocated overhead","Total, allocated overhead","dollars per planted acre","No specific size","U.S. total","United States",1996,192.99,"Base survey of 1996"
"Corn","Allocated overhead","Total, allocated overhead","dollars per planted acre","No specific size","U.S. total","United States",1997,201.48,"Base survey of 1996"
"Corn","Allocated overhead","Total, allocated overhead","dollars per planted acre","No specific size","U.S. total","United States",1998,205.15,"Base survey of 1996"
"Corn","Allocated overhead","Total, allocated overhead","dollars per planted acre","No specific size","U.S. total","United States",1999,207.81,"Base survey of 1996"
"Corn","Allocated overhead","Total, allocated overhead","dollars per planted acre","No specific size","U.S. total","United States",2000,213.33,"Base survey of 1996"
"Corn","Allocated overhead","Total, allocated overhead","dollars per planted acre","No specific size","U.S. total","United States",2001,186.23,"Base survey of 2001"
"Corn","Allocated overhead","Total, allocated overhead","dollars per planted acre","No specific size","U.S. total","United States",2002,188.83,"Base survey of 2001"
"Corn","Allocated overhead","Total, allocated overhead","dollars per planted acre","No specific size","U.S. total","United States",2003,193.25,"Base survey of 2001"
"Corn","Allocated overhead","Total, allocated overhead","dollars per planted acre","No specific size","U.S. total","United States",2004,201.56,"Base survey of 2001"
"Corn","Allocated overhead","Total, allocated overhead","dollars per planted acre","No specific size","U.S. total","United States",2005,200.51,"Base survey of 2005"
"Corn","Allocated overhead","Total, allocated overhead","dollars per planted acre","No specific size","U.S. total","United States",2006,203.76,"Base survey of 2005"
"Corn","Allocated overhead","Total, allocated overhead","dollars per planted acre","No specific size","U.S. total","United States",2007,214.98,"Base survey of 2005"
"Corn","Allocated overhead","Total, allocated overhead","dollars per planted acre","No specific size","U.S. total","United States",2008,233.69,"Base survey of 2005"
"Corn","Allocated overhead","Total, allocated overhead","dollars per planted acre","No specific size","U.S. total","United States",2009,255.69,"Base survey of 2005"
"Corn","Allocated overhead","Total, allocated overhead","dollars per planted acre","No specific size","U.S. total","United States",2010,263.79,"Base survey of 2010"
"Corn","Allocated overhead","Total, allocated overhead","dollars per planted acre","No specific size","U.S. total","United States",2011,281.13,"Base survey of 2010"
"Corn","Allocated overhead","Total, allocated overhead","dollars per planted acre","No specific size","U.S. total","United States",2012,303.98,"Base survey of 2010"
"Corn","Allocated overhead","Total, allocated overhead","dollars per planted acre","No specific size","U.S. total","United States",2013,320.85,"Base survey of 2010"
"Corn","Allocated overhead","Total, allocated overhead","dollars per planted acre","No specific size","U.S. total","United States",2014,332.88,"Base survey of 2010"
"Corn","Allocated overhead","Total, allocated overhead","dollars per planted acre","No specific size","U.S. total","United States",2015,341.53,"Base survey of 2010"
"Corn","Allocated overhead","Total, allocated overhead","dollars per planted acre","No specific size","U.S. total","United States",2016,337.93,"Base survey of 2016"
"Corn","Allocated overhead","Total, allocated overhead","dollars per planted acre","No specific size","U.S. total","United States",2017,340.02,"Base survey of 2016"
"Corn","Allocated overhead","Total, allocated overhead","dollars per planted acre","No specific size","U.S. total","United States",2018,352.38,"Base survey of 2016"
"Corn","Allocated overhead","Total, allocated overhead","dollars per planted acre","No specific size","U.S. total","United States",2019,352.84,"Base survey of 2016"
"Corn","Allocated overhead","Total, allocated overhead","dollars per planted acre","No specific size","U.S. total","United States",2020,358.84,"Base survey of 2016"
"Corn","Allocated overhead","Total, allocated overhead","dollars per planted acre","No specific size","U.S. total","United States",2021,381.86,"Base survey of 2021"
"Corn","Allocated overhead","Total, allocated overhead","dollars per planted acre","No specific size","U.S. total","United States",2022,408.75,"Base survey of 2021"
"Corn","Allocated overhead","Total, allocated overhead","dollars per planted acre","No specific size","U.S. total","United States",2023,429.06,"Base survey of 2021"
"Corn","Allocated overhead","Total, allocated overhead","dollars per planted acre","No specific size","U.S. total","United States",2024,443.65,"Base survey of 2021"
"Corn","Allocated overhead","Total, allocated overhead","dollars per planted acre","No specific size","Heartland","United States",1996,199.14,"Base survey of 1996"
"Corn","Allocated overhead","Total, allocated overhead","dollars per planted acre","No specific size","Heartland","United States",1997,206.92,"Base survey of 1996"
"Corn","Allocated overhead","Total, allocated overhead","dollars per planted acre","No specific size","Heartland","United States",1998,211.12,"Base survey of 1996"
"Corn","Allocated overhead","Total, allocated overhead","dollars per planted acre","No specific size","Heartland","United States",1999,213.44,"Base survey of 1996"
"Corn","Allocated overhead","Total, allocated overhead","dollars per planted acre","No specific size","Heartland","United States",2000,219.78,"Base survey of 1996"
"Corn","Allocated overhead","Total, allocated overhead","dollars per planted acre","No specific size","Heartland","United States",2001,188.11,"Base survey of 2001"
"Corn","Allocated overhead","Total, allocated overhead","dollars per planted acre","No specific size","Heartland","United States",2002,191.68,"Base survey of 2001"
"Corn","Allocated overhead","Total, allocated overhead","dollars per planted acre","No specific size","Heartland","United States",2003,195.55,"Base survey of 2001"
"Corn","Allocated overhead","Total, allocated overhead","dollars per planted acre","No specific size","Heartland","United States",2004,204.68,"Base survey of 2001"
"Corn","Allocated overhead","Total, allocated overhead","dollars per planted acre","No specific size","Heartland","United States",2005,204.73,"Base survey of 2005"
"Corn","Allocated overhead","Total, allocated overhead","dollars per planted acre","No specific size","Heartland","United States",2006,207.67,"Base survey of 2005"
"Corn","Allocated overhead","Total, allocated overhead","dollars per planted acre","No specific size","Heartland","United States",2007,219.84,"Base survey of 2005"
"Corn","Allocated overhead","Total, allocated overhead","dollars per planted acre","No specific size","Heartland","United States",2008,241.19,"Base survey of 2005"
"Corn","Allocated overhead","Total, allocated overhead","dollars per planted acre","No specific size","Heartland","United States",2009,265.02,"Base survey of 2005"
"Corn","Allocated overhead","Total, allocated overhead","dollars per planted acre","No specific size","Heartland","United States",2010,279.67,"Base survey of 2010"
"Corn","Allocated overhead","Total, allocated overhead","dollars per planted acre","No specific size","Heartland","United States",2011,299.08,"Base survey of 2010"
"Corn","Allocated overhead","Total, allocated overhead","dollars per planted acre","No specific size","Heartland","United States",2012,325.48,"Base survey of 2010"
"Corn","Allocated overhead","Total, allocated overhead","dollars per planted acre","No specific size","Heartland","United States",2013,345.33,"Base survey of 2010"
"Corn","Allocated overhead","Total, allocated overhead","dollars per planted acre","No specific size","Heartland","United States",2014,357.12,"Base survey of 2010"
"Corn","Allocated overhead","Total, allocated overhead","dollars per planted acre","No specific size","Heartland","United States",2015,366.19,"Base survey of 2010"
"Corn","Allocated overhead","Total, allocated overhead","dollars per planted acre","No specific size","Heartland","United States",2016,364.76,"Base survey of 2016"
"Corn","Allocated overhead","Total, allocated overhead","dollars per planted acre","No specific size","Heartland","United States",2017,366.48,"Base survey of 2016"
"Corn","Allocated overhead","Total, allocated overhead","dollars per planted acre","No specific size","Heartland","United States",2018,378.29,"Base survey of 2016"
"Corn","Allocated overhead","Total, allocated overhead","dollars per planted acre","No specific size","Heartland","United States",2019,379.79,"Base survey of 2016"
"Corn","Allocated overhead","Total, allocated overhead","dollars per planted acre","No specific size","Heartland","United States",2020,382.39,"Base survey of 2016"
"Corn","Allocated overhead","Total, allocated overhead","dollars per planted acre","No specific size","Heartland","United States",2021,417.51,"Base survey of 2021"
"Corn","Allocated overhead","Total, allocated overhead","dollars per planted acre","No specific size","Heartland","United States",2022,446.53,"Base survey of 2021"
"Corn","Allocated overhead","Total, allocated overhead","dollars per planted acre","No specific size","Heartland","United States",2023,470.98,"Base survey of 2021"
"Corn","Allocated overhead","Total, allocated overhead","dollars per planted acre","No specific size","Heartland","United States",2024,488.02,"Base survey of 2021"
"Corn","Allocated overhead","Total, allocated overhead","dollars per planted acre","No specific size","Northern Crescent","United States",1996,176.81,"Base survey of 1996"
"Corn","Allocated overhead","Total, allocated overhead","dollars per planted acre","No specific size","Northern Crescent","United States",1997,188.91,"Base survey of 1996"
"Corn","Allocated overhead","Total, allocated overhead","dollars per planted acre","No specific size","Northern Crescent","United States",1998,195.92,"Base survey of 1996"
"Corn","Allocated overhead","Total, allocated overhead","dollars per planted acre","No specific size","Northern Crescent","United States",1999,197.78,"Base survey of 1996"
"Corn","Allocated overhead","Total, allocated overhead","dollars per planted acre","No specific size","Northern Crescent","United States",2000,204.44,"Base survey of 1996"
"Corn","Allocated overhead","Total, allocated overhead","dollars per planted acre","No specific size","Northern Crescent","United States",2001,183.65,"Base survey of 2001"
"Corn","Allocated overhead","Total, allocated overhead","dollars per planted acre","No specific size","Northern Crescent","United States",2002,186.17,"Base survey of 2001"
"Corn","Allocated overhead","Total, allocated overhead","dollars per planted acre","No specific size","Northern Crescent","United States",2003,190.41,"Base survey of 2001"
"Corn","Allocated overhead","Total, allocated overhead","dollars per planted acre","No specific size","Northern Crescent","United States",2004,198.48,"Base survey of 2001"
"Corn","Allocated overhead","Total, allocated overhead","dollars per planted acre","No specific size","Northern Crescent","United States",2005,199.16,"Base survey of 2005"
"Corn","Allocated overhead","Total, allocated overhead","dollars per planted acre","No specific size","Northern Crescent","United States",2006,203.43,"Base survey of 2005"
"Corn","Allocated overhead","Total, allocated overhead","dollars per planted acre","No specific size","Northern Crescent","United States",2007,214.62,"Base survey of 2005"
"Corn","Allocated overhead","Total, allocated overhead","dollars per planted acre","No specific size","Northern Crescent","United States",2008,233.51,"Base survey of 2005"
"Corn","Allocated overhead","Total, allocated overhead","dollars per planted acre","No specific size","Northern Crescent","United States",2009,252.77,"Base survey of 2005"
"Corn","Allocated overhead","Total, allocated overhead","dollars per planted acre","No specific size","Northern Crescent","United States",2010,223.08,"Base survey of 2010"
"Corn","Allocated overhead","Total, allocated overhead","dollars per planted acre","No specific size","Northern Crescent","United States",2011,236.44,"Base survey of 2010"
"Corn","Allocated overhead","Total, allocated overhead","dollars per planted acre","No specific size","Northern Crescent","United States",2012,253.75,"Base survey of 2010"
"Corn","Allocated overhead","Total, allocated overhead","dollars per planted acre","No specific size","Northern Crescent","United States",2013,266.47,"Base survey of 2010"
"Corn","Allocated overhead","Total, allocated overhead","dollars per planted acre","No specific size","Northern Crescent","United States",2014,275.03,"Base survey of 2010"
"Corn","Allocated overhead","Total, allocated overhead","dollars per planted acre","No specific size","Northern Crescent","United States",2015,282.56,"Base survey of 2010"
"Corn","Allocated overhead","Total, allocated overhead","dollars per planted acre","No specific size","Northern Crescent","United States",2016,301.65,"Base survey of 2016"
"Corn","Allocated overhead","Total, allocated overhead","dollars per planted acre","No specific size","Northern Crescent","United States",2017,306.02,"Base survey of 2016"
"Corn","Allocated overhead","Total, allocated overhead","dollars per planted acre","No specific size","Northern Crescent","United States",2018,316.36,"Base survey of 2016"
"Corn","Allocated overhead","Total, allocated overhead","dollars per planted acre","No specific size","Northern Crescent","United States",2019,322.56,"Base survey of 2016"
"Corn","Allocated overhead","Total, allocated overhead","dollars per planted acre","No specific size","Northern Crescent","United States",2020,327.65,"Base survey of 2016"
"Corn","Allocated overhead","Total, allocated overhead","dollars per planted acre","No specific size","Northern Crescent","United States",2021,351.74,"Base survey of 2021"
"Corn","Allocated overhead","Total, allocated overhead","dollars per planted acre","No specific size","Northern Crescent","United States",2022,374.77,"Base survey of 2021"
"Corn","Allocated overhead","Total, allocated overhead","dollars per planted acre","No specific size","Northern Crescent","United States",2023,395.05,"Base survey of 2021"
"Corn","Allocated overhead","Total, allocated overhead","dollars per planted acre","No specific size","Northern Crescent","United States",2024,409.15,"Base survey of 2021"
"Corn","Allocated overhead","Total, allocated overhead","dollars per planted acre","No specific size","Northern Great Plains","United States",1996,144.56,"Base survey of 1996"
"Corn","Allocated overhead","Total, allocated overhead","dollars per planted acre","No specific size","Northern Great Plains","United States",1997,151.56,"Base survey of 1996"
"Corn","Allocated overhead","Total, allocated overhead","dollars per planted acre","No specific size","Northern Great Plains","United States",1998,156.04,"Base survey of 1996"
"Corn","Allocated overhead","Total, allocated overhead","dollars per planted acre","No specific size","Northern Great Plains","United States",1999,159.06,"Base survey of 1996"
"Corn","Allocated overhead","Total, allocated overhead","dollars per planted acre","No specific size","Northern Great Plains","United States",2000,158.1,"Base survey of 1996"
"Corn","Allocated overhead","Total, allocated overhead","dollars per planted acre","No specific size","Northern Great Plains","United States",2001,149.17,"Base survey of 2001"
"Corn","Allocated overhead","Total, allocated overhead","dollars per planted acre","No specific size","Northern Great Plains","United States",2002,147.11,"Base survey of 2001"
"Corn","Allocated overhead","Total, allocated overhead","dollars per planted acre","No specific size","Northern Great Plains","United States",2003,151.9,"Base survey of 2001"
"Corn","Allocated overhead","Total, allocated overhead","dollars per planted acre","No specific size","Northern Great Plains","United States",2004,155.19,"Base survey of 2001"
"Corn","Allocated overhead","Total, allocated overhead","dollars per planted acre","No specific size","Northern Great Plains","United States",2005,166.71,"Base survey of 2005"
"Corn","Allocated overhead","Total, allocated overhead","dollars per planted acre","No specific size","Northern Great Plains","United States",2006,170.76,"Base survey of 2005"
"Corn","Allocated overhead","Total, allocated overhead","dollars per planted acre","No specific size","Northern Great Plains","United States",2007,180.08,"Base survey of 2005"
"Corn","Allocated overhead","Total, allocated overhead","dollars per planted acre","No specific size","Northern Great Plains","United States",2008,196.45,"Base survey of 2005"
"Corn","Allocated overhead","Total, allocated overhead","dollars per planted acre","No specific size","Northern Great Plains","United States",2009,212.98,"Base survey of 2005"
"Corn","Allocated overhead","Total, allocated overhead","dollars per planted acre","No specific size","Northern Great Plains","United States",2010,228,"Base survey of 2010"
"Corn","Allocated overhead","Total, allocated overhead","dollars per planted acre","No specific size","Northern Great Plains","United States",2011,241.82,"Base survey of 2010"
"Corn","Allocated overhead","Total, allocated overhead","dollars per planted acre","No specific size","Northern Great Plains","United States",2012,258.99,"Base survey of 2010"
"Corn","Allocated overhead","Total, allocated overhead","dollars per planted acre","No specific size","Northern Great Plains","United States",2013,271.45,"Base survey of 2010"
"Corn","Allocated overhead","Total, allocated overhead","dollars per planted acre","No specific size","Northern Great Plains","United States",2014,280.39,"Base survey of 2010"
"Corn","Allocated overhead","Total, allocated overhead","dollars per planted acre","No specific size","Northern Great Plains","United States",2015,288.12,"Base survey of 2010"
"Corn","Allocated overhead","Total, allocated overhead","dollars per planted acre","No specific size","Northern Great Plains","United States",2016,273.3,"Base survey of 2016"
"Corn","Allocated overhead","Total, allocated overhead","dollars per planted acre","No specific size","Northern Great Plains","United States",2017,274.5,"Base survey of 2016"
"Corn","Allocated overhead","Total, allocated overhead","dollars per planted acre","No specific size","Northern Great Plains","United States",2018,285.07,"Base survey of 2016"
"Corn","Allocated overhead","Total, allocated overhead","dollars per planted acre","No specific size","Northern Great Plains","United States",2019,290.56,"Base survey of 2016"
"Corn","Allocated overhead","Total, allocated overhead","dollars per planted acre","No specific size","Northern Great Plains","United States",2020,295.55,"Base survey of 2016"
"Corn","Allocated overhead","Total, allocated overhead","dollars per planted acre","No specific size","Northern Great Plains","United States",2021,317.32,"Base survey of 2021"
"Corn","Allocated overhead","Total, allocated overhead","dollars per planted acre","No specific size","Northern Great Plains","United States",2022,338.84,"Base survey of 2021"
"Corn","Allocated overhead","Total, allocated overhead","dollars per planted acre","No specific size","Northern Great Plains","United States",2023,349.6,"Base survey of 2021"
"Corn","Allocated overhead","Total, allocated overhead","dollars per planted acre","No specific size","Northern Great Plains","United States",2024,365.79,"Base survey of 2021"
"Corn","Allocated overhead","Total, allocated overhead","dollars per planted acre","No specific size","Prairie Gateway","United States",1996,205.21,"Base survey of 1996"
"Corn","Allocated overhead","Total, allocated overhead","dollars per planted acre","No specific size","Prairie Gateway","United States",1997,211.47,"Base survey of 1996"
"Corn","Allocated overhead","Total, allocated overhead","dollars per planted acre","No specific size","Prairie Gateway","United States",1998,211.24,"Base survey of 1996"
"Corn","Allocated overhead","Total, allocated overhead","dollars per planted acre","No specific size","Prairie Gateway","United States",1999,213.08,"Base survey of 1996"
"Corn","Allocated overhead","Total, allocated overhead","dollars per planted acre","No specific size","Prairie Gateway","United States",2000,215,"Base survey of 1996"
"Corn","Allocated overhead","Total, allocated overhead","dollars per planted acre","No specific size","Prairie Gateway","United States",2001,196.03,"Base survey of 2001"
"Corn","Allocated overhead","Total, allocated overhead","dollars per planted acre","No specific size","Prairie Gateway","United States",2002,198.78,"Base survey of 2001"
"Corn","Allocated overhead","Total, allocated overhead","dollars per planted acre","No specific size","Prairie Gateway","United States",2003,206.71,"Base survey of 2001"
"Corn","Allocated overhead","Total, allocated overhead","dollars per planted acre","No specific size","Prairie Gateway","United States",2004,215.06,"Base survey of 2001"
"Corn","Allocated overhead","Total, allocated overhead","dollars per planted acre","No specific size","Prairie Gateway","United States",2005,201.33,"Base survey of 2005"
"Corn","Allocated overhead","Total, allocated overhead","dollars per planted acre","No specific size","Prairie Gateway","United States",2006,206.32,"Base survey of 2005"
"Corn","Allocated overhead","Total, allocated overhead","dollars per planted acre","No specific size","Prairie Gateway","United States",2007,206.32,"Base survey of 2005"
"Corn","Allocated overhead","Total, allocated overhead","dollars per planted acre","No specific size","Prairie Gateway","United States",2008,225.02,"Base survey of 2005"
"Corn","Allocated overhead","Total, allocated overhead","dollars per planted acre","No specific size","Prairie Gateway","United States",2009,243.38,"Base survey of 2005"
"Corn","Allocated overhead","Total, allocated overhead","dollars per planted acre","No specific size","Prairie Gateway","United States",2010,242.5,"Base survey of 2010"
"Corn","Allocated overhead","Total, allocated overhead","dollars per planted acre","No specific size","Prairie Gateway","United States",2011,257.64,"Base survey of 2010"
"Corn","Allocated overhead","Total, allocated overhead","dollars per planted acre","No specific size","Prairie Gateway","United States",2012,276.48,"Base survey of 2010"
"Corn","Allocated overhead","Total, allocated overhead","dollars per planted acre","No specific size","Prairie Gateway","United States",2013,290.27,"Base survey of 2010"
"Corn","Allocated overhead","Total, allocated overhead","dollars per planted acre","No specific size","Prairie Gateway","United States",2014,299.91,"Base survey of 2010"
"Corn","Allocated overhead","Total, allocated overhead","dollars per planted acre","No specific size","Prairie Gateway","United States",2015,308.36,"Base survey of 2010"
"Corn","Allocated overhead","Total, allocated overhead","dollars per planted acre","No specific size","Prairie Gateway","United States",2016,315.03,"Base survey of 2016"
"Corn","Allocated overhead","Total, allocated overhead","dollars per planted acre","No specific size","Prairie Gateway","United States",2017,316.89,"Base survey of 2016"
"Corn","Allocated overhead","Total, allocated overhead","dollars per planted acre","No specific size","Prairie Gateway","United States",2018,332.2,"Base survey of 2016"
"Corn","Allocated overhead","Total, allocated overhead","dollars per planted acre","No specific size","Prairie Gateway","United States",2019,326.16,"Base survey of 2016"
"Corn","Allocated overhead","Total, allocated overhead","dollars per planted acre","No specific size","Prairie Gateway","United States",2020,335.69,"Base survey of 2016"
"Corn","Allocated overhead","Total, allocated overhead","dollars per planted acre","No specific size","Prairie Gateway","United States",2021,335.01,"Base survey of 2021"
"Corn","Allocated overhead","Total, allocated overhead","dollars per planted acre","No specific size","Prairie Gateway","United States",2022,356.05,"Base survey of 2021"
"Corn","Allocated overhead","Total, allocated overhead","dollars per planted acre","No specific size","Prairie Gateway","United States",2023,374.63,"Base survey of 2021"
"Corn","Allocated overhead","Total, allocated overhead","dollars per planted acre","No specific size","Prairie Gateway","United States",2024,384.13,"Base survey of 2021"
"Corn","Allocated overhead","Total, allocated overhead","dollars per planted acre","No specific size","Eastern Uplands","United States",1996,182.28,"Base survey of 1996"
"Corn","Allocated overhead","Total, allocated overhead","dollars per planted acre","No specific size","Eastern Uplands","United States",1997,190.3,"Base survey of 1996"
"Corn","Allocated overhead","Total, allocated overhead","dollars per planted acre","No specific size","Eastern Uplands","United States",1998,192.32,"Base survey of 1996"
"Corn","Allocated overhead","Total, allocated overhead","dollars per planted acre","No specific size","Eastern Uplands","United States",1999,196.05,"Base survey of 1996"
"Corn","Allocated overhead","Total, allocated overhead","dollars per planted acre","No specific size","Eastern Uplands","United States",2000,206.87,"Base survey of 1996"
"Corn","Allocated overhead","Total, allocated overhead","dollars per planted acre","No specific size","Eastern Uplands","United States",2001,165.59,"Base survey of 2001"
"Corn","Allocated overhead","Total, allocated overhead","dollars per planted acre","No specific size","Eastern Uplands","United States",2002,162.47,"Base survey of 2001"
"Corn","Allocated overhead","Total, allocated overhead","dollars per planted acre","No specific size","Eastern Uplands","United States",2003,169.32,"Base survey of 2001"
"Corn","Allocated overhead","Total, allocated overhead","dollars per planted acre","No specific size","Eastern Uplands","United States",2004,177.21,"Base survey of 2001"
"Corn","Allocated overhead","Total, allocated overhead","dollars per planted acre","No specific size","Eastern Uplands","United States",2005,174.17,"Base survey of 2005"
"Corn","Allocated overhead","Total, allocated overhead","dollars per planted acre","No specific size","Eastern Uplands","United States",2006,178.17,"Base survey of 2005"
"Corn","Allocated overhead","Total, allocated overhead","dollars per planted acre","No specific size","Eastern Uplands","United States",2007,187.73,"Base survey of 2005"
"Corn","Allocated overhead","Total, allocated overhead","dollars per planted acre","No specific size","Eastern Uplands","United States",2008,203.88,"Base survey of 2005"
"Corn","Allocated overhead","Total, allocated overhead","dollars per planted acre","No specific size","Eastern Uplands","United States",2009,220.36,"Base survey of 2005"
"Corn","Allocated overhead","Total, allocated overhead","dollars per planted acre","No specific size","Eastern Uplands","United States",2010,214.96,"Base survey of 2010"
"Corn","Allocated overhead","Total, allocated overhead","dollars per planted acre","No specific size","Eastern Uplands","United States",2011,227.42,"Base survey of 2010"
"Corn","Allocated overhead","Total, allocated overhead","dollars per planted acre","No specific size","Eastern Uplands","United States",2012,243.35,"Base survey of 2010"
"Corn","Allocated overhead","Total, allocated overhead","dollars per planted acre","No specific size","Eastern Uplands","United States",2013,255.03,"Base survey of 2010"
"Corn","Allocated overhead","Total, allocated overhead","dollars per planted acre","No specific size","Eastern Uplands","United States",2014,263.08,"Base survey of 2010"
"Corn","Allocated overhead","Total, allocated overhead","dollars per planted acre","No specific size","Eastern Uplands","United States",2015,270.72,"Base survey of 2010"
"Corn","Allocated overhead","Total, allocated overhead","dollars per planted acre","No specific size","Eastern Uplands","United States",2016,248.48,"Base survey of 2016"
"Corn","Allocated overhead","Total, allocated overhead","dollars per planted acre","No specific size","Eastern Uplands","United States",2017,253.27,"Base survey of 2016"
"Corn","Allocated overhead","Total, allocated overhead","dollars per planted acre","No specific size","Eastern Uplands","United States",2018,263.51,"Base survey of 2016"
"Corn","Allocated overhead","Total, allocated overhead","dollars per planted acre","No specific size","Eastern Uplands","United States",2019,271.36,"Base survey of 2016"
"Corn","Allocated overhead","Total, allocated overhead","dollars per planted acre","No specific size","Eastern Uplands","United States",2020,272.64,"Base survey of 2016"
"Corn","Allocated overhead","Total, allocated overhead","dollars per planted acre","No specific size","Eastern Uplands","United States",2021,343.37,"Base survey of 2021"
"Corn","Allocated overhead","Total, allocated overhead","dollars per planted acre","No specific size","Eastern Uplands","United States",2022,364.02,"Base survey of 2021"
"Corn","Allocated overhead","Total, allocated overhead","dollars per planted acre","No specific size","Eastern Uplands","United States",2023,384.69,"Base survey of 2021"
"Corn","Allocated overhead","Total, allocated overhead","dollars per planted acre","No specific size","Eastern Uplands","United States",2024,398.58,"Base survey of 2021"
"Corn","Allocated overhead","Total, allocated overhead","dollars per planted acre","No specific size","Southern Seaboard","United States",1996,179.18,"Base survey of 1996"
"Corn","Allocated overhead","Total, allocated overhead","dollars per planted acre","No specific size","Southern Seaboard","United States",1997,189.84,"Base survey of 1996"
"Corn","Allocated overhead","Total, allocated overhead","dollars per planted acre","No specific size","Southern Seaboard","United States",1998,183.6,"Base survey of 1996"
"Corn","Allocated overhead","Total, allocated overhead","dollars per planted acre","No specific size","Southern Seaboard","United States",1999,192.45,"Base survey of 1996"
"Corn","Allocated overhead","Total, allocated overhead","dollars per planted acre","No specific size","Southern Seaboard","United States",2000,204.44,"Base survey of 1996"
"Corn","Allocated overhead","Total, allocated overhead","dollars per planted acre","No specific size","Southern Seaboard","United States",2001,171.82,"Base survey of 2001"
"Corn","Allocated overhead","Total, allocated overhead","dollars per planted acre","No specific size","Southern Seaboard","United States",2002,171.5,"Base survey of 2001"
"Corn","Allocated overhead","Total, allocated overhead","dollars per planted acre","No specific size","Southern Seaboard","United States",2003,176.65,"Base survey of 2001"
"Corn","Allocated overhead","Total, allocated overhead","dollars per planted acre","No specific size","Southern Seaboard","United States",2004,182.05,"Base survey of 2001"
"Corn","Allocated overhead","Total, allocated overhead","dollars per planted acre","No specific size","Southern Seaboard","United States",2005,173.83,"Base survey of 2005"
"Corn","Allocated overhead","Total, allocated overhead","dollars per planted acre","No specific size","Southern Seaboard","United States",2006,178.38,"Base survey of 2005"
"Corn","Allocated overhead","Total, allocated overhead","dollars per planted acre","No specific size","Southern Seaboard","United States",2007,187.9,"Base survey of 2005"
"Corn","Allocated overhead","Total, allocated overhead","dollars per planted acre","No specific size","Southern Seaboard","United States",2008,203.98,"Base survey of 2005"
"Corn","Allocated overhead","Total, allocated overhead","dollars per planted acre","No specific size","Southern Seaboard","United States",2009,219.38,"Base survey of 2005"
"Corn","Allocated overhead","Total, allocated overhead","dollars per planted acre","No specific size","Southern Seaboard","United States",2010,222.86,"Base survey of 2010"
"Corn","Allocated overhead","Total, allocated overhead","dollars per planted acre","No specific size","Southern Seaboard","United States",2011,235.54,"Base survey of 2010"
"Corn","Allocated overhead","Total, allocated overhead","dollars per planted acre","No specific size","Southern Seaboard","United States",2012,251.29,"Base survey of 2010"
"Corn","Allocated overhead","Total, allocated overhead","dollars per planted acre","No specific size","Southern Seaboard","United States",2013,262.74,"Base survey of 2010"
"Corn","Allocated overhead","Total, allocated overhead","dollars per planted acre","No specific size","Southern Seaboard","United States",2014,271.01,"Base survey of 2010"
"Corn","Allocated overhead","Total, allocated overhead","dollars per planted acre","No specific size","Southern Seaboard","United States",2015,278.96,"Base survey of 2010"
"Corn","Allocated overhead","Total, allocated overhead","dollars per planted acre","No specific size","Southern Seaboard","United States",2016,286.01,"Base survey of 2016"
"Corn","Allocated overhead","Total, allocated overhead","dollars per planted acre","No specific size","Southern Seaboard","United States",2017,292.36,"Base survey of 2016"
"Corn","Allocated overhead","Total, allocated overhead","dollars per planted acre","No specific size","Southern Seaboard","United States",2018,302.82,"Base survey of 2016"
"Corn","Allocated overhead","Total, allocated overhead","dollars per planted acre","No specific size","Southern Seaboard","United States",2019,313.25,"Base survey of 2016"
"Corn","Allocated overhead","Total, allocated overhead","dollars per planted acre","No specific size","Southern Seaboard","United States",2020,318.24,"Base survey of 2016"
"Corn","Allocated overhead","Total, allocated overhead","dollars per planted acre","No specific size","Southern Seaboard","United States",2021,329.59,"Base survey of 2021"
"Corn","Allocated overhead","Total, allocated overhead","dollars per planted acre","No specific size","Southern Seaboard","United States",2022,348.79,"Base survey of 2021"
"Corn","Allocated overhead","Total, allocated overhead","dollars per planted acre","No specific size","Southern Seaboard","United States",2023,367.06,"Base survey of 2021"
"Corn","Allocated overhead","Total, allocated overhead","dollars per planted acre","No specific size","Southern Seaboard","United States",2024,377.9,"Base survey of 2021"
"Corn","Costs listed","Total, costs listed","dollars per planted acre","No specific size","U.S. total","United States",1996,353.94,"Base survey of 1996"
"Corn","Costs listed","Total, costs listed","dollars per planted acre","No specific size","U.S. total","United States",1997,363.73,"Base survey of 1996"
"Corn","Costs listed","Total, costs listed","dollars per planted acre","No specific size","U.S. total","United States",1998,362.86,"Base survey of 1996"
"Corn","Costs listed","Total, costs listed","dollars per planted acre","No specific size","U.S. total","United States",1999,364.73,"Base survey of 1996"
"Corn","Costs listed","Total, costs listed","dollars per planted acre","No specific size","U.S. total","United States",2000,378.32,"Base survey of 1996"
"Corn","Costs listed","Total, costs listed","dollars per planted acre","No specific size","U.S. total","United States",2001,348.53,"Base survey of 2001"
"Corn","Costs listed","Total, costs listed","dollars per planted acre","No specific size","U.S. total","United States",2002,334.31,"Base survey of 2001"
"Corn","Costs listed","Total, costs listed","dollars per planted acre","No specific size","U.S. total","United States",2003,354.41,"Base survey of 2001"
"Corn","Costs listed","Total, costs listed","dollars per planted acre","No specific size","U.S. total","United States",2004,377.5,"Base survey of 2001"
"Corn","Costs listed","Total, costs listed","dollars per planted acre","No specific size","U.S. total","United States",2005,386.88,"Base survey of 2005"
"Corn","Costs listed","Total, costs listed","dollars per planted acre","No specific size","U.S. total","United States",2006,409.74,"Base survey of 2005"
"Corn","Costs listed","Total, costs listed","dollars per planted acre","No specific size","U.S. total","United States",2007,443.97,"Base survey of 2005"
"Corn","Costs listed","Total, costs listed","dollars per planted acre","No specific size","U.S. total","United States",2008,529.38,"Base survey of 2005"
"Corn","Costs listed","Total, costs listed","dollars per planted acre","No specific size","U.S. total","United States",2009,550.7,"Base survey of 2005"
"Corn","Costs listed","Total, costs listed","dollars per planted acre","No specific size","U.S. total","United States",2010,550.2,"Base survey of 2010"
"Corn","Costs listed","Total, costs listed","dollars per planted acre","No specific size","U.S. total","United States",2011,613.46,"Base survey of 2010"
"Corn","Costs listed","Total, costs listed","dollars per planted acre","No specific size","U.S. total","United States",2012,653.57,"Base survey of 2010"
"Corn","Costs listed","Total, costs listed","dollars per planted acre","No specific size","U.S. total","United States",2013,676.45,"Base survey of 2010"
"Corn","Costs listed","Total, costs listed","dollars per planted acre","No specific size","U.S. total","United States",2014,689.8,"Base survey of 2010"
"Corn","Costs listed","Total, costs listed","dollars per planted acre","No specific size","U.S. total","United States",2015,675.33,"Base survey of 2010"
"Corn","Costs listed","Total, costs listed","dollars per planted acre","No specific size","U.S. total","United States",2016,678.48,"Base survey of 2016"
"Corn","Costs listed","Total, costs listed","dollars per planted acre","No specific size","U.S. total","United States",2017,666.28,"Base survey of 2016"
"Corn","Costs listed","Total, costs listed","dollars per planted acre","No specific size","U.S. total","United States",2018,685.11,"Base survey of 2016"
"Corn","Costs listed","Total, costs listed","dollars per planted acre","No specific size","U.S. total","United States",2019,692.23,"Base survey of 2016"
"Corn","Costs listed","Total, costs listed","dollars per planted acre","No specific size","U.S. total","United States",2020,678.28,"Base survey of 2016"
"Corn","Costs listed","Total, costs listed","dollars per planted acre","No specific size","U.S. total","United States",2021,735.19,"Base survey of 2021"
"Corn","Costs listed","Total, costs listed","dollars per planted acre","No specific size","U.S. total","United States",2022,927.86,"Base survey of 2021"
"Corn","Costs listed","Total, costs listed","dollars per planted acre","No specific size","U.S. total","United States",2023,908.81,"Base survey of 2021"
"Corn","Costs listed","Total, costs listed","dollars per planted acre","No specific size","U.S. total","United States",2024,878.31,"Base survey of 2021"
"Corn","Costs listed","Total, costs listed","dollars per planted acre","No specific size","Heartland","United States",1996,361.05,"Base survey of 1996"
"Corn","Costs listed","Total, costs listed","dollars per planted acre","No specific size","Heartland","United States",1997,369.63,"Base survey of 1996"
"Corn","Costs listed","Total, costs listed","dollars per planted acre","No specific size","Heartland","United States",1998,370.14,"Base survey of 1996"
"Corn","Costs listed","Total, costs listed","dollars per planted acre","No specific size","Heartland","United States",1999,371.29,"Base survey of 1996"
"Corn","Costs listed","Total, costs listed","dollars per planted acre","No specific size","Heartland","United States",2000,385.14,"Base survey of 1996"
"Corn","Costs listed","Total, costs listed","dollars per planted acre","No specific size","Heartland","United States",2001,344.93,"Base survey of 2001"
"Corn","Costs listed","Total, costs listed","dollars per planted acre","No specific size","Heartland","United States",2002,331.52,"Base survey of 2001"
"Corn","Costs listed","Total, costs listed","dollars per planted acre","No specific size","Heartland","United States",2003,350.69,"Base survey of 2001"
"Corn","Costs listed","Total, costs listed","dollars per planted acre","No specific size","Heartland","United States",2004,375.87,"Base survey of 2001"
"Corn","Costs listed","Total, costs listed","dollars per planted acre","No specific size","Heartland","United States",2005,387.95,"Base survey of 2005"
"Corn","Costs listed","Total, costs listed","dollars per planted acre","No specific size","Heartland","United States",2006,409.23,"Base survey of 2005"
"Corn","Costs listed","Total, costs listed","dollars per planted acre","No specific size","Heartland","United States",2007,444.68,"Base survey of 2005"
"Corn","Costs listed","Total, costs listed","dollars per planted acre","No specific size","Heartland","United States",2008,534.93,"Base survey of 2005"
"Corn","Costs listed","Total, costs listed","dollars per planted acre","No specific size","Heartland","United States",2009,560.79,"Base survey of 2005"
"Corn","Costs listed","Total, costs listed","dollars per planted acre","No specific size","Heartland","United States",2010,571.92,"Base survey of 2010"
"Corn","Costs listed","Total, costs listed","dollars per planted acre","No specific size","Heartland","United States",2011,637.9,"Base survey of 2010"
"Corn","Costs listed","Total, costs listed","dollars per planted acre","No specific size","Heartland","United States",2012,682.57,"Base survey of 2010"
"Corn","Costs listed","Total, costs listed","dollars per planted acre","No specific size","Heartland","United States",2013,708.86,"Base survey of 2010"
"Corn","Costs listed","Total, costs listed","dollars per planted acre","No specific size","Heartland","United States",2014,721.29,"Base survey of 2010"
"Corn","Costs listed","Total, costs listed","dollars per planted acre","No specific size","Heartland","United States",2015,708.4,"Base survey of 2010"
"Corn","Costs listed","Total, costs listed","dollars per planted acre","No specific size","Heartland","United States",2016,712.1,"Base survey of 2016"
"Corn","Costs listed","Total, costs listed","dollars per planted acre","No specific size","Heartland","United States",2017,698.83,"Base survey of 2016"
"Corn","Costs listed","Total, costs listed","dollars per planted acre","No specific size","Heartland","United States",2018,715.89,"Base survey of 2016"
"Corn","Costs listed","Total, costs listed","dollars per planted acre","No specific size","Heartland","United States",2019,724.79,"Base survey of 2016"
"Corn","Costs listed","Total, costs listed","dollars per planted acre","No specific size","Heartland","United States",2020,706.01,"Base survey of 2016"
"Corn","Costs listed","Total, costs listed","dollars per planted acre","No specific size","Heartland","United States",2021,783.59,"Base survey of 2021"
"Corn","Costs listed","Total, costs listed","dollars per planted acre","No specific size","Heartland","United States",2022,984.48,"Base survey of 2021"
"Corn","Costs listed","Total, costs listed","dollars per planted acre","No specific size","Heartland","United States",2023,968.66,"Base survey of 2021"
"Corn","Costs listed","Total, costs listed","dollars per planted acre","No specific size","Heartland","United States",2024,939.51,"Base survey of 2021"
"Corn","Costs listed","Total, costs listed","dollars per planted acre","No specific size","Northern Crescent","United States",1996,315.53,"Base survey of 1996"
"Corn","Costs listed","Total, costs listed","dollars per planted acre","No specific size","Northern Crescent","United States",1997,339.5,"Base survey of 1996"
"Corn","Costs listed","Total, costs listed","dollars per planted acre","No specific size","Northern Crescent","United States",1998,341.59,"Base survey of 1996"
"Corn","Costs listed","Total, costs listed","dollars per planted acre","No specific size","Northern Crescent","United States",1999,344.46,"Base survey of 1996"
"Corn","Costs listed","Total, costs listed","dollars per planted acre","No specific size","Northern Crescent","United States",2000,359.96,"Base survey of 1996"
"Corn","Costs listed","Total, costs listed","dollars per planted acre","No specific size","Northern Crescent","United States",2001,349.64,"Base survey of 2001"
"Corn","Costs listed","Total, costs listed","dollars per planted acre","No specific size","Northern Crescent","United States",2002,341.56,"Base survey of 2001"
"Corn","Costs listed","Total, costs listed","dollars per planted acre","No specific size","Northern Crescent","United States",2003,360.77,"Base survey of 2001"
"Corn","Costs listed","Total, costs listed","dollars per planted acre","No specific size","Northern Crescent","United States",2004,382.32,"Base survey of 2001"
"Corn","Costs listed","Total, costs listed","dollars per planted acre","No specific size","Northern Crescent","United States",2005,393.82,"Base survey of 2005"
"Corn","Costs listed","Total, costs listed","dollars per planted acre","No specific size","Northern Crescent","United States",2006,417.88,"Base survey of 2005"
"Corn","Costs listed","Total, costs listed","dollars per planted acre","No specific size","Northern Crescent","United States",2007,454.02,"Base survey of 2005"
"Corn","Costs listed","Total, costs listed","dollars per planted acre","No specific size","Northern Crescent","United States",2008,547.76,"Base survey of 2005"
"Corn","Costs listed","Total, costs listed","dollars per planted acre","No specific size","Northern Crescent","United States",2009,565.43,"Base survey of 2005"
"Corn","Costs listed","Total, costs listed","dollars per planted acre","No specific size","Northern Crescent","United States",2010,514.05,"Base survey of 2010"
"Corn","Costs listed","Total, costs listed","dollars per planted acre","No specific size","Northern Crescent","United States",2011,575.57,"Base survey of 2010"
"Corn","Costs listed","Total, costs listed","dollars per planted acre","No specific size","Northern Crescent","United States",2012,610.99,"Base survey of 2010"
"Corn","Costs listed","Total, costs listed","dollars per planted acre","No specific size","Northern Crescent","United States",2013,628.22,"Base survey of 2010"
"Corn","Costs listed","Total, costs listed","dollars per planted acre","No specific size","Northern Crescent","United States",2014,636.79,"Base survey of 2010"
"Corn","Costs listed","Total, costs listed","dollars per planted acre","No specific size","Northern Crescent","United States",2015,621.79,"Base survey of 2010"
"Corn","Costs listed","Total, costs listed","dollars per planted acre","No specific size","Northern Crescent","United States",2016,652.38,"Base survey of 2016"
"Corn","Costs listed","Total, costs listed","dollars per planted acre","No specific size","Northern Crescent","United States",2017,641.46,"Base survey of 2016"
"Corn","Costs listed","Total, costs listed","dollars per planted acre","No specific size","Northern Crescent","United States",2018,657.89,"Base survey of 2016"
"Corn","Costs listed","Total, costs listed","dollars per planted acre","No specific size","Northern Crescent","United States",2019,672.69,"Base survey of 2016"
"Corn","Costs listed","Total, costs listed","dollars per planted acre","No specific size","Northern Crescent","United States",2020,654.61,"Base survey of 2016"
"Corn","Costs listed","Total, costs listed","dollars per planted acre","No specific size","Northern Crescent","United States",2021,722.12,"Base survey of 2021"
"Corn","Costs listed","Total, costs listed","dollars per planted acre","No specific size","Northern Crescent","United States",2022,925.39,"Base survey of 2021"
"Corn","Costs listed","Total, costs listed","dollars per planted acre","No specific size","Northern Crescent","United States",2023,900.72,"Base survey of 2021"
"Corn","Costs listed","Total, costs listed","dollars per planted acre","No specific size","Northern Crescent","United States",2024,868.29,"Base survey of 2021"
"Corn","Costs listed","Total, costs listed","dollars per planted acre","No specific size","Northern Great Plains","United States",1996,279.31,"Base survey of 1996"
"Corn","Costs listed","Total, costs listed","dollars per planted acre","No specific size","Northern Great Plains","United States",1997,288.54,"Base survey of 1996"
"Corn","Costs listed","Total, costs listed","dollars per planted acre","No specific size","Northern Great Plains","United States",1998,288.63,"Base survey of 1996"
"Corn","Costs listed","Total, costs listed","dollars per planted acre","No specific size","Northern Great Plains","United States",1999,292.07,"Base survey of 1996"
"Corn","Costs listed","Total, costs listed","dollars per planted acre","No specific size","Northern Great Plains","United States",2000,291.89,"Base survey of 1996"
"Corn","Costs listed","Total, costs listed","dollars per planted acre","No specific size","Northern Great Plains","United States",2001,285.93,"Base survey of 2001"
"Corn","Costs listed","Total, costs listed","dollars per planted acre","No specific size","Northern Great Plains","United States",2002,263.4,"Base survey of 2001"
"Corn","Costs listed","Total, costs listed","dollars per planted acre","No specific size","Northern Great Plains","United States",2003,286.32,"Base survey of 2001"
"Corn","Costs listed","Total, costs listed","dollars per planted acre","No specific size","Northern Great Plains","United States",2004,297.92,"Base survey of 2001"
"Corn","Costs listed","Total, costs listed","dollars per planted acre","No specific size","Northern Great Plains","United States",2005,322.48,"Base survey of 2005"
"Corn","Costs listed","Total, costs listed","dollars per planted acre","No specific size","Northern Great Plains","United States",2006,341.22,"Base survey of 2005"
"Corn","Costs listed","Total, costs listed","dollars per planted acre","No specific size","Northern Great Plains","United States",2007,369.35,"Base survey of 2005"
"Corn","Costs listed","Total, costs listed","dollars per planted acre","No specific size","Northern Great Plains","United States",2008,437.79,"Base survey of 2005"
"Corn","Costs listed","Total, costs listed","dollars per planted acre","No specific size","Northern Great Plains","United States",2009,455.26,"Base survey of 2005"
"Corn","Costs listed","Total, costs listed","dollars per planted acre","No specific size","Northern Great Plains","United States",2010,492.03,"Base survey of 2010"
"Corn","Costs listed","Total, costs listed","dollars per planted acre","No specific size","Northern Great Plains","United States",2011,545.35,"Base survey of 2010"
"Corn","Costs listed","Total, costs listed","dollars per planted acre","No specific size","Northern Great Plains","United States",2012,578.87,"Base survey of 2010"
"Corn","Costs listed","Total, costs listed","dollars per planted acre","No specific size","Northern Great Plains","United States",2013,596.32,"Base survey of 2010"
"Corn","Costs listed","Total, costs listed","dollars per planted acre","No specific size","Northern Great Plains","United States",2014,606.69,"Base survey of 2010"
"Corn","Costs listed","Total, costs listed","dollars per planted acre","No specific size","Northern Great Plains","United States",2015,594.08,"Base survey of 2010"
"Corn","Costs listed","Total, costs listed","dollars per planted acre","No specific size","Northern Great Plains","United States",2016,564.57,"Base survey of 2016"
"Corn","Costs listed","Total, costs listed","dollars per planted acre","No specific size","Northern Great Plains","United States",2017,554.5,"Base survey of 2016"
"Corn","Costs listed","Total, costs listed","dollars per planted acre","No specific size","Northern Great Plains","United States",2018,570.75,"Base survey of 2016"
"Corn","Costs listed","Total, costs listed","dollars per planted acre","No specific size","Northern Great Plains","United States",2019,581.56,"Base survey of 2016"
"Corn","Costs listed","Total, costs listed","dollars per planted acre","No specific size","Northern Great Plains","United States",2020,574.09,"Base survey of 2016"
"Corn","Costs listed","Total, costs listed","dollars per planted acre","No specific size","Northern Great Plains","United States",2021,640.14,"Base survey of 2021"
"Corn","Costs listed","Total, costs listed","dollars per planted acre","No specific size","Northern Great Plains","United States",2022,815.01,"Base survey of 2021"
"Corn","Costs listed","Total, costs listed","dollars per planted acre","No specific size","Northern Great Plains","United States",2023,786.95,"Base survey of 2021"
"Corn","Costs listed","Total, costs listed","dollars per planted acre","No specific size","Northern Great Plains","United States",2024,764.92,"Base survey of 2021"
"Corn","Costs listed","Total, costs listed","dollars per planted acre","No specific size","Prairie Gateway","United States",1996,390.32,"Base survey of 1996"
"Corn","Costs listed","Total, costs listed","dollars per planted acre","No specific size","Prairie Gateway","United States",1997,397.31,"Base survey of 1996"
"Corn","Costs listed","Total, costs listed","dollars per planted acre","No specific size","Prairie Gateway","United States",1998,389.44,"Base survey of 1996"
"Corn","Costs listed","Total, costs listed","dollars per planted acre","No specific size","Prairie Gateway","United States",1999,388.82,"Base survey of 1996"
"Corn","Costs listed","Total, costs listed","dollars per planted acre","No specific size","Prairie Gateway","United States",2000,402.96,"Base survey of 1996"
"Corn","Costs listed","Total, costs listed","dollars per planted acre","No specific size","Prairie Gateway","United States",2001,390.74,"Base survey of 2001"
"Corn","Costs listed","Total, costs listed","dollars per planted acre","No specific size","Prairie Gateway","United States",2002,374.01,"Base survey of 2001"
"Corn","Costs listed","Total, costs listed","dollars per planted acre","No specific size","Prairie Gateway","United States",2003,401.72,"Base survey of 2001"
"Corn","Costs listed","Total, costs listed","dollars per planted acre","No specific size","Prairie Gateway","United States",2004,424.55,"Base survey of 2001"
"Corn","Costs listed","Total, costs listed","dollars per planted acre","No specific size","Prairie Gateway","United States",2005,416.85,"Base survey of 2005"
"Corn","Costs listed","Total, costs listed","dollars per planted acre","No specific size","Prairie Gateway","United States",2006,442.62,"Base survey of 2005"
"Corn","Costs listed","Total, costs listed","dollars per planted acre","No specific size","Prairie Gateway","United States",2007,452.76,"Base survey of 2005"
"Corn","Costs listed","Total, costs listed","dollars per planted acre","No specific size","Prairie Gateway","United States",2008,535.56,"Base survey of 2005"
"Corn","Costs listed","Total, costs listed","dollars per planted acre","No specific size","Prairie Gateway","United States",2009,535.65,"Base survey of 2005"
"Corn","Costs listed","Total, costs listed","dollars per planted acre","No specific size","Prairie Gateway","United States",2010,511.65,"Base survey of 2010"
"Corn","Costs listed","Total, costs listed","dollars per planted acre","No specific size","Prairie Gateway","United States",2011,566.7,"Base survey of 2010"
"Corn","Costs listed","Total, costs listed","dollars per planted acre","No specific size","Prairie Gateway","United States",2012,599.56,"Base survey of 2010"
"Corn","Costs listed","Total, costs listed","dollars per planted acre","No specific size","Prairie Gateway","United States",2013,619.88,"Base survey of 2010"
"Corn","Costs listed","Total, costs listed","dollars per planted acre","No specific size","Prairie Gateway","United States",2014,631.91,"Base survey of 2010"
"Corn","Costs listed","Total, costs listed","dollars per planted acre","No specific size","Prairie Gateway","United States",2015,612.61,"Base survey of 2010"
"Corn","Costs listed","Total, costs listed","dollars per planted acre","No specific size","Prairie Gateway","United States",2016,645.5,"Base survey of 2016"
"Corn","Costs listed","Total, costs listed","dollars per planted acre","No specific size","Prairie Gateway","United States",2017,637.91,"Base survey of 2016"
"Corn","Costs listed","Total, costs listed","dollars per planted acre","No specific size","Prairie Gateway","United States",2018,662.34,"Base survey of 2016"
"Corn","Costs listed","Total, costs listed","dollars per planted acre","No specific size","Prairie Gateway","United States",2019,659.27,"Base survey of 2016"
"Corn","Costs listed","Total, costs listed","dollars per planted acre","No specific size","Prairie Gateway","United States",2020,647.76,"Base survey of 2016"
"Corn","Costs listed","Total, costs listed","dollars per planted acre","No specific size","Prairie Gateway","United States",2021,650.34,"Base survey of 2021"
"Corn","Costs listed","Total, costs listed","dollars per planted acre","No specific size","Prairie Gateway","United States",2022,808.02,"Base survey of 2021"
"Corn","Costs listed","Total, costs listed","dollars per planted acre","No specific size","Prairie Gateway","United States",2023,798.85,"Base survey of 2021"
"Corn","Costs listed","Total, costs listed","dollars per planted acre","No specific size","Prairie Gateway","United States",2024,769.18,"Base survey of 2021"
"Corn","Costs listed","Total, costs listed","dollars per planted acre","No specific size","Eastern Uplands","United States",1996,349.89,"Base survey of 1996"
"Corn","Costs listed","Total, costs listed","dollars per planted acre","No specific size","Eastern Uplands","United States",1997,353.01,"Base survey of 1996"
"Corn","Costs listed","Total, costs listed","dollars per planted acre","No specific size","Eastern Uplands","United States",1998,350.88,"Base survey of 1996"
"Corn","Costs listed","Total, costs listed","dollars per planted acre","No specific size","Eastern Uplands","United States",1999,352.74,"Base survey of 1996"
"Corn","Costs listed","Total, costs listed","dollars per planted acre","No specific size","Eastern Uplands","United States",2000,372.05,"Base survey of 1996"
"Corn","Costs listed","Total, costs listed","dollars per planted acre","No specific size","Eastern Uplands","United States",2001,314.87,"Base survey of 2001"
"Corn","Costs listed","Total, costs listed","dollars per planted acre","No specific size","Eastern Uplands","United States",2002,297.05,"Base survey of 2001"
"Corn","Costs listed","Total, costs listed","dollars per planted acre","No specific size","Eastern Uplands","United States",2003,325.33,"Base survey of 2001"
"Corn","Costs listed","Total, costs listed","dollars per planted acre","No specific size","Eastern Uplands","United States",2004,340.84,"Base survey of 2001"
"Corn","Costs listed","Total, costs listed","dollars per planted acre","No specific size","Eastern Uplands","United States",2005,363.76,"Base survey of 2005"
"Corn","Costs listed","Total, costs listed","dollars per planted acre","No specific size","Eastern Uplands","United States",2006,387.69,"Base survey of 2005"
"Corn","Costs listed","Total, costs listed","dollars per planted acre","No specific size","Eastern Uplands","United States",2007,421.72,"Base survey of 2005"
"Corn","Costs listed","Total, costs listed","dollars per planted acre","No specific size","Eastern Uplands","United States",2008,515.13,"Base survey of 2005"
"Corn","Costs listed","Total, costs listed","dollars per planted acre","No specific size","Eastern Uplands","United States",2009,532.05,"Base survey of 2005"
"Corn","Costs listed","Total, costs listed","dollars per planted acre","No specific size","Eastern Uplands","United States",2010,475.14,"Base survey of 2010"
"Corn","Costs listed","Total, costs listed","dollars per planted acre","No specific size","Eastern Uplands","United States",2011,536.49,"Base survey of 2010"
"Corn","Costs listed","Total, costs listed","dollars per planted acre","No specific size","Eastern Uplands","United States",2012,568.4,"Base survey of 2010"
"Corn","Costs listed","Total, costs listed","dollars per planted acre","No specific size","Eastern Uplands","United States",2013,584.75,"Base survey of 2010"
"Corn","Costs listed","Total, costs listed","dollars per planted acre","No specific size","Eastern Uplands","United States",2014,590.59,"Base survey of 2010"
"Corn","Costs listed","Total, costs listed","dollars per planted acre","No specific size","Eastern Uplands","United States",2015,575.81,"Base survey of 2010"
"Corn","Costs listed","Total, costs listed","dollars per planted acre","No specific size","Eastern Uplands","United States",2016,578.49,"Base survey of 2016"
"Corn","Costs listed","Total, costs listed","dollars per planted acre","No specific size","Eastern Uplands","United States",2017,566.47,"Base survey of 2016"
"Corn","Costs listed","Total, costs listed","dollars per planted acre","No specific size","Eastern Uplands","United States",2018,580.79,"Base survey of 2016"
"Corn","Costs listed","Total, costs listed","dollars per planted acre","No specific size","Eastern Uplands","United States",2019,600.46,"Base survey of 2016"
"Corn","Costs listed","Total, costs listed","dollars per planted acre","No specific size","Eastern Uplands","United States",2020,578.4,"Base survey of 2016"
"Corn","Costs listed","Total, costs listed","dollars per planted acre","No specific size","Eastern Uplands","United States",2021,709.51,"Base survey of 2021"
"Corn","Costs listed","Total, costs listed","dollars per planted acre","No specific size","Eastern Uplands","United States",2022,909.76,"Base survey of 2021"
"Corn","Costs listed","Total, costs listed","dollars per planted acre","No specific size","Eastern Uplands","United States",2023,884.52,"Base survey of 2021"
"Corn","Costs listed","Total, costs listed","dollars per planted acre","No specific size","Eastern Uplands","United States",2024,848.63,"Base survey of 2021"
"Corn","Costs listed","Total, costs listed","dollars per planted acre","No specific size","Southern Seaboard","United States",1996,343.9,"Base survey of 1996"
"Corn","Costs listed","Total, costs listed","dollars per planted acre","No specific size","Southern Seaboard","United States",1997,354.59,"Base survey of 1996"
"Corn","Costs listed","Total, costs listed","dollars per planted acre","No specific size","Southern Seaboard","United States",1998,335.18,"Base survey of 1996"
"Corn","Costs listed","Total, costs listed","dollars per planted acre","No specific size","Southern Seaboard","United States",1999,344.44,"Base survey of 1996"
"Corn","Costs listed","Total, costs listed","dollars per planted acre","No specific size","Southern Seaboard","United States",2000,368.66,"Base survey of 1996"
"Corn","Costs listed","Total, costs listed","dollars per planted acre","No specific size","Southern Seaboard","United States",2001,341.1,"Base survey of 2001"
"Corn","Costs listed","Total, costs listed","dollars per planted acre","No specific size","Southern Seaboard","United States",2002,328.42,"Base survey of 2001"
"Corn","Costs listed","Total, costs listed","dollars per planted acre","No specific size","Southern Seaboard","United States",2003,343.76,"Base survey of 2001"
"Corn","Costs listed","Total, costs listed","dollars per planted acre","No specific size","Southern Seaboard","United States",2004,363.46,"Base survey of 2001"
"Corn","Costs listed","Total, costs listed","dollars per planted acre","No specific size","Southern Seaboard","United States",2005,357.9,"Base survey of 2005"
"Corn","Costs listed","Total, costs listed","dollars per planted acre","No specific size","Southern Seaboard","United States",2006,380.91,"Base survey of 2005"
"Corn","Costs listed","Total, costs listed","dollars per planted acre","No specific size","Southern Seaboard","United States",2007,412.5,"Base survey of 2005"
"Corn","Costs listed","Total, costs listed","dollars per planted acre","No specific size","Southern Seaboard","United States",2008,495.86,"Base survey of 2005"
"Corn","Costs listed","Total, costs listed","dollars per planted acre","No specific size","Southern Seaboard","United States",2009,511.8,"Base survey of 2005"
"Corn","Costs listed","Total, costs listed","dollars per planted acre","No specific size","Southern Seaboard","United States",2010,538.85,"Base survey of 2010"
"Corn","Costs listed","Total, costs listed","dollars per planted acre","No specific size","Southern Seaboard","United States",2011,605.88,"Base survey of 2010"
"Corn","Costs listed","Total, costs listed","dollars per planted acre","No specific size","Southern Seaboard","United States",2012,644.54,"Base survey of 2010"
"Corn","Costs listed","Total, costs listed","dollars per planted acre","No specific size","Southern Seaboard","United States",2013,660.63,"Base survey of 2010"
"Corn","Costs listed","Total, costs listed","dollars per planted acre","No specific size","Southern Seaboard","United States",2014,666.72,"Base survey of 2010"
"Corn","Costs listed","Total, costs listed","dollars per planted acre","No specific size","Southern Seaboard","United States",2015,644.59,"Base survey of 2010"
"Corn","Costs listed","Total, costs listed","dollars per planted acre","No specific size","Southern Seaboard","United States",2016,697.17,"Base survey of 2016"
"Corn","Costs listed","Total, costs listed","dollars per planted acre","No specific size","Southern Seaboard","United States",2017,676.77,"Base survey of 2016"
"Corn","Costs listed","Total, costs listed","dollars per planted acre","No specific size","Southern Seaboard","United States",2018,701.44,"Base survey of 2016"
"Corn","Costs listed","Total, costs listed","dollars per planted acre","No specific size","Southern Seaboard","United States",2019,726.89,"Base survey of 2016"
"Corn","Costs listed","Total, costs listed","dollars per planted acre","No specific size","Southern Seaboard","United States",2020,702.21,"Base survey of 2016"
"Corn","Costs listed","Total, costs listed","dollars per planted acre","No specific size","Southern Seaboard","United States",2021,722.02,"Base survey of 2021"
"Corn","Costs listed","Total, costs listed","dollars per planted acre","No specific size","Southern Seaboard","United States",2022,944.26,"Base survey of 2021"
"Corn","Costs listed","Total, costs listed","dollars per planted acre","No specific size","Southern Seaboard","United States",2023,905.44,"Base survey of 2021"
"Corn","Costs listed","Total, costs listed","dollars per planted acre","No specific size","Southern Seaboard","United States",2024,862.51,"Base survey of 2021"
"Corn","Net value","Value of production less total costs listed","dollars per planted acre","No specific size","U.S. total","United States",1996,15.99,"Base survey of 1996"
"Corn","Net value","Value of production less total costs listed","dollars per planted acre","No specific size","U.S. total","United States",1997,-32.36,"Base survey of 1996"
"Corn","Net value","Value of production less total costs listed","dollars per planted acre","No specific size","U.S. total","United States",1998,-99.98,"Base survey of 1996"
"Corn","Net value","Value of production less total costs listed","dollars per planted acre","No specific size","U.S. total","United States",1999,-134.03,"Base survey of 1996"
"Corn","Net value","Value of production less total costs listed","dollars per planted acre","No specific size","U.S. total","United States",2000,-131.65,"Base survey of 1996"
"Corn","Net value","Value of production less total costs listed","dollars per planted acre","No specific size","U.S. total","United States",2001,-81.61,"Base survey of 2001"
"Corn","Net value","Value of production less total costs listed","dollars per planted acre","No specific size","U.S. total","United States",2002,-21.49,"Base survey of 2001"
"Corn","Net value","Value of production less total costs listed","dollars per planted acre","No specific size","U.S. total","United States",2003,-34.79,"Base survey of 2001"
"Corn","Net value","Value of production less total costs listed","dollars per planted acre","No specific size","U.S. total","United States",2004,-15.15,"Base survey of 2001"
"Corn","Net value","Value of production less total costs listed","dollars per planted acre","No specific size","U.S. total","United States",2005,-126.45,"Base survey of 2005"
"Corn","Net value","Value of production less total costs listed","dollars per planted acre","No specific size","U.S. total","United States",2006,-57.87,"Base survey of 2005"
"Corn","Net value","Value of production less total costs listed","dollars per planted acre","No specific size","U.S. total","United States",2007,24.97,"Base survey of 2005"
"Corn","Net value","Value of production less total costs listed","dollars per planted acre","No specific size","U.S. total","United States",2008,99.98,"Base survey of 2005"
"Corn","Net value","Value of production less total costs listed","dollars per planted acre","No specific size","U.S. total","United States",2009,10.52,"Base survey of 2005"
"Corn","Net value","Value of production less total costs listed","dollars per planted acre","No specific size","U.S. total","United States",2010,139.19,"Base survey of 2010"
"Corn","Net value","Value of production less total costs listed","dollars per planted acre","No specific size","U.S. total","United States",2011,224.31,"Base survey of 2010"
"Corn","Net value","Value of production less total costs listed","dollars per planted acre","No specific size","U.S. total","United States",2012,148.98,"Base survey of 2010"
"Corn","Net value","Value of production less total costs listed","dollars per planted acre","No specific size","U.S. total","United States",2013,44.06,"Base survey of 2010"
"Corn","Net value","Value of production less total costs listed","dollars per planted acre","No specific size","U.S. total","United States",2014,-86.62,"Base survey of 2010"
"Corn","Net value","Value of production less total costs listed","dollars per planted acre","No specific size","U.S. total","United States",2015,-62.73,"Base survey of 2010"
"Corn","Net value","Value of production less total costs listed","dollars per planted acre","No specific size","U.S. total","United States",2016,-74.56,"Base survey of 2016"
"Corn","Net value","Value of production less total costs listed","dollars per planted acre","No specific size","U.S. total","United States",2017,-66.25,"Base survey of 2016"
"Corn","Net value","Value of production less total costs listed","dollars per planted acre","No specific size","U.S. total","United States",2018,-57,"Base survey of 2016"
"Corn","Net value","Value of production less total costs listed","dollars per planted acre","No specific size","U.S. total","United States",2019,-27.29,"Base survey of 2016"
"Corn","Net value","Value of production less total costs listed","dollars per planted acre","No specific size","U.S. total","United States",2020,-33.57,"Base survey of 2016"
"Corn","Net value","Value of production less total costs listed","dollars per planted acre","No specific size","U.S. total","United States",2021,209.37,"Base survey of 2021"
"Corn","Net value","Value of production less total costs listed","dollars per planted acre","No specific size","U.S. total","United States",2022,242.33,"Base survey of 2021"
"Corn","Net value","Value of production less total costs listed","dollars per planted acre","No specific size","U.S. total","United States",2023,11.6,"Base survey of 2021"
"Corn","Net value","Value of production less total costs listed","dollars per planted acre","No specific size","U.S. total","United States",2024,-120.34,"Base survey of 2021"
"Corn","Net value","Value of production less total costs listed","dollars per planted acre","No specific size","Heartland","United States",1996,24.98,"Base survey of 1996"
"Corn","Net value","Value of production less total costs listed","dollars per planted acre","No specific size","Heartland","United States",1997,-27.9,"Base survey of 1996"
"Corn","Net value","Value of production less total costs listed","dollars per planted acre","No specific size","Heartland","United States",1998,-93.77,"Base survey of 1996"
"Corn","Net value","Value of production less total costs listed","dollars per planted acre","No specific size","Heartland","United States",1999,-134.65,"Base survey of 1996"
"Corn","Net value","Value of production less total costs listed","dollars per planted acre","No specific size","Heartland","United States",2000,-125.79,"Base survey of 1996"
"Corn","Net value","Value of production less total costs listed","dollars per planted acre","No specific size","Heartland","United States",2001,-71.76,"Base survey of 2001"
"Corn","Net value","Value of production less total costs listed","dollars per planted acre","No specific size","Heartland","United States",2002,-3.59,"Base survey of 2001"
"Corn","Net value","Value of production less total costs listed","dollars per planted acre","No specific size","Heartland","United States",2003,-19.63,"Base survey of 2001"
"Corn","Net value","Value of production less total costs listed","dollars per planted acre","No specific size","Heartland","United States",2004,-0.56,"Base survey of 2001"
"Corn","Net value","Value of production less total costs listed","dollars per planted acre","No specific size","Heartland","United States",2005,-120.63,"Base survey of 2005"
"Corn","Net value","Value of production less total costs listed","dollars per planted acre","No specific size","Heartland","United States",2006,-31.06,"Base survey of 2005"
"Corn","Net value","Value of production less total costs listed","dollars per planted acre","No specific size","Heartland","United States",2007,56.59,"Base survey of 2005"
"Corn","Net value","Value of production less total costs listed","dollars per planted acre","No specific size","Heartland","United States",2008,151.57,"Base survey of 2005"
"Corn","Net value","Value of production less total costs listed","dollars per planted acre","No specific size","Heartland","United States",2009,46.39,"Base survey of 2005"
"Corn","Net value","Value of production less total costs listed","dollars per planted acre","No specific size","Heartland","United States",2010,151.43,"Base survey of 2010"
"Corn","Net value","Value of production less total costs listed","dollars per planted acre","No specific size","Heartland","United States",2011,246.02,"Base survey of 2010"
"Corn","Net value","Value of production less total costs listed","dollars per planted acre","No specific size","Heartland","United States",2012,129.34,"Base survey of 2010"
"Corn","Net value","Value of production less total costs listed","dollars per planted acre","No specific size","Heartland","United States",2013,48.84,"Base survey of 2010"
"Corn","Net value","Value of production less total costs listed","dollars per planted acre","No specific size","Heartland","United States",2014,-92.71,"Base survey of 2010"
"Corn","Net value","Value of production less total costs listed","dollars per planted acre","No specific size","Heartland","United States",2015,-74.74,"Base survey of 2010"
"Corn","Net value","Value of production less total costs listed","dollars per planted acre","No specific size","Heartland","United States",2016,-65.05,"Base survey of 2016"
"Corn","Net value","Value of production less total costs listed","dollars per planted acre","No specific size","Heartland","United States",2017,-51.91,"Base survey of 2016"
"Corn","Net value","Value of production less total costs listed","dollars per planted acre","No specific size","Heartland","United States",2018,-40.28,"Base survey of 2016"
"Corn","Net value","Value of production less total costs listed","dollars per planted acre","No specific size","Heartland","United States",2019,-9.38,"Base survey of 2016"
"Corn","Net value","Value of production less total costs listed","dollars per planted acre","No specific size","Heartland","United States",2020,-22.88,"Base survey of 2016"
"Corn","Net value","Value of production less total costs listed","dollars per planted acre","No specific size","Heartland","United States",2021,226.59,"Base survey of 2021"
"Corn","Net value","Value of production less total costs listed","dollars per planted acre","No specific size","Heartland","United States",2022,318.02,"Base survey of 2021"
"Corn","Net value","Value of production less total costs listed","dollars per planted acre","No specific size","Heartland","United States",2023,25.6,"Base survey of 2021"
"Corn","Net value","Value of production less total costs listed","dollars per planted acre","No specific size","Heartland","United States",2024,-115.26,"Base survey of 2021"
"Corn","Net value","Value of production less total costs listed","dollars per planted acre","No specific size","Northern Crescent","United States",1996,-18.79,"Base survey of 1996"
"Corn","Net value","Value of production less total costs listed","dollars per planted acre","No specific size","Northern Crescent","United States",1997,-24.14,"Base survey of 1996"
"Corn","Net value","Value of production less total costs listed","dollars per planted acre","No specific size","Northern Crescent","United States",1998,-90.13,"Base survey of 1996"
"Corn","Net value","Value of production less total costs listed","dollars per planted acre","No specific size","Northern Crescent","United States",1999,-122.91,"Base survey of 1996"
"Corn","Net value","Value of production less total costs listed","dollars per planted acre","No specific size","Northern Crescent","United States",2000,-118.95,"Base survey of 1996"
"Corn","Net value","Value of production less total costs listed","dollars per planted acre","No specific size","Northern Crescent","United States",2001,-128.79,"Base survey of 2001"
"Corn","Net value","Value of production less total costs listed","dollars per planted acre","No specific size","Northern Crescent","United States",2002,-42.19,"Base survey of 2001"
"Corn","Net value","Value of production less total costs listed","dollars per planted acre","No specific size","Northern Crescent","United States",2003,-58.45,"Base survey of 2001"
"Corn","Net value","Value of production less total costs listed","dollars per planted acre","No specific size","Northern Crescent","United States",2004,-61.63,"Base survey of 2001"
"Corn","Net value","Value of production less total costs listed","dollars per planted acre","No specific size","Northern Crescent","United States",2005,-131.94,"Base survey of 2005"
"Corn","Net value","Value of production less total costs listed","dollars per planted acre","No specific size","Northern Crescent","United States",2006,-149.65,"Base survey of 2005"
"Corn","Net value","Value of production less total costs listed","dollars per planted acre","No specific size","Northern Crescent","United States",2007,-102.12,"Base survey of 2005"
"Corn","Net value","Value of production less total costs listed","dollars per planted acre","No specific size","Northern Crescent","United States",2008,-70.84,"Base survey of 2005"
"Corn","Net value","Value of production less total costs listed","dollars per planted acre","No specific size","Northern Crescent","United States",2009,-121.16,"Base survey of 2005"
"Corn","Net value","Value of production less total costs listed","dollars per planted acre","No specific size","Northern Crescent","United States",2010,183.62,"Base survey of 2010"
"Corn","Net value","Value of production less total costs listed","dollars per planted acre","No specific size","Northern Crescent","United States",2011,295.1,"Base survey of 2010"
"Corn","Net value","Value of production less total costs listed","dollars per planted acre","No specific size","Northern Crescent","United States",2012,271.23,"Base survey of 2010"
"Corn","Net value","Value of production less total costs listed","dollars per planted acre","No specific size","Northern Crescent","United States",2013,49.5,"Base survey of 2010"
"Corn","Net value","Value of production less total costs listed","dollars per planted acre","No specific size","Northern Crescent","United States",2014,-71.36,"Base survey of 2010"
"Corn","Net value","Value of production less total costs listed","dollars per planted acre","No specific size","Northern Crescent","United States",2015,-39.3,"Base survey of 2010"
"Corn","Net value","Value of production less total costs listed","dollars per planted acre","No specific size","Northern Crescent","United States",2016,-70.65,"Base survey of 2016"
"Corn","Net value","Value of production less total costs listed","dollars per planted acre","No specific size","Northern Crescent","United States",2017,-36.83,"Base survey of 2016"
"Corn","Net value","Value of production less total costs listed","dollars per planted acre","No specific size","Northern Crescent","United States",2018,-40.04,"Base survey of 2016"
"Corn","Net value","Value of production less total costs listed","dollars per planted acre","No specific size","Northern Crescent","United States",2019,-5.52,"Base survey of 2016"
"Corn","Net value","Value of production less total costs listed","dollars per planted acre","No specific size","Northern Crescent","United States",2020,-19.08,"Base survey of 2016"
"Corn","Net value","Value of production less total costs listed","dollars per planted acre","No specific size","Northern Crescent","United States",2021,211.72,"Base survey of 2021"
"Corn","Net value","Value of production less total costs listed","dollars per planted acre","No specific size","Northern Crescent","United States",2022,149.52,"Base survey of 2021"
"Corn","Net value","Value of production less total costs listed","dollars per planted acre","No specific size","Northern Crescent","United States",2023,-51.86,"Base survey of 2021"
"Corn","Net value","Value of production less total costs listed","dollars per planted acre","No specific size","Northern Crescent","United States",2024,-184.61,"Base survey of 2021"
"Corn","Net value","Value of production less total costs listed","dollars per planted acre","No specific size","Northern Great Plains","United States",1996,-11.26,"Base survey of 1996"
"Corn","Net value","Value of production less total costs listed","dollars per planted acre","No specific size","Northern Great Plains","United States",1997,-56.46,"Base survey of 1996"
"Corn","Net value","Value of production less total costs listed","dollars per planted acre","No specific size","Northern Great Plains","United States",1998,-91.17,"Base survey of 1996"
"Corn","Net value","Value of production less total costs listed","dollars per planted acre","No specific size","Northern Great Plains","United States",1999,-127.8,"Base survey of 1996"
"Corn","Net value","Value of production less total costs listed","dollars per planted acre","No specific size","Northern Great Plains","United States",2000,-128.4,"Base survey of 1996"
"Corn","Net value","Value of production less total costs listed","dollars per planted acre","No specific size","Northern Great Plains","United States",2001,-88.58,"Base survey of 2001"
"Corn","Net value","Value of production less total costs listed","dollars per planted acre","No specific size","Northern Great Plains","United States",2002,-47,"Base survey of 2001"
"Corn","Net value","Value of production less total costs listed","dollars per planted acre","No specific size","Northern Great Plains","United States",2003,-60.6,"Base survey of 2001"
"Corn","Net value","Value of production less total costs listed","dollars per planted acre","No specific size","Northern Great Plains","United States",2004,-61.45,"Base survey of 2001"
"Corn","Net value","Value of production less total costs listed","dollars per planted acre","No specific size","Northern Great Plains","United States",2005,-95.89,"Base survey of 2005"
"Corn","Net value","Value of production less total costs listed","dollars per planted acre","No specific size","Northern Great Plains","United States",2006,-36.32,"Base survey of 2005"
"Corn","Net value","Value of production less total costs listed","dollars per planted acre","No specific size","Northern Great Plains","United States",2007,35.64,"Base survey of 2005"
"Corn","Net value","Value of production less total costs listed","dollars per planted acre","No specific size","Northern Great Plains","United States",2008,127.74,"Base survey of 2005"
"Corn","Net value","Value of production less total costs listed","dollars per planted acre","No specific size","Northern Great Plains","United States",2009,23.34,"Base survey of 2005"
"Corn","Net value","Value of production less total costs listed","dollars per planted acre","No specific size","Northern Great Plains","United States",2010,83.71,"Base survey of 2010"
"Corn","Net value","Value of production less total costs listed","dollars per planted acre","No specific size","Northern Great Plains","United States",2011,112.21,"Base survey of 2010"
"Corn","Net value","Value of production less total costs listed","dollars per planted acre","No specific size","Northern Great Plains","United States",2012,129.32,"Base survey of 2010"
"Corn","Net value","Value of production less total costs listed","dollars per planted acre","No specific size","Northern Great Plains","United States",2013,-76.42,"Base survey of 2010"
"Corn","Net value","Value of production less total costs listed","dollars per planted acre","No specific size","Northern Great Plains","United States",2014,-185.47,"Base survey of 2010"
"Corn","Net value","Value of production less total costs listed","dollars per planted acre","No specific size","Northern Great Plains","United States",2015,-112.82,"Base survey of 2010"
"Corn","Net value","Value of production less total costs listed","dollars per planted acre","No specific size","Northern Great Plains","United States",2016,-62.31,"Base survey of 2016"
"Corn","Net value","Value of production less total costs listed","dollars per planted acre","No specific size","Northern Great Plains","United States",2017,-112.69,"Base survey of 2016"
"Corn","Net value","Value of production less total costs listed","dollars per planted acre","No specific size","Northern Great Plains","United States",2018,-48.6,"Base survey of 2016"
"Corn","Net value","Value of production less total costs listed","dollars per planted acre","No specific size","Northern Great Plains","United States",2019,-60.89,"Base survey of 2016"
"Corn","Net value","Value of production less total costs listed","dollars per planted acre","No specific size","Northern Great Plains","United States",2020,-44.31,"Base survey of 2016"
"Corn","Net value","Value of production less total costs listed","dollars per planted acre","No specific size","Northern Great Plains","United States",2021,140.12,"Base survey of 2021"
"Corn","Net value","Value of production less total costs listed","dollars per planted acre","No specific size","Northern Great Plains","United States",2022,242.73,"Base survey of 2021"
"Corn","Net value","Value of production less total costs listed","dollars per planted acre","No specific size","Northern Great Plains","United States",2023,119.31,"Base survey of 2021"
"Corn","Net value","Value of production less total costs listed","dollars per planted acre","No specific size","Northern Great Plains","United States",2024,-8.54,"Base survey of 2021"
"Corn","Net value","Value of production less total costs listed","dollars per planted acre","No specific size","Prairie Gateway","United States",1996,39.36,"Base survey of 1996"
"Corn","Net value","Value of production less total costs listed","dollars per planted acre","No specific size","Prairie Gateway","United States",1997,-42.45,"Base survey of 1996"
"Corn","Net value","Value of production less total costs listed","dollars per planted acre","No specific size","Prairie Gateway","United States",1998,-118.19,"Base survey of 1996"
"Corn","Net value","Value of production less total costs listed","dollars per planted acre","No specific size","Prairie Gateway","United States",1999,-142.27,"Base survey of 1996"
"Corn","Net value","Value of production less total costs listed","dollars per planted acre","No specific size","Prairie Gateway","United States",2000,-163.65,"Base survey of 1996"
"Corn","Net value","Value of production less total costs listed","dollars per planted acre","No specific size","Prairie Gateway","United States",2001,-92.77,"Base survey of 2001"
"Corn","Net value","Value of production less total costs listed","dollars per planted acre","No specific size","Prairie Gateway","United States",2002,-64.42,"Base survey of 2001"
"Corn","Net value","Value of production less total costs listed","dollars per planted acre","No specific size","Prairie Gateway","United States",2003,-70.07,"Base survey of 2001"
"Corn","Net value","Value of production less total costs listed","dollars per planted acre","No specific size","Prairie Gateway","United States",2004,-29.09,"Base survey of 2001"
"Corn","Net value","Value of production less total costs listed","dollars per planted acre","No specific size","Prairie Gateway","United States",2005,-171.93,"Base survey of 2005"
"Corn","Net value","Value of production less total costs listed","dollars per planted acre","No specific size","Prairie Gateway","United States",2006,-114.65,"Base survey of 2005"
"Corn","Net value","Value of production less total costs listed","dollars per planted acre","No specific size","Prairie Gateway","United States",2007,25.11,"Base survey of 2005"
"Corn","Net value","Value of production less total costs listed","dollars per planted acre","No specific size","Prairie Gateway","United States",2008,91.97,"Base survey of 2005"
"Corn","Net value","Value of production less total costs listed","dollars per planted acre","No specific size","Prairie Gateway","United States",2009,-1.04,"Base survey of 2005"
"Corn","Net value","Value of production less total costs listed","dollars per planted acre","No specific size","Prairie Gateway","United States",2010,105.63,"Base survey of 2010"
"Corn","Net value","Value of production less total costs listed","dollars per planted acre","No specific size","Prairie Gateway","United States",2011,142.35,"Base survey of 2010"
"Corn","Net value","Value of production less total costs listed","dollars per planted acre","No specific size","Prairie Gateway","United States",2012,163.64,"Base survey of 2010"
"Corn","Net value","Value of production less total costs listed","dollars per planted acre","No specific size","Prairie Gateway","United States",2013,67.4,"Base survey of 2010"
"Corn","Net value","Value of production less total costs listed","dollars per planted acre","No specific size","Prairie Gateway","United States",2014,-24.71,"Base survey of 2010"
"Corn","Net value","Value of production less total costs listed","dollars per planted acre","No specific size","Prairie Gateway","United States",2015,-0.46,"Base survey of 2010"
"Corn","Net value","Value of production less total costs listed","dollars per planted acre","No specific size","Prairie Gateway","United States",2016,-127.95,"Base survey of 2016"
"Corn","Net value","Value of production less total costs listed","dollars per planted acre","No specific size","Prairie Gateway","United States",2017,-117.01,"Base survey of 2016"
"Corn","Net value","Value of production less total costs listed","dollars per planted acre","No specific size","Prairie Gateway","United States",2018,-125.48,"Base survey of 2016"
"Corn","Net value","Value of production less total costs listed","dollars per planted acre","No specific size","Prairie Gateway","United States",2019,-74.7,"Base survey of 2016"
"Corn","Net value","Value of production less total costs listed","dollars per planted acre","No specific size","Prairie Gateway","United States",2020,-87.28,"Base survey of 2016"
"Corn","Net value","Value of production less total costs listed","dollars per planted acre","No specific size","Prairie Gateway","United States",2021,194.36,"Base survey of 2021"
"Corn","Net value","Value of production less total costs listed","dollars per planted acre","No specific size","Prairie Gateway","United States",2022,91.92,"Base survey of 2021"
"Corn","Net value","Value of production less total costs listed","dollars per planted acre","No specific size","Prairie Gateway","United States",2023,-43.55,"Base survey of 2021"
"Corn","Net value","Value of production less total costs listed","dollars per planted acre","No specific size","Prairie Gateway","United States",2024,-126.25,"Base survey of 2021"
"Corn","Net value","Value of production less total costs listed","dollars per planted acre","No specific size","Eastern Uplands","United States",1996,14.03,"Base survey of 1996"
"Corn","Net value","Value of production less total costs listed","dollars per planted acre","No specific size","Eastern Uplands","United States",1997,-75.57,"Base survey of 1996"
"Corn","Net value","Value of production less total costs listed","dollars per planted acre","No specific size","Eastern Uplands","United States",1998,-109.2,"Base survey of 1996"
"Corn","Net value","Value of production less total costs listed","dollars per planted acre","No specific size","Eastern Uplands","United States",1999,-158.74,"Base survey of 1996"
"Corn","Net value","Value of production less total costs listed","dollars per planted acre","No specific size","Eastern Uplands","United States",2000,-132.54,"Base survey of 1996"
"Corn","Net value","Value of production less total costs listed","dollars per planted acre","No specific size","Eastern Uplands","United States",2001,-111.48,"Base survey of 2001"
"Corn","Net value","Value of production less total costs listed","dollars per planted acre","No specific size","Eastern Uplands","United States",2002,-109.08,"Base survey of 2001"
"Corn","Net value","Value of production less total costs listed","dollars per planted acre","No specific size","Eastern Uplands","United States",2003,-69.39,"Base survey of 2001"
"Corn","Net value","Value of production less total costs listed","dollars per planted acre","No specific size","Eastern Uplands","United States",2004,-75.71,"Base survey of 2001"
"Corn","Net value","Value of production less total costs listed","dollars per planted acre","No specific size","Eastern Uplands","United States",2005,-153.42,"Base survey of 2005"
"Corn","Net value","Value of production less total costs listed","dollars per planted acre","No specific size","Eastern Uplands","United States",2006,-23.33,"Base survey of 2005"
"Corn","Net value","Value of production less total costs listed","dollars per planted acre","No specific size","Eastern Uplands","United States",2007,-10.89,"Base survey of 2005"
"Corn","Net value","Value of production less total costs listed","dollars per planted acre","No specific size","Eastern Uplands","United States",2008,61.95,"Base survey of 2005"
"Corn","Net value","Value of production less total costs listed","dollars per planted acre","No specific size","Eastern Uplands","United States",2009,33.72,"Base survey of 2005"
"Corn","Net value","Value of production less total costs listed","dollars per planted acre","No specific size","Eastern Uplands","United States",2010,164.11,"Base survey of 2010"
"Corn","Net value","Value of production less total costs listed","dollars per planted acre","No specific size","Eastern Uplands","United States",2011,275.87,"Base survey of 2010"
"Corn","Net value","Value of production less total costs listed","dollars per planted acre","No specific size","Eastern Uplands","United States",2012,74.62,"Base survey of 2010"
"Corn","Net value","Value of production less total costs listed","dollars per planted acre","No specific size","Eastern Uplands","United States",2013,111.53,"Base survey of 2010"
"Corn","Net value","Value of production less total costs listed","dollars per planted acre","No specific size","Eastern Uplands","United States",2014,-28.23,"Base survey of 2010"
"Corn","Net value","Value of production less total costs listed","dollars per planted acre","No specific size","Eastern Uplands","United States",2015,47.54,"Base survey of 2010"
"Corn","Net value","Value of production less total costs listed","dollars per planted acre","No specific size","Eastern Uplands","United States",2016,-9.98,"Base survey of 2016"
"Corn","Net value","Value of production less total costs listed","dollars per planted acre","No specific size","Eastern Uplands","United States",2017,57.21,"Base survey of 2016"
"Corn","Net value","Value of production less total costs listed","dollars per planted acre","No specific size","Eastern Uplands","United States",2018,39.56,"Base survey of 2016"
"Corn","Net value","Value of production less total costs listed","dollars per planted acre","No specific size","Eastern Uplands","United States",2019,101.06,"Base survey of 2016"
"Corn","Net value","Value of production less total costs listed","dollars per planted acre","No specific size","Eastern Uplands","United States",2020,105.33,"Base survey of 2016"
"Corn","Net value","Value of production less total costs listed","dollars per planted acre","No specific size","Eastern Uplands","United States",2021,290.59,"Base survey of 2021"
"Corn","Net value","Value of production less total costs listed","dollars per planted acre","No specific size","Eastern Uplands","United States",2022,180.84,"Base survey of 2021"
"Corn","Net value","Value of production less total costs listed","dollars per planted acre","No specific size","Eastern Uplands","United States",2023,54.68,"Base survey of 2021"
"Corn","Net value","Value of production less total costs listed","dollars per planted acre","No specific size","Eastern Uplands","United States",2024,-145.99,"Base survey of 2021"
"Corn","Net value","Value of production less total costs listed","dollars per planted acre","No specific size","Southern Seaboard","United States",1996,-8.06,"Base survey of 1996"
"Corn","Net value","Value of production less total costs listed","dollars per planted acre","No specific size","Southern Seaboard","United States",1997,-78.64,"Base survey of 1996"
"Corn","Net value","Value of production less total costs listed","dollars per planted acre","No specific size","Southern Seaboard","United States",1998,-187.78,"Base survey of 1996"
"Corn","Net value","Value of production less total costs listed","dollars per planted acre","No specific size","Southern Seaboard","United States",1999,-160.04,"Base survey of 1996"
"Corn","Net value","Value of production less total costs listed","dollars per planted acre","No specific size","Southern Seaboard","United States",2000,-159.61,"Base survey of 1996"
"Corn","Net value","Value of production less total costs listed","dollars per planted acre","No specific size","Southern Seaboard","United States",2001,-43.15,"Base survey of 2001"
"Corn","Net value","Value of production less total costs listed","dollars per planted acre","No specific size","Southern Seaboard","United States",2002,-98.47,"Base survey of 2001"
"Corn","Net value","Value of production less total costs listed","dollars per planted acre","No specific size","Southern Seaboard","United States",2003,-42.73,"Base survey of 2001"
"Corn","Net value","Value of production less total costs listed","dollars per planted acre","No specific size","Southern Seaboard","United States",2004,-50.74,"Base survey of 2001"
"Corn","Net value","Value of production less total costs listed","dollars per planted acre","No specific size","Southern Seaboard","United States",2005,-133.76,"Base survey of 2005"
"Corn","Net value","Value of production less total costs listed","dollars per planted acre","No specific size","Southern Seaboard","United States",2006,-61.21,"Base survey of 2005"
"Corn","Net value","Value of production less total costs listed","dollars per planted acre","No specific size","Southern Seaboard","United States",2007,-54.5,"Base survey of 2005"
"Corn","Net value","Value of production less total costs listed","dollars per planted acre","No specific size","Southern Seaboard","United States",2008,-65.76,"Base survey of 2005"
"Corn","Net value","Value of production less total costs listed","dollars per planted acre","No specific size","Southern Seaboard","United States",2009,-77.88,"Base survey of 2005"
"Corn","Net value","Value of production less total costs listed","dollars per planted acre","No specific size","Southern Seaboard","United States",2010,18.91,"Base survey of 2010"
"Corn","Net value","Value of production less total costs listed","dollars per planted acre","No specific size","Southern Seaboard","United States",2011,75.87,"Base survey of 2010"
"Corn","Net value","Value of production less total costs listed","dollars per planted acre","No specific size","Southern Seaboard","United States",2012,359.12,"Base survey of 2010"
"Corn","Net value","Value of production less total costs listed","dollars per planted acre","No specific size","Southern Seaboard","United States",2013,66.25,"Base survey of 2010"
"Corn","Net value","Value of production less total costs listed","dollars per planted acre","No specific size","Southern Seaboard","United States",2014,-103.3,"Base survey of 2010"
"Corn","Net value","Value of production less total costs listed","dollars per planted acre","No specific size","Southern Seaboard","United States",2015,-88.6,"Base survey of 2010"
"Corn","Net value","Value of production less total costs listed","dollars per planted acre","No specific size","Southern Seaboard","United States",2016,-162.85,"Base survey of 2016"
"Corn","Net value","Value of production less total costs listed","dollars per planted acre","No specific size","Southern Seaboard","United States",2017,-45.49,"Base survey of 2016"
"Corn","Net value","Value of production less total costs listed","dollars per planted acre","No specific size","Southern Seaboard","United States",2018,-155.72,"Base survey of 2016"
"Corn","Net value","Value of production less total costs listed","dollars per planted acre","No specific size","Southern Seaboard","United States",2019,-182.32,"Base survey of 2016"
"Corn","Net value","Value of production less total costs listed","dollars per planted acre","No specific size","Southern Seaboard","United States",2020,-153.11,"Base survey of 2016"
"Corn","Net value","Value of production less total costs listed","dollars per planted acre","No specific size","Southern Seaboard","United States",2021,276.59,"Base survey of 2021"
"Corn","Net value","Value of production less total costs listed","dollars per planted acre","No specific size","Southern Seaboard","United States",2022,185.65,"Base survey of 2021"
"Corn","Net value","Value of production less total costs listed","dollars per planted acre","No specific size","Southern Seaboard","United States",2023,51.44,"Base survey of 2021"
"Corn","Net value","Value of production less total costs listed","dollars per planted acre","No specific size","Southern Seaboard","United States",2024,-327.46,"Base survey of 2021"
"Corn","Net value","Value of production less operating costs","dollars per planted acre","No specific size","U.S. total","United States",1996,208.98,"Base survey of 1996"
"Corn","Net value","Value of production less operating costs","dollars per planted acre","No specific size","U.S. total","United States",1997,169.12,"Base survey of 1996"
"Corn","Net value","Value of production less operating costs","dollars per planted acre","No specific size","U.S. total","United States",1998,105.17,"Base survey of 1996"
"Corn","Net value","Value of production less operating costs","dollars per planted acre","No specific size","U.S. total","United States",1999,73.78,"Base survey of 1996"
"Corn","Net value","Value of production less operating costs","dollars per planted acre","No specific size","U.S. total","United States",2000,81.68,"Base survey of 1996"
"Corn","Net value","Value of production less operating costs","dollars per planted acre","No specific size","U.S. total","United States",2001,104.62,"Base survey of 2001"
"Corn","Net value","Value of production less operating costs","dollars per planted acre","No specific size","U.S. total","United States",2002,167.34,"Base survey of 2001"
"Corn","Net value","Value of production less operating costs","dollars per planted acre","No specific size","U.S. total","United States",2003,158.46,"Base survey of 2001"
"Corn","Net value","Value of production less operating costs","dollars per planted acre","No specific size","U.S. total","United States",2004,186.41,"Base survey of 2001"
"Corn","Net value","Value of production less operating costs","dollars per planted acre","No specific size","U.S. total","United States",2005,74.06,"Base survey of 2005"
"Corn","Net value","Value of production less operating costs","dollars per planted acre","No specific size","U.S. total","United States",2006,145.89,"Base survey of 2005"
"Corn","Net value","Value of production less operating costs","dollars per planted acre","No specific size","U.S. total","United States",2007,239.95,"Base survey of 2005"
"Corn","Net value","Value of production less operating costs","dollars per planted acre","No specific size","U.S. total","United States",2008,333.67,"Base survey of 2005"
"Corn","Net value","Value of production less operating costs","dollars per planted acre","No specific size","U.S. total","United States",2009,266.21,"Base survey of 2005"
"Corn","Net value","Value of production less operating costs","dollars per planted acre","No specific size","U.S. total","United States",2010,402.98,"Base survey of 2010"
"Corn","Net value","Value of production less operating costs","dollars per planted acre","No specific size","U.S. total","United States",2011,505.44,"Base survey of 2010"
"Corn","Net value","Value of production less operating costs","dollars per planted acre","No specific size","U.S. total","United States",2012,452.96,"Base survey of 2010"
"Corn","Net value","Value of production less operating costs","dollars per planted acre","No specific size","U.S. total","United States",2013,364.91,"Base survey of 2010"
"Corn","Net value","Value of production less operating costs","dollars per planted acre","No specific size","U.S. total","United States",2014,246.26,"Base survey of 2010"
"Corn","Net value","Value of production less operating costs","dollars per planted acre","No specific size","U.S. total","United States",2015,278.8,"Base survey of 2010"
"Corn","Net value","Value of production less operating costs","dollars per planted acre","No specific size","U.S. total","United States",2016,263.37,"Base survey of 2016"
"Corn","Net value","Value of production less operating costs","dollars per planted acre","No specific size","U.S. total","United States",2017,273.77,"Base survey of 2016"
"Corn","Net value","Value of production less operating costs","dollars per planted acre","No specific size","U.S. total","United States",2018,295.38,"Base survey of 2016"
"Corn","Net value","Value of production less operating costs","dollars per planted acre","No specific size","U.S. total","United States",2019,325.55,"Base survey of 2016"
"Corn","Net value","Value of production less operating costs","dollars per planted acre","No specific size","U.S. total","United States",2020,325.27,"Base survey of 2016"
"Corn","Net value","Value of production less operating costs","dollars per planted acre","No specific size","U.S. total","United States",2021,591.24,"Base survey of 2021"
"Corn","Net value","Value of production less operating costs","dollars per planted acre","No specific size","U.S. total","United States",2022,651.07,"Base survey of 2021"
"Corn","Net value","Value of production less operating costs","dollars per planted acre","No specific size","U.S. total","United States",2023,440.67,"Base survey of 2021"
"Corn","Net value","Value of production less operating costs","dollars per planted acre","No specific size","U.S. total","United States",2024,323.31,"Base survey of 2021"
"Corn","Net value","Value of production less operating costs","dollars per planted acre","No specific size","Heartland","United States",1996,224.12,"Base survey of 1996"
"Corn","Net value","Value of production less operating costs","dollars per planted acre","No specific size","Heartland","United States",1997,179.02,"Base survey of 1996"
"Corn","Net value","Value of production less operating costs","dollars per planted acre","No specific size","Heartland","United States",1998,117.35,"Base survey of 1996"
"Corn","Net value","Value of production less operating costs","dollars per planted acre","No specific size","Heartland","United States",1999,78.79,"Base survey of 1996"
"Corn","Net value","Value of production less operating costs","dollars per planted acre","No specific size","Heartland","United States",2000,94,"Base survey of 1996"
"Corn","Net value","Value of production less operating costs","dollars per planted acre","No specific size","Heartland","United States",2001,116.35,"Base survey of 2001"
"Corn","Net value","Value of production less operating costs","dollars per planted acre","No specific size","Heartland","United States",2002,188.09,"Base survey of 2001"
"Corn","Net value","Value of production less operating costs","dollars per planted acre","No specific size","Heartland","United States",2003,175.92,"Base survey of 2001"
"Corn","Net value","Value of production less operating costs","dollars per planted acre","No specific size","Heartland","United States",2004,204.12,"Base survey of 2001"
"Corn","Net value","Value of production less operating costs","dollars per planted acre","No specific size","Heartland","United States",2005,84.1,"Base survey of 2005"
"Corn","Net value","Value of production less operating costs","dollars per planted acre","No specific size","Heartland","United States",2006,176.61,"Base survey of 2005"
"Corn","Net value","Value of production less operating costs","dollars per planted acre","No specific size","Heartland","United States",2007,276.43,"Base survey of 2005"
"Corn","Net value","Value of production less operating costs","dollars per planted acre","No specific size","Heartland","United States",2008,392.76,"Base survey of 2005"
"Corn","Net value","Value of production less operating costs","dollars per planted acre","No specific size","Heartland","United States",2009,311.41,"Base survey of 2005"
"Corn","Net value","Value of production less operating costs","dollars per planted acre","No specific size","Heartland","United States",2010,431.1,"Base survey of 2010"
"Corn","Net value","Value of production less operating costs","dollars per planted acre","No specific size","Heartland","United States",2011,545.1,"Base survey of 2010"
"Corn","Net value","Value of production less operating costs","dollars per planted acre","No specific size","Heartland","United States",2012,454.82,"Base survey of 2010"
"Corn","Net value","Value of production less operating costs","dollars per planted acre","No specific size","Heartland","United States",2013,394.17,"Base survey of 2010"
"Corn","Net value","Value of production less operating costs","dollars per planted acre","No specific size","Heartland","United States",2014,264.41,"Base survey of 2010"
"Corn","Net value","Value of production less operating costs","dollars per planted acre","No specific size","Heartland","United States",2015,291.45,"Base survey of 2010"
"Corn","Net value","Value of production less operating costs","dollars per planted acre","No specific size","Heartland","United States",2016,299.71,"Base survey of 2016"
"Corn","Net value","Value of production less operating costs","dollars per planted acre","No specific size","Heartland","United States",2017,314.57,"Base survey of 2016"
"Corn","Net value","Value of production less operating costs","dollars per planted acre","No specific size","Heartland","United States",2018,338.01,"Base survey of 2016"
"Corn","Net value","Value of production less operating costs","dollars per planted acre","No specific size","Heartland","United States",2019,370.41,"Base survey of 2016"
"Corn","Net value","Value of production less operating costs","dollars per planted acre","No specific size","Heartland","United States",2020,359.51,"Base survey of 2016"
"Corn","Net value","Value of production less operating costs","dollars per planted acre","No specific size","Heartland","United States",2021,644.1,"Base survey of 2021"
"Corn","Net value","Value of production less operating costs","dollars per planted acre","No specific size","Heartland","United States",2022,764.54,"Base survey of 2021"
"Corn","Net value","Value of production less operating costs","dollars per planted acre","No specific size","Heartland","United States",2023,496.59,"Base survey of 2021"
"Corn","Net value","Value of production less operating costs","dollars per planted acre","No specific size","Heartland","United States",2024,372.76,"Base survey of 2021"
"Corn","Net value","Value of production less operating costs","dollars per planted acre","No specific size","Northern Crescent","United States",1996,148.92,"Base survey of 1996"
"Corn","Net value","Value of production less operating costs","dollars per planted acre","No specific size","Northern Crescent","United States",1997,164.77,"Base survey of 1996"
"Corn","Net value","Value of production less operating costs","dollars per planted acre","No specific size","Northern Crescent","United States",1998,105.79,"Base survey of 1996"
"Corn","Net value","Value of production less operating costs","dollars per planted acre","No specific size","Northern Crescent","United States",1999,74.87,"Base survey of 1996"
"Corn","Net value","Value of production less operating costs","dollars per planted acre","No specific size","Northern Crescent","United States",2000,85.49,"Base survey of 1996"
"Corn","Net value","Value of production less operating costs","dollars per planted acre","No specific size","Northern Crescent","United States",2001,54.86,"Base survey of 2001"
"Corn","Net value","Value of production less operating costs","dollars per planted acre","No specific size","Northern Crescent","United States",2002,143.98,"Base survey of 2001"
"Corn","Net value","Value of production less operating costs","dollars per planted acre","No specific size","Northern Crescent","United States",2003,131.96,"Base survey of 2001"
"Corn","Net value","Value of production less operating costs","dollars per planted acre","No specific size","Northern Crescent","United States",2004,136.85,"Base survey of 2001"
"Corn","Net value","Value of production less operating costs","dollars per planted acre","No specific size","Northern Crescent","United States",2005,67.22,"Base survey of 2005"
"Corn","Net value","Value of production less operating costs","dollars per planted acre","No specific size","Northern Crescent","United States",2006,53.78,"Base survey of 2005"
"Corn","Net value","Value of production less operating costs","dollars per planted acre","No specific size","Northern Crescent","United States",2007,112.5,"Base survey of 2005"
"Corn","Net value","Value of production less operating costs","dollars per planted acre","No specific size","Northern Crescent","United States",2008,162.67,"Base survey of 2005"
"Corn","Net value","Value of production less operating costs","dollars per planted acre","No specific size","Northern Crescent","United States",2009,131.61,"Base survey of 2005"
"Corn","Net value","Value of production less operating costs","dollars per planted acre","No specific size","Northern Crescent","United States",2010,406.7,"Base survey of 2010"
"Corn","Net value","Value of production less operating costs","dollars per planted acre","No specific size","Northern Crescent","United States",2011,531.54,"Base survey of 2010"
"Corn","Net value","Value of production less operating costs","dollars per planted acre","No specific size","Northern Crescent","United States",2012,524.98,"Base survey of 2010"
"Corn","Net value","Value of production less operating costs","dollars per planted acre","No specific size","Northern Crescent","United States",2013,315.97,"Base survey of 2010"
"Corn","Net value","Value of production less operating costs","dollars per planted acre","No specific size","Northern Crescent","United States",2014,203.67,"Base survey of 2010"
"Corn","Net value","Value of production less operating costs","dollars per planted acre","No specific size","Northern Crescent","United States",2015,243.26,"Base survey of 2010"
"Corn","Net value","Value of production less operating costs","dollars per planted acre","No specific size","Northern Crescent","United States",2016,231,"Base survey of 2016"
"Corn","Net value","Value of production less operating costs","dollars per planted acre","No specific size","Northern Crescent","United States",2017,269.19,"Base survey of 2016"
"Corn","Net value","Value of production less operating costs","dollars per planted acre","No specific size","Northern Crescent","United States",2018,276.32,"Base survey of 2016"
"Corn","Net value","Value of production less operating costs","dollars per planted acre","No specific size","Northern Crescent","United States",2019,317.04,"Base survey of 2016"
"Corn","Net value","Value of production less operating costs","dollars per planted acre","No specific size","Northern Crescent","United States",2020,308.57,"Base survey of 2016"
"Corn","Net value","Value of production less operating costs","dollars per planted acre","No specific size","Northern Crescent","United States",2021,563.46,"Base survey of 2021"
"Corn","Net value","Value of production less operating costs","dollars per planted acre","No specific size","Northern Crescent","United States",2022,524.29,"Base survey of 2021"
"Corn","Net value","Value of production less operating costs","dollars per planted acre","No specific size","Northern Crescent","United States",2023,343.19,"Base survey of 2021"
"Corn","Net value","Value of production less operating costs","dollars per planted acre","No specific size","Northern Crescent","United States",2024,224.54,"Base survey of 2021"
"Corn","Net value","Value of production less operating costs","dollars per planted acre","No specific size","Northern Great Plains","United States",1996,133.3,"Base survey of 1996"
"Corn","Net value","Value of production less operating costs","dollars per planted acre","No specific size","Northern Great Plains","United States",1997,95.1,"Base survey of 1996"
"Corn","Net value","Value of production less operating costs","dollars per planted acre","No specific size","Northern Great Plains","United States",1998,64.87,"Base survey of 1996"
"Corn","Net value","Value of production less operating costs","dollars per planted acre","No specific size","Northern Great Plains","United States",1999,31.26,"Base survey of 1996"
"Corn","Net value","Value of production less operating costs","dollars per planted acre","No specific size","Northern Great Plains","United States",2000,29.7,"Base survey of 1996"
"Corn","Net value","Value of production less operating costs","dollars per planted acre","No specific size","Northern Great Plains","United States",2001,60.59,"Base survey of 2001"
"Corn","Net value","Value of production less operating costs","dollars per planted acre","No specific size","Northern Great Plains","United States",2002,100.11,"Base survey of 2001"
"Corn","Net value","Value of production less operating costs","dollars per planted acre","No specific size","Northern Great Plains","United States",2003,91.3,"Base survey of 2001"
"Corn","Net value","Value of production less operating costs","dollars per planted acre","No specific size","Northern Great Plains","United States",2004,93.74,"Base survey of 2001"
"Corn","Net value","Value of production less operating costs","dollars per planted acre","No specific size","Northern Great Plains","United States",2005,70.82,"Base survey of 2005"
"Corn","Net value","Value of production less operating costs","dollars per planted acre","No specific size","Northern Great Plains","United States",2006,134.44,"Base survey of 2005"
"Corn","Net value","Value of production less operating costs","dollars per planted acre","No specific size","Northern Great Plains","United States",2007,215.72,"Base survey of 2005"
"Corn","Net value","Value of production less operating costs","dollars per planted acre","No specific size","Northern Great Plains","United States",2008,324.19,"Base survey of 2005"
"Corn","Net value","Value of production less operating costs","dollars per planted acre","No specific size","Northern Great Plains","United States",2009,236.32,"Base survey of 2005"
"Corn","Net value","Value of production less operating costs","dollars per planted acre","No specific size","Northern Great Plains","United States",2010,311.71,"Base survey of 2010"
"Corn","Net value","Value of production less operating costs","dollars per planted acre","No specific size","Northern Great Plains","United States",2011,354.03,"Base survey of 2010"
"Corn","Net value","Value of production less operating costs","dollars per planted acre","No specific size","Northern Great Plains","United States",2012,388.31,"Base survey of 2010"
"Corn","Net value","Value of production less operating costs","dollars per planted acre","No specific size","Northern Great Plains","United States",2013,195.03,"Base survey of 2010"
"Corn","Net value","Value of production less operating costs","dollars per planted acre","No specific size","Northern Great Plains","United States",2014,94.92,"Base survey of 2010"
"Corn","Net value","Value of production less operating costs","dollars per planted acre","No specific size","Northern Great Plains","United States",2015,175.3,"Base survey of 2010"
"Corn","Net value","Value of production less operating costs","dollars per planted acre","No specific size","Northern Great Plains","United States",2016,210.99,"Base survey of 2016"
"Corn","Net value","Value of production less operating costs","dollars per planted acre","No specific size","Northern Great Plains","United States",2017,161.81,"Base survey of 2016"
"Corn","Net value","Value of production less operating costs","dollars per planted acre","No specific size","Northern Great Plains","United States",2018,236.47,"Base survey of 2016"
"Corn","Net value","Value of production less operating costs","dollars per planted acre","No specific size","Northern Great Plains","United States",2019,229.67,"Base survey of 2016"
"Corn","Net value","Value of production less operating costs","dollars per planted acre","No specific size","Northern Great Plains","United States",2020,251.24,"Base survey of 2016"
"Corn","Net value","Value of production less operating costs","dollars per planted acre","No specific size","Northern Great Plains","United States",2021,457.44,"Base survey of 2021"
"Corn","Net value","Value of production less operating costs","dollars per planted acre","No specific size","Northern Great Plains","United States",2022,581.57,"Base survey of 2021"
"Corn","Net value","Value of production less operating costs","dollars per planted acre","No specific size","Northern Great Plains","United States",2023,468.91,"Base survey of 2021"
"Corn","Net value","Value of production less operating costs","dollars per planted acre","No specific size","Northern Great Plains","United States",2024,357.25,"Base survey of 2021"
"Corn","Net value","Value of production less operating costs","dollars per planted acre","No specific size","Prairie Gateway","United States",1996,244.57,"Base survey of 1996"
"Corn","Net value","Value of production less operating costs","dollars per planted acre","No specific size","Prairie Gateway","United States",1997,169.02,"Base survey of 1996"
"Corn","Net value","Value of production less operating costs","dollars per planted acre","No specific size","Prairie Gateway","United States",1998,93.05,"Base survey of 1996"
"Corn","Net value","Value of production less operating costs","dollars per planted acre","No specific size","Prairie Gateway","United States",1999,70.81,"Base survey of 1996"
"Corn","Net value","Value of production less operating costs","dollars per planted acre","No specific size","Prairie Gateway","United States",2000,51.35,"Base survey of 1996"
"Corn","Net value","Value of production less operating costs","dollars per planted acre","No specific size","Prairie Gateway","United States",2001,103.26,"Base survey of 2001"
"Corn","Net value","Value of production less operating costs","dollars per planted acre","No specific size","Prairie Gateway","United States",2002,134.36,"Base survey of 2001"
"Corn","Net value","Value of production less operating costs","dollars per planted acre","No specific size","Prairie Gateway","United States",2003,136.64,"Base survey of 2001"
"Corn","Net value","Value of production less operating costs","dollars per planted acre","No specific size","Prairie Gateway","United States",2004,185.97,"Base survey of 2001"
"Corn","Net value","Value of production less operating costs","dollars per planted acre","No specific size","Prairie Gateway","United States",2005,29.4,"Base survey of 2005"
"Corn","Net value","Value of production less operating costs","dollars per planted acre","No specific size","Prairie Gateway","United States",2006,91.67,"Base survey of 2005"
"Corn","Net value","Value of production less operating costs","dollars per planted acre","No specific size","Prairie Gateway","United States",2007,231.43,"Base survey of 2005"
"Corn","Net value","Value of production less operating costs","dollars per planted acre","No specific size","Prairie Gateway","United States",2008,316.99,"Base survey of 2005"
"Corn","Net value","Value of production less operating costs","dollars per planted acre","No specific size","Prairie Gateway","United States",2009,242.34,"Base survey of 2005"
"Corn","Net value","Value of production less operating costs","dollars per planted acre","No specific size","Prairie Gateway","United States",2010,348.13,"Base survey of 2010"
"Corn","Net value","Value of production less operating costs","dollars per planted acre","No specific size","Prairie Gateway","United States",2011,399.99,"Base survey of 2010"
"Corn","Net value","Value of production less operating costs","dollars per planted acre","No specific size","Prairie Gateway","United States",2012,440.12,"Base survey of 2010"
"Corn","Net value","Value of production less operating costs","dollars per planted acre","No specific size","Prairie Gateway","United States",2013,357.67,"Base survey of 2010"
"Corn","Net value","Value of production less operating costs","dollars per planted acre","No specific size","Prairie Gateway","United States",2014,275.2,"Base survey of 2010"
"Corn","Net value","Value of production less operating costs","dollars per planted acre","No specific size","Prairie Gateway","United States",2015,307.9,"Base survey of 2010"
"Corn","Net value","Value of production less operating costs","dollars per planted acre","No specific size","Prairie Gateway","United States",2016,187.08,"Base survey of 2016"
"Corn","Net value","Value of production less operating costs","dollars per planted acre","No specific size","Prairie Gateway","United States",2017,199.88,"Base survey of 2016"
"Corn","Net value","Value of production less operating costs","dollars per planted acre","No specific size","Prairie Gateway","United States",2018,206.72,"Base survey of 2016"
"Corn","Net value","Value of production less operating costs","dollars per planted acre","No specific size","Prairie Gateway","United States",2019,251.46,"Base survey of 2016"
"Corn","Net value","Value of production less operating costs","dollars per planted acre","No specific size","Prairie Gateway","United States",2020,248.41,"Base survey of 2016"
"Corn","Net value","Value of production less operating costs","dollars per planted acre","No specific size","Prairie Gateway","United States",2021,529.36,"Base survey of 2021"
"Corn","Net value","Value of production less operating costs","dollars per planted acre","No specific size","Prairie Gateway","United States",2022,447.98,"Base survey of 2021"
"Corn","Net value","Value of production less operating costs","dollars per planted acre","No specific size","Prairie Gateway","United States",2023,331.08,"Base survey of 2021"
"Corn","Net value","Value of production less operating costs","dollars per planted acre","No specific size","Prairie Gateway","United States",2024,257.89,"Base survey of 2021"
"Corn","Net value","Value of production less operating costs","dollars per planted acre","No specific size","Eastern Uplands","United States",1996,196.31,"Base survey of 1996"
"Corn","Net value","Value of production less operating costs","dollars per planted acre","No specific size","Eastern Uplands","United States",1997,114.73,"Base survey of 1996"
"Corn","Net value","Value of production less operating costs","dollars per planted acre","No specific size","Eastern Uplands","United States",1998,83.12,"Base survey of 1996"
"Corn","Net value","Value of production less operating costs","dollars per planted acre","No specific size","Eastern Uplands","United States",1999,37.31,"Base survey of 1996"
"Corn","Net value","Value of production less operating costs","dollars per planted acre","No specific size","Eastern Uplands","United States",2000,74.33,"Base survey of 1996"
"Corn","Net value","Value of production less operating costs","dollars per planted acre","No specific size","Eastern Uplands","United States",2001,54.11,"Base survey of 2001"
"Corn","Net value","Value of production less operating costs","dollars per planted acre","No specific size","Eastern Uplands","United States",2002,53.39,"Base survey of 2001"
"Corn","Net value","Value of production less operating costs","dollars per planted acre","No specific size","Eastern Uplands","United States",2003,99.93,"Base survey of 2001"
"Corn","Net value","Value of production less operating costs","dollars per planted acre","No specific size","Eastern Uplands","United States",2004,101.5,"Base survey of 2001"
"Corn","Net value","Value of production less operating costs","dollars per planted acre","No specific size","Eastern Uplands","United States",2005,20.75,"Base survey of 2005"
"Corn","Net value","Value of production less operating costs","dollars per planted acre","No specific size","Eastern Uplands","United States",2006,154.84,"Base survey of 2005"
"Corn","Net value","Value of production less operating costs","dollars per planted acre","No specific size","Eastern Uplands","United States",2007,176.84,"Base survey of 2005"
"Corn","Net value","Value of production less operating costs","dollars per planted acre","No specific size","Eastern Uplands","United States",2008,265.83,"Base survey of 2005"
"Corn","Net value","Value of production less operating costs","dollars per planted acre","No specific size","Eastern Uplands","United States",2009,254.08,"Base survey of 2005"
"Corn","Net value","Value of production less operating costs","dollars per planted acre","No specific size","Eastern Uplands","United States",2010,379.07,"Base survey of 2010"
"Corn","Net value","Value of production less operating costs","dollars per planted acre","No specific size","Eastern Uplands","United States",2011,503.29,"Base survey of 2010"
"Corn","Net value","Value of production less operating costs","dollars per planted acre","No specific size","Eastern Uplands","United States",2012,317.97,"Base survey of 2010"
"Corn","Net value","Value of production less operating costs","dollars per planted acre","No specific size","Eastern Uplands","United States",2013,366.56,"Base survey of 2010"
"Corn","Net value","Value of production less operating costs","dollars per planted acre","No specific size","Eastern Uplands","United States",2014,234.85,"Base survey of 2010"
"Corn","Net value","Value of production less operating costs","dollars per planted acre","No specific size","Eastern Uplands","United States",2015,318.26,"Base survey of 2010"
"Corn","Net value","Value of production less operating costs","dollars per planted acre","No specific size","Eastern Uplands","United States",2016,238.5,"Base survey of 2016"
"Corn","Net value","Value of production less operating costs","dollars per planted acre","No specific size","Eastern Uplands","United States",2017,310.48,"Base survey of 2016"
"Corn","Net value","Value of production less operating costs","dollars per planted acre","No specific size","Eastern Uplands","United States",2018,303.07,"Base survey of 2016"
"Corn","Net value","Value of production less operating costs","dollars per planted acre","No specific size","Eastern Uplands","United States",2019,372.42,"Base survey of 2016"
"Corn","Net value","Value of production less operating costs","dollars per planted acre","No specific size","Eastern Uplands","United States",2020,377.97,"Base survey of 2016"
"Corn","Net value","Value of production less operating costs","dollars per planted acre","No specific size","Eastern Uplands","United States",2021,633.96,"Base survey of 2021"
"Corn","Net value","Value of production less operating costs","dollars per planted acre","No specific size","Eastern Uplands","United States",2022,544.86,"Base survey of 2021"
"Corn","Net value","Value of production less operating costs","dollars per planted acre","No specific size","Eastern Uplands","United States",2023,439.38,"Base survey of 2021"
"Corn","Net value","Value of production less operating costs","dollars per planted acre","No specific size","Eastern Uplands","United States",2024,252.59,"Base survey of 2021"
"Corn","Net value","Value of production less operating costs","dollars per planted acre","No specific size","Southern Seaboard","United States",1996,171.12,"Base survey of 1996"
"Corn","Net value","Value of production less operating costs","dollars per planted acre","No specific size","Southern Seaboard","United States",1997,111.2,"Base survey of 1996"
"Corn","Net value","Value of production less operating costs","dollars per planted acre","No specific size","Southern Seaboard","United States",1998,-4.18,"Base survey of 1996"
"Corn","Net value","Value of production less operating costs","dollars per planted acre","No specific size","Southern Seaboard","United States",1999,32.41,"Base survey of 1996"
"Corn","Net value","Value of production less operating costs","dollars per planted acre","No specific size","Southern Seaboard","United States",2000,44.83,"Base survey of 1996"
"Corn","Net value","Value of production less operating costs","dollars per planted acre","No specific size","Southern Seaboard","United States",2001,128.67,"Base survey of 2001"
"Corn","Net value","Value of production less operating costs","dollars per planted acre","No specific size","Southern Seaboard","United States",2002,73.03,"Base survey of 2001"
"Corn","Net value","Value of production less operating costs","dollars per planted acre","No specific size","Southern Seaboard","United States",2003,133.92,"Base survey of 2001"
"Corn","Net value","Value of production less operating costs","dollars per planted acre","No specific size","Southern Seaboard","United States",2004,131.31,"Base survey of 2001"
"Corn","Net value","Value of production less operating costs","dollars per planted acre","No specific size","Southern Seaboard","United States",2005,40.07,"Base survey of 2005"
"Corn","Net value","Value of production less operating costs","dollars per planted acre","No specific size","Southern Seaboard","United States",2006,117.17,"Base survey of 2005"
"Corn","Net value","Value of production less operating costs","dollars per planted acre","No specific size","Southern Seaboard","United States",2007,133.4,"Base survey of 2005"
"Corn","Net value","Value of production less operating costs","dollars per planted acre","No specific size","Southern Seaboard","United States",2008,138.22,"Base survey of 2005"
"Corn","Net value","Value of production less operating costs","dollars per planted acre","No specific size","Southern Seaboard","United States",2009,141.5,"Base survey of 2005"
"Corn","Net value","Value of production less operating costs","dollars per planted acre","No specific size","Southern Seaboard","United States",2010,241.77,"Base survey of 2010"
"Corn","Net value","Value of production less operating costs","dollars per planted acre","No specific size","Southern Seaboard","United States",2011,311.41,"Base survey of 2010"
"Corn","Net value","Value of production less operating costs","dollars per planted acre","No specific size","Southern Seaboard","United States",2012,610.41,"Base survey of 2010"
"Corn","Net value","Value of production less operating costs","dollars per planted acre","No specific size","Southern Seaboard","United States",2013,328.99,"Base survey of 2010"
"Corn","Net value","Value of production less operating costs","dollars per planted acre","No specific size","Southern Seaboard","United States",2014,167.71,"Base survey of 2010"
"Corn","Net value","Value of production less operating costs","dollars per planted acre","No specific size","Southern Seaboard","United States",2015,190.36,"Base survey of 2010"
"Corn","Net value","Value of production less operating costs","dollars per planted acre","No specific size","Southern Seaboard","United States",2016,123.16,"Base survey of 2016"
"Corn","Net value","Value of production less operating costs","dollars per planted acre","No specific size","Southern Seaboard","United States",2017,246.87,"Base survey of 2016"
"Corn","Net value","Value of production less operating costs","dollars per planted acre","No specific size","Southern Seaboard","United States",2018,147.1,"Base survey of 2016"
"Corn","Net value","Value of production less operating costs","dollars per planted acre","No specific size","Southern Seaboard","United States",2019,130.93,"Base survey of 2016"
"Corn","Net value","Value of production less operating costs","dollars per planted acre","No specific size","Southern Seaboard","United States",2020,165.13,"Base survey of 2016"
"Corn","Net value","Value of production less operating costs","dollars per planted acre","No specific size","Southern Seaboard","United States",2021,606.18,"Base survey of 2021"
"Corn","Net value","Value of production less operating costs","dollars per planted acre","No specific size","Southern Seaboard","United States",2022,534.44,"Base survey of 2021"
"Corn","Net value","Value of production less operating costs","dollars per planted acre","No specific size","Southern Seaboard","United States",2023,418.5,"Base survey of 2021"
"Corn","Net value","Value of production less operating costs","dollars per planted acre","No specific size","Southern Seaboard","United States",2024,50.44,"Base survey of 2021"
"Corn","Supporting information","Yield","bushels per planted acre","No specific size","U.S. total","United States",1996,130,"Base survey of 1996"
"Corn","Supporting information","Yield","bushels per planted acre","No specific size","U.S. total","United States",1997,130,"Base survey of 1996"
"Corn","Supporting information","Yield","bushels per planted acre","No specific size","U.S. total","United States",1998,136,"Base survey of 1996"
"Corn","Supporting information","Yield","bushels per planted acre","No specific size","U.S. total","United States",1999,135,"Base survey of 1996"
"Corn","Supporting information","Yield","bushels per planted acre","No specific size","U.S. total","United States",2000,138,"Base survey of 1996"
"Corn","Supporting information","Yield","bushels per planted acre","No specific size","U.S. total","United States",2001,144,"Base survey of 2001"
"Corn","Supporting information","Yield","bushels per planted acre","No specific size","U.S. total","United States",2002,134,"Base survey of 2001"
"Corn","Supporting information","Yield","bushels per planted acre","No specific size","U.S. total","United States",2003,149,"Base survey of 2001"
"Corn","Supporting information","Yield","bushels per planted acre","No specific size","U.S. total","United States",2004,169,"Base survey of 2001"
"Corn","Supporting information","Yield","bushels per planted acre","No specific size","U.S. total","United States",2005,149,"Base survey of 2005"
"Corn","Supporting information","Yield","bushels per planted acre","No specific size","U.S. total","United States",2006,138,"Base survey of 2005"
"Corn","Supporting information","Yield","bushels per planted acre","No specific size","U.S. total","United States",2007,143,"Base survey of 2005"
"Corn","Supporting information","Yield","bushels per planted acre","No specific size","U.S. total","United States",2008,144,"Base survey of 2005"
"Corn","Supporting information","Yield","bushels per planted acre","No specific size","U.S. total","United States",2009,156,"Base survey of 2005"
"Corn","Supporting information","Yield","bushels per planted acre","No specific size","U.S. total","United States",2010,159,"Base survey of 2010"
"Corn","Supporting information","Yield","bushels per planted acre","No specific size","U.S. total","United States",2011,146,"Base survey of 2010"
"Corn","Supporting information","Yield","bushels per planted acre","No specific size","U.S. total","United States",2012,118,"Base survey of 2010"
"Corn","Supporting information","Yield","bushels per planted acre","No specific size","U.S. total","United States",2013,156,"Base survey of 2010"
"Corn","Supporting information","Yield","bushels per planted acre","No specific size","U.S. total","United States",2014,170,"Base survey of 2010"
"Corn","Supporting information","Yield","bushels per planted acre","No specific size","U.S. total","United States",2015,167,"Base survey of 2010"
"Corn","Supporting information","Yield","bushels per planted acre","No specific size","U.S. total","United States",2016,183,"Base survey of 2016"
"Corn","Supporting information","Yield","bushels per planted acre","No specific size","U.S. total","United States",2017,184,"Base survey of 2016"
"Corn","Supporting information","Yield","bushels per planted acre","No specific size","U.S. total","United States",2018,183,"Base survey of 2016"
"Corn","Supporting information","Yield","bushels per planted acre","No specific size","U.S. total","United States",2019,173,"Base survey of 2016"
"Corn","Supporting information","Yield","bushels per planted acre","No specific size","U.S. total","United States",2020,178,"Base survey of 2016"
"Corn","Supporting information","Yield","bushels per planted acre","No specific size","U.S. total","United States",2021,186,"Base survey of 2021"
"Corn","Supporting information","Yield","bushels per planted acre","No specific size","U.S. total","United States",2022,180,"Base survey of 2021"
"Corn","Supporting information","Yield","bushels per planted acre","No specific size","U.S. total","United States",2023,186,"Base survey of 2021"
"Corn","Supporting information","Yield","bushels per planted acre","No specific size","U.S. total","United States",2024,190,"Base survey of 2021"
"Corn","Supporting information","Yield","bushels per planted acre","No specific size","Heartland","United States",1996,138,"Base survey of 1996"
"Corn","Supporting information","Yield","bushels per planted acre","No specific size","Heartland","United States",1997,136,"Base survey of 1996"
"Corn","Supporting information","Yield","bushels per planted acre","No specific size","Heartland","United States",1998,144,"Base survey of 1996"
"Corn","Supporting information","Yield","bushels per planted acre","No specific size","Heartland","United States",1999,141,"Base survey of 1996"
"Corn","Supporting information","Yield","bushels per planted acre","No specific size","Heartland","United States",2000,148,"Base survey of 1996"
"Corn","Supporting information","Yield","bushels per planted acre","No specific size","Heartland","United States",2001,151,"Base survey of 2001"
"Corn","Supporting information","Yield","bushels per planted acre","No specific size","Heartland","United States",2002,142,"Base survey of 2001"
"Corn","Supporting information","Yield","bushels per planted acre","No specific size","Heartland","United States",2003,157,"Base survey of 2001"
"Corn","Supporting information","Yield","bushels per planted acre","No specific size","Heartland","United States",2004,178,"Base survey of 2001"
"Corn","Supporting information","Yield","bushels per planted acre","No specific size","Heartland","United States",2005,156,"Base survey of 2005"
"Corn","Supporting information","Yield","bushels per planted acre","No specific size","Heartland","United States",2006,151,"Base survey of 2005"
"Corn","Supporting information","Yield","bushels per planted acre","No specific size","Heartland","United States",2007,155,"Base survey of 2005"
"Corn","Supporting information","Yield","bushels per planted acre","No specific size","Heartland","United States",2008,158,"Base survey of 2005"
"Corn","Supporting information","Yield","bushels per planted acre","No specific size","Heartland","United States",2009,168,"Base survey of 2005"
"Corn","Supporting information","Yield","bushels per planted acre","No specific size","Heartland","United States",2010,167,"Base survey of 2010"
"Corn","Supporting information","Yield","bushels per planted acre","No specific size","Heartland","United States",2011,155,"Base survey of 2010"
"Corn","Supporting information","Yield","bushels per planted acre","No specific size","Heartland","United States",2012,119,"Base survey of 2010"
"Corn","Supporting information","Yield","bushels per planted acre","No specific size","Heartland","United States",2013,165,"Base survey of 2010"
"Corn","Supporting information","Yield","bushels per planted acre","No specific size","Heartland","United States",2014,179,"Base survey of 2010"
"Corn","Supporting information","Yield","bushels per planted acre","No specific size","Heartland","United States",2015,174,"Base survey of 2010"
"Corn","Supporting information","Yield","bushels per planted acre","No specific size","Heartland","United States",2016,197,"Base survey of 2016"
"Corn","Supporting information","Yield","bushels per planted acre","No specific size","Heartland","United States",2017,200,"Base survey of 2016"
"Corn","Supporting information","Yield","bushels per planted acre","No specific size","Heartland","United States",2018,199,"Base survey of 2016"
"Corn","Supporting information","Yield","bushels per planted acre","No specific size","Heartland","United States",2019,188,"Base survey of 2016"
"Corn","Supporting information","Yield","bushels per planted acre","No specific size","Heartland","United States",2020,190,"Base survey of 2016"
"Corn","Supporting information","Yield","bushels per planted acre","No specific size","Heartland","United States",2021,201,"Base survey of 2021"
"Corn","Supporting information","Yield","bushels per planted acre","No specific size","Heartland","United States",2022,202,"Base survey of 2021"
"Corn","Supporting information","Yield","bushels per planted acre","No specific size","Heartland","United States",2023,203,"Base survey of 2021"
"Corn","Supporting information","Yield","bushels per planted acre","No specific size","Heartland","United States",2024,208,"Base survey of 2021"
"Corn","Supporting information","Yield","bushels per planted acre","No specific size","Northern Crescent","United States",1996,104,"Base survey of 1996"
"Corn","Supporting information","Yield","bushels per planted acre","No specific size","Northern Crescent","United States",1997,119,"Base survey of 1996"
"Corn","Supporting information","Yield","bushels per planted acre","No specific size","Northern Crescent","United States",1998,125,"Base survey of 1996"
"Corn","Supporting information","Yield","bushels per planted acre","No specific size","Northern Crescent","United States",1999,124,"Base survey of 1996"
"Corn","Supporting information","Yield","bushels per planted acre","No specific size","Northern Crescent","United States",2000,127,"Base survey of 1996"
"Corn","Supporting information","Yield","bushels per planted acre","No specific size","Northern Crescent","United States",2001,118,"Base survey of 2001"
"Corn","Supporting information","Yield","bushels per planted acre","No specific size","Northern Crescent","United States",2002,127,"Base survey of 2001"
"Corn","Supporting information","Yield","bushels per planted acre","No specific size","Northern Crescent","United States",2003,138,"Base survey of 2001"
"Corn","Supporting information","Yield","bushels per planted acre","No specific size","Northern Crescent","United States",2004,150,"Base survey of 2001"
"Corn","Supporting information","Yield","bushels per planted acre","No specific size","Northern Crescent","United States",2005,147,"Base survey of 2005"
"Corn","Supporting information","Yield","bushels per planted acre","No specific size","Northern Crescent","United States",2006,106,"Base survey of 2005"
"Corn","Supporting information","Yield","bushels per planted acre","No specific size","Northern Crescent","United States",2007,108,"Base survey of 2005"
"Corn","Supporting information","Yield","bushels per planted acre","No specific size","Northern Crescent","United States",2008,115,"Base survey of 2005"
"Corn","Supporting information","Yield","bushels per planted acre","No specific size","Northern Crescent","United States",2009,125,"Base survey of 2005"
"Corn","Supporting information","Yield","bushels per planted acre","No specific size","Northern Crescent","United States",2010,156,"Base survey of 2010"
"Corn","Supporting information","Yield","bushels per planted acre","No specific size","Northern Crescent","United States",2011,149,"Base survey of 2010"
"Corn","Supporting information","Yield","bushels per planted acre","No specific size","Northern Crescent","United States",2012,130,"Base survey of 2010"
"Corn","Supporting information","Yield","bushels per planted acre","No specific size","Northern Crescent","United States",2013,147,"Base survey of 2010"
"Corn","Supporting information","Yield","bushels per planted acre","No specific size","Northern Crescent","United States",2014,156,"Base survey of 2010"
"Corn","Supporting information","Yield","bushels per planted acre","No specific size","Northern Crescent","United States",2015,158,"Base survey of 2010"
"Corn","Supporting information","Yield","bushels per planted acre","No specific size","Northern Crescent","United States",2016,170,"Base survey of 2016"
"Corn","Supporting information","Yield","bushels per planted acre","No specific size","Northern Crescent","United States",2017,177,"Base survey of 2016"
"Corn","Supporting information","Yield","bushels per planted acre","No specific size","Northern Crescent","United States",2018,173,"Base survey of 2016"
"Corn","Supporting information","Yield","bushels per planted acre","No specific size","Northern Crescent","United States",2019,166,"Base survey of 2016"
"Corn","Supporting information","Yield","bushels per planted acre","No specific size","Northern Crescent","United States",2020,172,"Base survey of 2016"
"Corn","Supporting information","Yield","bushels per planted acre","No specific size","Northern Crescent","United States",2021,178,"Base survey of 2021"
"Corn","Supporting information","Yield","bushels per planted acre","No specific size","Northern Crescent","United States",2022,170,"Base survey of 2021"
"Corn","Supporting information","Yield","bushels per planted acre","No specific size","Northern Crescent","United States",2023,173,"Base survey of 2021"
"Corn","Supporting information","Yield","bushels per planted acre","No specific size","Northern Crescent","United States",2024,173,"Base survey of 2021"
"Corn","Supporting information","Yield","bushels per planted acre","No specific size","Northern Great Plains","United States",1996,99,"Base survey of 1996"
"Corn","Supporting information","Yield","bushels per planted acre","No specific size","Northern Great Plains","United States",1997,96,"Base survey of 1996"
"Corn","Supporting information","Yield","bushels per planted acre","No specific size","Northern Great Plains","United States",1998,111,"Base survey of 1996"
"Corn","Supporting information","Yield","bushels per planted acre","No specific size","Northern Great Plains","United States",1999,105,"Base survey of 1996"
"Corn","Supporting information","Yield","bushels per planted acre","No specific size","Northern Great Plains","United States",2000,97,"Base survey of 1996"
"Corn","Supporting information","Yield","bushels per planted acre","No specific size","Northern Great Plains","United States",2001,111,"Base survey of 2001"
"Corn","Supporting information","Yield","bushels per planted acre","No specific size","Northern Great Plains","United States",2002,95,"Base survey of 2001"
"Corn","Supporting information","Yield","bushels per planted acre","No specific size","Northern Great Plains","United States",2003,108,"Base survey of 2001"
"Corn","Supporting information","Yield","bushels per planted acre","No specific size","Northern Great Plains","United States",2004,110,"Base survey of 2001"
"Corn","Supporting information","Yield","bushels per planted acre","No specific size","Northern Great Plains","United States",2005,123,"Base survey of 2005"
"Corn","Supporting information","Yield","bushels per planted acre","No specific size","Northern Great Plains","United States",2006,122,"Base survey of 2005"
"Corn","Supporting information","Yield","bushels per planted acre","No specific size","Northern Great Plains","United States",2007,127,"Base survey of 2005"
"Corn","Supporting information","Yield","bushels per planted acre","No specific size","Northern Great Plains","United States",2008,128,"Base survey of 2005"
"Corn","Supporting information","Yield","bushels per planted acre","No specific size","Northern Great Plains","United States",2009,137,"Base survey of 2005"
"Corn","Supporting information","Yield","bushels per planted acre","No specific size","Northern Great Plains","United States",2010,144,"Base survey of 2010"
"Corn","Supporting information","Yield","bushels per planted acre","No specific size","Northern Great Plains","United States",2011,119,"Base survey of 2010"
"Corn","Supporting information","Yield","bushels per planted acre","No specific size","Northern Great Plains","United States",2012,110,"Base survey of 2010"
"Corn","Supporting information","Yield","bushels per planted acre","No specific size","Northern Great Plains","United States",2013,121,"Base survey of 2010"
"Corn","Supporting information","Yield","bushels per planted acre","No specific size","Northern Great Plains","United States",2014,134,"Base survey of 2010"
"Corn","Supporting information","Yield","bushels per planted acre","No specific size","Northern Great Plains","United States",2015,142,"Base survey of 2010"
"Corn","Supporting information","Yield","bushels per planted acre","No specific size","Northern Great Plains","United States",2016,164,"Base survey of 2016"
"Corn","Supporting information","Yield","bushels per planted acre","No specific size","Northern Great Plains","United States",2017,149,"Base survey of 2016"
"Corn","Supporting information","Yield","bushels per planted acre","No specific size","Northern Great Plains","United States",2018,161,"Base survey of 2016"
"Corn","Supporting information","Yield","bushels per planted acre","No specific size","Northern Great Plains","United States",2019,139,"Base survey of 2016"
"Corn","Supporting information","Yield","bushels per planted acre","No specific size","Northern Great Plains","United States",2020,154,"Base survey of 2016"
"Corn","Supporting information","Yield","bushels per planted acre","No specific size","Northern Great Plains","United States",2021,154,"Base survey of 2021"
"Corn","Supporting information","Yield","bushels per planted acre","No specific size","Northern Great Plains","United States",2022,166,"Base survey of 2021"
"Corn","Supporting information","Yield","bushels per planted acre","No specific size","Northern Great Plains","United States",2023,186,"Base survey of 2021"
"Corn","Supporting information","Yield","bushels per planted acre","No specific size","Northern Great Plains","United States",2024,197,"Base survey of 2021"
"Corn","Supporting information","Yield","bushels per planted acre","No specific size","Prairie Gateway","United States",1996,143,"Base survey of 1996"
"Corn","Supporting information","Yield","bushels per planted acre","No specific size","Prairie Gateway","United States",1997,138,"Base survey of 1996"
"Corn","Supporting information","Yield","bushels per planted acre","No specific size","Prairie Gateway","United States",1998,139,"Base survey of 1996"
"Corn","Supporting information","Yield","bushels per planted acre","No specific size","Prairie Gateway","United States",1999,140,"Base survey of 1996"
"Corn","Supporting information","Yield","bushels per planted acre","No specific size","Prairie Gateway","United States",2000,127,"Base survey of 1996"
"Corn","Supporting information","Yield","bushels per planted acre","No specific size","Prairie Gateway","United States",2001,150,"Base survey of 2001"
"Corn","Supporting information","Yield","bushels per planted acre","No specific size","Prairie Gateway","United States",2002,126,"Base survey of 2001"
"Corn","Supporting information","Yield","bushels per planted acre","No specific size","Prairie Gateway","United States",2003,147,"Base survey of 2001"
"Corn","Supporting information","Yield","bushels per planted acre","No specific size","Prairie Gateway","United States",2004,173,"Base survey of 2001"
"Corn","Supporting information","Yield","bushels per planted acre","No specific size","Prairie Gateway","United States",2005,135,"Base survey of 2005"
"Corn","Supporting information","Yield","bushels per planted acre","No specific size","Prairie Gateway","United States",2006,119,"Base survey of 2005"
"Corn","Supporting information","Yield","bushels per planted acre","No specific size","Prairie Gateway","United States",2007,140,"Base survey of 2005"
"Corn","Supporting information","Yield","bushels per planted acre","No specific size","Prairie Gateway","United States",2008,134,"Base survey of 2005"
"Corn","Supporting information","Yield","bushels per planted acre","No specific size","Prairie Gateway","United States",2009,147,"Base survey of 2005"
"Corn","Supporting information","Yield","bushels per planted acre","No specific size","Prairie Gateway","United States",2010,142,"Base survey of 2010"
"Corn","Supporting information","Yield","bushels per planted acre","No specific size","Prairie Gateway","United States",2011,122,"Base survey of 2010"
"Corn","Supporting information","Yield","bushels per planted acre","No specific size","Prairie Gateway","United States",2012,112,"Base survey of 2010"
"Corn","Supporting information","Yield","bushels per planted acre","No specific size","Prairie Gateway","United States",2013,142,"Base survey of 2010"
"Corn","Supporting information","Yield","bushels per planted acre","No specific size","Prairie Gateway","United States",2014,159,"Base survey of 2010"
"Corn","Supporting information","Yield","bushels per planted acre","No specific size","Prairie Gateway","United States",2015,159,"Base survey of 2010"
"Corn","Supporting information","Yield","bushels per planted acre","No specific size","Prairie Gateway","United States",2016,157,"Base survey of 2016"
"Corn","Supporting information","Yield","bushels per planted acre","No specific size","Prairie Gateway","United States",2017,157,"Base survey of 2016"
"Corn","Supporting information","Yield","bushels per planted acre","No specific size","Prairie Gateway","United States",2018,153,"Base survey of 2016"
"Corn","Supporting information","Yield","bushels per planted acre","No specific size","Prairie Gateway","United States",2019,153,"Base survey of 2016"
"Corn","Supporting information","Yield","bushels per planted acre","No specific size","Prairie Gateway","United States",2020,152,"Base survey of 2016"
"Corn","Supporting information","Yield","bushels per planted acre","No specific size","Prairie Gateway","United States",2021,166,"Base survey of 2021"
"Corn","Supporting information","Yield","bushels per planted acre","No specific size","Prairie Gateway","United States",2022,130,"Base survey of 2021"
"Corn","Supporting information","Yield","bushels per planted acre","No specific size","Prairie Gateway","United States",2023,148,"Base survey of 2021"
"Corn","Supporting information","Yield","bushels per planted acre","No specific size","Prairie Gateway","United States",2024,153,"Base survey of 2021"
"Corn","Supporting information","Yield","bushels per planted acre","No specific size","Eastern Uplands","United States",1996,120,"Base survey of 1996"
"Corn","Supporting information","Yield","bushels per planted acre","No specific size","Eastern Uplands","United States",1997,102,"Base survey of 1996"
"Corn","Supporting information","Yield","bushels per planted acre","No specific size","Eastern Uplands","United States",1998,114,"Base survey of 1996"
"Corn","Supporting information","Yield","bushels per planted acre","No specific size","Eastern Uplands","United States",1999,97,"Base survey of 1996"
"Corn","Supporting information","Yield","bushels per planted acre","No specific size","Eastern Uplands","United States",2000,128,"Base survey of 1996"
"Corn","Supporting information","Yield","bushels per planted acre","No specific size","Eastern Uplands","United States",2001,95,"Base survey of 2001"
"Corn","Supporting information","Yield","bushels per planted acre","No specific size","Eastern Uplands","United States",2002,67,"Base survey of 2001"
"Corn","Supporting information","Yield","bushels per planted acre","No specific size","Eastern Uplands","United States",2003,98,"Base survey of 2001"
"Corn","Supporting information","Yield","bushels per planted acre","No specific size","Eastern Uplands","United States",2004,111,"Base survey of 2001"
"Corn","Supporting information","Yield","bushels per planted acre","No specific size","Eastern Uplands","United States",2005,112,"Base survey of 2005"
"Corn","Supporting information","Yield","bushels per planted acre","No specific size","Eastern Uplands","United States",2006,136,"Base survey of 2005"
"Corn","Supporting information","Yield","bushels per planted acre","No specific size","Eastern Uplands","United States",2007,121,"Base survey of 2005"
"Corn","Supporting information","Yield","bushels per planted acre","No specific size","Eastern Uplands","United States",2008,126,"Base survey of 2005"
"Corn","Supporting information","Yield","bushels per planted acre","No specific size","Eastern Uplands","United States",2009,156,"Base survey of 2005"
"Corn","Supporting information","Yield","bushels per planted acre","No specific size","Eastern Uplands","United States",2010,135,"Base survey of 2010"
"Corn","Supporting information","Yield","bushels per planted acre","No specific size","Eastern Uplands","United States",2011,129,"Base survey of 2010"
"Corn","Supporting information","Yield","bushels per planted acre","No specific size","Eastern Uplands","United States",2012,90,"Base survey of 2010"
"Corn","Supporting information","Yield","bushels per planted acre","No specific size","Eastern Uplands","United States",2013,161,"Base survey of 2010"
"Corn","Supporting information","Yield","bushels per planted acre","No specific size","Eastern Uplands","United States",2014,157,"Base survey of 2010"
"Corn","Supporting information","Yield","bushels per planted acre","No specific size","Eastern Uplands","United States",2015,163,"Base survey of 2010"
"Corn","Supporting information","Yield","bushels per planted acre","No specific size","Eastern Uplands","United States",2016,159,"Base survey of 2016"
"Corn","Supporting information","Yield","bushels per planted acre","No specific size","Eastern Uplands","United States",2017,180,"Base survey of 2016"
"Corn","Supporting information","Yield","bushels per planted acre","No specific size","Eastern Uplands","United States",2018,169,"Base survey of 2016"
"Corn","Supporting information","Yield","bushels per planted acre","No specific size","Eastern Uplands","United States",2019,170,"Base survey of 2016"
"Corn","Supporting information","Yield","bushels per planted acre","No specific size","Eastern Uplands","United States",2020,178,"Base survey of 2016"
"Corn","Supporting information","Yield","bushels per planted acre","No specific size","Eastern Uplands","United States",2021,193,"Base survey of 2021"
"Corn","Supporting information","Yield","bushels per planted acre","No specific size","Eastern Uplands","United States",2022,164,"Base survey of 2021"
"Corn","Supporting information","Yield","bushels per planted acre","No specific size","Eastern Uplands","United States",2023,189,"Base survey of 2021"
"Corn","Supporting information","Yield","bushels per planted acre","No specific size","Eastern Uplands","United States",2024,176,"Base survey of 2021"
"Corn","Supporting information","Yield","bushels per planted acre","No specific size","Southern Seaboard","United States",1996,93,"Base survey of 1996"
"Corn","Supporting information","Yield","bushels per planted acre","No specific size","Southern Seaboard","United States",1997,97,"Base survey of 1996"
"Corn","Supporting information","Yield","bushels per planted acre","No specific size","Southern Seaboard","United States",1998,64,"Base survey of 1996"
"Corn","Supporting information","Yield","bushels per planted acre","No specific size","Southern Seaboard","United States",1999,83,"Base survey of 1996"
"Corn","Supporting information","Yield","bushels per planted acre","No specific size","Southern Seaboard","United States",2000,106,"Base survey of 1996"
"Corn","Supporting information","Yield","bushels per planted acre","No specific size","Southern Seaboard","United States",2001,135,"Base survey of 2001"
"Corn","Supporting information","Yield","bushels per planted acre","No specific size","Southern Seaboard","United States",2002,97,"Base survey of 2001"
"Corn","Supporting information","Yield","bushels per planted acre","No specific size","Southern Seaboard","United States",2003,120,"Base survey of 2001"
"Corn","Supporting information","Yield","bushels per planted acre","No specific size","Southern Seaboard","United States",2004,130,"Base survey of 2001"
"Corn","Supporting information","Yield","bushels per planted acre","No specific size","Southern Seaboard","United States",2005,126,"Base survey of 2005"
"Corn","Supporting information","Yield","bushels per planted acre","No specific size","Southern Seaboard","United States",2006,115,"Base survey of 2005"
"Corn","Supporting information","Yield","bushels per planted acre","No specific size","Southern Seaboard","United States",2007,100,"Base survey of 2005"
"Corn","Supporting information","Yield","bushels per planted acre","No specific size","Southern Seaboard","United States",2008,85,"Base survey of 2005"
"Corn","Supporting information","Yield","bushels per planted acre","No specific size","Southern Seaboard","United States",2009,113,"Base survey of 2005"
"Corn","Supporting information","Yield","bushels per planted acre","No specific size","Southern Seaboard","United States",2010,112,"Base survey of 2010"
"Corn","Supporting information","Yield","bushels per planted acre","No specific size","Southern Seaboard","United States",2011,101,"Base survey of 2010"
"Corn","Supporting information","Yield","bushels per planted acre","No specific size","Southern Seaboard","United States",2012,134,"Base survey of 2010"
"Corn","Supporting information","Yield","bushels per planted acre","No specific size","Southern Seaboard","United States",2013,154,"Base survey of 2010"
"Corn","Supporting information","Yield","bushels per planted acre","No specific size","Southern Seaboard","United States",2014,143,"Base survey of 2010"
"Corn","Supporting information","Yield","bushels per planted acre","No specific size","Southern Seaboard","United States",2015,129,"Base survey of 2010"
"Corn","Supporting information","Yield","bushels per planted acre","No specific size","Southern Seaboard","United States",2016,138,"Base survey of 2016"
"Corn","Supporting information","Yield","bushels per planted acre","No specific size","Southern Seaboard","United States",2017,152,"Base survey of 2016"
"Corn","Supporting information","Yield","bushels per planted acre","No specific size","Southern Seaboard","United States",2018,128,"Base survey of 2016"
"Corn","Supporting information","Yield","bushels per planted acre","No specific size","Southern Seaboard","United States",2019,125,"Base survey of 2016"
"Corn","Supporting information","Yield","bushels per planted acre","No specific size","Southern Seaboard","United States",2020,134,"Base survey of 2016"
"Corn","Supporting information","Yield","bushels per planted acre","No specific size","Southern Seaboard","United States",2021,173,"Base survey of 2021"
"Corn","Supporting information","Yield","bushels per planted acre","No specific size","Southern Seaboard","United States",2022,153,"Base survey of 2021"
"Corn","Supporting information","Yield","bushels per planted acre","No specific size","Southern Seaboard","United States",2023,169,"Base survey of 2021"
"Corn","Supporting information","Yield","bushels per planted acre","No specific size","Southern Seaboard","United States",2024,110,"Base survey of 2021"
"Corn","Supporting information","Price","dollars per bushel at harvest","No specific size","U.S. total","United States",1996,2.82,"Base survey of 1996"
"Corn","Supporting information","Price","dollars per bushel at harvest","No specific size","U.S. total","United States",1997,2.52,"Base survey of 1996"
"Corn","Supporting information","Price","dollars per bushel at harvest","No specific size","U.S. total","United States",1998,1.91,"Base survey of 1996"
"Corn","Supporting information","Price","dollars per bushel at harvest","No specific size","U.S. total","United States",1999,1.69,"Base survey of 1996"
"Corn","Supporting information","Price","dollars per bushel at harvest","No specific size","U.S. total","United States",2000,1.77,"Base survey of 1996"
"Corn","Supporting information","Price","dollars per bushel at harvest","No specific size","U.S. total","United States",2001,1.84,"Base survey of 2001"
"Corn","Supporting information","Price","dollars per bushel at harvest","No specific size","U.S. total","United States",2002,2.32,"Base survey of 2001"
"Corn","Supporting information","Price","dollars per bushel at harvest","No specific size","U.S. total","United States",2003,2.13,"Base survey of 2001"
"Corn","Supporting information","Price","dollars per bushel at harvest","No specific size","U.S. total","United States",2004,2.13,"Base survey of 2001"
"Corn","Supporting information","Price","dollars per bushel at harvest","No specific size","U.S. total","United States",2005,1.74,"Base survey of 2005"
"Corn","Supporting information","Price","dollars per bushel at harvest","No specific size","U.S. total","United States",2006,2.54,"Base survey of 2005"
"Corn","Supporting information","Price","dollars per bushel at harvest","No specific size","U.S. total","United States",2007,3.27,"Base survey of 2005"
"Corn","Supporting information","Price","dollars per bushel at harvest","No specific size","U.S. total","United States",2008,4.36,"Base survey of 2005"
"Corn","Supporting information","Price","dollars per bushel at harvest","No specific size","U.S. total","United States",2009,3.59,"Base survey of 2005"
"Corn","Supporting information","Price","dollars per bushel at harvest","No specific size","U.S. total","United States",2010,4.33,"Base survey of 2010"
"Corn","Supporting information","Price","dollars per bushel at harvest","No specific size","U.S. total","United States",2011,5.73,"Base survey of 2010"
"Corn","Supporting information","Price","dollars per bushel at harvest","No specific size","U.S. total","United States",2012,6.79,"Base survey of 2010"
"Corn","Supporting information","Price","dollars per bushel at harvest","No specific size","U.S. total","United States",2013,4.61,"Base survey of 2010"
"Corn","Supporting information","Price","dollars per bushel at harvest","No specific size","U.S. total","United States",2014,3.54,"Base survey of 2010"
"Corn","Supporting information","Price","dollars per bushel at harvest","No specific size","U.S. total","United States",2015,3.66,"Base survey of 2010"
"Corn","Supporting information","Price","dollars per bushel at harvest","No specific size","U.S. total","United States",2016,3.29,"Base survey of 2016"
"Corn","Supporting information","Price","dollars per bushel at harvest","No specific size","U.S. total","United States",2017,3.25,"Base survey of 2016"
"Corn","Supporting information","Price","dollars per bushel at harvest","No specific size","U.S. total","United States",2018,3.42,"Base survey of 2016"
"Corn","Supporting information","Price","dollars per bushel at harvest","No specific size","U.S. total","United States",2019,3.83,"Base survey of 2016"
"Corn","Supporting information","Price","dollars per bushel at harvest","No specific size","U.S. total","United States",2020,3.61,"Base survey of 2016"
"Corn","Supporting information","Price","dollars per bushel at harvest","No specific size","U.S. total","United States",2021,5.07,"Base survey of 2021"
"Corn","Supporting information","Price","dollars per bushel at harvest","No specific size","U.S. total","United States",2022,6.48,"Base survey of 2021"
"Corn","Supporting information","Price","dollars per bushel at harvest","No specific size","U.S. total","United States",2023,4.92,"Base survey of 2021"
"Corn","Supporting information","Price","dollars per bushel at harvest","No specific size","U.S. total","United States",2024,3.97,"Base survey of 2021"
"Corn","Supporting information","Price","dollars per bushel at harvest","No specific size","Heartland","United States",1996,2.79,"Base survey of 1996"
"Corn","Supporting information","Price","dollars per bushel at harvest","No specific size","Heartland","United States",1997,2.5,"Base survey of 1996"
"Corn","Supporting information","Price","dollars per bushel at harvest","No specific size","Heartland","United States",1998,1.91,"Base survey of 1996"
"Corn","Supporting information","Price","dollars per bushel at harvest","No specific size","Heartland","United States",1999,1.67,"Base survey of 1996"
"Corn","Supporting information","Price","dollars per bushel at harvest","No specific size","Heartland","United States",2000,1.75,"Base survey of 1996"
"Corn","Supporting information","Price","dollars per bushel at harvest","No specific size","Heartland","United States",2001,1.8,"Base survey of 2001"
"Corn","Supporting information","Price","dollars per bushel at harvest","No specific size","Heartland","United States",2002,2.3,"Base survey of 2001"
"Corn","Supporting information","Price","dollars per bushel at harvest","No specific size","Heartland","United States",2003,2.1,"Base survey of 2001"
"Corn","Supporting information","Price","dollars per bushel at harvest","No specific size","Heartland","United States",2004,2.1,"Base survey of 2001"
"Corn","Supporting information","Price","dollars per bushel at harvest","No specific size","Heartland","United States",2005,1.71,"Base survey of 2005"
"Corn","Supporting information","Price","dollars per bushel at harvest","No specific size","Heartland","United States",2006,2.5,"Base survey of 2005"
"Corn","Supporting information","Price","dollars per bushel at harvest","No specific size","Heartland","United States",2007,3.23,"Base survey of 2005"
"Corn","Supporting information","Price","dollars per bushel at harvest","No specific size","Heartland","United States",2008,4.34,"Base survey of 2005"
"Corn","Supporting information","Price","dollars per bushel at harvest","No specific size","Heartland","United States",2009,3.61,"Base survey of 2005"
"Corn","Supporting information","Price","dollars per bushel at harvest","No specific size","Heartland","United States",2010,4.33,"Base survey of 2010"
"Corn","Supporting information","Price","dollars per bushel at harvest","No specific size","Heartland","United States",2011,5.7,"Base survey of 2010"
"Corn","Supporting information","Price","dollars per bushel at harvest","No specific size","Heartland","United States",2012,6.82,"Base survey of 2010"
"Corn","Supporting information","Price","dollars per bushel at harvest","No specific size","Heartland","United States",2013,4.59,"Base survey of 2010"
"Corn","Supporting information","Price","dollars per bushel at harvest","No specific size","Heartland","United States",2014,3.51,"Base survey of 2010"
"Corn","Supporting information","Price","dollars per bushel at harvest","No specific size","Heartland","United States",2015,3.64,"Base survey of 2010"
"Corn","Supporting information","Price","dollars per bushel at harvest","No specific size","Heartland","United States",2016,3.28,"Base survey of 2016"
"Corn","Supporting information","Price","dollars per bushel at harvest","No specific size","Heartland","United States",2017,3.23,"Base survey of 2016"
"Corn","Supporting information","Price","dollars per bushel at harvest","No specific size","Heartland","United States",2018,3.39,"Base survey of 2016"
"Corn","Supporting information","Price","dollars per bushel at harvest","No specific size","Heartland","United States",2019,3.8,"Base survey of 2016"
"Corn","Supporting information","Price","dollars per bushel at harvest","No specific size","Heartland","United States",2020,3.59,"Base survey of 2016"
"Corn","Supporting information","Price","dollars per bushel at harvest","No specific size","Heartland","United States",2021,5.02,"Base survey of 2021"
"Corn","Supporting information","Price","dollars per bushel at harvest","No specific size","Heartland","United States",2022,6.42,"Base survey of 2021"
"Corn","Supporting information","Price","dollars per bushel at harvest","No specific size","Heartland","United States",2023,4.88,"Base survey of 2021"
"Corn","Supporting information","Price","dollars per bushel at harvest","No specific size","Heartland","United States",2024,3.95,"Base survey of 2021"
"Corn","Supporting information","Price","dollars per bushel at harvest","No specific size","Northern Crescent","United States",1996,2.7,"Base survey of 1996"
"Corn","Supporting information","Price","dollars per bushel at harvest","No specific size","Northern Crescent","United States",1997,2.51,"Base survey of 1996"
"Corn","Supporting information","Price","dollars per bushel at harvest","No specific size","Northern Crescent","United States",1998,1.89,"Base survey of 1996"
"Corn","Supporting information","Price","dollars per bushel at harvest","No specific size","Northern Crescent","United States",1999,1.69,"Base survey of 1996"
"Corn","Supporting information","Price","dollars per bushel at harvest","No specific size","Northern Crescent","United States",2000,1.81,"Base survey of 1996"
"Corn","Supporting information","Price","dollars per bushel at harvest","No specific size","Northern Crescent","United States",2001,1.84,"Base survey of 2001"
"Corn","Supporting information","Price","dollars per bushel at harvest","No specific size","Northern Crescent","United States",2002,2.32,"Base survey of 2001"
"Corn","Supporting information","Price","dollars per bushel at harvest","No specific size","Northern Crescent","United States",2003,2.15,"Base survey of 2001"
"Corn","Supporting information","Price","dollars per bushel at harvest","No specific size","Northern Crescent","United States",2004,2.1,"Base survey of 2001"
"Corn","Supporting information","Price","dollars per bushel at harvest","No specific size","Northern Crescent","United States",2005,1.76,"Base survey of 2005"
"Corn","Supporting information","Price","dollars per bushel at harvest","No specific size","Northern Crescent","United States",2006,2.5,"Base survey of 2005"
"Corn","Supporting information","Price","dollars per bushel at harvest","No specific size","Northern Crescent","United States",2007,3.23,"Base survey of 2005"
"Corn","Supporting information","Price","dollars per bushel at harvest","No specific size","Northern Crescent","United States",2008,4.12,"Base survey of 2005"
"Corn","Supporting information","Price","dollars per bushel at harvest","No specific size","Northern Crescent","United States",2009,3.53,"Base survey of 2005"
"Corn","Supporting information","Price","dollars per bushel at harvest","No specific size","Northern Crescent","United States",2010,4.44,"Base survey of 2010"
"Corn","Supporting information","Price","dollars per bushel at harvest","No specific size","Northern Crescent","United States",2011,5.79,"Base survey of 2010"
"Corn","Supporting information","Price","dollars per bushel at harvest","No specific size","Northern Crescent","United States",2012,6.75,"Base survey of 2010"
"Corn","Supporting information","Price","dollars per bushel at harvest","No specific size","Northern Crescent","United States",2013,4.57,"Base survey of 2010"
"Corn","Supporting information","Price","dollars per bushel at harvest","No specific size","Northern Crescent","United States",2014,3.58,"Base survey of 2010"
"Corn","Supporting information","Price","dollars per bushel at harvest","No specific size","Northern Crescent","United States",2015,3.63,"Base survey of 2010"
"Corn","Supporting information","Price","dollars per bushel at harvest","No specific size","Northern Crescent","United States",2016,3.38,"Base survey of 2016"
"Corn","Supporting information","Price","dollars per bushel at harvest","No specific size","Northern Crescent","United States",2017,3.37,"Base survey of 2016"
"Corn","Supporting information","Price","dollars per bushel at harvest","No specific size","Northern Crescent","United States",2018,3.52,"Base survey of 2016"
"Corn","Supporting information","Price","dollars per bushel at harvest","No specific size","Northern Crescent","United States",2019,3.96,"Base survey of 2016"
"Corn","Supporting information","Price","dollars per bushel at harvest","No specific size","Northern Crescent","United States",2020,3.65,"Base survey of 2016"
"Corn","Supporting information","Price","dollars per bushel at harvest","No specific size","Northern Crescent","United States",2021,5.21,"Base survey of 2021"
"Corn","Supporting information","Price","dollars per bushel at harvest","No specific size","Northern Crescent","United States",2022,6.26,"Base survey of 2021"
"Corn","Supporting information","Price","dollars per bushel at harvest","No specific size","Northern Crescent","United States",2023,4.86,"Base survey of 2021"
"Corn","Supporting information","Price","dollars per bushel at harvest","No specific size","Northern Crescent","United States",2024,3.9,"Base survey of 2021"
"Corn","Supporting information","Price","dollars per bushel at harvest","No specific size","Northern Great Plains","United States",1996,2.67,"Base survey of 1996"
"Corn","Supporting information","Price","dollars per bushel at harvest","No specific size","Northern Great Plains","United States",1997,2.38,"Base survey of 1996"
"Corn","Supporting information","Price","dollars per bushel at harvest","No specific size","Northern Great Plains","United States",1998,1.76,"Base survey of 1996"
"Corn","Supporting information","Price","dollars per bushel at harvest","No specific size","Northern Great Plains","United States",1999,1.55,"Base survey of 1996"
"Corn","Supporting information","Price","dollars per bushel at harvest","No specific size","Northern Great Plains","United States",2000,1.66,"Base survey of 1996"
"Corn","Supporting information","Price","dollars per bushel at harvest","No specific size","Northern Great Plains","United States",2001,1.73,"Base survey of 2001"
"Corn","Supporting information","Price","dollars per bushel at harvest","No specific size","Northern Great Plains","United States",2002,2.23,"Base survey of 2001"
"Corn","Supporting information","Price","dollars per bushel at harvest","No specific size","Northern Great Plains","United States",2003,2.04,"Base survey of 2001"
"Corn","Supporting information","Price","dollars per bushel at harvest","No specific size","Northern Great Plains","United States",2004,2.09,"Base survey of 2001"
"Corn","Supporting information","Price","dollars per bushel at harvest","No specific size","Northern Great Plains","United States",2005,1.82,"Base survey of 2005"
"Corn","Supporting information","Price","dollars per bushel at harvest","No specific size","Northern Great Plains","United States",2006,2.48,"Base survey of 2005"
"Corn","Supporting information","Price","dollars per bushel at harvest","No specific size","Northern Great Plains","United States",2007,3.16,"Base survey of 2005"
"Corn","Supporting information","Price","dollars per bushel at harvest","No specific size","Northern Great Plains","United States",2008,4.37,"Base survey of 2005"
"Corn","Supporting information","Price","dollars per bushel at harvest","No specific size","Northern Great Plains","United States",2009,3.46,"Base survey of 2005"
"Corn","Supporting information","Price","dollars per bushel at harvest","No specific size","Northern Great Plains","United States",2010,3.99,"Base survey of 2010"
"Corn","Supporting information","Price","dollars per bushel at harvest","No specific size","Northern Great Plains","United States",2011,5.51,"Base survey of 2010"
"Corn","Supporting information","Price","dollars per bushel at harvest","No specific size","Northern Great Plains","United States",2012,6.43,"Base survey of 2010"
"Corn","Supporting information","Price","dollars per bushel at harvest","No specific size","Northern Great Plains","United States",2013,4.29,"Base survey of 2010"
"Corn","Supporting information","Price","dollars per bushel at harvest","No specific size","Northern Great Plains","United States",2014,3.13,"Base survey of 2010"
"Corn","Supporting information","Price","dollars per bushel at harvest","No specific size","Northern Great Plains","United States",2015,3.38,"Base survey of 2010"
"Corn","Supporting information","Price","dollars per bushel at harvest","No specific size","Northern Great Plains","United States",2016,3.05,"Base survey of 2016"
"Corn","Supporting information","Price","dollars per bushel at harvest","No specific size","Northern Great Plains","United States",2017,2.95,"Base survey of 2016"
"Corn","Supporting information","Price","dollars per bushel at harvest","No specific size","Northern Great Plains","United States",2018,3.23,"Base survey of 2016"
"Corn","Supporting information","Price","dollars per bushel at harvest","No specific size","Northern Great Plains","United States",2019,3.73,"Base survey of 2016"
"Corn","Supporting information","Price","dollars per bushel at harvest","No specific size","Northern Great Plains","United States",2020,3.42,"Base survey of 2016"
"Corn","Supporting information","Price","dollars per bushel at harvest","No specific size","Northern Great Plains","United States",2021,5.05,"Base survey of 2021"
"Corn","Supporting information","Price","dollars per bushel at harvest","No specific size","Northern Great Plains","United States",2022,6.35,"Base survey of 2021"
"Corn","Supporting information","Price","dollars per bushel at harvest","No specific size","Northern Great Plains","United States",2023,4.84,"Base survey of 2021"
"Corn","Supporting information","Price","dollars per bushel at harvest","No specific size","Northern Great Plains","United States",2024,3.81,"Base survey of 2021"
"Corn","Supporting information","Price","dollars per bushel at harvest","No specific size","Prairie Gateway","United States",1996,3.01,"Base survey of 1996"
"Corn","Supporting information","Price","dollars per bushel at harvest","No specific size","Prairie Gateway","United States",1997,2.57,"Base survey of 1996"
"Corn","Supporting information","Price","dollars per bushel at harvest","No specific size","Prairie Gateway","United States",1998,1.95,"Base survey of 1996"
"Corn","Supporting information","Price","dollars per bushel at harvest","No specific size","Prairie Gateway","United States",1999,1.76,"Base survey of 1996"
"Corn","Supporting information","Price","dollars per bushel at harvest","No specific size","Prairie Gateway","United States",2000,1.88,"Base survey of 1996"
"Corn","Supporting information","Price","dollars per bushel at harvest","No specific size","Prairie Gateway","United States",2001,1.98,"Base survey of 2001"
"Corn","Supporting information","Price","dollars per bushel at harvest","No specific size","Prairie Gateway","United States",2002,2.45,"Base survey of 2001"
"Corn","Supporting information","Price","dollars per bushel at harvest","No specific size","Prairie Gateway","United States",2003,2.25,"Base survey of 2001"
"Corn","Supporting information","Price","dollars per bushel at harvest","No specific size","Prairie Gateway","United States",2004,2.28,"Base survey of 2001"
"Corn","Supporting information","Price","dollars per bushel at harvest","No specific size","Prairie Gateway","United States",2005,1.8,"Base survey of 2005"
"Corn","Supporting information","Price","dollars per bushel at harvest","No specific size","Prairie Gateway","United States",2006,2.73,"Base survey of 2005"
"Corn","Supporting information","Price","dollars per bushel at harvest","No specific size","Prairie Gateway","United States",2007,3.39,"Base survey of 2005"
"Corn","Supporting information","Price","dollars per bushel at harvest","No specific size","Prairie Gateway","United States",2008,4.66,"Base survey of 2005"
"Corn","Supporting information","Price","dollars per bushel at harvest","No specific size","Prairie Gateway","United States",2009,3.62,"Base survey of 2005"
"Corn","Supporting information","Price","dollars per bushel at harvest","No specific size","Prairie Gateway","United States",2010,4.34,"Base survey of 2010"
"Corn","Supporting information","Price","dollars per bushel at harvest","No specific size","Prairie Gateway","United States",2011,5.8,"Base survey of 2010"
"Corn","Supporting information","Price","dollars per bushel at harvest","No specific size","Prairie Gateway","United States",2012,6.8,"Base survey of 2010"
"Corn","Supporting information","Price","dollars per bushel at harvest","No specific size","Prairie Gateway","United States",2013,4.83,"Base survey of 2010"
"Corn","Supporting information","Price","dollars per bushel at harvest","No specific size","Prairie Gateway","United States",2014,3.81,"Base survey of 2010"
"Corn","Supporting information","Price","dollars per bushel at harvest","No specific size","Prairie Gateway","United States",2015,3.84,"Base survey of 2010"
"Corn","Supporting information","Price","dollars per bushel at harvest","No specific size","Prairie Gateway","United States",2016,3.29,"Base survey of 2016"
"Corn","Supporting information","Price","dollars per bushel at harvest","No specific size","Prairie Gateway","United States",2017,3.31,"Base survey of 2016"
"Corn","Supporting information","Price","dollars per bushel at harvest","No specific size","Prairie Gateway","United States",2018,3.5,"Base survey of 2016"
"Corn","Supporting information","Price","dollars per bushel at harvest","No specific size","Prairie Gateway","United States",2019,3.81,"Base survey of 2016"
"Corn","Supporting information","Price","dollars per bushel at harvest","No specific size","Prairie Gateway","United States",2020,3.68,"Base survey of 2016"
"Corn","Supporting information","Price","dollars per bushel at harvest","No specific size","Prairie Gateway","United States",2021,5.08,"Base survey of 2021"
"Corn","Supporting information","Price","dollars per bushel at harvest","No specific size","Prairie Gateway","United States",2022,6.92,"Base survey of 2021"
"Corn","Supporting information","Price","dollars per bushel at harvest","No specific size","Prairie Gateway","United States",2023,5.11,"Base survey of 2021"
"Corn","Supporting information","Price","dollars per bushel at harvest","No specific size","Prairie Gateway","United States",2024,4.18,"Base survey of 2021"
"Corn","Supporting information","Price","dollars per bushel at harvest","No specific size","Eastern Uplands","United States",1996,3.04,"Base survey of 1996"
"Corn","Supporting information","Price","dollars per bushel at harvest","No specific size","Eastern Uplands","United States",1997,2.72,"Base survey of 1996"
"Corn","Supporting information","Price","dollars per bushel at harvest","No specific size","Eastern Uplands","United States",1998,2.12,"Base survey of 1996"
"Corn","Supporting information","Price","dollars per bushel at harvest","No specific size","Eastern Uplands","United States",1999,2,"Base survey of 1996"
"Corn","Supporting information","Price","dollars per bushel at harvest","No specific size","Eastern Uplands","United States",2000,1.87,"Base survey of 1996"
"Corn","Supporting information","Price","dollars per bushel at harvest","No specific size","Eastern Uplands","United States",2001,1.92,"Base survey of 2001"
"Corn","Supporting information","Price","dollars per bushel at harvest","No specific size","Eastern Uplands","United States",2002,2.57,"Base survey of 2001"
"Corn","Supporting information","Price","dollars per bushel at harvest","No specific size","Eastern Uplands","United States",2003,2.3,"Base survey of 2001"
"Corn","Supporting information","Price","dollars per bushel at harvest","No specific size","Eastern Uplands","United States",2004,2.18,"Base survey of 2001"
"Corn","Supporting information","Price","dollars per bushel at harvest","No specific size","Eastern Uplands","United States",2005,1.84,"Base survey of 2005"
"Corn","Supporting information","Price","dollars per bushel at harvest","No specific size","Eastern Uplands","United States",2006,2.63,"Base survey of 2005"
"Corn","Supporting information","Price","dollars per bushel at harvest","No specific size","Eastern Uplands","United States",2007,3.36,"Base survey of 2005"
"Corn","Supporting information","Price","dollars per bushel at harvest","No specific size","Eastern Uplands","United States",2008,4.52,"Base survey of 2005"
"Corn","Supporting information","Price","dollars per bushel at harvest","No specific size","Eastern Uplands","United States",2009,3.59,"Base survey of 2005"
"Corn","Supporting information","Price","dollars per bushel at harvest","No specific size","Eastern Uplands","United States",2010,4.7,"Base survey of 2010"
"Corn","Supporting information","Price","dollars per bushel at harvest","No specific size","Eastern Uplands","United States",2011,6.26,"Base survey of 2010"
"Corn","Supporting information","Price","dollars per bushel at harvest","No specific size","Eastern Uplands","United States",2012,7.1,"Base survey of 2010"
"Corn","Supporting information","Price","dollars per bushel at harvest","No specific size","Eastern Uplands","United States",2013,4.28,"Base survey of 2010"
"Corn","Supporting information","Price","dollars per bushel at harvest","No specific size","Eastern Uplands","United States",2014,3.53,"Base survey of 2010"
"Corn","Supporting information","Price","dollars per bushel at harvest","No specific size","Eastern Uplands","United States",2015,3.78,"Base survey of 2010"
"Corn","Supporting information","Price","dollars per bushel at harvest","No specific size","Eastern Uplands","United States",2016,3.53,"Base survey of 2016"
"Corn","Supporting information","Price","dollars per bushel at harvest","No specific size","Eastern Uplands","United States",2017,3.43,"Base survey of 2016"
"Corn","Supporting information","Price","dollars per bushel at harvest","No specific size","Eastern Uplands","United States",2018,3.61,"Base survey of 2016"
"Corn","Supporting information","Price","dollars per bushel at harvest","No specific size","Eastern Uplands","United States",2019,4.08,"Base survey of 2016"
"Corn","Supporting information","Price","dollars per bushel at harvest","No specific size","Eastern Uplands","United States",2020,3.79,"Base survey of 2016"
"Corn","Supporting information","Price","dollars per bushel at harvest","No specific size","Eastern Uplands","United States",2021,5.17,"Base survey of 2021"
"Corn","Supporting information","Price","dollars per bushel at harvest","No specific size","Eastern Uplands","United States",2022,6.62,"Base survey of 2021"
"Corn","Supporting information","Price","dollars per bushel at harvest","No specific size","Eastern Uplands","United States",2023,4.95,"Base survey of 2021"
"Corn","Supporting information","Price","dollars per bushel at harvest","No specific size","Eastern Uplands","United States",2024,3.97,"Base survey of 2021"
"Corn","Supporting information","Price","dollars per bushel at harvest","No specific size","Southern Seaboard","United States",1996,3.56,"Base survey of 1996"
"Corn","Supporting information","Price","dollars per bushel at harvest","No specific size","Southern Seaboard","United States",1997,2.8,"Base survey of 1996"
"Corn","Supporting information","Price","dollars per bushel at harvest","No specific size","Southern Seaboard","United States",1998,2.27,"Base survey of 1996"
"Corn","Supporting information","Price","dollars per bushel at harvest","No specific size","Southern Seaboard","United States",1999,2.18,"Base survey of 1996"
"Corn","Supporting information","Price","dollars per bushel at harvest","No specific size","Southern Seaboard","United States",2000,1.95,"Base survey of 1996"
"Corn","Supporting information","Price","dollars per bushel at harvest","No specific size","Southern Seaboard","United States",2001,2.19,"Base survey of 2001"
"Corn","Supporting information","Price","dollars per bushel at harvest","No specific size","Southern Seaboard","United States",2002,2.35,"Base survey of 2001"
"Corn","Supporting information","Price","dollars per bushel at harvest","No specific size","Southern Seaboard","United States",2003,2.49,"Base survey of 2001"
"Corn","Supporting information","Price","dollars per bushel at harvest","No specific size","Southern Seaboard","United States",2004,2.39,"Base survey of 2001"
"Corn","Supporting information","Price","dollars per bushel at harvest","No specific size","Southern Seaboard","United States",2005,1.78,"Base survey of 2005"
"Corn","Supporting information","Price","dollars per bushel at harvest","No specific size","Southern Seaboard","United States",2006,2.78,"Base survey of 2005"
"Corn","Supporting information","Price","dollars per bushel at harvest","No specific size","Southern Seaboard","United States",2007,3.58,"Base survey of 2005"
"Corn","Supporting information","Price","dollars per bushel at harvest","No specific size","Southern Seaboard","United States",2008,5.06,"Base survey of 2005"
"Corn","Supporting information","Price","dollars per bushel at harvest","No specific size","Southern Seaboard","United States",2009,3.84,"Base survey of 2005"
"Corn","Supporting information","Price","dollars per bushel at harvest","No specific size","Southern Seaboard","United States",2010,4.98,"Base survey of 2010"
"Corn","Supporting information","Price","dollars per bushel at harvest","No specific size","Southern Seaboard","United States",2011,6.75,"Base survey of 2010"
"Corn","Supporting information","Price","dollars per bushel at harvest","No specific size","Southern Seaboard","United States",2012,7.49,"Base survey of 2010"
"Corn","Supporting information","Price","dollars per bushel at harvest","No specific size","Southern Seaboard","United States",2013,4.72,"Base survey of 2010"
"Corn","Supporting information","Price","dollars per bushel at harvest","No specific size","Southern Seaboard","United States",2014,3.94,"Base survey of 2010"
"Corn","Supporting information","Price","dollars per bushel at harvest","No specific size","Southern Seaboard","United States",2015,4.31,"Base survey of 2010"
"Corn","Supporting information","Price","dollars per bushel at harvest","No specific size","Southern Seaboard","United States",2016,3.86,"Base survey of 2016"
"Corn","Supporting information","Price","dollars per bushel at harvest","No specific size","Southern Seaboard","United States",2017,4.14,"Base survey of 2016"
"Corn","Supporting information","Price","dollars per bushel at harvest","No specific size","Southern Seaboard","United States",2018,4.24,"Base survey of 2016"
"Corn","Supporting information","Price","dollars per bushel at harvest","No specific size","Southern Seaboard","United States",2019,4.34,"Base survey of 2016"
"Corn","Supporting information","Price","dollars per bushel at harvest","No specific size","Southern Seaboard","United States",2020,4.08,"Base survey of 2016"
"Corn","Supporting information","Price","dollars per bushel at harvest","No specific size","Southern Seaboard","United States",2021,5.77,"Base survey of 2021"
"Corn","Supporting information","Price","dollars per bushel at harvest","No specific size","Southern Seaboard","United States",2022,7.37,"Base survey of 2021"
"Corn","Supporting information","Price","dollars per bushel at harvest","No specific size","Southern Seaboard","United States",2023,5.66,"Base survey of 2021"
"Corn","Supporting information","Price","dollars per bushel at harvest","No specific size","Southern Seaboard","United States",2024,4.85,"Base survey of 2021"
"Corn","Supporting information","Enterprise size","planted acres","No specific size","U.S. total","United States",1996,189,"Base survey of 1996"
"Corn","Supporting information","Enterprise size","planted acres","No specific size","U.S. total","United States",1997,189,"Base survey of 1996"
"Corn","Supporting information","Enterprise size","planted acres","No specific size","U.S. total","United States",1998,189,"Base survey of 1996"
"Corn","Supporting information","Enterprise size","planted acres","No specific size","U.S. total","United States",1999,189,"Base survey of 1996"
"Corn","Supporting information","Enterprise size","planted acres","No specific size","U.S. total","United States",2000,189,"Base survey of 1996"
"Corn","Supporting information","Enterprise size","planted acres","No specific size","U.S. total","United States",2001,236,"Base survey of 2001"
"Corn","Supporting information","Enterprise size","planted acres","No specific size","U.S. total","United States",2002,236,"Base survey of 2001"
"Corn","Supporting information","Enterprise size","planted acres","No specific size","U.S. total","United States",2003,236,"Base survey of 2001"
"Corn","Supporting information","Enterprise size","planted acres","No specific size","U.S. total","United States",2004,236,"Base survey of 2001"
"Corn","Supporting information","Enterprise size","planted acres","No specific size","U.S. total","United States",2005,250,"Base survey of 2005"
"Corn","Supporting information","Enterprise size","planted acres","No specific size","U.S. total","United States",2006,250,"Base survey of 2005"
"Corn","Supporting information","Enterprise size","planted acres","No specific size","U.S. total","United States",2007,250,"Base survey of 2005"
"Corn","Supporting information","Enterprise size","planted acres","No specific size","U.S. total","United States",2008,250,"Base survey of 2005"
"Corn","Supporting information","Enterprise size","planted acres","No specific size","U.S. total","United States",2009,250,"Base survey of 2005"
"Corn","Supporting information","Enterprise size","planted acres","No specific size","U.S. total","United States",2010,280,"Base survey of 2010"
"Corn","Supporting information","Enterprise size","planted acres","No specific size","U.S. total","United States",2011,280,"Base survey of 2010"
"Corn","Supporting information","Enterprise size","planted acres","No specific size","U.S. total","United States",2012,280,"Base survey of 2010"
"Corn","Supporting information","Enterprise size","planted acres","No specific size","U.S. total","United States",2013,280,"Base survey of 2010"
"Corn","Supporting information","Enterprise size","planted acres","No specific size","U.S. total","United States",2014,280,"Base survey of 2010"
"Corn","Supporting information","Enterprise size","planted acres","No specific size","U.S. total","United States",2015,280,"Base survey of 2010"
"Corn","Supporting information","Enterprise size","planted acres","No specific size","U.S. total","United States",2016,278,"Base survey of 2016"
"Corn","Supporting information","Enterprise size","planted acres","No specific size","U.S. total","United States",2017,278,"Base survey of 2016"
"Corn","Supporting information","Enterprise size","planted acres","No specific size","U.S. total","United States",2018,278,"Base survey of 2016"
"Corn","Supporting information","Enterprise size","planted acres","No specific size","U.S. total","United States",2019,278,"Base survey of 2016"
"Corn","Supporting information","Enterprise size","planted acres","No specific size","U.S. total","United States",2020,278,"Base survey of 2016"
"Corn","Supporting information","Enterprise size","planted acres","No specific size","U.S. total","United States",2021,296,"Base survey of 2021"
"Corn","Supporting information","Enterprise size","planted acres","No specific size","U.S. total","United States",2022,296,"Base survey of 2021"
"Corn","Supporting information","Enterprise size","planted acres","No specific size","U.S. total","United States",2023,296,"Base survey of 2021"
"Corn","Supporting information","Enterprise size","planted acres","No specific size","U.S. total","United States",2024,296,"Base survey of 2021"
"Corn","Supporting information","Enterprise size","planted acres","No specific size","Heartland","United States",1996,223,"Base survey of 1996"
"Corn","Supporting information","Enterprise size","planted acres","No specific size","Heartland","United States",1997,223,"Base survey of 1996"
"Corn","Supporting information","Enterprise size","planted acres","No specific size","Heartland","United States",1998,223,"Base survey of 1996"
"Corn","Supporting information","Enterprise size","planted acres","No specific size","Heartland","United States",1999,223,"Base survey of 1996"
"Corn","Supporting information","Enterprise size","planted acres","No specific size","Heartland","United States",2000,223,"Base survey of 1996"
"Corn","Supporting information","Enterprise size","planted acres","No specific size","Heartland","United States",2001,270,"Base survey of 2001"
"Corn","Supporting information","Enterprise size","planted acres","No specific size","Heartland","United States",2002,270,"Base survey of 2001"
"Corn","Supporting information","Enterprise size","planted acres","No specific size","Heartland","United States",2003,270,"Base survey of 2001"
"Corn","Supporting information","Enterprise size","planted acres","No specific size","Heartland","United States",2004,270,"Base survey of 2001"
"Corn","Supporting information","Enterprise size","planted acres","No specific size","Heartland","United States",2005,281,"Base survey of 2005"
"Corn","Supporting information","Enterprise size","planted acres","No specific size","Heartland","United States",2006,281,"Base survey of 2005"
"Corn","Supporting information","Enterprise size","planted acres","No specific size","Heartland","United States",2007,281,"Base survey of 2005"
"Corn","Supporting information","Enterprise size","planted acres","No specific size","Heartland","United States",2008,281,"Base survey of 2005"
"Corn","Supporting information","Enterprise size","planted acres","No specific size","Heartland","United States",2009,281,"Base survey of 2005"
"Corn","Supporting information","Enterprise size","planted acres","No specific size","Heartland","United States",2010,313,"Base survey of 2010"
"Corn","Supporting information","Enterprise size","planted acres","No specific size","Heartland","United States",2011,313,"Base survey of 2010"
"Corn","Supporting information","Enterprise size","planted acres","No specific size","Heartland","United States",2012,313,"Base survey of 2010"
"Corn","Supporting information","Enterprise size","planted acres","No specific size","Heartland","United States",2013,313,"Base survey of 2010"
"Corn","Supporting information","Enterprise size","planted acres","No specific size","Heartland","United States",2014,313,"Base survey of 2010"
"Corn","Supporting information","Enterprise size","planted acres","No specific size","Heartland","United States",2015,313,"Base survey of 2010"
"Corn","Supporting information","Enterprise size","planted acres","No specific size","Heartland","United States",2016,302,"Base survey of 2016"
"Corn","Supporting information","Enterprise size","planted acres","No specific size","Heartland","United States",2017,302,"Base survey of 2016"
"Corn","Supporting information","Enterprise size","planted acres","No specific size","Heartland","United States",2018,302,"Base survey of 2016"
"Corn","Supporting information","Enterprise size","planted acres","No specific size","Heartland","United States",2019,302,"Base survey of 2016"
"Corn","Supporting information","Enterprise size","planted acres","No specific size","Heartland","United States",2020,302,"Base survey of 2016"
"Corn","Supporting information","Enterprise size","planted acres","No specific size","Heartland","United States",2021,274,"Base survey of 2021"
"Corn","Supporting information","Enterprise size","planted acres","No specific size","Heartland","United States",2022,274,"Base survey of 2021"
"Corn","Supporting information","Enterprise size","planted acres","No specific size","Heartland","United States",2023,274,"Base survey of 2021"
"Corn","Supporting information","Enterprise size","planted acres","No specific size","Heartland","United States",2024,274,"Base survey of 2021"
"Corn","Supporting information","Enterprise size","planted acres","No specific size","Northern Crescent","United States",1996,113,"Base survey of 1996"
"Corn","Supporting information","Enterprise size","planted acres","No specific size","Northern Crescent","United States",1997,113,"Base survey of 1996"
"Corn","Supporting information","Enterprise size","planted acres","No specific size","Northern Crescent","United States",1998,113,"Base survey of 1996"
"Corn","Supporting information","Enterprise size","planted acres","No specific size","Northern Crescent","United States",1999,113,"Base survey of 1996"
"Corn","Supporting information","Enterprise size","planted acres","No specific size","Northern Crescent","United States",2000,113,"Base survey of 1996"
"Corn","Supporting information","Enterprise size","planted acres","No specific size","Northern Crescent","United States",2001,138,"Base survey of 2001"
"Corn","Supporting information","Enterprise size","planted acres","No specific size","Northern Crescent","United States",2002,138,"Base survey of 2001"
"Corn","Supporting information","Enterprise size","planted acres","No specific size","Northern Crescent","United States",2003,138,"Base survey of 2001"
"Corn","Supporting information","Enterprise size","planted acres","No specific size","Northern Crescent","United States",2004,138,"Base survey of 2001"
"Corn","Supporting information","Enterprise size","planted acres","No specific size","Northern Crescent","United States",2005,128,"Base survey of 2005"
"Corn","Supporting information","Enterprise size","planted acres","No specific size","Northern Crescent","United States",2006,128,"Base survey of 2005"
"Corn","Supporting information","Enterprise size","planted acres","No specific size","Northern Crescent","United States",2007,128,"Base survey of 2005"
"Corn","Supporting information","Enterprise size","planted acres","No specific size","Northern Crescent","United States",2008,128,"Base survey of 2005"
"Corn","Supporting information","Enterprise size","planted acres","No specific size","Northern Crescent","United States",2009,128,"Base survey of 2005"
"Corn","Supporting information","Enterprise size","planted acres","No specific size","Northern Crescent","United States",2010,146,"Base survey of 2010"
"Corn","Supporting information","Enterprise size","planted acres","No specific size","Northern Crescent","United States",2011,146,"Base survey of 2010"
"Corn","Supporting information","Enterprise size","planted acres","No specific size","Northern Crescent","United States",2012,146,"Base survey of 2010"
"Corn","Supporting information","Enterprise size","planted acres","No specific size","Northern Crescent","United States",2013,146,"Base survey of 2010"
"Corn","Supporting information","Enterprise size","planted acres","No specific size","Northern Crescent","United States",2014,146,"Base survey of 2010"
"Corn","Supporting information","Enterprise size","planted acres","No specific size","Northern Crescent","United States",2015,146,"Base survey of 2010"
"Corn","Supporting information","Enterprise size","planted acres","No specific size","Northern Crescent","United States",2016,142,"Base survey of 2016"
"Corn","Supporting information","Enterprise size","planted acres","No specific size","Northern Crescent","United States",2017,142,"Base survey of 2016"
"Corn","Supporting information","Enterprise size","planted acres","No specific size","Northern Crescent","United States",2018,142,"Base survey of 2016"
"Corn","Supporting information","Enterprise size","planted acres","No specific size","Northern Crescent","United States",2019,142,"Base survey of 2016"
"Corn","Supporting information","Enterprise size","planted acres","No specific size","Northern Crescent","United States",2020,142,"Base survey of 2016"
"Corn","Supporting information","Enterprise size","planted acres","No specific size","Northern Crescent","United States",2021,184,"Base survey of 2021"
"Corn","Supporting information","Enterprise size","planted acres","No specific size","Northern Crescent","United States",2022,184,"Base survey of 2021"
"Corn","Supporting information","Enterprise size","planted acres","No specific size","Northern Crescent","United States",2023,184,"Base survey of 2021"
"Corn","Supporting information","Enterprise size","planted acres","No specific size","Northern Crescent","United States",2024,184,"Base survey of 2021"
"Corn","Supporting information","Enterprise size","planted acres","No specific size","Northern Great Plains","United States",1996,301,"Base survey of 1996"
"Corn","Supporting information","Enterprise size","planted acres","No specific size","Northern Great Plains","United States",1997,301,"Base survey of 1996"
"Corn","Supporting information","Enterprise size","planted acres","No specific size","Northern Great Plains","United States",1998,301,"Base survey of 1996"
"Corn","Supporting information","Enterprise size","planted acres","No specific size","Northern Great Plains","United States",1999,301,"Base survey of 1996"
"Corn","Supporting information","Enterprise size","planted acres","No specific size","Northern Great Plains","United States",2000,301,"Base survey of 1996"
"Corn","Supporting information","Enterprise size","planted acres","No specific size","Northern Great Plains","United States",2001,281,"Base survey of 2001"
"Corn","Supporting information","Enterprise size","planted acres","No specific size","Northern Great Plains","United States",2002,281,"Base survey of 2001"
"Corn","Supporting information","Enterprise size","planted acres","No specific size","Northern Great Plains","United States",2003,281,"Base survey of 2001"
"Corn","Supporting information","Enterprise size","planted acres","No specific size","Northern Great Plains","United States",2004,281,"Base survey of 2001"
"Corn","Supporting information","Enterprise size","planted acres","No specific size","Northern Great Plains","United States",2005,341,"Base survey of 2005"
"Corn","Supporting information","Enterprise size","planted acres","No specific size","Northern Great Plains","United States",2006,341,"Base survey of 2005"
"Corn","Supporting information","Enterprise size","planted acres","No specific size","Northern Great Plains","United States",2007,341,"Base survey of 2005"
"Corn","Supporting information","Enterprise size","planted acres","No specific size","Northern Great Plains","United States",2008,341,"Base survey of 2005"
"Corn","Supporting information","Enterprise size","planted acres","No specific size","Northern Great Plains","United States",2009,341,"Base survey of 2005"
"Corn","Supporting information","Enterprise size","planted acres","No specific size","Northern Great Plains","United States",2010,390,"Base survey of 2010"
"Corn","Supporting information","Enterprise size","planted acres","No specific size","Northern Great Plains","United States",2011,390,"Base survey of 2010"
"Corn","Supporting information","Enterprise size","planted acres","No specific size","Northern Great Plains","United States",2012,390,"Base survey of 2010"
"Corn","Supporting information","Enterprise size","planted acres","No specific size","Northern Great Plains","United States",2013,390,"Base survey of 2010"
"Corn","Supporting information","Enterprise size","planted acres","No specific size","Northern Great Plains","United States",2014,390,"Base survey of 2010"
"Corn","Supporting information","Enterprise size","planted acres","No specific size","Northern Great Plains","United States",2015,390,"Base survey of 2010"
"Corn","Supporting information","Enterprise size","planted acres","No specific size","Northern Great Plains","United States",2016,589,"Base survey of 2016"
"Corn","Supporting information","Enterprise size","planted acres","No specific size","Northern Great Plains","United States",2017,589,"Base survey of 2016"
"Corn","Supporting information","Enterprise size","planted acres","No specific size","Northern Great Plains","United States",2018,589,"Base survey of 2016"
"Corn","Supporting information","Enterprise size","planted acres","No specific size","Northern Great Plains","United States",2019,589,"Base survey of 2016"
"Corn","Supporting information","Enterprise size","planted acres","No specific size","Northern Great Plains","United States",2020,589,"Base survey of 2016"
"Corn","Supporting information","Enterprise size","planted acres","No specific size","Northern Great Plains","United States",2021,599,"Base survey of 2021"
"Corn","Supporting information","Enterprise size","planted acres","No specific size","Northern Great Plains","United States",2022,599,"Base survey of 2021"
"Corn","Supporting information","Enterprise size","planted acres","No specific size","Northern Great Plains","United States",2023,599,"Base survey of 2021"
"Corn","Supporting information","Enterprise size","planted acres","No specific size","Northern Great Plains","United States",2024,599,"Base survey of 2021"
"Corn","Supporting information","Enterprise size","planted acres","No specific size","Prairie Gateway","United States",1996,344,"Base survey of 1996"
"Corn","Supporting information","Enterprise size","planted acres","No specific size","Prairie Gateway","United States",1997,344,"Base survey of 1996"
"Corn","Supporting information","Enterprise size","planted acres","No specific size","Prairie Gateway","United States",1998,344,"Base survey of 1996"
"Corn","Supporting information","Enterprise size","planted acres","No specific size","Prairie Gateway","United States",1999,344,"Base survey of 1996"
"Corn","Supporting information","Enterprise size","planted acres","No specific size","Prairie Gateway","United States",2000,344,"Base survey of 1996"
"Corn","Supporting information","Enterprise size","planted acres","No specific size","Prairie Gateway","United States",2001,346,"Base survey of 2001"
"Corn","Supporting information","Enterprise size","planted acres","No specific size","Prairie Gateway","United States",2002,346,"Base survey of 2001"
"Corn","Supporting information","Enterprise size","planted acres","No specific size","Prairie Gateway","United States",2003,346,"Base survey of 2001"
"Corn","Supporting information","Enterprise size","planted acres","No specific size","Prairie Gateway","United States",2004,346,"Base survey of 2001"
"Corn","Supporting information","Enterprise size","planted acres","No specific size","Prairie Gateway","United States",2005,322,"Base survey of 2005"
"Corn","Supporting information","Enterprise size","planted acres","No specific size","Prairie Gateway","United States",2006,322,"Base survey of 2005"
"Corn","Supporting information","Enterprise size","planted acres","No specific size","Prairie Gateway","United States",2007,322,"Base survey of 2005"
"Corn","Supporting information","Enterprise size","planted acres","No specific size","Prairie Gateway","United States",2008,322,"Base survey of 2005"
"Corn","Supporting information","Enterprise size","planted acres","No specific size","Prairie Gateway","United States",2009,322,"Base survey of 2005"
"Corn","Supporting information","Enterprise size","planted acres","No specific size","Prairie Gateway","United States",2010,371,"Base survey of 2010"
"Corn","Supporting information","Enterprise size","planted acres","No specific size","Prairie Gateway","United States",2011,371,"Base survey of 2010"
"Corn","Supporting information","Enterprise size","planted acres","No specific size","Prairie Gateway","United States",2012,371,"Base survey of 2010"
"Corn","Supporting information","Enterprise size","planted acres","No specific size","Prairie Gateway","United States",2013,371,"Base survey of 2010"
"Corn","Supporting information","Enterprise size","planted acres","No specific size","Prairie Gateway","United States",2014,371,"Base survey of 2010"
"Corn","Supporting information","Enterprise size","planted acres","No specific size","Prairie Gateway","United States",2015,371,"Base survey of 2010"
"Corn","Supporting information","Enterprise size","planted acres","No specific size","Prairie Gateway","United States",2016,433,"Base survey of 2016"
"Corn","Supporting information","Enterprise size","planted acres","No specific size","Prairie Gateway","United States",2017,433,"Base survey of 2016"
"Corn","Supporting information","Enterprise size","planted acres","No specific size","Prairie Gateway","United States",2018,433,"Base survey of 2016"
"Corn","Supporting information","Enterprise size","planted acres","No specific size","Prairie Gateway","United States",2019,433,"Base survey of 2016"
"Corn","Supporting information","Enterprise size","planted acres","No specific size","Prairie Gateway","United States",2020,433,"Base survey of 2016"
"Corn","Supporting information","Enterprise size","planted acres","No specific size","Prairie Gateway","United States",2021,499,"Base survey of 2021"
"Corn","Supporting information","Enterprise size","planted acres","No specific size","Prairie Gateway","United States",2022,499,"Base survey of 2021"
"Corn","Supporting information","Enterprise size","planted acres","No specific size","Prairie Gateway","United States",2023,499,"Base survey of 2021"
"Corn","Supporting information","Enterprise size","planted acres","No specific size","Prairie Gateway","United States",2024,499,"Base survey of 2021"
"Corn","Supporting information","Enterprise size","planted acres","No specific size","Eastern Uplands","United States",1996,42,"Base survey of 1996"
"Corn","Supporting information","Enterprise size","planted acres","No specific size","Eastern Uplands","United States",1997,42,"Base survey of 1996"
"Corn","Supporting information","Enterprise size","planted acres","No specific size","Eastern Uplands","United States",1998,42,"Base survey of 1996"
"Corn","Supporting information","Enterprise size","planted acres","No specific size","Eastern Uplands","United States",1999,42,"Base survey of 1996"
"Corn","Supporting information","Enterprise size","planted acres","No specific size","Eastern Uplands","United States",2000,42,"Base survey of 1996"
"Corn","Supporting information","Enterprise size","planted acres","No specific size","Eastern Uplands","United States",2001,72,"Base survey of 2001"
"Corn","Supporting information","Enterprise size","planted acres","No specific size","Eastern Uplands","United States",2002,72,"Base survey of 2001"
"Corn","Supporting information","Enterprise size","planted acres","No specific size","Eastern Uplands","United States",2003,72,"Base survey of 2001"
"Corn","Supporting information","Enterprise size","planted acres","No specific size","Eastern Uplands","United States",2004,72,"Base survey of 2001"
"Corn","Supporting information","Enterprise size","planted acres","No specific size","Eastern Uplands","United States",2005,77,"Base survey of 2005"
"Corn","Supporting information","Enterprise size","planted acres","No specific size","Eastern Uplands","United States",2006,77,"Base survey of 2005"
"Corn","Supporting information","Enterprise size","planted acres","No specific size","Eastern Uplands","United States",2007,77,"Base survey of 2005"
"Corn","Supporting information","Enterprise size","planted acres","No specific size","Eastern Uplands","United States",2008,77,"Base survey of 2005"
"Corn","Supporting information","Enterprise size","planted acres","No specific size","Eastern Uplands","United States",2009,77,"Base survey of 2005"
"Corn","Supporting information","Enterprise size","planted acres","No specific size","Eastern Uplands","United States",2010,63,"Base survey of 2010"
"Corn","Supporting information","Enterprise size","planted acres","No specific size","Eastern Uplands","United States",2011,63,"Base survey of 2010"
"Corn","Supporting information","Enterprise size","planted acres","No specific size","Eastern Uplands","United States",2012,63,"Base survey of 2010"
"Corn","Supporting information","Enterprise size","planted acres","No specific size","Eastern Uplands","United States",2013,63,"Base survey of 2010"
"Corn","Supporting information","Enterprise size","planted acres","No specific size","Eastern Uplands","United States",2014,63,"Base survey of 2010"
"Corn","Supporting information","Enterprise size","planted acres","No specific size","Eastern Uplands","United States",2015,63,"Base survey of 2010"
"Corn","Supporting information","Enterprise size","planted acres","No specific size","Eastern Uplands","United States",2016,98,"Base survey of 2016"
"Corn","Supporting information","Enterprise size","planted acres","No specific size","Eastern Uplands","United States",2017,98,"Base survey of 2016"
"Corn","Supporting information","Enterprise size","planted acres","No specific size","Eastern Uplands","United States",2018,98,"Base survey of 2016"
"Corn","Supporting information","Enterprise size","planted acres","No specific size","Eastern Uplands","United States",2019,98,"Base survey of 2016"
"Corn","Supporting information","Enterprise size","planted acres","No specific size","Eastern Uplands","United States",2020,98,"Base survey of 2016"
"Corn","Supporting information","Enterprise size","planted acres","No specific size","Eastern Uplands","United States",2021,105,"Base survey of 2021"
"Corn","Supporting information","Enterprise size","planted acres","No specific size","Eastern Uplands","United States",2022,105,"Base survey of 2021"
"Corn","Supporting information","Enterprise size","planted acres","No specific size","Eastern Uplands","United States",2023,105,"Base survey of 2021"
"Corn","Supporting information","Enterprise size","planted acres","No specific size","Eastern Uplands","United States",2024,105,"Base survey of 2021"
"Corn","Supporting information","Enterprise size","planted acres","No specific size","Southern Seaboard","United States",1996,96,"Base survey of 1996"
"Corn","Supporting information","Enterprise size","planted acres","No specific size","Southern Seaboard","United States",1997,96,"Base survey of 1996"
"Corn","Supporting information","Enterprise size","planted acres","No specific size","Southern Seaboard","United States",1998,96,"Base survey of 1996"
"Corn","Supporting information","Enterprise size","planted acres","No specific size","Southern Seaboard","United States",1999,96,"Base survey of 1996"
"Corn","Supporting information","Enterprise size","planted acres","No specific size","Southern Seaboard","United States",2000,96,"Base survey of 1996"
"Corn","Supporting information","Enterprise size","planted acres","No specific size","Southern Seaboard","United States",2001,78,"Base survey of 2001"
"Corn","Supporting information","Enterprise size","planted acres","No specific size","Southern Seaboard","United States",2002,78,"Base survey of 2001"
"Corn","Supporting information","Enterprise size","planted acres","No specific size","Southern Seaboard","United States",2003,78,"Base survey of 2001"
"Corn","Supporting information","Enterprise size","planted acres","No specific size","Southern Seaboard","United States",2004,78,"Base survey of 2001"
"Corn","Supporting information","Enterprise size","planted acres","No specific size","Southern Seaboard","United States",2005,146,"Base survey of 2005"
"Corn","Supporting information","Enterprise size","planted acres","No specific size","Southern Seaboard","United States",2006,146,"Base survey of 2005"
"Corn","Supporting information","Enterprise size","planted acres","No specific size","Southern Seaboard","United States",2007,146,"Base survey of 2005"
"Corn","Supporting information","Enterprise size","planted acres","No specific size","Southern Seaboard","United States",2008,146,"Base survey of 2005"
"Corn","Supporting information","Enterprise size","planted acres","No specific size","Southern Seaboard","United States",2009,146,"Base survey of 2005"
"Corn","Supporting information","Enterprise size","planted acres","No specific size","Southern Seaboard","United States",2010,132,"Base survey of 2010"
"Corn","Supporting information","Enterprise size","planted acres","No specific size","Southern Seaboard","United States",2011,132,"Base survey of 2010"
"Corn","Supporting information","Enterprise size","planted acres","No specific size","Southern Seaboard","United States",2012,132,"Base survey of 2010"
"Corn","Supporting information","Enterprise size","planted acres","No specific size","Southern Seaboard","United States",2013,132,"Base survey of 2010"
"Corn","Supporting information","Enterprise size","planted acres","No specific size","Southern Seaboard","United States",2014,132,"Base survey of 2010"
"Corn","Supporting information","Enterprise size","planted acres","No specific size","Southern Seaboard","United States",2015,132,"Base survey of 2010"
"Corn","Supporting information","Enterprise size","planted acres","No specific size","Southern Seaboard","United States",2016,163,"Base survey of 2016"
"Corn","Supporting information","Enterprise size","planted acres","No specific size","Southern Seaboard","United States",2017,163,"Base survey of 2016"
"Corn","Supporting information","Enterprise size","planted acres","No specific size","Southern Seaboard","United States",2018,163,"Base survey of 2016"
"Corn","Supporting information","Enterprise size","planted acres","No specific size","Southern Seaboard","United States",2019,163,"Base survey of 2016"
"Corn","Supporting information","Enterprise size","planted acres","No specific size","Southern Seaboard","United States",2020,163,"Base survey of 2016"
"Corn","Supporting information","Enterprise size","planted acres","No specific size","Southern Seaboard","United States",2021,255,"Base survey of 2021"
"Corn","Supporting information","Enterprise size","planted acres","No specific size","Southern Seaboard","United States",2022,255,"Base survey of 2021"
"Corn","Supporting information","Enterprise size","planted acres","No specific size","Southern Seaboard","United States",2023,255,"Base survey of 2021"
"Corn","Supporting information","Enterprise size","planted acres","No specific size","Southern Seaboard","United States",2024,255,"Base survey of 2021"
"Corn","Production practices","Dryland","percent of acres","No specific size","U.S. total","United States",1996,85,"Base survey of 1996"
"Corn","Production practices","Dryland","percent of acres","No specific size","U.S. total","United States",1997,85,"Base survey of 1996"
"Corn","Production practices","Dryland","percent of acres","No specific size","U.S. total","United States",1998,85,"Base survey of 1996"
"Corn","Production practices","Dryland","percent of acres","No specific size","U.S. total","United States",1999,85,"Base survey of 1996"
"Corn","Production practices","Dryland","percent of acres","No specific size","U.S. total","United States",2000,85,"Base survey of 1996"
"Corn","Production practices","Dryland","percent of acres","No specific size","U.S. total","United States",2001,86,"Base survey of 2001"
"Corn","Production practices","Dryland","percent of acres","No specific size","U.S. total","United States",2002,86,"Base survey of 2001"
"Corn","Production practices","Dryland","percent of acres","No specific size","U.S. total","United States",2003,86,"Base survey of 2001"
"Corn","Production practices","Dryland","percent of acres","No specific size","U.S. total","United States",2004,86,"Base survey of 2001"
"Corn","Production practices","Dryland","percent of acres","No specific size","U.S. total","United States",2005,88,"Base survey of 2005"
"Corn","Production practices","Dryland","percent of acres","No specific size","U.S. total","United States",2006,88,"Base survey of 2005"
"Corn","Production practices","Dryland","percent of acres","No specific size","U.S. total","United States",2007,88,"Base survey of 2005"
"Corn","Production practices","Dryland","percent of acres","No specific size","U.S. total","United States",2008,88,"Base survey of 2005"
"Corn","Production practices","Dryland","percent of acres","No specific size","U.S. total","United States",2009,88,"Base survey of 2005"
"Corn","Production practices","Dryland","percent of acres","No specific size","U.S. total","United States",2010,89,"Base survey of 2010"
"Corn","Production practices","Dryland","percent of acres","No specific size","U.S. total","United States",2011,89,"Base survey of 2010"
"Corn","Production practices","Dryland","percent of acres","No specific size","U.S. total","United States",2012,89,"Base survey of 2010"
"Corn","Production practices","Dryland","percent of acres","No specific size","U.S. total","United States",2013,89,"Base survey of 2010"
"Corn","Production practices","Dryland","percent of acres","No specific size","U.S. total","United States",2014,89,"Base survey of 2010"
"Corn","Production practices","Dryland","percent of acres","No specific size","U.S. total","United States",2015,89,"Base survey of 2010"
"Corn","Production practices","Dryland","percent of acres","No specific size","U.S. total","United States",2016,89,"Base survey of 2016"
"Corn","Production practices","Dryland","percent of acres","No specific size","U.S. total","United States",2017,89,"Base survey of 2016"
"Corn","Production practices","Dryland","percent of acres","No specific size","U.S. total","United States",2018,89,"Base survey of 2016"
"Corn","Production practices","Dryland","percent of acres","No specific size","U.S. total","United States",2019,88,"Base survey of 2016"
"Corn","Production practices","Dryland","percent of acres","No specific size","U.S. total","United States",2020,88,"Base survey of 2016"
"Corn","Production practices","Dryland","percent of acres","No specific size","U.S. total","United States",2021,90,"Base survey of 2021"
"Corn","Production practices","Dryland","percent of acres","No specific size","U.S. total","United States",2022,90,"Base survey of 2021"
"Corn","Production practices","Dryland","percent of acres","No specific size","U.S. total","United States",2023,90,"Base survey of 2021"
"Corn","Production practices","Dryland","percent of acres","No specific size","U.S. total","United States",2024,90,"Base survey of 2021"
"Corn","Production practices","Dryland","percent of acres","No specific size","Heartland","United States",1996,94,"Base survey of 1996"
"Corn","Production practices","Dryland","percent of acres","No specific size","Heartland","United States",1997,94,"Base survey of 1996"
"Corn","Production practices","Dryland","percent of acres","No specific size","Heartland","United States",1998,94,"Base survey of 1996"
"Corn","Production practices","Dryland","percent of acres","No specific size","Heartland","United States",1999,94,"Base survey of 1996"
"Corn","Production practices","Dryland","percent of acres","No specific size","Heartland","United States",2000,94,"Base survey of 1996"
"Corn","Production practices","Dryland","percent of acres","No specific size","Heartland","United States",2001,95,"Base survey of 2001"
"Corn","Production practices","Dryland","percent of acres","No specific size","Heartland","United States",2002,95,"Base survey of 2001"
"Corn","Production practices","Dryland","percent of acres","No specific size","Heartland","United States",2003,95,"Base survey of 2001"
"Corn","Production practices","Dryland","percent of acres","No specific size","Heartland","United States",2004,95,"Base survey of 2001"
"Corn","Production practices","Dryland","percent of acres","No specific size","Heartland","United States",2005,95,"Base survey of 2005"
"Corn","Production practices","Dryland","percent of acres","No specific size","Heartland","United States",2006,95,"Base survey of 2005"
"Corn","Production practices","Dryland","percent of acres","No specific size","Heartland","United States",2007,95,"Base survey of 2005"
"Corn","Production practices","Dryland","percent of acres","No specific size","Heartland","United States",2008,95,"Base survey of 2005"
"Corn","Production practices","Dryland","percent of acres","No specific size","Heartland","United States",2009,95,"Base survey of 2005"
"Corn","Production practices","Dryland","percent of acres","No specific size","Heartland","United States",2010,95,"Base survey of 2010"
"Corn","Production practices","Dryland","percent of acres","No specific size","Heartland","United States",2011,95,"Base survey of 2010"
"Corn","Production practices","Dryland","percent of acres","No specific size","Heartland","United States",2012,95,"Base survey of 2010"
"Corn","Production practices","Dryland","percent of acres","No specific size","Heartland","United States",2013,95,"Base survey of 2010"
"Corn","Production practices","Dryland","percent of acres","No specific size","Heartland","United States",2014,95,"Base survey of 2010"
"Corn","Production practices","Dryland","percent of acres","No specific size","Heartland","United States",2015,95,"Base survey of 2010"
"Corn","Production practices","Dryland","percent of acres","No specific size","Heartland","United States",2016,94,"Base survey of 2016"
"Corn","Production practices","Dryland","percent of acres","No specific size","Heartland","United States",2017,94,"Base survey of 2016"
"Corn","Production practices","Dryland","percent of acres","No specific size","Heartland","United States",2018,93,"Base survey of 2016"
"Corn","Production practices","Dryland","percent of acres","No specific size","Heartland","United States",2019,93,"Base survey of 2016"
"Corn","Production practices","Dryland","percent of acres","No specific size","Heartland","United States",2020,93,"Base survey of 2016"
"Corn","Production practices","Dryland","percent of acres","No specific size","Heartland","United States",2021,95,"Base survey of 2021"
"Corn","Production practices","Dryland","percent of acres","No specific size","Heartland","United States",2022,95,"Base survey of 2021"
"Corn","Production practices","Dryland","percent of acres","No specific size","Heartland","United States",2023,95,"Base survey of 2021"
"Corn","Production practices","Dryland","percent of acres","No specific size","Heartland","United States",2024,95,"Base survey of 2021"
"Corn","Production practices","Dryland","percent of acres","No specific size","Northern Crescent","United States",1996,98,"Base survey of 1996"
"Corn","Production practices","Dryland","percent of acres","No specific size","Northern Crescent","United States",1997,98,"Base survey of 1996"
"Corn","Production practices","Dryland","percent of acres","No specific size","Northern Crescent","United States",1998,98,"Base survey of 1996"
"Corn","Production practices","Dryland","percent of acres","No specific size","Northern Crescent","United States",1999,98,"Base survey of 1996"
"Corn","Production practices","Dryland","percent of acres","No specific size","Northern Crescent","United States",2000,98,"Base survey of 1996"
"Corn","Production practices","Dryland","percent of acres","No specific size","Northern Crescent","United States",2001,96,"Base survey of 2001"
"Corn","Production practices","Dryland","percent of acres","No specific size","Northern Crescent","United States",2002,96,"Base survey of 2001"
"Corn","Production practices","Dryland","percent of acres","No specific size","Northern Crescent","United States",2003,96,"Base survey of 2001"
"Corn","Production practices","Dryland","percent of acres","No specific size","Northern Crescent","United States",2004,96,"Base survey of 2001"
"Corn","Production practices","Dryland","percent of acres","No specific size","Northern Crescent","United States",2005,95,"Base survey of 2005"
"Corn","Production practices","Dryland","percent of acres","No specific size","Northern Crescent","United States",2006,95,"Base survey of 2005"
"Corn","Production practices","Dryland","percent of acres","No specific size","Northern Crescent","United States",2007,95,"Base survey of 2005"
"Corn","Production practices","Dryland","percent of acres","No specific size","Northern Crescent","United States",2008,95,"Base survey of 2005"
"Corn","Production practices","Dryland","percent of acres","No specific size","Northern Crescent","United States",2009,95,"Base survey of 2005"
"Corn","Production practices","Dryland","percent of acres","No specific size","Northern Crescent","United States",2010,100,"Base survey of 2010"
"Corn","Production practices","Dryland","percent of acres","No specific size","Northern Crescent","United States",2011,100,"Base survey of 2010"
"Corn","Production practices","Dryland","percent of acres","No specific size","Northern Crescent","United States",2012,100,"Base survey of 2010"
"Corn","Production practices","Dryland","percent of acres","No specific size","Northern Crescent","United States",2013,100,"Base survey of 2010"
"Corn","Production practices","Dryland","percent of acres","No specific size","Northern Crescent","United States",2014,100,"Base survey of 2010"
"Corn","Production practices","Dryland","percent of acres","No specific size","Northern Crescent","United States",2015,100,"Base survey of 2010"
"Corn","Production practices","Dryland","percent of acres","No specific size","Northern Crescent","United States",2016,98,"Base survey of 2016"
"Corn","Production practices","Dryland","percent of acres","No specific size","Northern Crescent","United States",2017,98,"Base survey of 2016"
"Corn","Production practices","Dryland","percent of acres","No specific size","Northern Crescent","United States",2018,98,"Base survey of 2016"
"Corn","Production practices","Dryland","percent of acres","No specific size","Northern Crescent","United States",2019,98,"Base survey of 2016"
"Corn","Production practices","Dryland","percent of acres","No specific size","Northern Crescent","United States",2020,98,"Base survey of 2016"
"Corn","Production practices","Dryland","percent of acres","No specific size","Northern Crescent","United States",2021,95,"Base survey of 2021"
"Corn","Production practices","Dryland","percent of acres","No specific size","Northern Crescent","United States",2022,95,"Base survey of 2021"
"Corn","Production practices","Dryland","percent of acres","No specific size","Northern Crescent","United States",2023,95,"Base survey of 2021"
"Corn","Production practices","Dryland","percent of acres","No specific size","Northern Crescent","United States",2024,95,"Base survey of 2021"
"Corn","Production practices","Dryland","percent of acres","No specific size","Northern Great Plains","United States",1996,61,"Base survey of 1996"
"Corn","Production practices","Dryland","percent of acres","No specific size","Northern Great Plains","United States",1997,61,"Base survey of 1996"
"Corn","Production practices","Dryland","percent of acres","No specific size","Northern Great Plains","United States",1998,61,"Base survey of 1996"
"Corn","Production practices","Dryland","percent of acres","No specific size","Northern Great Plains","United States",1999,61,"Base survey of 1996"
"Corn","Production practices","Dryland","percent of acres","No specific size","Northern Great Plains","United States",2000,61,"Base survey of 1996"
"Corn","Production practices","Dryland","percent of acres","No specific size","Northern Great Plains","United States",2001,72,"Base survey of 2001"
"Corn","Production practices","Dryland","percent of acres","No specific size","Northern Great Plains","United States",2002,72,"Base survey of 2001"
"Corn","Production practices","Dryland","percent of acres","No specific size","Northern Great Plains","United States",2003,72,"Base survey of 2001"
"Corn","Production practices","Dryland","percent of acres","No specific size","Northern Great Plains","United States",2004,72,"Base survey of 2001"
"Corn","Production practices","Dryland","percent of acres","No specific size","Northern Great Plains","United States",2005,79,"Base survey of 2005"
"Corn","Production practices","Dryland","percent of acres","No specific size","Northern Great Plains","United States",2006,79,"Base survey of 2005"
"Corn","Production practices","Dryland","percent of acres","No specific size","Northern Great Plains","United States",2007,79,"Base survey of 2005"
"Corn","Production practices","Dryland","percent of acres","No specific size","Northern Great Plains","United States",2008,79,"Base survey of 2005"
"Corn","Production practices","Dryland","percent of acres","No specific size","Northern Great Plains","United States",2009,79,"Base survey of 2005"
"Corn","Production practices","Dryland","percent of acres","No specific size","Northern Great Plains","United States",2010,81,"Base survey of 2010"
"Corn","Production practices","Dryland","percent of acres","No specific size","Northern Great Plains","United States",2011,81,"Base survey of 2010"
"Corn","Production practices","Dryland","percent of acres","No specific size","Northern Great Plains","United States",2012,81,"Base survey of 2010"
"Corn","Production practices","Dryland","percent of acres","No specific size","Northern Great Plains","United States",2013,81,"Base survey of 2010"
"Corn","Production practices","Dryland","percent of acres","No specific size","Northern Great Plains","United States",2014,81,"Base survey of 2010"
"Corn","Production practices","Dryland","percent of acres","No specific size","Northern Great Plains","United States",2015,81,"Base survey of 2010"
"Corn","Production practices","Dryland","percent of acres","No specific size","Northern Great Plains","United States",2016,90,"Base survey of 2016"
"Corn","Production practices","Dryland","percent of acres","No specific size","Northern Great Plains","United States",2017,90,"Base survey of 2016"
"Corn","Production practices","Dryland","percent of acres","No specific size","Northern Great Plains","United States",2018,89,"Base survey of 2016"
"Corn","Production practices","Dryland","percent of acres","No specific size","Northern Great Plains","United States",2019,89,"Base survey of 2016"
"Corn","Production practices","Dryland","percent of acres","No specific size","Northern Great Plains","United States",2020,86,"Base survey of 2016"
"Corn","Production practices","Dryland","percent of acres","No specific size","Northern Great Plains","United States",2021,89,"Base survey of 2021"
"Corn","Production practices","Dryland","percent of acres","No specific size","Northern Great Plains","United States",2022,88,"Base survey of 2021"
"Corn","Production practices","Dryland","percent of acres","No specific size","Northern Great Plains","United States",2023,89,"Base survey of 2021"
"Corn","Production practices","Dryland","percent of acres","No specific size","Northern Great Plains","United States",2024,89,"Base survey of 2021"
"Corn","Production practices","Dryland","percent of acres","No specific size","Prairie Gateway","United States",1996,23,"Base survey of 1996"
"Corn","Production practices","Dryland","percent of acres","No specific size","Prairie Gateway","United States",1997,23,"Base survey of 1996"
"Corn","Production practices","Dryland","percent of acres","No specific size","Prairie Gateway","United States",1998,23,"Base survey of 1996"
"Corn","Production practices","Dryland","percent of acres","No specific size","Prairie Gateway","United States",1999,23,"Base survey of 1996"
"Corn","Production practices","Dryland","percent of acres","No specific size","Prairie Gateway","United States",2000,23,"Base survey of 1996"
"Corn","Production practices","Dryland","percent of acres","No specific size","Prairie Gateway","United States",2001,39,"Base survey of 2001"
"Corn","Production practices","Dryland","percent of acres","No specific size","Prairie Gateway","United States",2002,39,"Base survey of 2001"
"Corn","Production practices","Dryland","percent of acres","No specific size","Prairie Gateway","United States",2003,39,"Base survey of 2001"
"Corn","Production practices","Dryland","percent of acres","No specific size","Prairie Gateway","United States",2004,39,"Base survey of 2001"
"Corn","Production practices","Dryland","percent of acres","No specific size","Prairie Gateway","United States",2005,52,"Base survey of 2005"
"Corn","Production practices","Dryland","percent of acres","No specific size","Prairie Gateway","United States",2006,52,"Base survey of 2005"
"Corn","Production practices","Dryland","percent of acres","No specific size","Prairie Gateway","United States",2007,52,"Base survey of 2005"
"Corn","Production practices","Dryland","percent of acres","No specific size","Prairie Gateway","United States",2008,52,"Base survey of 2005"
"Corn","Production practices","Dryland","percent of acres","No specific size","Prairie Gateway","United States",2009,52,"Base survey of 2005"
"Corn","Production practices","Dryland","percent of acres","No specific size","Prairie Gateway","United States",2010,57,"Base survey of 2010"
"Corn","Production practices","Dryland","percent of acres","No specific size","Prairie Gateway","United States",2011,57,"Base survey of 2010"
"Corn","Production practices","Dryland","percent of acres","No specific size","Prairie Gateway","United States",2012,57,"Base survey of 2010"
"Corn","Production practices","Dryland","percent of acres","No specific size","Prairie Gateway","United States",2013,57,"Base survey of 2010"
"Corn","Production practices","Dryland","percent of acres","No specific size","Prairie Gateway","United States",2014,57,"Base survey of 2010"
"Corn","Production practices","Dryland","percent of acres","No specific size","Prairie Gateway","United States",2015,57,"Base survey of 2010"
"Corn","Production practices","Dryland","percent of acres","No specific size","Prairie Gateway","United States",2016,61,"Base survey of 2016"
"Corn","Production practices","Dryland","percent of acres","No specific size","Prairie Gateway","United States",2017,61,"Base survey of 2016"
"Corn","Production practices","Dryland","percent of acres","No specific size","Prairie Gateway","United States",2018,61,"Base survey of 2016"
"Corn","Production practices","Dryland","percent of acres","No specific size","Prairie Gateway","United States",2019,62,"Base survey of 2016"
"Corn","Production practices","Dryland","percent of acres","No specific size","Prairie Gateway","United States",2020,62,"Base survey of 2016"
"Corn","Production practices","Dryland","percent of acres","No specific size","Prairie Gateway","United States",2021,73,"Base survey of 2021"
"Corn","Production practices","Dryland","percent of acres","No specific size","Prairie Gateway","United States",2022,73,"Base survey of 2021"
"Corn","Production practices","Dryland","percent of acres","No specific size","Prairie Gateway","United States",2023,73,"Base survey of 2021"
"Corn","Production practices","Dryland","percent of acres","No specific size","Prairie Gateway","United States",2024,74,"Base survey of 2021"
"Corn","Production practices","Dryland","percent of acres","No specific size","Eastern Uplands","United States",2001,99,"Base survey of 2001"
"Corn","Production practices","Dryland","percent of acres","No specific size","Eastern Uplands","United States",2002,99,"Base survey of 2001"
"Corn","Production practices","Dryland","percent of acres","No specific size","Eastern Uplands","United States",2003,99,"Base survey of 2001"
"Corn","Production practices","Dryland","percent of acres","No specific size","Eastern Uplands","United States",2004,99,"Base survey of 2001"
"Corn","Production practices","Dryland","percent of acres","No specific size","Eastern Uplands","United States",2005,98,"Base survey of 2005"
"Corn","Production practices","Dryland","percent of acres","No specific size","Eastern Uplands","United States",2006,98,"Base survey of 2005"
"Corn","Production practices","Dryland","percent of acres","No specific size","Eastern Uplands","United States",2007,98,"Base survey of 2005"
"Corn","Production practices","Dryland","percent of acres","No specific size","Eastern Uplands","United States",2008,98,"Base survey of 2005"
"Corn","Production practices","Dryland","percent of acres","No specific size","Eastern Uplands","United States",2009,98,"Base survey of 2005"
"Corn","Production practices","Dryland","percent of acres","No specific size","Eastern Uplands","United States",2010,100,"Base survey of 2010"
"Corn","Production practices","Dryland","percent of acres","No specific size","Eastern Uplands","United States",2011,100,"Base survey of 2010"
"Corn","Production practices","Dryland","percent of acres","No specific size","Eastern Uplands","United States",2012,100,"Base survey of 2010"
"Corn","Production practices","Dryland","percent of acres","No specific size","Eastern Uplands","United States",2013,100,"Base survey of 2010"
"Corn","Production practices","Dryland","percent of acres","No specific size","Eastern Uplands","United States",2014,100,"Base survey of 2010"
"Corn","Production practices","Dryland","percent of acres","No specific size","Eastern Uplands","United States",2015,100,"Base survey of 2010"
"Corn","Production practices","Dryland","percent of acres","No specific size","Eastern Uplands","United States",2016,100,"Base survey of 2016"
"Corn","Production practices","Dryland","percent of acres","No specific size","Eastern Uplands","United States",2017,100,"Base survey of 2016"
"Corn","Production practices","Dryland","percent of acres","No specific size","Eastern Uplands","United States",2018,100,"Base survey of 2016"
"Corn","Production practices","Dryland","percent of acres","No specific size","Eastern Uplands","United States",2019,100,"Base survey of 2016"
"Corn","Production practices","Dryland","percent of acres","No specific size","Eastern Uplands","United States",2020,100,"Base survey of 2016"
"Corn","Production practices","Dryland","percent of acres","No specific size","Eastern Uplands","United States",2021,100,"Base survey of 2021"
"Corn","Production practices","Dryland","percent of acres","No specific size","Eastern Uplands","United States",2022,100,"Base survey of 2021"
"Corn","Production practices","Dryland","percent of acres","No specific size","Eastern Uplands","United States",2023,100,"Base survey of 2021"
"Corn","Production practices","Dryland","percent of acres","No specific size","Eastern Uplands","United States",2024,100,"Base survey of 2021"
"Corn","Production practices","Dryland","percent of acres","No specific size","Southern Seaboard","United States",1996,100,"Base survey of 1996"
"Corn","Production practices","Dryland","percent of acres","No specific size","Southern Seaboard","United States",1997,100,"Base survey of 1996"
"Corn","Production practices","Dryland","percent of acres","No specific size","Southern Seaboard","United States",1998,100,"Base survey of 1996"
"Corn","Production practices","Dryland","percent of acres","No specific size","Southern Seaboard","United States",1999,100,"Base survey of 1996"
"Corn","Production practices","Dryland","percent of acres","No specific size","Southern Seaboard","United States",2000,100,"Base survey of 1996"
"Corn","Production practices","Dryland","percent of acres","No specific size","Southern Seaboard","United States",2001,79,"Base survey of 2001"
"Corn","Production practices","Dryland","percent of acres","No specific size","Southern Seaboard","United States",2002,79,"Base survey of 2001"
"Corn","Production practices","Dryland","percent of acres","No specific size","Southern Seaboard","United States",2003,79,"Base survey of 2001"
"Corn","Production practices","Dryland","percent of acres","No specific size","Southern Seaboard","United States",2004,79,"Base survey of 2001"
"Corn","Production practices","Dryland","percent of acres","No specific size","Southern Seaboard","United States",2005,87,"Base survey of 2005"
"Corn","Production practices","Dryland","percent of acres","No specific size","Southern Seaboard","United States",2006,87,"Base survey of 2005"
"Corn","Production practices","Dryland","percent of acres","No specific size","Southern Seaboard","United States",2007,87,"Base survey of 2005"
"Corn","Production practices","Dryland","percent of acres","No specific size","Southern Seaboard","United States",2008,87,"Base survey of 2005"
"Corn","Production practices","Dryland","percent of acres","No specific size","Southern Seaboard","United States",2009,87,"Base survey of 2005"
"Corn","Production practices","Dryland","percent of acres","No specific size","Southern Seaboard","United States",2010,85,"Base survey of 2010"
"Corn","Production practices","Dryland","percent of acres","No specific size","Southern Seaboard","United States",2011,85,"Base survey of 2010"
"Corn","Production practices","Dryland","percent of acres","No specific size","Southern Seaboard","United States",2012,85,"Base survey of 2010"
"Corn","Production practices","Dryland","percent of acres","No specific size","Southern Seaboard","United States",2013,85,"Base survey of 2010"
"Corn","Production practices","Dryland","percent of acres","No specific size","Southern Seaboard","United States",2014,85,"Base survey of 2010"
"Corn","Production practices","Dryland","percent of acres","No specific size","Southern Seaboard","United States",2015,85,"Base survey of 2010"
"Corn","Production practices","Dryland","percent of acres","No specific size","Southern Seaboard","United States",2016,82,"Base survey of 2016"
"Corn","Production practices","Dryland","percent of acres","No specific size","Southern Seaboard","United States",2017,84,"Base survey of 2016"
"Corn","Production practices","Dryland","percent of acres","No specific size","Southern Seaboard","United States",2018,83,"Base survey of 2016"
"Corn","Production practices","Dryland","percent of acres","No specific size","Southern Seaboard","United States",2019,82,"Base survey of 2016"
"Corn","Production practices","Dryland","percent of acres","No specific size","Southern Seaboard","United States",2020,81,"Base survey of 2016"
"Corn","Production practices","Dryland","percent of acres","No specific size","Southern Seaboard","United States",2021,86,"Base survey of 2021"
"Corn","Production practices","Dryland","percent of acres","No specific size","Southern Seaboard","United States",2022,86,"Base survey of 2021"
"Corn","Production practices","Dryland","percent of acres","No specific size","Southern Seaboard","United States",2023,86,"Base survey of 2021"
"Corn","Production practices","Dryland","percent of acres","No specific size","Southern Seaboard","United States",2024,87,"Base survey of 2021"
"Corn","Production practices","Irrigated","percent of acres","No specific size","U.S. total","United States",1996,15,"Base survey of 1996"
"Corn","Production practices","Irrigated","percent of acres","No specific size","U.S. total","United States",1997,15,"Base survey of 1996"
"Corn","Production practices","Irrigated","percent of acres","No specific size","U.S. total","United States",1998,15,"Base survey of 1996"
"Corn","Production practices","Irrigated","percent of acres","No specific size","U.S. total","United States",1999,15,"Base survey of 1996"
"Corn","Production practices","Irrigated","percent of acres","No specific size","U.S. total","United States",2000,15,"Base survey of 1996"
"Corn","Production practices","Irrigated","percent of acres","No specific size","U.S. total","United States",2001,14,"Base survey of 2001"
"Corn","Production practices","Irrigated","percent of acres","No specific size","U.S. total","United States",2002,14,"Base survey of 2001"
"Corn","Production practices","Irrigated","percent of acres","No specific size","U.S. total","United States",2003,14,"Base survey of 2001"
"Corn","Production practices","Irrigated","percent of acres","No specific size","U.S. total","United States",2004,14,"Base survey of 2001"
"Corn","Production practices","Irrigated","percent of acres","No specific size","U.S. total","United States",2005,12,"Base survey of 2005"
"Corn","Production practices","Irrigated","percent of acres","No specific size","U.S. total","United States",2006,12,"Base survey of 2005"
"Corn","Production practices","Irrigated","percent of acres","No specific size","U.S. total","United States",2007,12,"Base survey of 2005"
"Corn","Production practices","Irrigated","percent of acres","No specific size","U.S. total","United States",2008,12,"Base survey of 2005"
"Corn","Production practices","Irrigated","percent of acres","No specific size","U.S. total","United States",2009,12,"Base survey of 2005"
"Corn","Production practices","Irrigated","percent of acres","No specific size","U.S. total","United States",2010,11,"Base survey of 2010"
"Corn","Production practices","Irrigated","percent of acres","No specific size","U.S. total","United States",2011,11,"Base survey of 2010"
"Corn","Production practices","Irrigated","percent of acres","No specific size","U.S. total","United States",2012,11,"Base survey of 2010"
"Corn","Production practices","Irrigated","percent of acres","No specific size","U.S. total","United States",2013,11,"Base survey of 2010"
"Corn","Production practices","Irrigated","percent of acres","No specific size","U.S. total","United States",2014,11,"Base survey of 2010"
"Corn","Production practices","Irrigated","percent of acres","No specific size","U.S. total","United States",2015,11,"Base survey of 2010"
"Corn","Production practices","Irrigated","percent of acres","No specific size","U.S. total","United States",2016,11,"Base survey of 2016"
"Corn","Production practices","Irrigated","percent of acres","No specific size","U.S. total","United States",2017,11,"Base survey of 2016"
"Corn","Production practices","Irrigated","percent of acres","No specific size","U.S. total","United States",2018,11,"Base survey of 2016"
"Corn","Production practices","Irrigated","percent of acres","No specific size","U.S. total","United States",2019,12,"Base survey of 2016"
"Corn","Production practices","Irrigated","percent of acres","No specific size","U.S. total","United States",2020,12,"Base survey of 2016"
"Corn","Production practices","Irrigated","percent of acres","No specific size","U.S. total","United States",2021,10,"Base survey of 2021"
"Corn","Production practices","Irrigated","percent of acres","No specific size","U.S. total","United States",2022,10,"Base survey of 2021"
"Corn","Production practices","Irrigated","percent of acres","No specific size","U.S. total","United States",2023,10,"Base survey of 2021"
"Corn","Production practices","Irrigated","percent of acres","No specific size","U.S. total","United States",2024,10,"Base survey of 2021"
"Corn","Production practices","Irrigated","percent of acres","No specific size","Heartland","United States",1996,6,"Base survey of 1996"
"Corn","Production practices","Irrigated","percent of acres","No specific size","Heartland","United States",1997,6,"Base survey of 1996"
"Corn","Production practices","Irrigated","percent of acres","No specific size","Heartland","United States",1998,6,"Base survey of 1996"
"Corn","Production practices","Irrigated","percent of acres","No specific size","Heartland","United States",1999,6,"Base survey of 1996"
"Corn","Production practices","Irrigated","percent of acres","No specific size","Heartland","United States",2000,6,"Base survey of 1996"
"Corn","Production practices","Irrigated","percent of acres","No specific size","Heartland","United States",2001,5,"Base survey of 2001"
"Corn","Production practices","Irrigated","percent of acres","No specific size","Heartland","United States",2002,5,"Base survey of 2001"
"Corn","Production practices","Irrigated","percent of acres","No specific size","Heartland","United States",2003,5,"Base survey of 2001"
"Corn","Production practices","Irrigated","percent of acres","No specific size","Heartland","United States",2004,5,"Base survey of 2001"
"Corn","Production practices","Irrigated","percent of acres","No specific size","Heartland","United States",2005,5,"Base survey of 2005"
"Corn","Production practices","Irrigated","percent of acres","No specific size","Heartland","United States",2006,5,"Base survey of 2005"
"Corn","Production practices","Irrigated","percent of acres","No specific size","Heartland","United States",2007,5,"Base survey of 2005"
"Corn","Production practices","Irrigated","percent of acres","No specific size","Heartland","United States",2008,5,"Base survey of 2005"
"Corn","Production practices","Irrigated","percent of acres","No specific size","Heartland","United States",2009,5,"Base survey of 2005"
"Corn","Production practices","Irrigated","percent of acres","No specific size","Heartland","United States",2010,5,"Base survey of 2010"
"Corn","Production practices","Irrigated","percent of acres","No specific size","Heartland","United States",2011,5,"Base survey of 2010"
"Corn","Production practices","Irrigated","percent of acres","No specific size","Heartland","United States",2012,5,"Base survey of 2010"
"Corn","Production practices","Irrigated","percent of acres","No specific size","Heartland","United States",2013,5,"Base survey of 2010"
"Corn","Production practices","Irrigated","percent of acres","No specific size","Heartland","United States",2014,5,"Base survey of 2010"
"Corn","Production practices","Irrigated","percent of acres","No specific size","Heartland","United States",2015,5,"Base survey of 2010"
"Corn","Production practices","Irrigated","percent of acres","No specific size","Heartland","United States",2016,6,"Base survey of 2016"
"Corn","Production practices","Irrigated","percent of acres","No specific size","Heartland","United States",2017,6,"Base survey of 2016"
"Corn","Production practices","Irrigated","percent of acres","No specific size","Heartland","United States",2018,7,"Base survey of 2016"
"Corn","Production practices","Irrigated","percent of acres","No specific size","Heartland","United States",2019,7,"Base survey of 2016"
"Corn","Production practices","Irrigated","percent of acres","No specific size","Heartland","United States",2020,7,"Base survey of 2016"
"Corn","Production practices","Irrigated","percent of acres","No specific size","Heartland","United States",2021,5,"Base survey of 2021"
"Corn","Production practices","Irrigated","percent of acres","No specific size","Heartland","United States",2022,5,"Base survey of 2021"
"Corn","Production practices","Irrigated","percent of acres","No specific size","Heartland","United States",2023,5,"Base survey of 2021"
"Corn","Production practices","Irrigated","percent of acres","No specific size","Heartland","United States",2024,5,"Base survey of 2021"
"Corn","Production practices","Irrigated","percent of acres","No specific size","Northern Crescent","United States",1996,2,"Base survey of 1996"
"Corn","Production practices","Irrigated","percent of acres","No specific size","Northern Crescent","United States",1997,2,"Base survey of 1996"
"Corn","Production practices","Irrigated","percent of acres","No specific size","Northern Crescent","United States",1998,2,"Base survey of 1996"
"Corn","Production practices","Irrigated","percent of acres","No specific size","Northern Crescent","United States",1999,2,"Base survey of 1996"
"Corn","Production practices","Irrigated","percent of acres","No specific size","Northern Crescent","United States",2000,2,"Base survey of 1996"
"Corn","Production practices","Irrigated","percent of acres","No specific size","Northern Crescent","United States",2001,4,"Base survey of 2001"
"Corn","Production practices","Irrigated","percent of acres","No specific size","Northern Crescent","United States",2002,4,"Base survey of 2001"
"Corn","Production practices","Irrigated","percent of acres","No specific size","Northern Crescent","United States",2003,4,"Base survey of 2001"
"Corn","Production practices","Irrigated","percent of acres","No specific size","Northern Crescent","United States",2004,4,"Base survey of 2001"
"Corn","Production practices","Irrigated","percent of acres","No specific size","Northern Crescent","United States",2005,5,"Base survey of 2005"
"Corn","Production practices","Irrigated","percent of acres","No specific size","Northern Crescent","United States",2006,5,"Base survey of 2005"
"Corn","Production practices","Irrigated","percent of acres","No specific size","Northern Crescent","United States",2007,5,"Base survey of 2005"
"Corn","Production practices","Irrigated","percent of acres","No specific size","Northern Crescent","United States",2008,5,"Base survey of 2005"
"Corn","Production practices","Irrigated","percent of acres","No specific size","Northern Crescent","United States",2009,5,"Base survey of 2005"
"Corn","Production practices","Irrigated","percent of acres","No specific size","Northern Crescent","United States",2010,0,"Base survey of 2010"
"Corn","Production practices","Irrigated","percent of acres","No specific size","Northern Crescent","United States",2011,0,"Base survey of 2010"
"Corn","Production practices","Irrigated","percent of acres","No specific size","Northern Crescent","United States",2012,0,"Base survey of 2010"
"Corn","Production practices","Irrigated","percent of acres","No specific size","Northern Crescent","United States",2013,0,"Base survey of 2010"
"Corn","Production practices","Irrigated","percent of acres","No specific size","Northern Crescent","United States",2014,0,"Base survey of 2010"
"Corn","Production practices","Irrigated","percent of acres","No specific size","Northern Crescent","United States",2015,0,"Base survey of 2010"
"Corn","Production practices","Irrigated","percent of acres","No specific size","Northern Crescent","United States",2016,2,"Base survey of 2016"
"Corn","Production practices","Irrigated","percent of acres","No specific size","Northern Crescent","United States",2017,2,"Base survey of 2016"
"Corn","Production practices","Irrigated","percent of acres","No specific size","Northern Crescent","United States",2018,2,"Base survey of 2016"
"Corn","Production practices","Irrigated","percent of acres","No specific size","Northern Crescent","United States",2019,2,"Base survey of 2016"
"Corn","Production practices","Irrigated","percent of acres","No specific size","Northern Crescent","United States",2020,2,"Base survey of 2016"
"Corn","Production practices","Irrigated","percent of acres","No specific size","Northern Crescent","United States",2021,5,"Base survey of 2021"
"Corn","Production practices","Irrigated","percent of acres","No specific size","Northern Crescent","United States",2022,5,"Base survey of 2021"
"Corn","Production practices","Irrigated","percent of acres","No specific size","Northern Crescent","United States",2023,5,"Base survey of 2021"
"Corn","Production practices","Irrigated","percent of acres","No specific size","Northern Crescent","United States",2024,5,"Base survey of 2021"
"Corn","Production practices","Irrigated","percent of acres","No specific size","Northern Great Plains","United States",1996,39,"Base survey of 1996"
"Corn","Production practices","Irrigated","percent of acres","No specific size","Northern Great Plains","United States",1997,39,"Base survey of 1996"
"Corn","Production practices","Irrigated","percent of acres","No specific size","Northern Great Plains","United States",1998,39,"Base survey of 1996"
"Corn","Production practices","Irrigated","percent of acres","No specific size","Northern Great Plains","United States",1999,39,"Base survey of 1996"
"Corn","Production practices","Irrigated","percent of acres","No specific size","Northern Great Plains","United States",2000,39,"Base survey of 1996"
"Corn","Production practices","Irrigated","percent of acres","No specific size","Northern Great Plains","United States",2001,28,"Base survey of 2001"
"Corn","Production practices","Irrigated","percent of acres","No specific size","Northern Great Plains","United States",2002,28,"Base survey of 2001"
"Corn","Production practices","Irrigated","percent of acres","No specific size","Northern Great Plains","United States",2003,28,"Base survey of 2001"
"Corn","Production practices","Irrigated","percent of acres","No specific size","Northern Great Plains","United States",2004,28,"Base survey of 2001"
"Corn","Production practices","Irrigated","percent of acres","No specific size","Northern Great Plains","United States",2005,21,"Base survey of 2005"
"Corn","Production practices","Irrigated","percent of acres","No specific size","Northern Great Plains","United States",2006,21,"Base survey of 2005"
"Corn","Production practices","Irrigated","percent of acres","No specific size","Northern Great Plains","United States",2007,21,"Base survey of 2005"
"Corn","Production practices","Irrigated","percent of acres","No specific size","Northern Great Plains","United States",2008,21,"Base survey of 2005"
"Corn","Production practices","Irrigated","percent of acres","No specific size","Northern Great Plains","United States",2009,21,"Base survey of 2005"
"Corn","Production practices","Irrigated","percent of acres","No specific size","Northern Great Plains","United States",2010,19,"Base survey of 2010"
"Corn","Production practices","Irrigated","percent of acres","No specific size","Northern Great Plains","United States",2011,19,"Base survey of 2010"
"Corn","Production practices","Irrigated","percent of acres","No specific size","Northern Great Plains","United States",2012,19,"Base survey of 2010"
"Corn","Production practices","Irrigated","percent of acres","No specific size","Northern Great Plains","United States",2013,19,"Base survey of 2010"
"Corn","Production practices","Irrigated","percent of acres","No specific size","Northern Great Plains","United States",2014,19,"Base survey of 2010"
"Corn","Production practices","Irrigated","percent of acres","No specific size","Northern Great Plains","United States",2015,19,"Base survey of 2010"
"Corn","Production practices","Irrigated","percent of acres","No specific size","Northern Great Plains","United States",2016,10,"Base survey of 2016"
"Corn","Production practices","Irrigated","percent of acres","No specific size","Northern Great Plains","United States",2017,10,"Base survey of 2016"
"Corn","Production practices","Irrigated","percent of acres","No specific size","Northern Great Plains","United States",2018,11,"Base survey of 2016"
"Corn","Production practices","Irrigated","percent of acres","No specific size","Northern Great Plains","United States",2019,11,"Base survey of 2016"
"Corn","Production practices","Irrigated","percent of acres","No specific size","Northern Great Plains","United States",2020,14,"Base survey of 2016"
"Corn","Production practices","Irrigated","percent of acres","No specific size","Northern Great Plains","United States",2021,11,"Base survey of 2021"
"Corn","Production practices","Irrigated","percent of acres","No specific size","Northern Great Plains","United States",2022,12,"Base survey of 2021"
"Corn","Production practices","Irrigated","percent of acres","No specific size","Northern Great Plains","United States",2023,11,"Base survey of 2021"
"Corn","Production practices","Irrigated","percent of acres","No specific size","Northern Great Plains","United States",2024,11,"Base survey of 2021"
"Corn","Production practices","Irrigated","percent of acres","No specific size","Prairie Gateway","United States",1996,77,"Base survey of 1996"
"Corn","Production practices","Irrigated","percent of acres","No specific size","Prairie Gateway","United States",1997,77,"Base survey of 1996"
"Corn","Production practices","Irrigated","percent of acres","No specific size","Prairie Gateway","United States",1998,77,"Base survey of 1996"
"Corn","Production practices","Irrigated","percent of acres","No specific size","Prairie Gateway","United States",1999,77,"Base survey of 1996"
"Corn","Production practices","Irrigated","percent of acres","No specific size","Prairie Gateway","United States",2000,77,"Base survey of 1996"
"Corn","Production practices","Irrigated","percent of acres","No specific size","Prairie Gateway","United States",2001,61,"Base survey of 2001"
"Corn","Production practices","Irrigated","percent of acres","No specific size","Prairie Gateway","United States",2002,61,"Base survey of 2001"
"Corn","Production practices","Irrigated","percent of acres","No specific size","Prairie Gateway","United States",2003,61,"Base survey of 2001"
"Corn","Production practices","Irrigated","percent of acres","No specific size","Prairie Gateway","United States",2004,61,"Base survey of 2001"
"Corn","Production practices","Irrigated","percent of acres","No specific size","Prairie Gateway","United States",2005,48,"Base survey of 2005"
"Corn","Production practices","Irrigated","percent of acres","No specific size","Prairie Gateway","United States",2006,48,"Base survey of 2005"
"Corn","Production practices","Irrigated","percent of acres","No specific size","Prairie Gateway","United States",2007,48,"Base survey of 2005"
"Corn","Production practices","Irrigated","percent of acres","No specific size","Prairie Gateway","United States",2008,48,"Base survey of 2005"
"Corn","Production practices","Irrigated","percent of acres","No specific size","Prairie Gateway","United States",2009,48,"Base survey of 2005"
"Corn","Production practices","Irrigated","percent of acres","No specific size","Prairie Gateway","United States",2010,43,"Base survey of 2010"
"Corn","Production practices","Irrigated","percent of acres","No specific size","Prairie Gateway","United States",2011,43,"Base survey of 2010"
"Corn","Production practices","Irrigated","percent of acres","No specific size","Prairie Gateway","United States",2012,43,"Base survey of 2010"
"Corn","Production practices","Irrigated","percent of acres","No specific size","Prairie Gateway","United States",2013,43,"Base survey of 2010"
"Corn","Production practices","Irrigated","percent of acres","No specific size","Prairie Gateway","United States",2014,43,"Base survey of 2010"
"Corn","Production practices","Irrigated","percent of acres","No specific size","Prairie Gateway","United States",2015,43,"Base survey of 2010"
"Corn","Production practices","Irrigated","percent of acres","No specific size","Prairie Gateway","United States",2016,39,"Base survey of 2016"
"Corn","Production practices","Irrigated","percent of acres","No specific size","Prairie Gateway","United States",2017,39,"Base survey of 2016"
"Corn","Production practices","Irrigated","percent of acres","No specific size","Prairie Gateway","United States",2018,39,"Base survey of 2016"
"Corn","Production practices","Irrigated","percent of acres","No specific size","Prairie Gateway","United States",2019,38,"Base survey of 2016"
"Corn","Production practices","Irrigated","percent of acres","No specific size","Prairie Gateway","United States",2020,38,"Base survey of 2016"
"Corn","Production practices","Irrigated","percent of acres","No specific size","Prairie Gateway","United States",2021,27,"Base survey of 2021"
"Corn","Production practices","Irrigated","percent of acres","No specific size","Prairie Gateway","United States",2022,27,"Base survey of 2021"
"Corn","Production practices","Irrigated","percent of acres","No specific size","Prairie Gateway","United States",2023,27,"Base survey of 2021"
"Corn","Production practices","Irrigated","percent of acres","No specific size","Prairie Gateway","United States",2024,26,"Base survey of 2021"
"Corn","Production practices","Irrigated","percent of acres","No specific size","Eastern Uplands","United States",1996,0,"Base survey of 1996"
"Corn","Production practices","Irrigated","percent of acres","No specific size","Eastern Uplands","United States",1997,0,"Base survey of 1996"
"Corn","Production practices","Irrigated","percent of acres","No specific size","Eastern Uplands","United States",1998,0,"Base survey of 1996"
"Corn","Production practices","Irrigated","percent of acres","No specific size","Eastern Uplands","United States",1999,0,"Base survey of 1996"
"Corn","Production practices","Irrigated","percent of acres","No specific size","Eastern Uplands","United States",2000,0,"Base survey of 1996"
"Corn","Production practices","Irrigated","percent of acres","No specific size","Eastern Uplands","United States",2001,1,"Base survey of 2001"
"Corn","Production practices","Irrigated","percent of acres","No specific size","Eastern Uplands","United States",2002,1,"Base survey of 2001"
"Corn","Production practices","Irrigated","percent of acres","No specific size","Eastern Uplands","United States",2003,1,"Base survey of 2001"
"Corn","Production practices","Irrigated","percent of acres","No specific size","Eastern Uplands","United States",2004,1,"Base survey of 2001"
"Corn","Production practices","Irrigated","percent of acres","No specific size","Eastern Uplands","United States",2005,2,"Base survey of 2005"
"Corn","Production practices","Irrigated","percent of acres","No specific size","Eastern Uplands","United States",2006,2,"Base survey of 2005"
"Corn","Production practices","Irrigated","percent of acres","No specific size","Eastern Uplands","United States",2007,2,"Base survey of 2005"
"Corn","Production practices","Irrigated","percent of acres","No specific size","Eastern Uplands","United States",2008,2,"Base survey of 2005"
"Corn","Production practices","Irrigated","percent of acres","No specific size","Eastern Uplands","United States",2009,2,"Base survey of 2005"
"Corn","Production practices","Irrigated","percent of acres","No specific size","Eastern Uplands","United States",2010,0,"Base survey of 2010"
"Corn","Production practices","Irrigated","percent of acres","No specific size","Eastern Uplands","United States",2011,0,"Base survey of 2010"
"Corn","Production practices","Irrigated","percent of acres","No specific size","Eastern Uplands","United States",2012,0,"Base survey of 2010"
"Corn","Production practices","Irrigated","percent of acres","No specific size","Eastern Uplands","United States",2013,0,"Base survey of 2010"
"Corn","Production practices","Irrigated","percent of acres","No specific size","Eastern Uplands","United States",2014,0,"Base survey of 2010"
"Corn","Production practices","Irrigated","percent of acres","No specific size","Eastern Uplands","United States",2015,0,"Base survey of 2010"
"Corn","Production practices","Irrigated","percent of acres","No specific size","Eastern Uplands","United States",2016,0,"Base survey of 2016"
"Corn","Production practices","Irrigated","percent of acres","No specific size","Eastern Uplands","United States",2017,0,"Base survey of 2016"
"Corn","Production practices","Irrigated","percent of acres","No specific size","Eastern Uplands","United States",2018,0,"Base survey of 2016"
"Corn","Production practices","Irrigated","percent of acres","No specific size","Eastern Uplands","United States",2019,0,"Base survey of 2016"
"Corn","Production practices","Irrigated","percent of acres","No specific size","Eastern Uplands","United States",2020,0,"Base survey of 2016"
"Corn","Production practices","Irrigated","percent of acres","No specific size","Eastern Uplands","United States",2021,0,"Base survey of 2021"
"Corn","Production practices","Irrigated","percent of acres","No specific size","Eastern Uplands","United States",2022,0,"Base survey of 2021"
"Corn","Production practices","Irrigated","percent of acres","No specific size","Eastern Uplands","United States",2023,0,"Base survey of 2021"
"Corn","Production practices","Irrigated","percent of acres","No specific size","Eastern Uplands","United States",2024,0,"Base survey of 2021"
"Corn","Production practices","Irrigated","percent of acres","No specific size","Southern Seaboard","United States",1996,0,"Base survey of 1996"
"Corn","Production practices","Irrigated","percent of acres","No specific size","Southern Seaboard","United States",1997,0,"Base survey of 1996"
"Corn","Production practices","Irrigated","percent of acres","No specific size","Southern Seaboard","United States",1998,0,"Base survey of 1996"
"Corn","Production practices","Irrigated","percent of acres","No specific size","Southern Seaboard","United States",1999,0,"Base survey of 1996"
"Corn","Production practices","Irrigated","percent of acres","No specific size","Southern Seaboard","United States",2000,0,"Base survey of 1996"
"Corn","Production practices","Irrigated","percent of acres","No specific size","Southern Seaboard","United States",2001,21,"Base survey of 2001"
"Corn","Production practices","Irrigated","percent of acres","No specific size","Southern Seaboard","United States",2002,21,"Base survey of 2001"
"Corn","Production practices","Irrigated","percent of acres","No specific size","Southern Seaboard","United States",2003,21,"Base survey of 2001"
"Corn","Production practices","Irrigated","percent of acres","No specific size","Southern Seaboard","United States",2004,21,"Base survey of 2001"
"Corn","Production practices","Irrigated","percent of acres","No specific size","Southern Seaboard","United States",2005,13,"Base survey of 2005"
"Corn","Production practices","Irrigated","percent of acres","No specific size","Southern Seaboard","United States",2006,13,"Base survey of 2005"
"Corn","Production practices","Irrigated","percent of acres","No specific size","Southern Seaboard","United States",2007,13,"Base survey of 2005"
"Corn","Production practices","Irrigated","percent of acres","No specific size","Southern Seaboard","United States",2008,13,"Base survey of 2005"
"Corn","Production practices","Irrigated","percent of acres","No specific size","Southern Seaboard","United States",2009,13,"Base survey of 2005"
"Corn","Production practices","Irrigated","percent of acres","No specific size","Southern Seaboard","United States",2010,15,"Base survey of 2010"
"Corn","Production practices","Irrigated","percent of acres","No specific size","Southern Seaboard","United States",2011,15,"Base survey of 2010"
"Corn","Production practices","Irrigated","percent of acres","No specific size","Southern Seaboard","United States",2012,15,"Base survey of 2010"
"Corn","Production practices","Irrigated","percent of acres","No specific size","Southern Seaboard","United States",2013,15,"Base survey of 2010"
"Corn","Production practices","Irrigated","percent of acres","No specific size","Southern Seaboard","United States",2014,15,"Base survey of 2010"
"Corn","Production practices","Irrigated","percent of acres","No specific size","Southern Seaboard","United States",2015,15,"Base survey of 2010"
"Corn","Production practices","Irrigated","percent of acres","No specific size","Southern Seaboard","United States",2016,18,"Base survey of 2016"
"Corn","Production practices","Irrigated","percent of acres","No specific size","Southern Seaboard","United States",2017,16,"Base survey of 2016"
"Corn","Production practices","Irrigated","percent of acres","No specific size","Southern Seaboard","United States",2018,17,"Base survey of 2016"
"Corn","Production practices","Irrigated","percent of acres","No specific size","Southern Seaboard","United States",2019,18,"Base survey of 2016"
"Corn","Production practices","Irrigated","percent of acres","No specific size","Southern Seaboard","United States",2020,19,"Base survey of 2016"
"Corn","Production practices","Irrigated","percent of acres","No specific size","Southern Seaboard","United States",2021,14,"Base survey of 2021"
"Corn","Production practices","Irrigated","percent of acres","No specific size","Southern Seaboard","United States",2022,14,"Base survey of 2021"
"Corn","Production practices","Irrigated","percent of acres","No specific size","Southern Seaboard","United States",2023,14,"Base survey of 2021"
"Corn","Production practices","Irrigated","percent of acres","No specific size","Southern Seaboard","United States",2024,13,"Base survey of 2021"
"Corn","Operating costs","Custom services  ","dollars per planted acre","No specific size","Heartland","United States",2013,16.47,"Base survey of 2010"
"Corn","Operating costs","Custom services  ","dollars per planted acre","No specific size","Heartland","United States",2014,16.93,"Base survey of 2010"
"Corn","Operating costs","Custom services  ","dollars per planted acre","No specific size","Heartland","United States",2015,17.66,"Base survey of 2010"
"Corn","Operating costs","Custom services  ","dollars per planted acre","No specific size","Heartland","United States",2016,23.24,"Base survey of 2016"
"Corn","Operating costs","Custom services  ","dollars per planted acre","No specific size","Heartland","United States",2017,22.59,"Base survey of 2016"
"Corn","Operating costs","Custom services  ","dollars per planted acre","No specific size","Heartland","United States",2018,23.02,"Base survey of 2016"
"Corn","Operating costs","Custom services  ","dollars per planted acre","No specific size","Heartland","United States",2019,23.48,"Base survey of 2016"
"Corn","Operating costs","Custom services  ","dollars per planted acre","No specific size","Heartland","United States",2020,23.45,"Base survey of 2016"
"Corn","Operating costs","Custom services  ","dollars per planted acre","No specific size","Heartland","United States",2021,30.08,"Base survey of 2021"
"Corn","Operating costs","Custom services  ","dollars per planted acre","No specific size","Heartland","United States",2022,33.88,"Base survey of 2021"
"Corn","Operating costs","Custom services  ","dollars per planted acre","No specific size","Heartland","United States",2023,35.61,"Base survey of 2021"
"Corn","Operating costs","Custom services  ","dollars per planted acre","No specific size","Heartland","United States",2024,36.9,"Base survey of 2021"
"Corn","Operating costs","Custom services  ","dollars per planted acre","No specific size","Northern Crescent","United States",1996,9.33,"Base survey of 1996"
"Corn","Operating costs","Custom services  ","dollars per planted acre","No specific size","Northern Crescent","United States",1997,9.88,"Base survey of 1996"
"Corn","Operating costs","Custom services  ","dollars per planted acre","No specific size","Northern Crescent","United States",1998,9.76,"Base survey of 1996"
"Corn","Operating costs","Custom services  ","dollars per planted acre","No specific size","Northern Crescent","United States",1999,9.97,"Base survey of 1996"
"Corn","Operating costs","Custom services  ","dollars per planted acre","No specific size","Northern Crescent","United States",2000,9.84,"Base survey of 1996"
"Corn","Operating costs","Custom services  ","dollars per planted acre","No specific size","Northern Crescent","United States",2001,11.08,"Base survey of 2001"
"Corn","Operating costs","Custom services  ","dollars per planted acre","No specific size","Northern Crescent","United States",2002,11.47,"Base survey of 2001"
"Corn","Operating costs","Custom services  ","dollars per planted acre","No specific size","Northern Crescent","United States",2003,12.09,"Base survey of 2001"
"Corn","Operating costs","Custom services  ","dollars per planted acre","No specific size","Northern Crescent","United States",2004,12.43,"Base survey of 2001"
"Corn","Operating costs","Custom services  ","dollars per planted acre","No specific size","Northern Crescent","United States",2005,12.46,"Base survey of 2005"
"Corn","Operating costs","Custom services  ","dollars per planted acre","No specific size","Northern Crescent","United States",2006,13.03,"Base survey of 2005"
"Corn","Operating costs","Custom services  ","dollars per planted acre","No specific size","Northern Crescent","United States",2007,13.59,"Base survey of 2005"
"Corn","Operating costs","Custom services  ","dollars per planted acre","No specific size","Northern Crescent","United States",2008,13.59,"Base survey of 2005"
"Corn","Operating costs","Custom services  ","dollars per planted acre","No specific size","Northern Crescent","United States",2009,14.52,"Base survey of 2005"
"Corn","Operating costs","Custom services  ","dollars per planted acre","No specific size","Northern Crescent","United States",2010,20.27,"Base survey of 2010"
"Corn","Operating costs","Custom services  ","dollars per planted acre","No specific size","Northern Crescent","United States",2011,20.65,"Base survey of 2010"
"Corn","Operating costs","Custom services  ","dollars per planted acre","No specific size","Northern Crescent","United States",2012,21.06,"Base survey of 2010"
"Corn","Operating costs","Custom services  ","dollars per planted acre","No specific size","Northern Crescent","United States",2013,21.89,"Base survey of 2010"
"Corn","Operating costs","Custom services  ","dollars per planted acre","No specific size","Northern Crescent","United States",2014,22.51,"Base survey of 2010"
"Corn","Operating costs","Custom services  ","dollars per planted acre","No specific size","Northern Crescent","United States",2015,23.48,"Base survey of 2010"
"Corn","Operating costs","Custom services  ","dollars per planted acre","No specific size","Northern Crescent","United States",2016,29.04,"Base survey of 2016"
"Corn","Operating costs","Custom services  ","dollars per planted acre","No specific size","Northern Crescent","United States",2017,28.31,"Base survey of 2016"
"Corn","Operating costs","Custom services  ","dollars per planted acre","No specific size","Northern Crescent","United States",2018,28.79,"Base survey of 2016"
"Corn","Operating costs","Custom services  ","dollars per planted acre","No specific size","Northern Crescent","United States",2019,29.62,"Base survey of 2016"
"Corn","Operating costs","Custom services  ","dollars per planted acre","No specific size","Northern Crescent","United States",2020,29.3,"Base survey of 2016"
"Corn","Operating costs","Custom services  ","dollars per planted acre","No specific size","Northern Crescent","United States",2021,32.85,"Base survey of 2021"
"Corn","Operating costs","Custom services  ","dollars per planted acre","No specific size","Northern Crescent","United States",2022,37.18,"Base survey of 2021"
"Corn","Operating costs","Custom services  ","dollars per planted acre","No specific size","Northern Crescent","United States",2023,39.09,"Base survey of 2021"
"Corn","Operating costs","Custom services  ","dollars per planted acre","No specific size","Northern Crescent","United States",2024,40.17,"Base survey of 2021"
"Corn","Operating costs","Custom services  ","dollars per planted acre","No specific size","Northern Great Plains","United States",1996,20.98,"Base survey of 1996"
"Corn","Operating costs","Custom services  ","dollars per planted acre","No specific size","Northern Great Plains","United States",1997,21.34,"Base survey of 1996"
"Corn","Operating costs","Custom services  ","dollars per planted acre","No specific size","Northern Great Plains","United States",1998,21.49,"Base survey of 1996"
"Corn","Operating costs","Custom services  ","dollars per planted acre","No specific size","Northern Great Plains","United States",1999,21.6,"Base survey of 1996"
"Corn","Operating costs","Custom services  ","dollars per planted acre","No specific size","Northern Great Plains","United States",2000,20.64,"Base survey of 1996"
"Corn","Operating costs","Custom services  ","dollars per planted acre","No specific size","Northern Great Plains","United States",2001,10.85,"Base survey of 2001"
"Corn","Operating costs","Custom services  ","dollars per planted acre","No specific size","Northern Great Plains","United States",2002,10.38,"Base survey of 2001"
"Corn","Operating costs","Custom services  ","dollars per planted acre","No specific size","Northern Great Plains","United States",2003,10.72,"Base survey of 2001"
"Corn","Operating costs","Custom services  ","dollars per planted acre","No specific size","Northern Great Plains","United States",2004,10.5,"Base survey of 2001"
"Corn","Operating costs","Custom services  ","dollars per planted acre","No specific size","Northern Great Plains","United States",2005,9.16,"Base survey of 2005"
"Corn","Operating costs","Custom services  ","dollars per planted acre","No specific size","Northern Great Plains","United States",2006,9.58,"Base survey of 2005"
"Corn","Operating costs","Custom services  ","dollars per planted acre","No specific size","Northern Great Plains","United States",2007,9.99,"Base survey of 2005"
"Corn","Operating costs","Custom services  ","dollars per planted acre","No specific size","Northern Great Plains","United States",2008,9.99,"Base survey of 2005"
"Corn","Operating costs","Custom services  ","dollars per planted acre","No specific size","Northern Great Plains","United States",2009,10.67,"Base survey of 2005"
"Corn","Operating costs","Custom services  ","dollars per planted acre","No specific size","Northern Great Plains","United States",2010,16.16,"Base survey of 2010"
"Corn","Operating costs","Custom services  ","dollars per planted acre","No specific size","Northern Great Plains","United States",2011,16.46,"Base survey of 2010"
"Corn","Operating costs","Custom services  ","dollars per planted acre","No specific size","Northern Great Plains","United States",2012,16.79,"Base survey of 2010"
"Corn","Operating costs","Custom services  ","dollars per planted acre","No specific size","Northern Great Plains","United States",2013,17.45,"Base survey of 2010"
"Corn","Operating costs","Custom services  ","dollars per planted acre","No specific size","Northern Great Plains","United States",2014,17.94,"Base survey of 2010"
"Corn","Operating costs","Custom services  ","dollars per planted acre","No specific size","Northern Great Plains","United States",2015,18.72,"Base survey of 2010"
"Corn","Operating costs","Custom services  ","dollars per planted acre","No specific size","Northern Great Plains","United States",2016,21.48,"Base survey of 2016"
"Corn","Operating costs","Custom services  ","dollars per planted acre","No specific size","Northern Great Plains","United States",2017,21.01,"Base survey of 2016"
"Corn","Operating costs","Custom services  ","dollars per planted acre","No specific size","Northern Great Plains","United States",2018,21.52,"Base survey of 2016"
"Corn","Operating costs","Custom services  ","dollars per planted acre","No specific size","Northern Great Plains","United States",2019,21.19,"Base survey of 2016"
"Corn","Operating costs","Custom services  ","dollars per planted acre","No specific size","Northern Great Plains","United States",2020,23.3,"Base survey of 2016"
"Corn","Operating costs","Custom services  ","dollars per planted acre","No specific size","Northern Great Plains","United States",2021,31.34,"Base survey of 2021"
"Corn","Operating costs","Custom services  ","dollars per planted acre","No specific size","Northern Great Plains","United States",2022,37.71,"Base survey of 2021"
"Corn","Operating costs","Custom services  ","dollars per planted acre","No specific size","Northern Great Plains","United States",2023,37.32,"Base survey of 2021"
"Corn","Operating costs","Custom services  ","dollars per planted acre","No specific size","Northern Great Plains","United States",2024,38.69,"Base survey of 2021"
"Corn","Operating costs","Custom services  ","dollars per planted acre","No specific size","Prairie Gateway","United States",1996,14.28,"Base survey of 1996"
"Corn","Operating costs","Custom services  ","dollars per planted acre","No specific size","Prairie Gateway","United States",1997,14.27,"Base survey of 1996"
"Corn","Operating costs","Custom services  ","dollars per planted acre","No specific size","Prairie Gateway","United States",1998,13.82,"Base survey of 1996"
"Corn","Operating costs","Custom services  ","dollars per planted acre","No specific size","Prairie Gateway","United States",1999,14.06,"Base survey of 1996"
"Corn","Operating costs","Custom services  ","dollars per planted acre","No specific size","Prairie Gateway","United States",2000,13.85,"Base survey of 1996"
"Corn","Operating costs","Custom services  ","dollars per planted acre","No specific size","Prairie Gateway","United States",2001,16.39,"Base survey of 2001"
"Corn","Operating costs","Custom services  ","dollars per planted acre","No specific size","Prairie Gateway","United States",2002,15.72,"Base survey of 2001"
"Corn","Operating costs","Custom services  ","dollars per planted acre","No specific size","Prairie Gateway","United States",2003,16.16,"Base survey of 2001"
"Corn","Operating costs","Custom services  ","dollars per planted acre","No specific size","Prairie Gateway","United States",2004,16.66,"Base survey of 2001"
"Corn","Operating costs","Custom services  ","dollars per planted acre","No specific size","Prairie Gateway","United States",2005,14.1,"Base survey of 2005"
"Corn","Operating costs","Custom services  ","dollars per planted acre","No specific size","Prairie Gateway","United States",2006,14.74,"Base survey of 2005"
"Corn","Operating costs","Custom services  ","dollars per planted acre","No specific size","Prairie Gateway","United States",2007,14.74,"Base survey of 2005"
"Corn","Operating costs","Custom services  ","dollars per planted acre","No specific size","Prairie Gateway","United States",2008,14.74,"Base survey of 2005"
"Corn","Operating costs","Custom services  ","dollars per planted acre","No specific size","Prairie Gateway","United States",2009,15.75,"Base survey of 2005"
"Corn","Operating costs","Custom services  ","dollars per planted acre","No specific size","Prairie Gateway","United States",2010,19.04,"Base survey of 2010"
"Corn","Operating costs","Custom services  ","dollars per planted acre","No specific size","Prairie Gateway","United States",2011,19.39,"Base survey of 2010"
"Corn","Operating costs","Custom services  ","dollars per planted acre","No specific size","Prairie Gateway","United States",2012,19.78,"Base survey of 2010"
"Corn","Operating costs","Custom services  ","dollars per planted acre","No specific size","Prairie Gateway","United States",2013,20.56,"Base survey of 2010"
"Corn","Operating costs","Custom services  ","dollars per planted acre","No specific size","Prairie Gateway","United States",2014,21.14,"Base survey of 2010"
"Corn","Operating costs","Custom services  ","dollars per planted acre","No specific size","Prairie Gateway","United States",2015,22.05,"Base survey of 2010"
"Corn","Operating costs","Custom services  ","dollars per planted acre","No specific size","Prairie Gateway","United States",2016,17.55,"Base survey of 2016"
"Corn","Operating costs","Custom services  ","dollars per planted acre","No specific size","Prairie Gateway","United States",2017,16.99,"Base survey of 2016"
"Corn","Operating costs","Custom services  ","dollars per planted acre","No specific size","Prairie Gateway","United States",2018,17.24,"Base survey of 2016"
"Corn","Operating costs","Custom services  ","dollars per planted acre","No specific size","Prairie Gateway","United States",2019,17.59,"Base survey of 2016"
"Corn","Operating costs","Custom services  ","dollars per planted acre","No specific size","Prairie Gateway","United States",2020,17.45,"Base survey of 2016"
"Corn","Operating costs","Custom services  ","dollars per planted acre","No specific size","Prairie Gateway","United States",2021,25.99,"Base survey of 2021"
"Corn","Operating costs","Custom services  ","dollars per planted acre","No specific size","Prairie Gateway","United States",2022,29.19,"Base survey of 2021"
"Corn","Operating costs","Custom services  ","dollars per planted acre","No specific size","Prairie Gateway","United States",2023,30.9,"Base survey of 2021"
"Corn","Operating costs","Custom services  ","dollars per planted acre","No specific size","Prairie Gateway","United States",2024,32.12,"Base survey of 2021"
"Corn","Operating costs","Custom services  ","dollars per planted acre","No specific size","Eastern Uplands","United States",1996,6.48,"Base survey of 1996"
"Corn","Operating costs","Custom services  ","dollars per planted acre","No specific size","Eastern Uplands","United States",1997,6.37,"Base survey of 1996"
"Corn","Operating costs","Custom services  ","dollars per planted acre","No specific size","Eastern Uplands","United States",1998,6.43,"Base survey of 1996"
"Corn","Operating costs","Custom services  ","dollars per planted acre","No specific size","Eastern Uplands","United States",1999,6.2,"Base survey of 1996"
"Corn","Operating costs","Custom services  ","dollars per planted acre","No specific size","Eastern Uplands","United States",2000,6.51,"Base survey of 1996"
"Corn","Operating costs","Custom services  ","dollars per planted acre","No specific size","Eastern Uplands","United States",2001,9.24,"Base survey of 2001"
"Corn","Operating costs","Custom services  ","dollars per planted acre","No specific size","Eastern Uplands","United States",2002,7.79,"Base survey of 2001"
"Corn","Operating costs","Custom services  ","dollars per planted acre","No specific size","Eastern Uplands","United States",2003,9.68,"Base survey of 2001"
"Corn","Operating costs","Custom services  ","dollars per planted acre","No specific size","Eastern Uplands","United States",2004,10.04,"Base survey of 2001"
"Corn","Operating costs","Custom services  ","dollars per planted acre","No specific size","Eastern Uplands","United States",2005,8.87,"Base survey of 2005"
"Corn","Operating costs","Custom services  ","dollars per planted acre","No specific size","Eastern Uplands","United States",2006,9.27,"Base survey of 2005"
"Corn","Operating costs","Custom services  ","dollars per planted acre","No specific size","Eastern Uplands","United States",2007,9.67,"Base survey of 2005"
"Corn","Operating costs","Custom services  ","dollars per planted acre","No specific size","Eastern Uplands","United States",2008,9.67,"Base survey of 2005"
"Corn","Operating costs","Custom services  ","dollars per planted acre","No specific size","Eastern Uplands","United States",2009,10.33,"Base survey of 2005"
"Corn","Operating costs","Custom services  ","dollars per planted acre","No specific size","Eastern Uplands","United States",2010,6.27,"Base survey of 2010"
"Corn","Operating costs","Custom services  ","dollars per planted acre","No specific size","Eastern Uplands","United States",2011,6.39,"Base survey of 2010"
"Corn","Operating costs","Custom services  ","dollars per planted acre","No specific size","Eastern Uplands","United States",2012,6.51,"Base survey of 2010"
"Corn","Operating costs","Custom services  ","dollars per planted acre","No specific size","Eastern Uplands","United States",2013,6.77,"Base survey of 2010"
"Corn","Operating costs","Custom services  ","dollars per planted acre","No specific size","Eastern Uplands","United States",2014,6.96,"Base survey of 2010"
"Corn","Operating costs","Custom services  ","dollars per planted acre","No specific size","Eastern Uplands","United States",2015,7.26,"Base survey of 2010"
"Corn","Operating costs","Custom services  ","dollars per planted acre","No specific size","Eastern Uplands","United States",2016,12.44,"Base survey of 2016"
"Corn","Operating costs","Custom services  ","dollars per planted acre","No specific size","Eastern Uplands","United States",2017,12.05,"Base survey of 2016"
"Corn","Operating costs","Custom services  ","dollars per planted acre","No specific size","Eastern Uplands","United States",2018,12.19,"Base survey of 2016"
"Corn","Operating costs","Custom services  ","dollars per planted acre","No specific size","Eastern Uplands","United States",2019,12.93,"Base survey of 2016"
"Corn","Operating costs","Custom services  ","dollars per planted acre","No specific size","Eastern Uplands","United States",2020,12.62,"Base survey of 2016"
"Corn","Operating costs","Custom services  ","dollars per planted acre","No specific size","Eastern Uplands","United States",2021,13.85,"Base survey of 2021"
"Corn","Operating costs","Custom services  ","dollars per planted acre","No specific size","Eastern Uplands","United States",2022,15.05,"Base survey of 2021"
"Corn","Operating costs","Custom services  ","dollars per planted acre","No specific size","Eastern Uplands","United States",2023,15.34,"Base survey of 2021"
"Corn","Operating costs","Custom services  ","dollars per planted acre","No specific size","Eastern Uplands","United States",2024,16.68,"Base survey of 2021"
"Corn","Operating costs","Custom services  ","dollars per planted acre","No specific size","Southern Seaboard","United States",1996,12.37,"Base survey of 1996"
"Corn","Operating costs","Custom services  ","dollars per planted acre","No specific size","Southern Seaboard","United States",1997,12.52,"Base survey of 1996"
"Corn","Operating costs","Custom services  ","dollars per planted acre","No specific size","Southern Seaboard","United States",1998,11.54,"Base survey of 1996"
"Corn","Operating costs","Custom services  ","dollars per planted acre","No specific size","Southern Seaboard","United States",1999,11.83,"Base survey of 1996"
"Corn","Operating costs","Custom services  ","dollars per planted acre","No specific size","Southern Seaboard","United States",2000,12.01,"Base survey of 1996"
"Corn","Operating costs","Custom services  ","dollars per planted acre","No specific size","Southern Seaboard","United States",2001,12.6,"Base survey of 2001"
"Corn","Operating costs","Custom services  ","dollars per planted acre","No specific size","Southern Seaboard","United States",2002,12.22,"Base survey of 2001"
"Corn","Operating costs","Custom services  ","dollars per planted acre","No specific size","Southern Seaboard","United States",2003,12.76,"Base survey of 2001"
"Corn","Operating costs","Custom services  ","dollars per planted acre","No specific size","Southern Seaboard","United States",2004,12.78,"Base survey of 2001"
"Corn","Operating costs","Custom services  ","dollars per planted acre","No specific size","Southern Seaboard","United States",2005,6.47,"Base survey of 2005"
"Corn","Operating costs","Custom services  ","dollars per planted acre","No specific size","Southern Seaboard","United States",2006,6.76,"Base survey of 2005"
"Corn","Operating costs","Custom services  ","dollars per planted acre","No specific size","Southern Seaboard","United States",2007,7.05,"Base survey of 2005"
"Corn","Operating costs","Custom services  ","dollars per planted acre","No specific size","Southern Seaboard","United States",2008,7.05,"Base survey of 2005"
"Corn","Operating costs","Custom services  ","dollars per planted acre","No specific size","Southern Seaboard","United States",2009,7.53,"Base survey of 2005"
"Corn","Operating costs","Custom services  ","dollars per planted acre","No specific size","Southern Seaboard","United States",2010,17.76,"Base survey of 2010"
"Corn","Operating costs","Custom services  ","dollars per planted acre","No specific size","Southern Seaboard","United States",2011,18.09,"Base survey of 2010"
"Corn","Operating costs","Custom services  ","dollars per planted acre","No specific size","Southern Seaboard","United States",2012,18.45,"Base survey of 2010"
"Corn","Operating costs","Custom services  ","dollars per planted acre","No specific size","Southern Seaboard","United States",2013,19.18,"Base survey of 2010"
"Corn","Operating costs","Custom services  ","dollars per planted acre","No specific size","Southern Seaboard","United States",2014,19.72,"Base survey of 2010"
"Corn","Operating costs","Custom services  ","dollars per planted acre","No specific size","Southern Seaboard","United States",2015,20.57,"Base survey of 2010"
"Corn","Operating costs","Custom services  ","dollars per planted acre","No specific size","Southern Seaboard","United States",2016,19.83,"Base survey of 2016"
"Corn","Operating costs","Custom services  ","dollars per planted acre","No specific size","Southern Seaboard","United States",2017,18.93,"Base survey of 2016"
"Corn","Operating costs","Custom services  ","dollars per planted acre","No specific size","Southern Seaboard","United States",2018,19.42,"Base survey of 2016"
"Corn","Operating costs","Custom services  ","dollars per planted acre","No specific size","Southern Seaboard","United States",2019,19.98,"Base survey of 2016"
"Corn","Operating costs","Custom services  ","dollars per planted acre","No specific size","Southern Seaboard","United States",2020,20.05,"Base survey of 2016"
"Corn","Operating costs","Custom services  ","dollars per planted acre","No specific size","Southern Seaboard","United States",2021,29.1,"Base survey of 2021"
"Corn","Operating costs","Custom services  ","dollars per planted acre","No specific size","Southern Seaboard","United States",2022,32.64,"Base survey of 2021"
"Corn","Operating costs","Custom services  ","dollars per planted acre","No specific size","Southern Seaboard","United States",2023,34.39,"Base survey of 2021"
"Corn","Operating costs","Custom services  ","dollars per planted acre","No specific size","Southern Seaboard","United States",2024,35.84,"Base survey of 2021"
"Corn","Operating costs","Fuel, lube, and electricity","dollars per planted acre","No specific size","U.S. total","United States",1996,24.43,"Base survey of 1996"
"Corn","Operating costs","Fuel, lube, and electricity","dollars per planted acre","No specific size","U.S. total","United States",1997,24.55,"Base survey of 1996"
"Corn","Operating costs","Fuel, lube, and electricity","dollars per planted acre","No specific size","U.S. total","United States",1998,22.96,"Base survey of 1996"
"Corn","Operating costs","Fuel, lube, and electricity","dollars per planted acre","No specific size","U.S. total","United States",1999,23.04,"Base survey of 1996"
"Corn","Operating costs","Fuel, lube, and electricity","dollars per planted acre","No specific size","U.S. total","United States",2000,29.12,"Base survey of 1996"
"Corn","Operating costs","Fuel, lube, and electricity","dollars per planted acre","No specific size","U.S. total","United States",2001,20.88,"Base survey of 2001"
"Corn","Operating costs","Fuel, lube, and electricity","dollars per planted acre","No specific size","U.S. total","United States",2002,18.93,"Base survey of 2001"
"Corn","Operating costs","Fuel, lube, and electricity","dollars per planted acre","No specific size","U.S. total","United States",2003,23.06,"Base survey of 2001"
"Corn","Operating costs","Fuel, lube, and electricity","dollars per planted acre","No specific size","U.S. total","United States",2004,29.29,"Base survey of 2001"
"Corn","Operating costs","Fuel, lube, and electricity","dollars per planted acre","No specific size","U.S. total","United States",2005,26.5,"Base survey of 2005"
"Corn","Operating costs","Fuel, lube, and electricity","dollars per planted acre","No specific size","U.S. total","United States",2006,28.73,"Base survey of 2005"
"Corn","Operating costs","Fuel, lube, and electricity","dollars per planted acre","No specific size","U.S. total","United States",2007,31.58,"Base survey of 2005"
"Corn","Operating costs","Fuel, lube, and electricity","dollars per planted acre","No specific size","U.S. total","United States",2008,42.64,"Base survey of 2005"
"Corn","Operating costs","Fuel, lube, and electricity","dollars per planted acre","No specific size","U.S. total","United States",2009,29.13,"Base survey of 2005"
"Corn","Operating costs","Fuel, lube, and electricity","dollars per planted acre","No specific size","U.S. total","United States",2010,25.8,"Base survey of 2010"
"Corn","Operating costs","Fuel, lube, and electricity","dollars per planted acre","No specific size","U.S. total","United States",2011,32.42,"Base survey of 2010"
"Corn","Operating costs","Fuel, lube, and electricity","dollars per planted acre","No specific size","U.S. total","United States",2012,30.63,"Base survey of 2010"
"Corn","Operating costs","Fuel, lube, and electricity","dollars per planted acre","No specific size","U.S. total","United States",2013,32.27,"Base survey of 2010"
"Corn","Operating costs","Fuel, lube, and electricity","dollars per planted acre","No specific size","U.S. total","United States",2014,32.8,"Base survey of 2010"
"Corn","Operating costs","Fuel, lube, and electricity","dollars per planted acre","No specific size","U.S. total","United States",2015,21.28,"Base survey of 2010"
"Corn","Operating costs","Fuel, lube, and electricity","dollars per planted acre","No specific size","U.S. total","United States",2016,24.08,"Base survey of 2016"
"Corn","Operating costs","Fuel, lube, and electricity","dollars per planted acre","No specific size","U.S. total","United States",2017,27.21,"Base survey of 2016"
"Corn","Operating costs","Fuel, lube, and electricity","dollars per planted acre","No specific size","U.S. total","United States",2018,30.84,"Base survey of 2016"
"Corn","Operating costs","Fuel, lube, and electricity","dollars per planted acre","No specific size","U.S. total","United States",2019,29.95,"Base survey of 2016"
"Corn","Operating costs","Fuel, lube, and electricity","dollars per planted acre","No specific size","U.S. total","United States",2020,25.31,"Base survey of 2016"
"Corn","Operating costs","Fuel, lube, and electricity","dollars per planted acre","No specific size","U.S. total","United States",2021,23.87,"Base survey of 2021"
"Corn","Operating costs","Fuel, lube, and electricity","dollars per planted acre","No specific size","U.S. total","United States",2022,34.62,"Base survey of 2021"
"Corn","Operating costs","Fuel, lube, and electricity","dollars per planted acre","No specific size","U.S. total","United States",2023,29.73,"Base survey of 2021"
"Corn","Operating costs","Fuel, lube, and electricity","dollars per planted acre","No specific size","U.S. total","United States",2024,27.79,"Base survey of 2021"
"Corn","Operating costs","Fuel, lube, and electricity","dollars per planted acre","No specific size","Heartland","United States",1996,22.35,"Base survey of 1996"
"Corn","Operating costs","Fuel, lube, and electricity","dollars per planted acre","No specific size","Heartland","United States",1997,22.16,"Base survey of 1996"
"Corn","Operating costs","Fuel, lube, and electricity","dollars per planted acre","No specific size","Heartland","United States",1998,20.76,"Base survey of 1996"
"Corn","Operating costs","Fuel, lube, and electricity","dollars per planted acre","No specific size","Heartland","United States",1999,21.08,"Base survey of 1996"
"Corn","Operating costs","Fuel, lube, and electricity","dollars per planted acre","No specific size","Heartland","United States",2000,26.41,"Base survey of 1996"
"Corn","Operating costs","Fuel, lube, and electricity","dollars per planted acre","No specific size","Heartland","United States",2001,16.18,"Base survey of 2001"
"Corn","Operating costs","Fuel, lube, and electricity","dollars per planted acre","No specific size","Heartland","United States",2002,15.28,"Base survey of 2001"
"Corn","Operating costs","Fuel, lube, and electricity","dollars per planted acre","No specific size","Heartland","United States",2003,18.81,"Base survey of 2001"
"Corn","Operating costs","Fuel, lube, and electricity","dollars per planted acre","No specific size","Heartland","United States",2004,25.41,"Base survey of 2001"
"Corn","Operating costs","Fuel, lube, and electricity","dollars per planted acre","No specific size","Heartland","United States",2005,20.32,"Base survey of 2005"
"Corn","Operating costs","Fuel, lube, and electricity","dollars per planted acre","No specific size","Heartland","United States",2006,22.48,"Base survey of 2005"
"Corn","Operating costs","Fuel, lube, and electricity","dollars per planted acre","No specific size","Heartland","United States",2007,25,"Base survey of 2005"
"Corn","Operating costs","Fuel, lube, and electricity","dollars per planted acre","No specific size","Heartland","United States",2008,32.73,"Base survey of 2005"
"Corn","Operating costs","Fuel, lube, and electricity","dollars per planted acre","No specific size","Heartland","United States",2009,22.13,"Base survey of 2005"
"Corn","Operating costs","Fuel, lube, and electricity","dollars per planted acre","No specific size","Heartland","United States",2010,22.18,"Base survey of 2010"
"Corn","Operating costs","Fuel, lube, and electricity","dollars per planted acre","No specific size","Heartland","United States",2011,27.76,"Base survey of 2010"
"Corn","Operating costs","Fuel, lube, and electricity","dollars per planted acre","No specific size","Heartland","United States",2012,25.98,"Base survey of 2010"
"Corn","Operating costs","Fuel, lube, and electricity","dollars per planted acre","No specific size","Heartland","United States",2013,27.62,"Base survey of 2010"
"Corn","Operating costs","Fuel, lube, and electricity","dollars per planted acre","No specific size","Heartland","United States",2014,28.2,"Base survey of 2010"
"Corn","Operating costs","Fuel, lube, and electricity","dollars per planted acre","No specific size","Heartland","United States",2015,18.14,"Base survey of 2010"
"Corn","Operating costs","Fuel, lube, and electricity","dollars per planted acre","No specific size","Heartland","United States",2016,20.4,"Base survey of 2016"
"Corn","Operating costs","Fuel, lube, and electricity","dollars per planted acre","No specific size","Heartland","United States",2017,23.21,"Base survey of 2016"
"Corn","Operating costs","Fuel, lube, and electricity","dollars per planted acre","No specific size","Heartland","United States",2018,26.28,"Base survey of 2016"
"Corn","Operating costs","Fuel, lube, and electricity","dollars per planted acre","No specific size","Heartland","United States",2019,25.29,"Base survey of 2016"
"Corn","Operating costs","Fuel, lube, and electricity","dollars per planted acre","No specific size","Heartland","United States",2020,21.4,"Base survey of 2016"
"Corn","Operating costs","Fuel, lube, and electricity","dollars per planted acre","No specific size","Heartland","United States",2021,22.77,"Base survey of 2021"
"Corn","Operating costs","Fuel, lube, and electricity","dollars per planted acre","No specific size","Heartland","United States",2022,32.85,"Base survey of 2021"
"Corn","Operating costs","Fuel, lube, and electricity","dollars per planted acre","No specific size","Heartland","United States",2023,28.35,"Base survey of 2021"
"Corn","Operating costs","Fuel, lube, and electricity","dollars per planted acre","No specific size","Heartland","United States",2024,26.53,"Base survey of 2021"
"Corn","Operating costs","Fuel, lube, and electricity","dollars per planted acre","No specific size","Northern Crescent","United States",1996,20.82,"Base survey of 1996"
"Corn","Operating costs","Fuel, lube, and electricity","dollars per planted acre","No specific size","Northern Crescent","United States",1997,21.9,"Base survey of 1996"
"Corn","Operating costs","Fuel, lube, and electricity","dollars per planted acre","No specific size","Northern Crescent","United States",1998,20.08,"Base survey of 1996"
"Corn","Operating costs","Fuel, lube, and electricity","dollars per planted acre","No specific size","Northern Crescent","United States",1999,20.64,"Base survey of 1996"
"Corn","Operating costs","Fuel, lube, and electricity","dollars per planted acre","No specific size","Northern Crescent","United States",2000,26.72,"Base survey of 1996"
"Corn","Operating costs","Fuel, lube, and electricity","dollars per planted acre","No specific size","Northern Crescent","United States",2001,17.94,"Base survey of 2001"
"Corn","Operating costs","Fuel, lube, and electricity","dollars per planted acre","No specific size","Northern Crescent","United States",2002,17.6,"Base survey of 2001"
"Corn","Operating costs","Fuel, lube, and electricity","dollars per planted acre","No specific size","Northern Crescent","United States",2003,22.31,"Base survey of 2001"
"Corn","Operating costs","Fuel, lube, and electricity","dollars per planted acre","No specific size","Northern Crescent","United States",2004,26.46,"Base survey of 2001"
"Corn","Operating costs","Fuel, lube, and electricity","dollars per planted acre","No specific size","Northern Crescent","United States",2005,25.29,"Base survey of 2005"
"Corn","Operating costs","Fuel, lube, and electricity","dollars per planted acre","No specific size","Northern Crescent","United States",2006,27.98,"Base survey of 2005"
"Corn","Operating costs","Fuel, lube, and electricity","dollars per planted acre","No specific size","Northern Crescent","United States",2007,31.05,"Base survey of 2005"
"Corn","Operating costs","Fuel, lube, and electricity","dollars per planted acre","No specific size","Northern Crescent","United States",2008,41.11,"Base survey of 2005"
"Corn","Operating costs","Fuel, lube, and electricity","dollars per planted acre","No specific size","Northern Crescent","United States",2009,27.96,"Base survey of 2005"
"Corn","Operating costs","Fuel, lube, and electricity","dollars per planted acre","No specific size","Northern Crescent","United States",2010,23.76,"Base survey of 2010"
"Corn","Operating costs","Fuel, lube, and electricity","dollars per planted acre","No specific size","Northern Crescent","United States",2011,29.95,"Base survey of 2010"
"Corn","Operating costs","Fuel, lube, and electricity","dollars per planted acre","No specific size","Northern Crescent","United States",2012,28.73,"Base survey of 2010"
"Corn","Operating costs","Fuel, lube, and electricity","dollars per planted acre","No specific size","Northern Crescent","United States",2013,29.25,"Base survey of 2010"
"Corn","Operating costs","Fuel, lube, and electricity","dollars per planted acre","No specific size","Northern Crescent","United States",2014,29.68,"Base survey of 2010"
"Corn","Operating costs","Fuel, lube, and electricity","dollars per planted acre","No specific size","Northern Crescent","United States",2015,19.29,"Base survey of 2010"
"Corn","Operating costs","Fuel, lube, and electricity","dollars per planted acre","No specific size","Northern Crescent","United States",2016,23.11,"Base survey of 2016"
"Corn","Operating costs","Fuel, lube, and electricity","dollars per planted acre","No specific size","Northern Crescent","United States",2017,26.21,"Base survey of 2016"
"Corn","Operating costs","Fuel, lube, and electricity","dollars per planted acre","No specific size","Northern Crescent","United States",2018,29.67,"Base survey of 2016"
"Corn","Operating costs","Fuel, lube, and electricity","dollars per planted acre","No specific size","Northern Crescent","United States",2019,28.31,"Base survey of 2016"
"Corn","Operating costs","Fuel, lube, and electricity","dollars per planted acre","No specific size","Northern Crescent","United States",2020,23.94,"Base survey of 2016"
"Corn","Operating costs","Fuel, lube, and electricity","dollars per planted acre","No specific size","Northern Crescent","United States",2021,27,"Base survey of 2021"
"Corn","Operating costs","Fuel, lube, and electricity","dollars per planted acre","No specific size","Northern Crescent","United States",2022,38.97,"Base survey of 2021"
"Corn","Operating costs","Fuel, lube, and electricity","dollars per planted acre","No specific size","Northern Crescent","United States",2023,33.61,"Base survey of 2021"
"Corn","Operating costs","Fuel, lube, and electricity","dollars per planted acre","No specific size","Northern Crescent","United States",2024,31.5,"Base survey of 2021"
"Corn","Operating costs","Fuel, lube, and electricity","dollars per planted acre","No specific size","Northern Great Plains","United States",1996,21.24,"Base survey of 1996"
"Corn","Operating costs","Fuel, lube, and electricity","dollars per planted acre","No specific size","Northern Great Plains","United States",1997,20.95,"Base survey of 1996"
"Corn","Operating costs","Fuel, lube, and electricity","dollars per planted acre","No specific size","Northern Great Plains","United States",1998,19.75,"Base survey of 1996"
"Corn","Operating costs","Fuel, lube, and electricity","dollars per planted acre","No specific size","Northern Great Plains","United States",1999,18.88,"Base survey of 1996"
"Corn","Operating costs","Fuel, lube, and electricity","dollars per planted acre","No specific size","Northern Great Plains","United States",2000,23.66,"Base survey of 1996"
"Corn","Operating costs","Fuel, lube, and electricity","dollars per planted acre","No specific size","Northern Great Plains","United States",2001,19.84,"Base survey of 2001"
"Corn","Operating costs","Fuel, lube, and electricity","dollars per planted acre","No specific size","Northern Great Plains","United States",2002,16.65,"Base survey of 2001"
"Corn","Operating costs","Fuel, lube, and electricity","dollars per planted acre","No specific size","Northern Great Plains","United States",2003,20.02,"Base survey of 2001"
"Corn","Operating costs","Fuel, lube, and electricity","dollars per planted acre","No specific size","Northern Great Plains","United States",2004,21.86,"Base survey of 2001"
"Corn","Operating costs","Fuel, lube, and electricity","dollars per planted acre","No specific size","Northern Great Plains","United States",2005,25.85,"Base survey of 2005"
"Corn","Operating costs","Fuel, lube, and electricity","dollars per planted acre","No specific size","Northern Great Plains","United States",2006,28.6,"Base survey of 2005"
"Corn","Operating costs","Fuel, lube, and electricity","dollars per planted acre","No specific size","Northern Great Plains","United States",2007,31.92,"Base survey of 2005"
"Corn","Operating costs","Fuel, lube, and electricity","dollars per planted acre","No specific size","Northern Great Plains","United States",2008,41.67,"Base survey of 2005"
"Corn","Operating costs","Fuel, lube, and electricity","dollars per planted acre","No specific size","Northern Great Plains","United States",2009,28.23,"Base survey of 2005"
"Corn","Operating costs","Fuel, lube, and electricity","dollars per planted acre","No specific size","Northern Great Plains","United States",2010,26.75,"Base survey of 2010"
"Corn","Operating costs","Fuel, lube, and electricity","dollars per planted acre","No specific size","Northern Great Plains","United States",2011,32.62,"Base survey of 2010"
"Corn","Operating costs","Fuel, lube, and electricity","dollars per planted acre","No specific size","Northern Great Plains","United States",2012,31.76,"Base survey of 2010"
"Corn","Operating costs","Fuel, lube, and electricity","dollars per planted acre","No specific size","Northern Great Plains","United States",2013,32.08,"Base survey of 2010"
"Corn","Operating costs","Fuel, lube, and electricity","dollars per planted acre","No specific size","Northern Great Plains","United States",2014,32.83,"Base survey of 2010"
"Corn","Operating costs","Fuel, lube, and electricity","dollars per planted acre","No specific size","Northern Great Plains","United States",2015,21.58,"Base survey of 2010"
"Corn","Operating costs","Fuel, lube, and electricity","dollars per planted acre","No specific size","Northern Great Plains","United States",2016,19.17,"Base survey of 2016"
"Corn","Operating costs","Fuel, lube, and electricity","dollars per planted acre","No specific size","Northern Great Plains","United States",2017,21.78,"Base survey of 2016"
"Corn","Operating costs","Fuel, lube, and electricity","dollars per planted acre","No specific size","Northern Great Plains","United States",2018,24.98,"Base survey of 2016"
"Corn","Operating costs","Fuel, lube, and electricity","dollars per planted acre","No specific size","Northern Great Plains","United States",2019,24.37,"Base survey of 2016"
"Corn","Operating costs","Fuel, lube, and electricity","dollars per planted acre","No specific size","Northern Great Plains","United States",2020,21.33,"Base survey of 2016"
"Corn","Operating costs","Fuel, lube, and electricity","dollars per planted acre","No specific size","Northern Great Plains","United States",2021,17.61,"Base survey of 2021"
"Corn","Operating costs","Fuel, lube, and electricity","dollars per planted acre","No specific size","Northern Great Plains","United States",2022,26.23,"Base survey of 2021"
"Corn","Operating costs","Fuel, lube, and electricity","dollars per planted acre","No specific size","Northern Great Plains","United States",2023,21.92,"Base survey of 2021"
"Corn","Operating costs","Fuel, lube, and electricity","dollars per planted acre","No specific size","Northern Great Plains","United States",2024,20.78,"Base survey of 2021"
"Corn","Operating costs","Fuel, lube, and electricity","dollars per planted acre","No specific size","Prairie Gateway","United States",1996,43.17,"Base survey of 1996"
"Corn","Operating costs","Fuel, lube, and electricity","dollars per planted acre","No specific size","Prairie Gateway","United States",1997,42.84,"Base survey of 1996"
"Corn","Operating costs","Fuel, lube, and electricity","dollars per planted acre","No specific size","Prairie Gateway","United States",1998,40.61,"Base survey of 1996"
"Corn","Operating costs","Fuel, lube, and electricity","dollars per planted acre","No specific size","Prairie Gateway","United States",1999,38.88,"Base survey of 1996"
"Corn","Operating costs","Fuel, lube, and electricity","dollars per planted acre","No specific size","Prairie Gateway","United States",2000,48.73,"Base survey of 1996"
"Corn","Operating costs","Fuel, lube, and electricity","dollars per planted acre","No specific size","Prairie Gateway","United States",2001,46.68,"Base survey of 2001"
"Corn","Operating costs","Fuel, lube, and electricity","dollars per planted acre","No specific size","Prairie Gateway","United States",2002,39.16,"Base survey of 2001"
"Corn","Operating costs","Fuel, lube, and electricity","dollars per planted acre","No specific size","Prairie Gateway","United States",2003,47.93,"Base survey of 2001"
"Corn","Operating costs","Fuel, lube, and electricity","dollars per planted acre","No specific size","Prairie Gateway","United States",2004,56.75,"Base survey of 2001"
"Corn","Operating costs","Fuel, lube, and electricity","dollars per planted acre","No specific size","Prairie Gateway","United States",2005,59.79,"Base survey of 2005"
"Corn","Operating costs","Fuel, lube, and electricity","dollars per planted acre","No specific size","Prairie Gateway","United States",2006,66.16,"Base survey of 2005"
"Corn","Operating costs","Fuel, lube, and electricity","dollars per planted acre","No specific size","Prairie Gateway","United States",2007,76.3,"Base survey of 2005"
"Corn","Operating costs","Fuel, lube, and electricity","dollars per planted acre","No specific size","Prairie Gateway","United States",2008,98.36,"Base survey of 2005"
"Corn","Operating costs","Fuel, lube, and electricity","dollars per planted acre","No specific size","Prairie Gateway","United States",2009,67.07,"Base survey of 2005"
"Corn","Operating costs","Fuel, lube, and electricity","dollars per planted acre","No specific size","Prairie Gateway","United States",2010,42.51,"Base survey of 2010"
"Corn","Operating costs","Fuel, lube, and electricity","dollars per planted acre","No specific size","Prairie Gateway","United States",2011,52.28,"Base survey of 2010"
"Corn","Operating costs","Fuel, lube, and electricity","dollars per planted acre","No specific size","Prairie Gateway","United States",2012,50.81,"Base survey of 2010"
"Corn","Operating costs","Fuel, lube, and electricity","dollars per planted acre","No specific size","Prairie Gateway","United States",2013,53.1,"Base survey of 2010"
"Corn","Operating costs","Fuel, lube, and electricity","dollars per planted acre","No specific size","Prairie Gateway","United States",2014,54.69,"Base survey of 2010"
"Corn","Operating costs","Fuel, lube, and electricity","dollars per planted acre","No specific size","Prairie Gateway","United States",2015,35.44,"Base survey of 2010"
"Corn","Operating costs","Fuel, lube, and electricity","dollars per planted acre","No specific size","Prairie Gateway","United States",2016,40.97,"Base survey of 2016"
"Corn","Operating costs","Fuel, lube, and electricity","dollars per planted acre","No specific size","Prairie Gateway","United States",2017,45.52,"Base survey of 2016"
"Corn","Operating costs","Fuel, lube, and electricity","dollars per planted acre","No specific size","Prairie Gateway","United States",2018,51.3,"Base survey of 2016"
"Corn","Operating costs","Fuel, lube, and electricity","dollars per planted acre","No specific size","Prairie Gateway","United States",2019,48.04,"Base survey of 2016"
"Corn","Operating costs","Fuel, lube, and electricity","dollars per planted acre","No specific size","Prairie Gateway","United States",2020,40.96,"Base survey of 2016"
"Corn","Operating costs","Fuel, lube, and electricity","dollars per planted acre","No specific size","Prairie Gateway","United States",2021,27.2,"Base survey of 2021"
"Corn","Operating costs","Fuel, lube, and electricity","dollars per planted acre","No specific size","Prairie Gateway","United States",2022,39.37,"Base survey of 2021"
"Corn","Operating costs","Fuel, lube, and electricity","dollars per planted acre","No specific size","Prairie Gateway","United States",2023,33.89,"Base survey of 2021"
"Corn","Operating costs","Fuel, lube, and electricity","dollars per planted acre","No specific size","Prairie Gateway","United States",2024,31.28,"Base survey of 2021"
"Corn","Operating costs","Fuel, lube, and electricity","dollars per planted acre","No specific size","Eastern Uplands","United States",1996,19.11,"Base survey of 1996"
"Corn","Operating costs","Fuel, lube, and electricity","dollars per planted acre","No specific size","Eastern Uplands","United States",1997,17.56,"Base survey of 1996"
"Corn","Operating costs","Fuel, lube, and electricity","dollars per planted acre","No specific size","Eastern Uplands","United States",1998,16.27,"Base survey of 1996"
"Corn","Operating costs","Fuel, lube, and electricity","dollars per planted acre","No specific size","Eastern Uplands","United States",1999,16.32,"Base survey of 1996"
"Corn","Operating costs","Fuel, lube, and electricity","dollars per planted acre","No specific size","Eastern Uplands","United States",2000,23.6,"Base survey of 1996"
"Corn","Operating costs","Fuel, lube, and electricity","dollars per planted acre","No specific size","Eastern Uplands","United States",2001,9,"Base survey of 2001"
"Corn","Operating costs","Fuel, lube, and electricity","dollars per planted acre","No specific size","Eastern Uplands","United States",2002,6.86,"Base survey of 2001"
"Corn","Operating costs","Fuel, lube, and electricity","dollars per planted acre","No specific size","Eastern Uplands","United States",2003,10.54,"Base survey of 2001"
"Corn","Operating costs","Fuel, lube, and electricity","dollars per planted acre","No specific size","Eastern Uplands","United States",2004,12.69,"Base survey of 2001"
"Corn","Operating costs","Fuel, lube, and electricity","dollars per planted acre","No specific size","Eastern Uplands","United States",2005,17.86,"Base survey of 2005"
"Corn","Operating costs","Fuel, lube, and electricity","dollars per planted acre","No specific size","Eastern Uplands","United States",2006,19.76,"Base survey of 2005"
"Corn","Operating costs","Fuel, lube, and electricity","dollars per planted acre","No specific size","Eastern Uplands","United States",2007,21.23,"Base survey of 2005"
"Corn","Operating costs","Fuel, lube, and electricity","dollars per planted acre","No specific size","Eastern Uplands","United States",2008,27.95,"Base survey of 2005"
"Corn","Operating costs","Fuel, lube, and electricity","dollars per planted acre","No specific size","Eastern Uplands","United States",2009,19.71,"Base survey of 2005"
"Corn","Operating costs","Fuel, lube, and electricity","dollars per planted acre","No specific size","Eastern Uplands","United States",2010,19.01,"Base survey of 2010"
"Corn","Operating costs","Fuel, lube, and electricity","dollars per planted acre","No specific size","Eastern Uplands","United States",2011,23.96,"Base survey of 2010"
"Corn","Operating costs","Fuel, lube, and electricity","dollars per planted acre","No specific size","Eastern Uplands","United States",2012,21.99,"Base survey of 2010"
"Corn","Operating costs","Fuel, lube, and electricity","dollars per planted acre","No specific size","Eastern Uplands","United States",2013,24.89,"Base survey of 2010"
"Corn","Operating costs","Fuel, lube, and electricity","dollars per planted acre","No specific size","Eastern Uplands","United States",2014,24.71,"Base survey of 2010"
"Corn","Operating costs","Fuel, lube, and electricity","dollars per planted acre","No specific size","Eastern Uplands","United States",2015,16.18,"Base survey of 2010"
"Corn","Operating costs","Fuel, lube, and electricity","dollars per planted acre","No specific size","Eastern Uplands","United States",2016,16.17,"Base survey of 2016"
"Corn","Operating costs","Fuel, lube, and electricity","dollars per planted acre","No specific size","Eastern Uplands","United States",2017,18.39,"Base survey of 2016"
"Corn","Operating costs","Fuel, lube, and electricity","dollars per planted acre","No specific size","Eastern Uplands","United States",2018,20.7,"Base survey of 2016"
"Corn","Operating costs","Fuel, lube, and electricity","dollars per planted acre","No specific size","Eastern Uplands","United States",2019,19.97,"Base survey of 2016"
"Corn","Operating costs","Fuel, lube, and electricity","dollars per planted acre","No specific size","Eastern Uplands","United States",2020,16.91,"Base survey of 2016"
"Corn","Operating costs","Fuel, lube, and electricity","dollars per planted acre","No specific size","Eastern Uplands","United States",2021,20.89,"Base survey of 2021"
"Corn","Operating costs","Fuel, lube, and electricity","dollars per planted acre","No specific size","Eastern Uplands","United States",2022,30.06,"Base survey of 2021"
"Corn","Operating costs","Fuel, lube, and electricity","dollars per planted acre","No specific size","Eastern Uplands","United States",2023,25.88,"Base survey of 2021"
"Corn","Operating costs","Fuel, lube, and electricity","dollars per planted acre","No specific size","Eastern Uplands","United States",2024,24.19,"Base survey of 2021"
"Corn","Operating costs","Fuel, lube, and electricity","dollars per planted acre","No specific size","Southern Seaboard","United States",1996,19.07,"Base survey of 1996"
"Corn","Operating costs","Fuel, lube, and electricity","dollars per planted acre","No specific size","Southern Seaboard","United States",1997,19.33,"Base survey of 1996"
"Corn","Operating costs","Fuel, lube, and electricity","dollars per planted acre","No specific size","Southern Seaboard","United States",1998,13.76,"Base survey of 1996"
"Corn","Operating costs","Fuel, lube, and electricity","dollars per planted acre","No specific size","Southern Seaboard","United States",1999,15.37,"Base survey of 1996"
"Corn","Operating costs","Fuel, lube, and electricity","dollars per planted acre","No specific size","Southern Seaboard","United States",2000,24.15,"Base survey of 1996"
"Corn","Operating costs","Fuel, lube, and electricity","dollars per planted acre","No specific size","Southern Seaboard","United States",2001,17.94,"Base survey of 2001"
"Corn","Operating costs","Fuel, lube, and electricity","dollars per planted acre","No specific size","Southern Seaboard","United States",2002,14.63,"Base survey of 2001"
"Corn","Operating costs","Fuel, lube, and electricity","dollars per planted acre","No specific size","Southern Seaboard","United States",2003,20.21,"Base survey of 2001"
"Corn","Operating costs","Fuel, lube, and electricity","dollars per planted acre","No specific size","Southern Seaboard","United States",2004,22.61,"Base survey of 2001"
"Corn","Operating costs","Fuel, lube, and electricity","dollars per planted acre","No specific size","Southern Seaboard","United States",2005,22.68,"Base survey of 2005"
"Corn","Operating costs","Fuel, lube, and electricity","dollars per planted acre","No specific size","Southern Seaboard","United States",2006,25.1,"Base survey of 2005"
"Corn","Operating costs","Fuel, lube, and electricity","dollars per planted acre","No specific size","Southern Seaboard","United States",2007,26.82,"Base survey of 2005"
"Corn","Operating costs","Fuel, lube, and electricity","dollars per planted acre","No specific size","Southern Seaboard","United States",2008,33.64,"Base survey of 2005"
"Corn","Operating costs","Fuel, lube, and electricity","dollars per planted acre","No specific size","Southern Seaboard","United States",2009,24.24,"Base survey of 2005"
"Corn","Operating costs","Fuel, lube, and electricity","dollars per planted acre","No specific size","Southern Seaboard","United States",2010,31.67,"Base survey of 2010"
"Corn","Operating costs","Fuel, lube, and electricity","dollars per planted acre","No specific size","Southern Seaboard","United States",2011,39.38,"Base survey of 2010"
"Corn","Operating costs","Fuel, lube, and electricity","dollars per planted acre","No specific size","Southern Seaboard","United States",2012,41.93,"Base survey of 2010"
"Corn","Operating costs","Fuel, lube, and electricity","dollars per planted acre","No specific size","Southern Seaboard","United States",2013,43.27,"Base survey of 2010"
"Corn","Operating costs","Fuel, lube, and electricity","dollars per planted acre","No specific size","Southern Seaboard","United States",2014,42.3,"Base survey of 2010"
"Corn","Operating costs","Fuel, lube, and electricity","dollars per planted acre","No specific size","Southern Seaboard","United States",2015,26.61,"Base survey of 2010"
"Corn","Operating costs","Fuel, lube, and electricity","dollars per planted acre","No specific size","Southern Seaboard","United States",2016,43.81,"Base survey of 2016"
"Corn","Operating costs","Fuel, lube, and electricity","dollars per planted acre","No specific size","Southern Seaboard","United States",2017,45.66,"Base survey of 2016"
"Corn","Operating costs","Fuel, lube, and electricity","dollars per planted acre","No specific size","Southern Seaboard","United States",2018,53.38,"Base survey of 2016"
"Corn","Operating costs","Fuel, lube, and electricity","dollars per planted acre","No specific size","Southern Seaboard","United States",2019,53.02,"Base survey of 2016"
"Corn","Operating costs","Fuel, lube, and electricity","dollars per planted acre","No specific size","Southern Seaboard","United States",2020,46.14,"Base survey of 2016"
"Corn","Operating costs","Fuel, lube, and electricity","dollars per planted acre","No specific size","Southern Seaboard","United States",2021,40.95,"Base survey of 2021"
"Corn","Operating costs","Fuel, lube, and electricity","dollars per planted acre","No specific size","Southern Seaboard","United States",2022,59.25,"Base survey of 2021"
"Corn","Operating costs","Fuel, lube, and electricity","dollars per planted acre","No specific size","Southern Seaboard","United States",2023,51.12,"Base survey of 2021"
"Corn","Operating costs","Fuel, lube, and electricity","dollars per planted acre","No specific size","Southern Seaboard","United States",2024,47.51,"Base survey of 2021"
"Corn","Operating costs","Repairs","dollars per planted acre","No specific size","U.S. total","United States",1996,15.78,"Base survey of 1996"
"Corn","Operating costs","Repairs","dollars per planted acre","No specific size","U.S. total","United States",1997,16.17,"Base survey of 1996"
"Corn","Operating costs","Repairs","dollars per planted acre","No specific size","U.S. total","United States",1998,16.65,"Base survey of 1996"
"Corn","Operating costs","Repairs","dollars per planted acre","No specific size","U.S. total","United States",1999,17.17,"Base survey of 1996"
"Corn","Operating costs","Repairs","dollars per planted acre","No specific size","U.S. total","United States",2000,17.55,"Base survey of 1996"
"Corn","Operating costs","Repairs","dollars per planted acre","No specific size","U.S. total","United States",2001,13.76,"Base survey of 2001"
"Corn","Operating costs","Repairs","dollars per planted acre","No specific size","U.S. total","United States",2002,13.91,"Base survey of 2001"
"Corn","Operating costs","Repairs","dollars per planted acre","No specific size","U.S. total","United States",2003,14.22,"Base survey of 2001"
"Corn","Operating costs","Repairs","dollars per planted acre","No specific size","U.S. total","United States",2004,15.35,"Base survey of 2001"
"Corn","Operating costs","Repairs","dollars per planted acre","No specific size","U.S. total","United States",2005,14,"Base survey of 2005"
"Corn","Operating costs","Repairs","dollars per planted acre","No specific size","U.S. total","United States",2006,14.45,"Base survey of 2005"
"Corn","Operating costs","Repairs","dollars per planted acre","No specific size","U.S. total","United States",2007,14.86,"Base survey of 2005"
"Corn","Operating costs","Repairs","dollars per planted acre","No specific size","U.S. total","United States",2008,15.37,"Base survey of 2005"
"Corn","Operating costs","Repairs","dollars per planted acre","No specific size","U.S. total","United States",2009,15.69,"Base survey of 2005"
"Corn","Operating costs","Repairs","dollars per planted acre","No specific size","U.S. total","United States",2010,23.96,"Base survey of 2010"
"Corn","Operating costs","Repairs","dollars per planted acre","No specific size","U.S. total","United States",2011,24.79,"Base survey of 2010"
"Corn","Operating costs","Repairs","dollars per planted acre","No specific size","U.S. total","United States",2012,25.48,"Base survey of 2010"
"Corn","Operating costs","Repairs","dollars per planted acre","No specific size","U.S. total","United States",2013,25.79,"Base survey of 2010"
"Corn","Operating costs","Repairs","dollars per planted acre","No specific size","U.S. total","United States",2014,26.17,"Base survey of 2010"
"Corn","Operating costs","Repairs","dollars per planted acre","No specific size","U.S. total","United States",2015,26.18,"Base survey of 2010"
"Corn","Operating costs","Repairs","dollars per planted acre","No specific size","U.S. total","United States",2016,32.2,"Base survey of 2016"
"Corn","Operating costs","Repairs","dollars per planted acre","No specific size","U.S. total","United States",2017,32.75,"Base survey of 2016"
"Corn","Operating costs","Repairs","dollars per planted acre","No specific size","U.S. total","United States",2018,33.91,"Base survey of 2016"
"Corn","Operating costs","Repairs","dollars per planted acre","No specific size","U.S. total","United States",2019,35.13,"Base survey of 2016"
"Corn","Operating costs","Repairs","dollars per planted acre","No specific size","U.S. total","United States",2020,35.56,"Base survey of 2016"
"Corn","Operating costs","Repairs","dollars per planted acre","No specific size","U.S. total","United States",2021,40.88,"Base survey of 2021"
"Corn","Operating costs","Repairs","dollars per planted acre","No specific size","U.S. total","United States",2022,45.58,"Base survey of 2021"
"Corn","Operating costs","Repairs","dollars per planted acre","No specific size","U.S. total","United States",2023,47.24,"Base survey of 2021"
"Corn","Operating costs","Repairs","dollars per planted acre","No specific size","U.S. total","United States",2024,47.71,"Base survey of 2021"
"Corn","Operating costs","Repairs","dollars per planted acre","No specific size","Heartland","United States",1996,14.41,"Base survey of 1996"
"Corn","Operating costs","Repairs","dollars per planted acre","No specific size","Heartland","United States",1997,14.64,"Base survey of 1996"
"Corn","Operating costs","Repairs","dollars per planted acre","No specific size","Heartland","United States",1998,15.14,"Base survey of 1996"
"Corn","Operating costs","Repairs","dollars per planted acre","No specific size","Heartland","United States",1999,15.62,"Base survey of 1996"
"Corn","Operating costs","Repairs","dollars per planted acre","No specific size","Heartland","United States",2000,15.98,"Base survey of 1996"
"Corn","Operating costs","Repairs","dollars per planted acre","No specific size","Heartland","United States",2001,12.21,"Base survey of 2001"
"Corn","Operating costs","Repairs","dollars per planted acre","No specific size","Heartland","United States",2002,12.35,"Base survey of 2001"
"Corn","Operating costs","Repairs","dollars per planted acre","No specific size","Heartland","United States",2003,12.63,"Base survey of 2001"
"Corn","Operating costs","Repairs","dollars per planted acre","No specific size","Heartland","United States",2004,13.82,"Base survey of 2001"
"Corn","Operating costs","Repairs","dollars per planted acre","No specific size","Heartland","United States",2005,12.23,"Base survey of 2005"
"Corn","Operating costs","Repairs","dollars per planted acre","No specific size","Heartland","United States",2006,12.67,"Base survey of 2005"
"Corn","Operating costs","Repairs","dollars per planted acre","No specific size","Heartland","United States",2007,13.11,"Base survey of 2005"
"Corn","Operating costs","Repairs","dollars per planted acre","No specific size","Heartland","United States",2008,13.46,"Base survey of 2005"
"Corn","Operating costs","Repairs","dollars per planted acre","No specific size","Heartland","United States",2009,13.72,"Base survey of 2005"
"Corn","Operating costs","Repairs","dollars per planted acre","No specific size","Heartland","United States",2010,21.77,"Base survey of 2010"
"Corn","Operating costs","Repairs","dollars per planted acre","No specific size","Heartland","United States",2011,22.45,"Base survey of 2010"
"Corn","Operating costs","Repairs","dollars per planted acre","No specific size","Heartland","United States",2012,23.12,"Base survey of 2010"
"Corn","Operating costs","Repairs","dollars per planted acre","No specific size","Heartland","United States",2013,23.34,"Base survey of 2010"
"Corn","Operating costs","Repairs","dollars per planted acre","No specific size","Heartland","United States",2014,23.79,"Base survey of 2010"
"Corn","Operating costs","Repairs","dollars per planted acre","No specific size","Heartland","United States",2015,23.75,"Base survey of 2010"
"Corn","Operating costs","Repairs","dollars per planted acre","No specific size","Heartland","United States",2016,30.33,"Base survey of 2016"
"Corn","Operating costs","Repairs","dollars per planted acre","No specific size","Heartland","United States",2017,30.89,"Base survey of 2016"
"Corn","Operating costs","Repairs","dollars per planted acre","No specific size","Heartland","United States",2018,31.97,"Base survey of 2016"
"Corn","Operating costs","Repairs","dollars per planted acre","No specific size","Heartland","United States",2019,32.97,"Base survey of 2016"
"Corn","Operating costs","Repairs","dollars per planted acre","No specific size","Heartland","United States",2020,33.44,"Base survey of 2016"
"Corn","Operating costs","Repairs","dollars per planted acre","No specific size","Heartland","United States",2021,39.45,"Base survey of 2021"
"Corn","Operating costs","Repairs","dollars per planted acre","No specific size","Heartland","United States",2022,43.9,"Base survey of 2021"
"Corn","Operating costs","Repairs","dollars per planted acre","No specific size","Heartland","United States",2023,45.53,"Base survey of 2021"
"Corn","Operating costs","Repairs","dollars per planted acre","No specific size","Heartland","United States",2024,46.05,"Base survey of 2021"
"Corn","Operating costs","Repairs","dollars per planted acre","No specific size","Northern Crescent","United States",1996,14.82,"Base survey of 1996"
"Corn","Operating costs","Repairs","dollars per planted acre","No specific size","Northern Crescent","United States",1997,15.56,"Base survey of 1996"
"Corn","Operating costs","Repairs","dollars per planted acre","No specific size","Northern Crescent","United States",1998,16.56,"Base survey of 1996"
"Corn","Operating costs","Repairs","dollars per planted acre","No specific size","Northern Crescent","United States",1999,16.72,"Base survey of 1996"
"Corn","Operating costs","Repairs","dollars per planted acre","No specific size","Northern Crescent","United States",2000,17.42,"Base survey of 1996"
"Corn","Operating costs","Repairs","dollars per planted acre","No specific size","Northern Crescent","United States",2001,13.93,"Base survey of 2001"
"Corn","Operating costs","Repairs","dollars per planted acre","No specific size","Northern Crescent","United States",2002,14.54,"Base survey of 2001"
"Corn","Operating costs","Repairs","dollars per planted acre","No specific size","Northern Crescent","United States",2003,14.9,"Base survey of 2001"
"Corn","Operating costs","Repairs","dollars per planted acre","No specific size","Northern Crescent","United States",2004,16.04,"Base survey of 2001"
"Corn","Operating costs","Repairs","dollars per planted acre","No specific size","Northern Crescent","United States",2005,14.1,"Base survey of 2005"
"Corn","Operating costs","Repairs","dollars per planted acre","No specific size","Northern Crescent","United States",2006,14.6,"Base survey of 2005"
"Corn","Operating costs","Repairs","dollars per planted acre","No specific size","Northern Crescent","United States",2007,15.1,"Base survey of 2005"
"Corn","Operating costs","Repairs","dollars per planted acre","No specific size","Northern Crescent","United States",2008,15.5,"Base survey of 2005"
"Corn","Operating costs","Repairs","dollars per planted acre","No specific size","Northern Crescent","United States",2009,15.8,"Base survey of 2005"
"Corn","Operating costs","Repairs","dollars per planted acre","No specific size","Northern Crescent","United States",2010,23.58,"Base survey of 2010"
"Corn","Operating costs","Repairs","dollars per planted acre","No specific size","Northern Crescent","United States",2011,24.31,"Base survey of 2010"
"Corn","Operating costs","Repairs","dollars per planted acre","No specific size","Northern Crescent","United States",2012,25.04,"Base survey of 2010"
"Corn","Operating costs","Repairs","dollars per planted acre","No specific size","Northern Crescent","United States",2013,25.28,"Base survey of 2010"
"Corn","Operating costs","Repairs","dollars per planted acre","No specific size","Northern Crescent","United States",2014,25.77,"Base survey of 2010"
"Corn","Operating costs","Repairs","dollars per planted acre","No specific size","Northern Crescent","United States",2015,25.72,"Base survey of 2010"
"Corn","Operating costs","Repairs","dollars per planted acre","No specific size","Northern Crescent","United States",2016,27.88,"Base survey of 2016"
"Corn","Operating costs","Repairs","dollars per planted acre","No specific size","Northern Crescent","United States",2017,28.35,"Base survey of 2016"
"Corn","Operating costs","Repairs","dollars per planted acre","No specific size","Northern Crescent","United States",2018,29.31,"Base survey of 2016"
"Corn","Operating costs","Repairs","dollars per planted acre","No specific size","Northern Crescent","United States",2019,30.13,"Base survey of 2016"
"Corn","Operating costs","Repairs","dollars per planted acre","No specific size","Northern Crescent","United States",2020,30.64,"Base survey of 2016"
"Corn","Operating costs","Repairs","dollars per planted acre","No specific size","Northern Crescent","United States",2021,40.81,"Base survey of 2021"
"Corn","Operating costs","Repairs","dollars per planted acre","No specific size","Northern Crescent","United States",2022,45.44,"Base survey of 2021"
"Corn","Operating costs","Repairs","dollars per planted acre","No specific size","Northern Crescent","United States",2023,47.15,"Base survey of 2021"
"Corn","Operating costs","Repairs","dollars per planted acre","No specific size","Northern Crescent","United States",2024,47.67,"Base survey of 2021"
"Corn","Operating costs","Repairs","dollars per planted acre","No specific size","Northern Great Plains","United States",1996,17.04,"Base survey of 1996"
"Corn","Operating costs","Repairs","dollars per planted acre","No specific size","Northern Great Plains","United States",1997,17.55,"Base survey of 1996"
"Corn","Operating costs","Repairs","dollars per planted acre","No specific size","Northern Great Plains","United States",1998,18.24,"Base survey of 1996"
"Corn","Operating costs","Repairs","dollars per planted acre","No specific size","Northern Great Plains","United States",1999,18.8,"Base survey of 1996"
"Corn","Operating costs","Repairs","dollars per planted acre","No specific size","Northern Great Plains","United States",2000,17.95,"Base survey of 1996"
"Corn","Operating costs","Repairs","dollars per planted acre","No specific size","Northern Great Plains","United States",2001,14.45,"Base survey of 2001"
"Corn","Operating costs","Repairs","dollars per planted acre","No specific size","Northern Great Plains","United States",2002,13.83,"Base survey of 2001"
"Corn","Operating costs","Repairs","dollars per planted acre","No specific size","Northern Great Plains","United States",2003,14.3,"Base survey of 2001"
"Corn","Operating costs","Repairs","dollars per planted acre","No specific size","Northern Great Plains","United States",2004,14.6,"Base survey of 2001"
"Corn","Operating costs","Repairs","dollars per planted acre","No specific size","Northern Great Plains","United States",2005,15.25,"Base survey of 2005"
"Corn","Operating costs","Repairs","dollars per planted acre","No specific size","Northern Great Plains","United States",2006,15.79,"Base survey of 2005"
"Corn","Operating costs","Repairs","dollars per planted acre","No specific size","Northern Great Plains","United States",2007,16.33,"Base survey of 2005"
"Corn","Operating costs","Repairs","dollars per planted acre","No specific size","Northern Great Plains","United States",2008,16.77,"Base survey of 2005"
"Corn","Operating costs","Repairs","dollars per planted acre","No specific size","Northern Great Plains","United States",2009,17.1,"Base survey of 2005"
"Corn","Operating costs","Repairs","dollars per planted acre","No specific size","Northern Great Plains","United States",2010,26.86,"Base survey of 2010"
"Corn","Operating costs","Repairs","dollars per planted acre","No specific size","Northern Great Plains","United States",2011,27.69,"Base survey of 2010"
"Corn","Operating costs","Repairs","dollars per planted acre","No specific size","Northern Great Plains","United States",2012,28.52,"Base survey of 2010"
"Corn","Operating costs","Repairs","dollars per planted acre","No specific size","Northern Great Plains","United States",2013,28.8,"Base survey of 2010"
"Corn","Operating costs","Repairs","dollars per planted acre","No specific size","Northern Great Plains","United States",2014,29.36,"Base survey of 2010"
"Corn","Operating costs","Repairs","dollars per planted acre","No specific size","Northern Great Plains","United States",2015,29.3,"Base survey of 2010"
"Corn","Operating costs","Repairs","dollars per planted acre","No specific size","Northern Great Plains","United States",2016,30.9,"Base survey of 2016"
"Corn","Operating costs","Repairs","dollars per planted acre","No specific size","Northern Great Plains","United States",2017,31.46,"Base survey of 2016"
"Corn","Operating costs","Repairs","dollars per planted acre","No specific size","Northern Great Plains","United States",2018,32.7,"Base survey of 2016"
"Corn","Operating costs","Repairs","dollars per planted acre","No specific size","Northern Great Plains","United States",2019,34.03,"Base survey of 2016"
"Corn","Operating costs","Repairs","dollars per planted acre","No specific size","Northern Great Plains","United States",2020,34.57,"Base survey of 2016"
"Corn","Operating costs","Repairs","dollars per planted acre","No specific size","Northern Great Plains","United States",2021,37.81,"Base survey of 2021"
"Corn","Operating costs","Repairs","dollars per planted acre","No specific size","Northern Great Plains","United States",2022,42.32,"Base survey of 2021"
"Corn","Operating costs","Repairs","dollars per planted acre","No specific size","Northern Great Plains","United States",2023,43.61,"Base survey of 2021"
"Corn","Operating costs","Repairs","dollars per planted acre","No specific size","Northern Great Plains","United States",2024,44.34,"Base survey of 2021"
"Corn","Operating costs","Repairs","dollars per planted acre","No specific size","Prairie Gateway","United States",1996,24.12,"Base survey of 1996"
"Corn","Operating costs","Repairs","dollars per planted acre","No specific size","Prairie Gateway","United States",1997,24.41,"Base survey of 1996"
"Corn","Operating costs","Repairs","dollars per planted acre","No specific size","Prairie Gateway","United States",1998,24.42,"Base survey of 1996"
"Corn","Operating costs","Repairs","dollars per planted acre","No specific size","Prairie Gateway","United States",1999,25.38,"Base survey of 1996"
"Corn","Operating costs","Repairs","dollars per planted acre","No specific size","Prairie Gateway","United States",2000,25.58,"Base survey of 1996"
"Corn","Operating costs","Repairs","dollars per planted acre","No specific size","Prairie Gateway","United States",2001,20.47,"Base survey of 2001"
"Corn","Operating costs","Repairs","dollars per planted acre","No specific size","Prairie Gateway","United States",2002,20.66,"Base survey of 2001"
"Corn","Operating costs","Repairs","dollars per planted acre","No specific size","Prairie Gateway","United States",2003,21.6,"Base survey of 2001"
"Corn","Operating costs","Repairs","dollars per planted acre","No specific size","Prairie Gateway","United States",2004,22.88,"Base survey of 2001"
"Corn","Operating costs","Repairs","dollars per planted acre","No specific size","Prairie Gateway","United States",2005,22.04,"Base survey of 2005"
"Corn","Operating costs","Repairs","dollars per planted acre","No specific size","Prairie Gateway","United States",2006,22.83,"Base survey of 2005"
"Corn","Operating costs","Repairs","dollars per planted acre","No specific size","Prairie Gateway","United States",2007,22.83,"Base survey of 2005"
"Corn","Operating costs","Repairs","dollars per planted acre","No specific size","Prairie Gateway","United States",2008,23.44,"Base survey of 2005"
"Corn","Operating costs","Repairs","dollars per planted acre","No specific size","Prairie Gateway","United States",2009,23.9,"Base survey of 2005"
"Corn","Operating costs","Repairs","dollars per planted acre","No specific size","Prairie Gateway","United States",2010,32.37,"Base survey of 2010"
"Corn","Operating costs","Repairs","dollars per planted acre","No specific size","Prairie Gateway","United States",2011,33.38,"Base survey of 2010"
"Corn","Operating costs","Repairs","dollars per planted acre","No specific size","Prairie Gateway","United States",2012,34.38,"Base survey of 2010"
"Corn","Operating costs","Repairs","dollars per planted acre","No specific size","Prairie Gateway","United States",2013,34.71,"Base survey of 2010"
"Corn","Operating costs","Repairs","dollars per planted acre","No specific size","Prairie Gateway","United States",2014,35.38,"Base survey of 2010"
"Corn","Operating costs","Repairs","dollars per planted acre","No specific size","Prairie Gateway","United States",2015,35.31,"Base survey of 2010"
"Corn","Operating costs","Repairs","dollars per planted acre","No specific size","Prairie Gateway","United States",2016,44.01,"Base survey of 2016"
"Corn","Operating costs","Repairs","dollars per planted acre","No specific size","Prairie Gateway","United States",2017,44.27,"Base survey of 2016"
"Corn","Operating costs","Repairs","dollars per planted acre","No specific size","Prairie Gateway","United States",2018,45.9,"Base survey of 2016"
"Corn","Operating costs","Repairs","dollars per planted acre","No specific size","Prairie Gateway","United States",2019,46.52,"Base survey of 2016"
"Corn","Operating costs","Repairs","dollars per planted acre","No specific size","Prairie Gateway","United States",2020,47.63,"Base survey of 2016"
"Corn","Operating costs","Repairs","dollars per planted acre","No specific size","Prairie Gateway","United States",2021,46.54,"Base survey of 2021"
"Corn","Operating costs","Repairs","dollars per planted acre","No specific size","Prairie Gateway","United States",2022,51.88,"Base survey of 2021"
"Corn","Operating costs","Repairs","dollars per planted acre","No specific size","Prairie Gateway","United States",2023,53.85,"Base survey of 2021"
"Corn","Operating costs","Repairs","dollars per planted acre","No specific size","Prairie Gateway","United States",2024,53.67,"Base survey of 2021"
"Corn","Operating costs","Repairs","dollars per planted acre","No specific size","Eastern Uplands","United States",1996,14.66,"Base survey of 1996"
"Corn","Operating costs","Repairs","dollars per planted acre","No specific size","Eastern Uplands","United States",1997,14.51,"Base survey of 1996"
"Corn","Operating costs","Repairs","dollars per planted acre","No specific size","Eastern Uplands","United States",1998,15.44,"Base survey of 1996"
"Corn","Operating costs","Repairs","dollars per planted acre","No specific size","Eastern Uplands","United States",1999,15.28,"Base survey of 1996"
"Corn","Operating costs","Repairs","dollars per planted acre","No specific size","Eastern Uplands","United States",2000,16.68,"Base survey of 1996"
"Corn","Operating costs","Repairs","dollars per planted acre","No specific size","Eastern Uplands","United States",2001,10.65,"Base survey of 2001"
"Corn","Operating costs","Repairs","dollars per planted acre","No specific size","Eastern Uplands","United States",2002,10.09,"Base survey of 2001"
"Corn","Operating costs","Repairs","dollars per planted acre","No specific size","Eastern Uplands","United States",2003,10.95,"Base survey of 2001"
"Corn","Operating costs","Repairs","dollars per planted acre","No specific size","Eastern Uplands","United States",2004,11.91,"Base survey of 2001"
"Corn","Operating costs","Repairs","dollars per planted acre","No specific size","Eastern Uplands","United States",2005,11.86,"Base survey of 2005"
"Corn","Operating costs","Repairs","dollars per planted acre","No specific size","Eastern Uplands","United States",2006,12.28,"Base survey of 2005"
"Corn","Operating costs","Repairs","dollars per planted acre","No specific size","Eastern Uplands","United States",2007,12.7,"Base survey of 2005"
"Corn","Operating costs","Repairs","dollars per planted acre","No specific size","Eastern Uplands","United States",2008,13.04,"Base survey of 2005"
"Corn","Operating costs","Repairs","dollars per planted acre","No specific size","Eastern Uplands","United States",2009,13.29,"Base survey of 2005"
"Corn","Operating costs","Repairs","dollars per planted acre","No specific size","Eastern Uplands","United States",2010,22.67,"Base survey of 2010"
"Corn","Operating costs","Repairs","dollars per planted acre","No specific size","Eastern Uplands","United States",2011,23.37,"Base survey of 2010"
"Corn","Operating costs","Repairs","dollars per planted acre","No specific size","Eastern Uplands","United States",2012,24.08,"Base survey of 2010"
"Corn","Operating costs","Repairs","dollars per planted acre","No specific size","Eastern Uplands","United States",2013,24.31,"Base survey of 2010"
"Corn","Operating costs","Repairs","dollars per planted acre","No specific size","Eastern Uplands","United States",2014,24.78,"Base survey of 2010"
"Corn","Operating costs","Repairs","dollars per planted acre","No specific size","Eastern Uplands","United States",2015,24.73,"Base survey of 2010"
"Corn","Operating costs","Repairs","dollars per planted acre","No specific size","Eastern Uplands","United States",2016,25.03,"Base survey of 2016"
"Corn","Operating costs","Repairs","dollars per planted acre","No specific size","Eastern Uplands","United States",2017,25.52,"Base survey of 2016"
"Corn","Operating costs","Repairs","dollars per planted acre","No specific size","Eastern Uplands","United States",2018,26.3,"Base survey of 2016"
"Corn","Operating costs","Repairs","dollars per planted acre","No specific size","Eastern Uplands","United States",2019,27.3,"Base survey of 2016"
"Corn","Operating costs","Repairs","dollars per planted acre","No specific size","Eastern Uplands","United States",2020,27.68,"Base survey of 2016"
"Corn","Operating costs","Repairs","dollars per planted acre","No specific size","Eastern Uplands","United States",2021,38.63,"Base survey of 2021"
"Corn","Operating costs","Repairs","dollars per planted acre","No specific size","Eastern Uplands","United States",2022,43.03,"Base survey of 2021"
"Corn","Operating costs","Repairs","dollars per planted acre","No specific size","Eastern Uplands","United States",2023,44.75,"Base survey of 2021"
"Corn","Operating costs","Repairs","dollars per planted acre","No specific size","Eastern Uplands","United States",2024,44.94,"Base survey of 2021"
"Corn","Operating costs","Repairs","dollars per planted acre","No specific size","Southern Seaboard","United States",1996,16.6,"Base survey of 1996"
"Corn","Operating costs","Repairs","dollars per planted acre","No specific size","Southern Seaboard","United States",1997,17.42,"Base survey of 1996"
"Corn","Operating costs","Repairs","dollars per planted acre","No specific size","Southern Seaboard","United States",1998,15.55,"Base survey of 1996"
"Corn","Operating costs","Repairs","dollars per planted acre","No specific size","Southern Seaboard","United States",1999,17.22,"Base survey of 1996"
"Corn","Operating costs","Repairs","dollars per planted acre","No specific size","Southern Seaboard","United States",2000,19.07,"Base survey of 1996"
"Corn","Operating costs","Repairs","dollars per planted acre","No specific size","Southern Seaboard","United States",2001,17.37,"Base survey of 2001"
"Corn","Operating costs","Repairs","dollars per planted acre","No specific size","Southern Seaboard","United States",2002,16.42,"Base survey of 2001"
"Corn","Operating costs","Repairs","dollars per planted acre","No specific size","Southern Seaboard","United States",2003,17.15,"Base survey of 2001"
"Corn","Operating costs","Repairs","dollars per planted acre","No specific size","Southern Seaboard","United States",2004,17.53,"Base survey of 2001"
"Corn","Operating costs","Repairs","dollars per planted acre","No specific size","Southern Seaboard","United States",2005,20.27,"Base survey of 2005"
"Corn","Operating costs","Repairs","dollars per planted acre","No specific size","Southern Seaboard","United States",2006,20.99,"Base survey of 2005"
"Corn","Operating costs","Repairs","dollars per planted acre","No specific size","Southern Seaboard","United States",2007,21.71,"Base survey of 2005"
"Corn","Operating costs","Repairs","dollars per planted acre","No specific size","Southern Seaboard","United States",2008,22.29,"Base survey of 2005"
"Corn","Operating costs","Repairs","dollars per planted acre","No specific size","Southern Seaboard","United States",2009,22.72,"Base survey of 2005"
"Corn","Operating costs","Repairs","dollars per planted acre","No specific size","Southern Seaboard","United States",2010,26.03,"Base survey of 2010"
"Corn","Operating costs","Repairs","dollars per planted acre","No specific size","Southern Seaboard","United States",2011,26.84,"Base survey of 2010"
"Corn","Operating costs","Repairs","dollars per planted acre","No specific size","Southern Seaboard","United States",2012,27.64,"Base survey of 2010"
"Corn","Operating costs","Repairs","dollars per planted acre","No specific size","Southern Seaboard","United States",2013,27.91,"Base survey of 2010"
"Corn","Operating costs","Repairs","dollars per planted acre","No specific size","Southern Seaboard","United States",2014,28.45,"Base survey of 2010"
"Corn","Operating costs","Repairs","dollars per planted acre","No specific size","Southern Seaboard","United States",2015,28.4,"Base survey of 2010"
"Corn","Operating costs","Repairs","dollars per planted acre","No specific size","Southern Seaboard","United States",2016,35.05,"Base survey of 2016"
"Corn","Operating costs","Repairs","dollars per planted acre","No specific size","Southern Seaboard","United States",2017,34.43,"Base survey of 2016"
"Corn","Operating costs","Repairs","dollars per planted acre","No specific size","Southern Seaboard","United States",2018,36.11,"Base survey of 2016"
"Corn","Operating costs","Repairs","dollars per planted acre","No specific size","Southern Seaboard","United States",2019,37.76,"Base survey of 2016"
"Corn","Operating costs","Repairs","dollars per planted acre","No specific size","Southern Seaboard","United States",2020,38.74,"Base survey of 2016"
"Corn","Operating costs","Repairs","dollars per planted acre","No specific size","Southern Seaboard","United States",2021,42.38,"Base survey of 2021"
"Corn","Operating costs","Repairs","dollars per planted acre","No specific size","Southern Seaboard","United States",2022,47.31,"Base survey of 2021"
"Corn","Operating costs","Repairs","dollars per planted acre","No specific size","Southern Seaboard","United States",2023,49.11,"Base survey of 2021"
"Corn","Operating costs","Repairs","dollars per planted acre","No specific size","Southern Seaboard","United States",2024,48.94,"Base survey of 2021"
"Corn","Operating costs","Purchased irrigation water","dollars per planted acre","No specific size","U.S. total","United States",1996,0.3,"Base survey of 1996"
"Corn","Operating costs","Purchased irrigation water","dollars per planted acre","No specific size","U.S. total","United States",1997,0.32,"Base survey of 1996"
"Corn","Operating costs","Purchased irrigation water","dollars per planted acre","No specific size","U.S. total","United States",1998,0.31,"Base survey of 1996"
"Corn","Operating costs","Purchased irrigation water","dollars per planted acre","No specific size","U.S. total","United States",1999,0.31,"Base survey of 1996"
"Corn","Operating costs","Purchased irrigation water","dollars per planted acre","No specific size","U.S. total","United States",2000,0.31,"Base survey of 1996"
"Corn","Operating costs","Purchased irrigation water","dollars per planted acre","No specific size","U.S. total","United States",2001,0.22,"Base survey of 2001"
"Corn","Operating costs","Purchased irrigation water","dollars per planted acre","No specific size","U.S. total","United States",2002,0.22,"Base survey of 2001"
"Corn","Operating costs","Purchased irrigation water","dollars per planted acre","No specific size","U.S. total","United States",2003,0.22,"Base survey of 2001"
"Corn","Operating costs","Purchased irrigation water","dollars per planted acre","No specific size","U.S. total","United States",2004,0.24,"Base survey of 2001"
"Corn","Operating costs","Purchased irrigation water","dollars per planted acre","No specific size","U.S. total","United States",2005,0.12,"Base survey of 2005"
"Corn","Operating costs","Purchased irrigation water","dollars per planted acre","No specific size","U.S. total","United States",2006,0.12,"Base survey of 2005"
"Corn","Operating costs","Purchased irrigation water","dollars per planted acre","No specific size","U.S. total","United States",2007,0.13,"Base survey of 2005"
"Corn","Operating costs","Purchased irrigation water","dollars per planted acre","No specific size","U.S. total","United States",2008,0.14,"Base survey of 2005"
"Corn","Operating costs","Purchased irrigation water","dollars per planted acre","No specific size","U.S. total","United States",2009,0.14,"Base survey of 2005"
"Corn","Operating costs","Purchased irrigation water","dollars per planted acre","No specific size","U.S. total","United States",2010,0.11,"Base survey of 2010"
"Corn","Operating costs","Purchased irrigation water","dollars per planted acre","No specific size","U.S. total","United States",2011,0.1,"Base survey of 2010"
"Corn","Operating costs","Purchased irrigation water","dollars per planted acre","No specific size","U.S. total","United States",2012,0.11,"Base survey of 2010"
"Corn","Operating costs","Purchased irrigation water","dollars per planted acre","No specific size","U.S. total","United States",2013,0.12,"Base survey of 2010"
"Corn","Operating costs","Purchased irrigation water","dollars per planted acre","No specific size","U.S. total","United States",2014,0.12,"Base survey of 2010"
"Corn","Operating costs","Purchased irrigation water","dollars per planted acre","No specific size","U.S. total","United States",2015,0.12,"Base survey of 2010"
"Corn","Operating costs","Purchased irrigation water","dollars per planted acre","No specific size","U.S. total","United States",2016,0.26,"Base survey of 2016"
"Corn","Operating costs","Purchased irrigation water","dollars per planted acre","No specific size","U.S. total","United States",2017,0.26,"Base survey of 2016"
"Corn","Operating costs","Purchased irrigation water","dollars per planted acre","No specific size","U.S. total","United States",2018,0.27,"Base survey of 2016"
"Corn","Operating costs","Purchased irrigation water","dollars per planted acre","No specific size","U.S. total","United States",2019,0.29,"Base survey of 2016"
"Corn","Operating costs","Purchased irrigation water","dollars per planted acre","No specific size","U.S. total","United States",2020,0.28,"Base survey of 2016"
"Corn","Operating costs","Purchased irrigation water","dollars per planted acre","No specific size","U.S. total","United States",2021,0.23,"Base survey of 2021"
"Corn","Operating costs","Purchased irrigation water","dollars per planted acre","No specific size","U.S. total","United States",2022,0.26,"Base survey of 2021"
"Corn","Operating costs","Purchased irrigation water","dollars per planted acre","No specific size","U.S. total","United States",2023,0.27,"Base survey of 2021"
"Corn","Operating costs","Purchased irrigation water","dollars per planted acre","No specific size","U.S. total","United States",2024,0.29,"Base survey of 2021"
"Corn","Operating costs","Purchased irrigation water","dollars per planted acre","No specific size","Heartland","United States",1996,0,"Base survey of 1996"
"Corn","Operating costs","Purchased irrigation water","dollars per planted acre","No specific size","Heartland","United States",1997,0,"Base survey of 1996"
"Corn","Operating costs","Purchased irrigation water","dollars per planted acre","No specific size","Heartland","United States",1998,0,"Base survey of 1996"
"Corn","Operating costs","Purchased irrigation water","dollars per planted acre","No specific size","Heartland","United States",1999,0,"Base survey of 1996"
"Corn","Operating costs","Purchased irrigation water","dollars per planted acre","No specific size","Heartland","United States",2000,0,"Base survey of 1996"
"Corn","Operating costs","Purchased irrigation water","dollars per planted acre","No specific size","Heartland","United States",2001,0,"Base survey of 2001"
"Corn","Operating costs","Purchased irrigation water","dollars per planted acre","No specific size","Heartland","United States",2002,0,"Base survey of 2001"
"Corn","Operating costs","Purchased irrigation water","dollars per planted acre","No specific size","Heartland","United States",2003,0,"Base survey of 2001"
"Corn","Operating costs","Purchased irrigation water","dollars per planted acre","No specific size","Heartland","United States",2004,0,"Base survey of 2001"
"Corn","Operating costs","Purchased irrigation water","dollars per planted acre","No specific size","Heartland","United States",2005,0,"Base survey of 2005"
"Corn","Operating costs","Purchased irrigation water","dollars per planted acre","No specific size","Heartland","United States",2006,0,"Base survey of 2005"
"Corn","Operating costs","Purchased irrigation water","dollars per planted acre","No specific size","Heartland","United States",2007,0,"Base survey of 2005"
"Corn","Operating costs","Purchased irrigation water","dollars per planted acre","No specific size","Heartland","United States",2008,0,"Base survey of 2005"
"Corn","Operating costs","Purchased irrigation water","dollars per planted acre","No specific size","Heartland","United States",2009,0,"Base survey of 2005"
"Corn","Operating costs","Purchased irrigation water","dollars per planted acre","No specific size","Heartland","United States",2010,0,"Base survey of 2010"
"Corn","Operating costs","Purchased irrigation water","dollars per planted acre","No specific size","Heartland","United States",2011,0,"Base survey of 2010"
"Corn","Operating costs","Purchased irrigation water","dollars per planted acre","No specific size","Heartland","United States",2012,0,"Base survey of 2010"
"Corn","Operating costs","Purchased irrigation water","dollars per planted acre","No specific size","Heartland","United States",2013,0,"Base survey of 2010"
"Corn","Operating costs","Purchased irrigation water","dollars per planted acre","No specific size","Heartland","United States",2014,0,"Base survey of 2010"
"Corn","Operating costs","Purchased irrigation water","dollars per planted acre","No specific size","Heartland","United States",2015,0,"Base survey of 2010"
"Corn","Operating costs","Purchased irrigation water","dollars per planted acre","No specific size","Heartland","United States",2016,0,"Base survey of 2016"
"Corn","Operating costs","Purchased irrigation water","dollars per planted acre","No specific size","Heartland","United States",2017,0,"Base survey of 2016"
"Corn","Operating costs","Purchased irrigation water","dollars per planted acre","No specific size","Heartland","United States",2018,0,"Base survey of 2016"
"Corn","Operating costs","Purchased irrigation water","dollars per planted acre","No specific size","Heartland","United States",2019,0,"Base survey of 2016"
"Corn","Operating costs","Purchased irrigation water","dollars per planted acre","No specific size","Heartland","United States",2020,0,"Base survey of 2016"
"Corn","Operating costs","Purchased irrigation water","dollars per planted acre","No specific size","Heartland","United States",2021,0,"Base survey of 2021"
"Corn","Operating costs","Purchased irrigation water","dollars per planted acre","No specific size","Heartland","United States",2022,0,"Base survey of 2021"
"Corn","Operating costs","Purchased irrigation water","dollars per planted acre","No specific size","Heartland","United States",2023,0,"Base survey of 2021"
"Corn","Operating costs","Purchased irrigation water","dollars per planted acre","No specific size","Heartland","United States",2024,0,"Base survey of 2021"
"Corn","Operating costs","Purchased irrigation water","dollars per planted acre","No specific size","Northern Crescent","United States",1996,0,"Base survey of 1996"
"Corn","Operating costs","Purchased irrigation water","dollars per planted acre","No specific size","Northern Crescent","United States",1997,0,"Base survey of 1996"
"Corn","Operating costs","Purchased irrigation water","dollars per planted acre","No specific size","Northern Crescent","United States",1998,0,"Base survey of 1996"
"Corn","Operating costs","Purchased irrigation water","dollars per planted acre","No specific size","Northern Crescent","United States",1999,0,"Base survey of 1996"
"Corn","Operating costs","Purchased irrigation water","dollars per planted acre","No specific size","Northern Crescent","United States",2000,0,"Base survey of 1996"
"Corn","Operating costs","Purchased irrigation water","dollars per planted acre","No specific size","Northern Crescent","United States",2001,0,"Base survey of 2001"
"Corn","Operating costs","Purchased irrigation water","dollars per planted acre","No specific size","Northern Crescent","United States",2002,0,"Base survey of 2001"
"Corn","Operating costs","Purchased irrigation water","dollars per planted acre","No specific size","Northern Crescent","United States",2003,0,"Base survey of 2001"
"Corn","Operating costs","Purchased irrigation water","dollars per planted acre","No specific size","Northern Crescent","United States",2004,0,"Base survey of 2001"
"Corn","Operating costs","Purchased irrigation water","dollars per planted acre","No specific size","Northern Crescent","United States",2005,0.02,"Base survey of 2005"
"Corn","Operating costs","Purchased irrigation water","dollars per planted acre","No specific size","Northern Crescent","United States",2006,0.02,"Base survey of 2005"
"Corn","Operating costs","Purchased irrigation water","dollars per planted acre","No specific size","Northern Crescent","United States",2007,0.02,"Base survey of 2005"
"Corn","Operating costs","Purchased irrigation water","dollars per planted acre","No specific size","Northern Crescent","United States",2008,0.02,"Base survey of 2005"
"Corn","Operating costs","Purchased irrigation water","dollars per planted acre","No specific size","Northern Crescent","United States",2009,0.02,"Base survey of 2005"
"Corn","Operating costs","Purchased irrigation water","dollars per planted acre","No specific size","Northern Crescent","United States",2010,0,"Base survey of 2010"
"Corn","Operating costs","Purchased irrigation water","dollars per planted acre","No specific size","Northern Crescent","United States",2011,0,"Base survey of 2010"
"Corn","Operating costs","Purchased irrigation water","dollars per planted acre","No specific size","Northern Crescent","United States",2012,0,"Base survey of 2010"
"Corn","Operating costs","Purchased irrigation water","dollars per planted acre","No specific size","Northern Crescent","United States",2013,0,"Base survey of 2010"
"Corn","Operating costs","Purchased irrigation water","dollars per planted acre","No specific size","Northern Crescent","United States",2014,0,"Base survey of 2010"
"Corn","Operating costs","Purchased irrigation water","dollars per planted acre","No specific size","Northern Crescent","United States",2015,0,"Base survey of 2010"
"Corn","Operating costs","Purchased irrigation water","dollars per planted acre","No specific size","Northern Crescent","United States",2016,0,"Base survey of 2016"
"Corn","Operating costs","Purchased irrigation water","dollars per planted acre","No specific size","Northern Crescent","United States",2017,0,"Base survey of 2016"
"Corn","Operating costs","Purchased irrigation water","dollars per planted acre","No specific size","Northern Crescent","United States",2018,0,"Base survey of 2016"
"Corn","Operating costs","Purchased irrigation water","dollars per planted acre","No specific size","Northern Crescent","United States",2019,0,"Base survey of 2016"
"Corn","Operating costs","Purchased irrigation water","dollars per planted acre","No specific size","Northern Crescent","United States",2020,0,"Base survey of 2016"
"Corn","Operating costs","Purchased irrigation water","dollars per planted acre","No specific size","Northern Crescent","United States",2021,0,"Base survey of 2021"
"Corn","Operating costs","Purchased irrigation water","dollars per planted acre","No specific size","Northern Crescent","United States",2022,0,"Base survey of 2021"
"Corn","Operating costs","Purchased irrigation water","dollars per planted acre","No specific size","Northern Crescent","United States",2023,0,"Base survey of 2021"
"Corn","Operating costs","Purchased irrigation water","dollars per planted acre","No specific size","Northern Crescent","United States",2024,0,"Base survey of 2021"
"Corn","Operating costs","Purchased irrigation water","dollars per planted acre","No specific size","Northern Great Plains","United States",1996,0.23,"Base survey of 1996"
"Corn","Operating costs","Purchased irrigation water","dollars per planted acre","No specific size","Northern Great Plains","United States",1997,0.25,"Base survey of 1996"
"Corn","Operating costs","Purchased irrigation water","dollars per planted acre","No specific size","Northern Great Plains","United States",1998,0.24,"Base survey of 1996"
"Corn","Operating costs","Purchased irrigation water","dollars per planted acre","No specific size","Northern Great Plains","United States",1999,0.25,"Base survey of 1996"
"Corn","Operating costs","Purchased irrigation water","dollars per planted acre","No specific size","Northern Great Plains","United States",2000,0.23,"Base survey of 1996"
"Corn","Operating costs","Purchased irrigation water","dollars per planted acre","No specific size","Northern Great Plains","United States",2001,2.29,"Base survey of 2001"
"Corn","Operating costs","Purchased irrigation water","dollars per planted acre","No specific size","Northern Great Plains","United States",2002,2.02,"Base survey of 2001"
"Corn","Operating costs","Purchased irrigation water","dollars per planted acre","No specific size","Northern Great Plains","United States",2003,1.94,"Base survey of 2001"
"Corn","Operating costs","Purchased irrigation water","dollars per planted acre","No specific size","Northern Great Plains","United States",2004,1.95,"Base survey of 2001"
"Corn","Operating costs","Purchased irrigation water","dollars per planted acre","No specific size","Northern Great Plains","United States",2005,1.5,"Base survey of 2005"
"Corn","Operating costs","Purchased irrigation water","dollars per planted acre","No specific size","Northern Great Plains","United States",2006,1.57,"Base survey of 2005"
"Corn","Operating costs","Purchased irrigation water","dollars per planted acre","No specific size","Northern Great Plains","United States",2007,1.64,"Base survey of 2005"
"Corn","Operating costs","Purchased irrigation water","dollars per planted acre","No specific size","Northern Great Plains","United States",2008,1.64,"Base survey of 2005"
"Corn","Operating costs","Purchased irrigation water","dollars per planted acre","No specific size","Northern Great Plains","United States",2009,1.75,"Base survey of 2005"
"Corn","Operating costs","Purchased irrigation water","dollars per planted acre","No specific size","Northern Great Plains","United States",2010,0.75,"Base survey of 2010"
"Corn","Operating costs","Purchased irrigation water","dollars per planted acre","No specific size","Northern Great Plains","United States",2011,0.76,"Base survey of 2010"
"Corn","Operating costs","Purchased irrigation water","dollars per planted acre","No specific size","Northern Great Plains","United States",2012,0.78,"Base survey of 2010"
"Corn","Operating costs","Purchased irrigation water","dollars per planted acre","No specific size","Northern Great Plains","United States",2013,0.81,"Base survey of 2010"
"Corn","Operating costs","Purchased irrigation water","dollars per planted acre","No specific size","Northern Great Plains","United States",2014,0.83,"Base survey of 2010"
"Corn","Operating costs","Purchased irrigation water","dollars per planted acre","No specific size","Northern Great Plains","United States",2015,0.87,"Base survey of 2010"
"Corn","Operating costs","Purchased irrigation water","dollars per planted acre","No specific size","Northern Great Plains","United States",2016,0.86,"Base survey of 2016"
"Corn","Operating costs","Purchased irrigation water","dollars per planted acre","No specific size","Northern Great Plains","United States",2017,0.89,"Base survey of 2016"
"Corn","Operating costs","Purchased irrigation water","dollars per planted acre","No specific size","Northern Great Plains","United States",2018,0.97,"Base survey of 2016"
"Corn","Operating costs","Purchased irrigation water","dollars per planted acre","No specific size","Northern Great Plains","United States",2019,1.06,"Base survey of 2016"
"Corn","Operating costs","Purchased irrigation water","dollars per planted acre","No specific size","Northern Great Plains","United States",2020,1.22,"Base survey of 2016"
"Corn","Operating costs","Purchased irrigation water","dollars per planted acre","No specific size","Northern Great Plains","United States",2021,0.08,"Base survey of 2021"
"Corn","Operating costs","Purchased irrigation water","dollars per planted acre","No specific size","Northern Great Plains","United States",2022,0.11,"Base survey of 2021"
"Corn","Operating costs","Purchased irrigation water","dollars per planted acre","No specific size","Northern Great Plains","United States",2023,0.09,"Base survey of 2021"
"Corn","Operating costs","Purchased irrigation water","dollars per planted acre","No specific size","Northern Great Plains","United States",2024,0.11,"Base survey of 2021"
"Corn","Operating costs","Purchased irrigation water","dollars per planted acre","No specific size","Prairie Gateway","United States",1996,2.4,"Base survey of 1996"
"Corn","Operating costs","Purchased irrigation water","dollars per planted acre","No specific size","Prairie Gateway","United States",1997,2.45,"Base survey of 1996"
"Corn","Operating costs","Purchased irrigation water","dollars per planted acre","No specific size","Prairie Gateway","United States",1998,2.26,"Base survey of 1996"
"Corn","Operating costs","Purchased irrigation water","dollars per planted acre","No specific size","Prairie Gateway","United States",1999,2.27,"Base survey of 1996"
"Corn","Operating costs","Purchased irrigation water","dollars per planted acre","No specific size","Prairie Gateway","United States",2000,2.26,"Base survey of 1996"
"Corn","Operating costs","Purchased irrigation water","dollars per planted acre","No specific size","Prairie Gateway","United States",2001,0.59,"Base survey of 2001"
"Corn","Operating costs","Purchased irrigation water","dollars per planted acre","No specific size","Prairie Gateway","United States",2002,0.59,"Base survey of 2001"
"Corn","Operating costs","Purchased irrigation water","dollars per planted acre","No specific size","Prairie Gateway","United States",2003,0.63,"Base survey of 2001"
"Corn","Operating costs","Purchased irrigation water","dollars per planted acre","No specific size","Prairie Gateway","United States",2004,0.66,"Base survey of 2001"
"Corn","Operating costs","Purchased irrigation water","dollars per planted acre","No specific size","Prairie Gateway","United States",2005,0.18,"Base survey of 2005"
"Corn","Operating costs","Purchased irrigation water","dollars per planted acre","No specific size","Prairie Gateway","United States",2006,0.19,"Base survey of 2005"
"Corn","Operating costs","Purchased irrigation water","dollars per planted acre","No specific size","Prairie Gateway","United States",2007,0.19,"Base survey of 2005"
"Corn","Operating costs","Purchased irrigation water","dollars per planted acre","No specific size","Prairie Gateway","United States",2008,0.19,"Base survey of 2005"
"Corn","Operating costs","Purchased irrigation water","dollars per planted acre","No specific size","Prairie Gateway","United States",2009,0.2,"Base survey of 2005"
"Corn","Operating costs","Purchased irrigation water","dollars per planted acre","No specific size","Prairie Gateway","United States",2010,0.37,"Base survey of 2010"
"Corn","Operating costs","Purchased irrigation water","dollars per planted acre","No specific size","Prairie Gateway","United States",2011,0.38,"Base survey of 2010"
"Corn","Operating costs","Purchased irrigation water","dollars per planted acre","No specific size","Prairie Gateway","United States",2012,0.38,"Base survey of 2010"
"Corn","Operating costs","Purchased irrigation water","dollars per planted acre","No specific size","Prairie Gateway","United States",2013,0.4,"Base survey of 2010"
"Corn","Operating costs","Purchased irrigation water","dollars per planted acre","No specific size","Prairie Gateway","United States",2014,0.41,"Base survey of 2010"
"Corn","Operating costs","Purchased irrigation water","dollars per planted acre","No specific size","Prairie Gateway","United States",2015,0.43,"Base survey of 2010"
"Corn","Operating costs","Purchased irrigation water","dollars per planted acre","No specific size","Prairie Gateway","United States",2016,1.17,"Base survey of 2016"
"Corn","Operating costs","Purchased irrigation water","dollars per planted acre","No specific size","Prairie Gateway","United States",2017,1.11,"Base survey of 2016"
"Corn","Operating costs","Purchased irrigation water","dollars per planted acre","No specific size","Prairie Gateway","United States",2018,1.15,"Base survey of 2016"
"Corn","Operating costs","Purchased irrigation water","dollars per planted acre","No specific size","Prairie Gateway","United States",2019,1.11,"Base survey of 2016"
"Corn","Operating costs","Purchased irrigation water","dollars per planted acre","No specific size","Prairie Gateway","United States",2020,1.16,"Base survey of 2016"
"Corn","Operating costs","Purchased irrigation water","dollars per planted acre","No specific size","Prairie Gateway","United States",2021,1.25,"Base survey of 2021"
"Corn","Operating costs","Purchased irrigation water","dollars per planted acre","No specific size","Prairie Gateway","United States",2022,1.4,"Base survey of 2021"
"Corn","Operating costs","Purchased irrigation water","dollars per planted acre","No specific size","Prairie Gateway","United States",2023,1.46,"Base survey of 2021"
"Corn","Operating costs","Purchased irrigation water","dollars per planted acre","No specific size","Prairie Gateway","United States",2024,1.48,"Base survey of 2021"
"Corn","Operating costs","Purchased irrigation water","dollars per planted acre","No specific size","Eastern Uplands","United States",1996,0,"Base survey of 1996"
"Corn","Operating costs","Purchased irrigation water","dollars per planted acre","No specific size","Eastern Uplands","United States",1997,0,"Base survey of 1996"
"Corn","Operating costs","Purchased irrigation water","dollars per planted acre","No specific size","Eastern Uplands","United States",1998,0,"Base survey of 1996"
"Corn","Operating costs","Purchased irrigation water","dollars per planted acre","No specific size","Eastern Uplands","United States",1999,0,"Base survey of 1996"
"Corn","Operating costs","Purchased irrigation water","dollars per planted acre","No specific size","Eastern Uplands","United States",2000,0,"Base survey of 1996"
"Corn","Operating costs","Purchased irrigation water","dollars per planted acre","No specific size","Eastern Uplands","United States",2001,0,"Base survey of 2001"
"Corn","Operating costs","Purchased irrigation water","dollars per planted acre","No specific size","Eastern Uplands","United States",2002,0,"Base survey of 2001"
"Corn","Operating costs","Purchased irrigation water","dollars per planted acre","No specific size","Eastern Uplands","United States",2003,0,"Base survey of 2001"
"Corn","Operating costs","Purchased irrigation water","dollars per planted acre","No specific size","Eastern Uplands","United States",2004,0,"Base survey of 2001"
"Corn","Operating costs","Purchased irrigation water","dollars per planted acre","No specific size","Eastern Uplands","United States",2005,0,"Base survey of 2005"
"Corn","Operating costs","Purchased irrigation water","dollars per planted acre","No specific size","Eastern Uplands","United States",2006,0,"Base survey of 2005"
"Corn","Operating costs","Purchased irrigation water","dollars per planted acre","No specific size","Eastern Uplands","United States",2007,0,"Base survey of 2005"
"Corn","Operating costs","Purchased irrigation water","dollars per planted acre","No specific size","Eastern Uplands","United States",2008,0,"Base survey of 2005"
"Corn","Operating costs","Purchased irrigation water","dollars per planted acre","No specific size","Eastern Uplands","United States",2009,0,"Base survey of 2005"
"Corn","Operating costs","Purchased irrigation water","dollars per planted acre","No specific size","Eastern Uplands","United States",2010,0,"Base survey of 2010"
"Corn","Operating costs","Purchased irrigation water","dollars per planted acre","No specific size","Eastern Uplands","United States",2011,0,"Base survey of 2010"
"Corn","Operating costs","Purchased irrigation water","dollars per planted acre","No specific size","Eastern Uplands","United States",2012,0,"Base survey of 2010"
"Corn","Operating costs","Purchased irrigation water","dollars per planted acre","No specific size","Eastern Uplands","United States",2013,0,"Base survey of 2010"
"Corn","Operating costs","Purchased irrigation water","dollars per planted acre","No specific size","Eastern Uplands","United States",2014,0,"Base survey of 2010"
"Corn","Operating costs","Purchased irrigation water","dollars per planted acre","No specific size","Eastern Uplands","United States",2015,0,"Base survey of 2010"
"Corn","Operating costs","Purchased irrigation water","dollars per planted acre","No specific size","Eastern Uplands","United States",2016,0,"Base survey of 2016"
"Corn","Operating costs","Purchased irrigation water","dollars per planted acre","No specific size","Eastern Uplands","United States",2017,0,"Base survey of 2016"
"Corn","Operating costs","Purchased irrigation water","dollars per planted acre","No specific size","Eastern Uplands","United States",2018,0,"Base survey of 2016"
"Corn","Operating costs","Purchased irrigation water","dollars per planted acre","No specific size","Eastern Uplands","United States",2019,0,"Base survey of 2016"
"Corn","Operating costs","Purchased irrigation water","dollars per planted acre","No specific size","Eastern Uplands","United States",2020,0,"Base survey of 2016"
"Corn","Operating costs","Purchased irrigation water","dollars per planted acre","No specific size","Eastern Uplands","United States",2021,0,"Base survey of 2021"
"Corn","Operating costs","Purchased irrigation water","dollars per planted acre","No specific size","Eastern Uplands","United States",2022,0,"Base survey of 2021"
"Corn","Operating costs","Purchased irrigation water","dollars per planted acre","No specific size","Eastern Uplands","United States",2023,0,"Base survey of 2021"
"Corn","Operating costs","Purchased irrigation water","dollars per planted acre","No specific size","Eastern Uplands","United States",2024,0,"Base survey of 2021"
"Corn","Operating costs","Purchased irrigation water","dollars per planted acre","No specific size","Southern Seaboard","United States",1996,0,"Base survey of 1996"
"Corn","Operating costs","Purchased irrigation water","dollars per planted acre","No specific size","Southern Seaboard","United States",1997,0,"Base survey of 1996"
"Corn","Operating costs","Purchased irrigation water","dollars per planted acre","No specific size","Southern Seaboard","United States",1998,0,"Base survey of 1996"
"Corn","Operating costs","Purchased irrigation water","dollars per planted acre","No specific size","Southern Seaboard","United States",1999,0,"Base survey of 1996"
"Corn","Operating costs","Purchased irrigation water","dollars per planted acre","No specific size","Southern Seaboard","United States",2000,0,"Base survey of 1996"
"Corn","Operating costs","Purchased irrigation water","dollars per planted acre","No specific size","Southern Seaboard","United States",2001,0,"Base survey of 2001"
"Corn","Operating costs","Purchased irrigation water","dollars per planted acre","No specific size","Southern Seaboard","United States",2002,0,"Base survey of 2001"
"Corn","Operating costs","Purchased irrigation water","dollars per planted acre","No specific size","Southern Seaboard","United States",2003,0,"Base survey of 2001"
"Corn","Operating costs","Purchased irrigation water","dollars per planted acre","No specific size","Southern Seaboard","United States",2004,0,"Base survey of 2001"
"Corn","Operating costs","Purchased irrigation water","dollars per planted acre","No specific size","Southern Seaboard","United States",2005,0,"Base survey of 2005"
"Corn","Operating costs","Purchased irrigation water","dollars per planted acre","No specific size","Southern Seaboard","United States",2006,0,"Base survey of 2005"
"Corn","Operating costs","Purchased irrigation water","dollars per planted acre","No specific size","Southern Seaboard","United States",2007,0,"Base survey of 2005"
"Corn","Operating costs","Purchased irrigation water","dollars per planted acre","No specific size","Southern Seaboard","United States",2008,0,"Base survey of 2005"
"Corn","Operating costs","Purchased irrigation water","dollars per planted acre","No specific size","Southern Seaboard","United States",2009,0,"Base survey of 2005"
"Corn","Operating costs","Purchased irrigation water","dollars per planted acre","No specific size","Southern Seaboard","United States",2010,0,"Base survey of 2010"
"Corn","Operating costs","Purchased irrigation water","dollars per planted acre","No specific size","Southern Seaboard","United States",2011,0,"Base survey of 2010"
"Corn","Operating costs","Purchased irrigation water","dollars per planted acre","No specific size","Southern Seaboard","United States",2012,0,"Base survey of 2010"
"Corn","Operating costs","Purchased irrigation water","dollars per planted acre","No specific size","Southern Seaboard","United States",2013,0,"Base survey of 2010"
"Corn","Operating costs","Purchased irrigation water","dollars per planted acre","No specific size","Southern Seaboard","United States",2014,0,"Base survey of 2010"
"Corn","Operating costs","Purchased irrigation water","dollars per planted acre","No specific size","Southern Seaboard","United States",2015,0,"Base survey of 2010"
"Corn","Operating costs","Purchased irrigation water","dollars per planted acre","No specific size","Southern Seaboard","United States",2016,0.09,"Base survey of 2016"
"Corn","Operating costs","Purchased irrigation water","dollars per planted acre","No specific size","Southern Seaboard","United States",2017,0.07,"Base survey of 2016"
"Corn","Operating costs","Purchased irrigation water","dollars per planted acre","No specific size","Southern Seaboard","United States",2018,0.08,"Base survey of 2016"
"Corn","Operating costs","Purchased irrigation water","dollars per planted acre","No specific size","Southern Seaboard","United States",2019,0.09,"Base survey of 2016"
"Corn","Operating costs","Purchased irrigation water","dollars per planted acre","No specific size","Southern Seaboard","United States",2020,0.09,"Base survey of 2016"
"Corn","Operating costs","Purchased irrigation water","dollars per planted acre","No specific size","Southern Seaboard","United States",2021,0.2,"Base survey of 2021"
"Corn","Operating costs","Purchased irrigation water","dollars per planted acre","No specific size","Southern Seaboard","United States",2022,0.23,"Base survey of 2021"
"Corn","Operating costs","Purchased irrigation water","dollars per planted acre","No specific size","Southern Seaboard","United States",2023,0.24,"Base survey of 2021"
"Corn","Operating costs","Purchased irrigation water","dollars per planted acre","No specific size","Southern Seaboard","United States",2024,0.21,"Base survey of 2021"
"Corn","Operating costs","Interest on operating capital","dollars per planted acre","No specific size","U.S. total","United States",1996,3.86,"Base survey of 1996"
"Corn","Operating costs","Interest on operating capital","dollars per planted acre","No specific size","U.S. total","United States",1997,3.96,"Base survey of 1996"
"Corn","Operating costs","Interest on operating capital","dollars per planted acre","No specific size","U.S. total","United States",1998,3.61,"Base survey of 1996"
"Corn","Operating costs","Interest on operating capital","dollars per planted acre","No specific size","U.S. total","United States",1999,3.5,"Base survey of 1996"
"Corn","Operating costs","Interest on operating capital","dollars per planted acre","No specific size","U.S. total","United States",2000,4.53,"Base survey of 1996"
"Corn","Operating costs","Interest on operating capital","dollars per planted acre","No specific size","U.S. total","United States",2001,2.6,"Base survey of 2001"
"Corn","Operating costs","Interest on operating capital","dollars per planted acre","No specific size","U.S. total","United States",2002,1.17,"Base survey of 2001"
"Corn","Operating costs","Interest on operating capital","dollars per planted acre","No specific size","U.S. total","United States",2003,0.82,"Base survey of 2001"
"Corn","Operating costs","Interest on operating capital","dollars per planted acre","No specific size","U.S. total","United States",2004,1.31,"Base survey of 2001"
"Corn","Operating costs","Interest on operating capital","dollars per planted acre","No specific size","U.S. total","United States",2005,3.12,"Base survey of 2005"
"Corn","Operating costs","Interest on operating capital","dollars per planted acre","No specific size","U.S. total","United States",2006,4.76,"Base survey of 2005"
"Corn","Operating costs","Interest on operating capital","dollars per planted acre","No specific size","U.S. total","United States",2007,4.94,"Base survey of 2005"
"Corn","Operating costs","Interest on operating capital","dollars per planted acre","No specific size","U.S. total","United States",2008,2.17,"Base survey of 2005"
"Corn","Operating costs","Interest on operating capital","dollars per planted acre","No specific size","U.S. total","United States",2009,0.43,"Base survey of 2005"
"Corn","Operating costs","Interest on operating capital","dollars per planted acre","No specific size","U.S. total","United States",2010,0.28,"Base survey of 2010"
"Corn","Operating costs","Interest on operating capital","dollars per planted acre","No specific size","U.S. total","United States",2011,0.17,"Base survey of 2010"
"Corn","Operating costs","Interest on operating capital","dollars per planted acre","No specific size","U.S. total","United States",2012,0.23,"Base survey of 2010"
"Corn","Operating costs","Interest on operating capital","dollars per planted acre","No specific size","U.S. total","United States",2013,0.16,"Base survey of 2010"
"Corn","Operating costs","Interest on operating capital","dollars per planted acre","No specific size","U.S. total","United States",2014,0.12,"Base survey of 2010"
"Corn","Operating costs","Interest on operating capital","dollars per planted acre","No specific size","U.S. total","United States",2015,0.28,"Base survey of 2010"
"Corn","Operating costs","Interest on operating capital","dollars per planted acre","No specific size","U.S. total","United States",2016,0.78,"Base survey of 2016"
"Corn","Operating costs","Interest on operating capital","dollars per planted acre","No specific size","U.S. total","United States",2017,1.7,"Base survey of 2016"
"Corn","Operating costs","Interest on operating capital","dollars per planted acre","No specific size","U.S. total","United States",2018,3.44,"Base survey of 2016"
"Corn","Operating costs","Interest on operating capital","dollars per planted acre","No specific size","U.S. total","United States",2019,3.48,"Base survey of 2016"
"Corn","Operating costs","Interest on operating capital","dollars per planted acre","No specific size","U.S. total","United States",2020,0.62,"Base survey of 2016"
"Corn","Operating costs","Interest on operating capital","dollars per planted acre","No specific size","U.S. total","United States",2021,0.11,"Base survey of 2021"
"Corn","Operating costs","Interest on operating capital","dollars per planted acre","No specific size","U.S. total","United States",2022,6.26,"Base survey of 2021"
"Corn","Operating costs","Interest on operating capital","dollars per planted acre","No specific size","U.S. total","United States",2023,11.88,"Base survey of 2021"
"Corn","Operating costs","Interest on operating capital","dollars per planted acre","No specific size","U.S. total","United States",2024,10.21,"Base survey of 2021"
"Corn","Operating costs","Interest on operating capital","dollars per planted acre","No specific size","Heartland","United States",1996,3.87,"Base survey of 1996"
"Corn","Operating costs","Interest on operating capital","dollars per planted acre","No specific size","Heartland","United States",1997,3.95,"Base survey of 1996"
"Corn","Operating costs","Interest on operating capital","dollars per planted acre","No specific size","Heartland","United States",1998,3.62,"Base survey of 1996"
"Corn","Operating costs","Interest on operating capital","dollars per planted acre","No specific size","Heartland","United States",1999,3.5,"Base survey of 1996"
"Corn","Operating costs","Interest on operating capital","dollars per planted acre","No specific size","Heartland","United States",2000,4.51,"Base survey of 1996"
"Corn","Operating costs","Interest on operating capital","dollars per planted acre","No specific size","Heartland","United States",2001,2.5,"Base survey of 2001"
"Corn","Operating costs","Interest on operating capital","dollars per planted acre","No specific size","Heartland","United States",2002,1.13,"Base survey of 2001"
"Corn","Operating costs","Interest on operating capital","dollars per planted acre","No specific size","Heartland","United States",2003,0.79,"Base survey of 2001"
"Corn","Operating costs","Interest on operating capital","dollars per planted acre","No specific size","Heartland","United States",2004,1.26,"Base survey of 2001"
"Corn","Operating costs","Interest on operating capital","dollars per planted acre","No specific size","Heartland","United States",2005,3.07,"Base survey of 2005"
"Corn","Operating costs","Interest on operating capital","dollars per planted acre","No specific size","Heartland","United States",2006,4.66,"Base survey of 2005"
"Corn","Operating costs","Interest on operating capital","dollars per planted acre","No specific size","Heartland","United States",2007,4.85,"Base survey of 2005"
"Corn","Operating costs","Interest on operating capital","dollars per planted acre","No specific size","Heartland","United States",2008,2.16,"Base survey of 2005"
"Corn","Operating costs","Interest on operating capital","dollars per planted acre","No specific size","Heartland","United States",2009,0.43,"Base survey of 2005"
"Corn","Operating costs","Interest on operating capital","dollars per planted acre","No specific size","Heartland","United States",2010,0.29,"Base survey of 2010"
"Corn","Operating costs","Interest on operating capital","dollars per planted acre","No specific size","Heartland","United States",2011,0.17,"Base survey of 2010"
"Corn","Operating costs","Interest on operating capital","dollars per planted acre","No specific size","Heartland","United States",2012,0.24,"Base survey of 2010"
"Corn","Operating costs","Interest on operating capital","dollars per planted acre","No specific size","Heartland","United States",2013,0.16,"Base survey of 2010"
"Corn","Operating costs","Interest on operating capital","dollars per planted acre","No specific size","Heartland","United States",2014,0.12,"Base survey of 2010"
"Corn","Operating costs","Interest on operating capital","dollars per planted acre","No specific size","Heartland","United States",2015,0.29,"Base survey of 2010"
"Corn","Operating costs","Interest on operating capital","dollars per planted acre","No specific size","Heartland","United States",2016,0.8,"Base survey of 2016"
"Corn","Operating costs","Interest on operating capital","dollars per planted acre","No specific size","Heartland","United States",2017,1.74,"Base survey of 2016"
"Corn","Operating costs","Interest on operating capital","dollars per planted acre","No specific size","Heartland","United States",2018,3.49,"Base survey of 2016"
"Corn","Operating costs","Interest on operating capital","dollars per planted acre","No specific size","Heartland","United States",2019,3.53,"Base survey of 2016"
"Corn","Operating costs","Interest on operating capital","dollars per planted acre","No specific size","Heartland","United States",2020,0.63,"Base survey of 2016"
"Corn","Operating costs","Interest on operating capital","dollars per planted acre","No specific size","Heartland","United States",2021,0.11,"Base survey of 2021"
"Corn","Operating costs","Interest on operating capital","dollars per planted acre","No specific size","Heartland","United States",2022,6.48,"Base survey of 2021"
"Corn","Operating costs","Interest on operating capital","dollars per planted acre","No specific size","Heartland","United States",2023,12.33,"Base survey of 2021"
"Corn","Operating costs","Interest on operating capital","dollars per planted acre","No specific size","Heartland","United States",2024,10.6,"Base survey of 2021"
"Corn","Operating costs","Interest on operating capital","dollars per planted acre","No specific size","Northern Crescent","United States",1996,3.53,"Base survey of 1996"
"Corn","Operating costs","Interest on operating capital","dollars per planted acre","No specific size","Northern Crescent","United States",1997,3.66,"Base survey of 1996"
"Corn","Operating costs","Interest on operating capital","dollars per planted acre","No specific size","Northern Crescent","United States",1998,3.32,"Base survey of 1996"
"Corn","Operating costs","Interest on operating capital","dollars per planted acre","No specific size","Northern Crescent","United States",1999,3.25,"Base survey of 1996"
"Corn","Operating costs","Interest on operating capital","dollars per planted acre","No specific size","Northern Crescent","United States",2000,4.25,"Base survey of 1996"
"Corn","Operating costs","Interest on operating capital","dollars per planted acre","No specific size","Northern Crescent","United States",2001,2.61,"Base survey of 2001"
"Corn","Operating costs","Interest on operating capital","dollars per planted acre","No specific size","Northern Crescent","United States",2002,1.24,"Base survey of 2001"
"Corn","Operating costs","Interest on operating capital","dollars per planted acre","No specific size","Northern Crescent","United States",2003,0.86,"Base survey of 2001"
"Corn","Operating costs","Interest on operating capital","dollars per planted acre","No specific size","Northern Crescent","United States",2004,1.37,"Base survey of 2001"
"Corn","Operating costs","Interest on operating capital","dollars per planted acre","No specific size","Northern Crescent","United States",2005,3.25,"Base survey of 2005"
"Corn","Operating costs","Interest on operating capital","dollars per planted acre","No specific size","Northern Crescent","United States",2006,4.95,"Base survey of 2005"
"Corn","Operating costs","Interest on operating capital","dollars per planted acre","No specific size","Northern Crescent","United States",2007,5.16,"Base survey of 2005"
"Corn","Operating costs","Interest on operating capital","dollars per planted acre","No specific size","Northern Crescent","United States",2008,2.31,"Base survey of 2005"
"Corn","Operating costs","Interest on operating capital","dollars per planted acre","No specific size","Northern Crescent","United States",2009,0.45,"Base survey of 2005"
"Corn","Operating costs","Interest on operating capital","dollars per planted acre","No specific size","Northern Crescent","United States",2010,0.29,"Base survey of 2010"
"Corn","Operating costs","Interest on operating capital","dollars per planted acre","No specific size","Northern Crescent","United States",2011,0.17,"Base survey of 2010"
"Corn","Operating costs","Interest on operating capital","dollars per planted acre","No specific size","Northern Crescent","United States",2012,0.24,"Base survey of 2010"
"Corn","Operating costs","Interest on operating capital","dollars per planted acre","No specific size","Northern Crescent","United States",2013,0.16,"Base survey of 2010"
"Corn","Operating costs","Interest on operating capital","dollars per planted acre","No specific size","Northern Crescent","United States",2014,0.12,"Base survey of 2010"
"Corn","Operating costs","Interest on operating capital","dollars per planted acre","No specific size","Northern Crescent","United States",2015,0.29,"Base survey of 2010"
"Corn","Operating costs","Interest on operating capital","dollars per planted acre","No specific size","Northern Crescent","United States",2016,0.8,"Base survey of 2016"
"Corn","Operating costs","Interest on operating capital","dollars per planted acre","No specific size","Northern Crescent","United States",2017,1.75,"Base survey of 2016"
"Corn","Operating costs","Interest on operating capital","dollars per planted acre","No specific size","Northern Crescent","United States",2018,3.53,"Base survey of 2016"
"Corn","Operating costs","Interest on operating capital","dollars per planted acre","No specific size","Northern Crescent","United States",2019,3.59,"Base survey of 2016"
"Corn","Operating costs","Interest on operating capital","dollars per planted acre","No specific size","Northern Crescent","United States",2020,0.64,"Base survey of 2016"
"Corn","Operating costs","Interest on operating capital","dollars per planted acre","No specific size","Northern Crescent","United States",2021,0.11,"Base survey of 2021"
"Corn","Operating costs","Interest on operating capital","dollars per planted acre","No specific size","Northern Crescent","United States",2022,6.64,"Base survey of 2021"
"Corn","Operating costs","Interest on operating capital","dollars per planted acre","No specific size","Northern Crescent","United States",2023,12.53,"Base survey of 2021"
"Corn","Operating costs","Interest on operating capital","dollars per planted acre","No specific size","Northern Crescent","United States",2024,10.78,"Base survey of 2021"
"Corn","Operating costs","Interest on operating capital","dollars per planted acre","No specific size","Northern Great Plains","United States",1996,3.29,"Base survey of 1996"
"Corn","Operating costs","Interest on operating capital","dollars per planted acre","No specific size","Northern Great Plains","United States",1997,3.41,"Base survey of 1996"
"Corn","Operating costs","Interest on operating capital","dollars per planted acre","No specific size","Northern Great Plains","United States",1998,3.09,"Base survey of 1996"
"Corn","Operating costs","Interest on operating capital","dollars per planted acre","No specific size","Northern Great Plains","United States",1999,3.04,"Base survey of 1996"
"Corn","Operating costs","Interest on operating capital","dollars per planted acre","No specific size","Northern Great Plains","United States",2000,3.74,"Base survey of 1996"
"Corn","Operating costs","Interest on operating capital","dollars per planted acre","No specific size","Northern Great Plains","United States",2001,2.26,"Base survey of 2001"
"Corn","Operating costs","Interest on operating capital","dollars per planted acre","No specific size","Northern Great Plains","United States",2002,0.97,"Base survey of 2001"
"Corn","Operating costs","Interest on operating capital","dollars per planted acre","No specific size","Northern Great Plains","United States",2003,0.71,"Base survey of 2001"
"Corn","Operating costs","Interest on operating capital","dollars per planted acre","No specific size","Northern Great Plains","United States",2004,1.11,"Base survey of 2001"
"Corn","Operating costs","Interest on operating capital","dollars per planted acre","No specific size","Northern Great Plains","United States",2005,2.6,"Base survey of 2005"
"Corn","Operating costs","Interest on operating capital","dollars per planted acre","No specific size","Northern Great Plains","United States",2006,3.94,"Base survey of 2005"
"Corn","Operating costs","Interest on operating capital","dollars per planted acre","No specific size","Northern Great Plains","United States",2007,4.08,"Base survey of 2005"
"Corn","Operating costs","Interest on operating capital","dollars per planted acre","No specific size","Northern Great Plains","United States",2008,1.77,"Base survey of 2005"
"Corn","Operating costs","Interest on operating capital","dollars per planted acre","No specific size","Northern Great Plains","United States",2009,0.35,"Base survey of 2005"
"Corn","Operating costs","Interest on operating capital","dollars per planted acre","No specific size","Northern Great Plains","United States",2010,0.26,"Base survey of 2010"
"Corn","Operating costs","Interest on operating capital","dollars per planted acre","No specific size","Northern Great Plains","United States",2011,0.15,"Base survey of 2010"
"Corn","Operating costs","Interest on operating capital","dollars per planted acre","No specific size","Northern Great Plains","United States",2012,0.21,"Base survey of 2010"
"Corn","Operating costs","Interest on operating capital","dollars per planted acre","No specific size","Northern Great Plains","United States",2013,0.14,"Base survey of 2010"
"Corn","Operating costs","Interest on operating capital","dollars per planted acre","No specific size","Northern Great Plains","United States",2014,0.1,"Base survey of 2010"
"Corn","Operating costs","Interest on operating capital","dollars per planted acre","No specific size","Northern Great Plains","United States",2015,0.26,"Base survey of 2010"
"Corn","Operating costs","Interest on operating capital","dollars per planted acre","No specific size","Northern Great Plains","United States",2016,0.67,"Base survey of 2016"
"Corn","Operating costs","Interest on operating capital","dollars per planted acre","No specific size","Northern Great Plains","United States",2017,1.46,"Base survey of 2016"
"Corn","Operating costs","Interest on operating capital","dollars per planted acre","No specific size","Northern Great Plains","United States",2018,2.95,"Base survey of 2016"
"Corn","Operating costs","Interest on operating capital","dollars per planted acre","No specific size","Northern Great Plains","United States",2019,2.98,"Base survey of 2016"
"Corn","Operating costs","Interest on operating capital","dollars per planted acre","No specific size","Northern Great Plains","United States",2020,0.54,"Base survey of 2016"
"Corn","Operating costs","Interest on operating capital","dollars per planted acre","No specific size","Northern Great Plains","United States",2021,0.1,"Base survey of 2021"
"Corn","Operating costs","Interest on operating capital","dollars per planted acre","No specific size","Northern Great Plains","United States",2022,5.74,"Base survey of 2021"
"Corn","Operating costs","Interest on operating capital","dollars per planted acre","No specific size","Northern Great Plains","United States",2023,10.83,"Base survey of 2021"
"Corn","Operating costs","Interest on operating capital","dollars per planted acre","No specific size","Northern Great Plains","United States",2024,9.37,"Base survey of 2021"
"Corn","Operating costs","Interest on operating capital","dollars per planted acre","No specific size","Prairie Gateway","United States",1996,4.53,"Base survey of 1996"
"Corn","Operating costs","Interest on operating capital","dollars per planted acre","No specific size","Prairie Gateway","United States",1997,4.62,"Base survey of 1996"
"Corn","Operating costs","Interest on operating capital","dollars per planted acre","No specific size","Prairie Gateway","United States",1998,4.16,"Base survey of 1996"
"Corn","Operating costs","Interest on operating capital","dollars per planted acre","No specific size","Prairie Gateway","United States",1999,4.02,"Base survey of 1996"
"Corn","Operating costs","Interest on operating capital","dollars per planted acre","No specific size","Prairie Gateway","United States",2000,5.25,"Base survey of 1996"
"Corn","Operating costs","Interest on operating capital","dollars per planted acre","No specific size","Prairie Gateway","United States",2001,3.19,"Base survey of 2001"
"Corn","Operating costs","Interest on operating capital","dollars per planted acre","No specific size","Prairie Gateway","United States",2002,1.45,"Base survey of 2001"
"Corn","Operating costs","Interest on operating capital","dollars per planted acre","No specific size","Prairie Gateway","United States",2003,1.01,"Base survey of 2001"
"Corn","Operating costs","Interest on operating capital","dollars per planted acre","No specific size","Prairie Gateway","United States",2004,1.62,"Base survey of 2001"
"Corn","Operating costs","Interest on operating capital","dollars per planted acre","No specific size","Prairie Gateway","United States",2005,3.6,"Base survey of 2005"
"Corn","Operating costs","Interest on operating capital","dollars per planted acre","No specific size","Prairie Gateway","United States",2006,5.46,"Base survey of 2005"
"Corn","Operating costs","Interest on operating capital","dollars per planted acre","No specific size","Prairie Gateway","United States",2007,5.46,"Base survey of 2005"
"Corn","Operating costs","Interest on operating capital","dollars per planted acre","No specific size","Prairie Gateway","United States",2008,2.28,"Base survey of 2005"
"Corn","Operating costs","Interest on operating capital","dollars per planted acre","No specific size","Prairie Gateway","United States",2009,0.42,"Base survey of 2005"
"Corn","Operating costs","Interest on operating capital","dollars per planted acre","No specific size","Prairie Gateway","United States",2010,0.27,"Base survey of 2010"
"Corn","Operating costs","Interest on operating capital","dollars per planted acre","No specific size","Prairie Gateway","United States",2011,0.15,"Base survey of 2010"
"Corn","Operating costs","Interest on operating capital","dollars per planted acre","No specific size","Prairie Gateway","United States",2012,0.22,"Base survey of 2010"
"Corn","Operating costs","Interest on operating capital","dollars per planted acre","No specific size","Prairie Gateway","United States",2013,0.14,"Base survey of 2010"
"Corn","Operating costs","Interest on operating capital","dollars per planted acre","No specific size","Prairie Gateway","United States",2014,0.11,"Base survey of 2010"
"Corn","Operating costs","Interest on operating capital","dollars per planted acre","No specific size","Prairie Gateway","United States",2015,0.26,"Base survey of 2010"
"Corn","Operating costs","Interest on operating capital","dollars per planted acre","No specific size","Prairie Gateway","United States",2016,0.76,"Base survey of 2016"
"Corn","Operating costs","Interest on operating capital","dollars per planted acre","No specific size","Prairie Gateway","United States",2017,1.68,"Base survey of 2016"
"Corn","Operating costs","Interest on operating capital","dollars per planted acre","No specific size","Prairie Gateway","United States",2018,3.41,"Base survey of 2016"
"Corn","Operating costs","Interest on operating capital","dollars per planted acre","No specific size","Prairie Gateway","United States",2019,3.41,"Base survey of 2016"
"Corn","Operating costs","Interest on operating capital","dollars per planted acre","No specific size","Prairie Gateway","United States",2020,0.61,"Base survey of 2016"
"Corn","Operating costs","Interest on operating capital","dollars per planted acre","No specific size","Prairie Gateway","United States",2021,0.09,"Base survey of 2021"
"Corn","Operating costs","Interest on operating capital","dollars per planted acre","No specific size","Prairie Gateway","United States",2022,5.45,"Base survey of 2021"
"Corn","Operating costs","Interest on operating capital","dollars per planted acre","No specific size","Prairie Gateway","United States",2023,10.51,"Base survey of 2021"
"Corn","Operating costs","Interest on operating capital","dollars per planted acre","No specific size","Prairie Gateway","United States",2024,9.04,"Base survey of 2021"
"Corn","Operating costs","Interest on operating capital","dollars per planted acre","No specific size","Eastern Uplands","United States",1996,3.9,"Base survey of 1996"
"Corn","Operating costs","Interest on operating capital","dollars per planted acre","No specific size","Eastern Uplands","United States",1997,3.85,"Base survey of 1996"
"Corn","Operating costs","Interest on operating capital","dollars per planted acre","No specific size","Eastern Uplands","United States",1998,3.52,"Base survey of 1996"
"Corn","Operating costs","Interest on operating capital","dollars per planted acre","No specific size","Eastern Uplands","United States",1999,3.37,"Base survey of 1996"
"Corn","Operating costs","Interest on operating capital","dollars per planted acre","No specific size","Eastern Uplands","United States",2000,4.39,"Base survey of 1996"
"Corn","Operating costs","Interest on operating capital","dollars per planted acre","No specific size","Eastern Uplands","United States",2001,2.21,"Base survey of 2001"
"Corn","Operating costs","Interest on operating capital","dollars per planted acre","No specific size","Eastern Uplands","United States",2002,1,"Base survey of 2001"
"Corn","Operating costs","Interest on operating capital","dollars per planted acre","No specific size","Eastern Uplands","United States",2003,0.74,"Base survey of 2001"
"Corn","Operating costs","Interest on operating capital","dollars per planted acre","No specific size","Eastern Uplands","United States",2004,1.15,"Base survey of 2001"
"Corn","Operating costs","Interest on operating capital","dollars per planted acre","No specific size","Eastern Uplands","United States",2005,3.17,"Base survey of 2005"
"Corn","Operating costs","Interest on operating capital","dollars per planted acre","No specific size","Eastern Uplands","United States",2006,4.84,"Base survey of 2005"
"Corn","Operating costs","Interest on operating capital","dollars per planted acre","No specific size","Eastern Uplands","United States",2007,5.06,"Base survey of 2005"
"Corn","Operating costs","Interest on operating capital","dollars per planted acre","No specific size","Eastern Uplands","United States",2008,2.29,"Base survey of 2005"
"Corn","Operating costs","Interest on operating capital","dollars per planted acre","No specific size","Eastern Uplands","United States",2009,0.45,"Base survey of 2005"
"Corn","Operating costs","Interest on operating capital","dollars per planted acre","No specific size","Eastern Uplands","United States",2010,0.26,"Base survey of 2010"
"Corn","Operating costs","Interest on operating capital","dollars per planted acre","No specific size","Eastern Uplands","United States",2011,0.15,"Base survey of 2010"
"Corn","Operating costs","Interest on operating capital","dollars per planted acre","No specific size","Eastern Uplands","United States",2012,0.22,"Base survey of 2010"
"Corn","Operating costs","Interest on operating capital","dollars per planted acre","No specific size","Eastern Uplands","United States",2013,0.15,"Base survey of 2010"
"Corn","Operating costs","Interest on operating capital","dollars per planted acre","No specific size","Eastern Uplands","United States",2014,0.1,"Base survey of 2010"
"Corn","Operating costs","Interest on operating capital","dollars per planted acre","No specific size","Eastern Uplands","United States",2015,0.26,"Base survey of 2010"
"Corn","Operating costs","Interest on operating capital","dollars per planted acre","No specific size","Eastern Uplands","United States",2016,0.76,"Base survey of 2016"
"Corn","Operating costs","Interest on operating capital","dollars per planted acre","No specific size","Eastern Uplands","United States",2017,1.64,"Base survey of 2016"
"Corn","Operating costs","Interest on operating capital","dollars per planted acre","No specific size","Eastern Uplands","United States",2018,3.28,"Base survey of 2016"
"Corn","Operating costs","Interest on operating capital","dollars per planted acre","No specific size","Eastern Uplands","United States",2019,3.37,"Base survey of 2016"
"Corn","Operating costs","Interest on operating capital","dollars per planted acre","No specific size","Eastern Uplands","United States",2020,0.6,"Base survey of 2016"
"Corn","Operating costs","Interest on operating capital","dollars per planted acre","No specific size","Eastern Uplands","United States",2021,0.11,"Base survey of 2021"
"Corn","Operating costs","Interest on operating capital","dollars per planted acre","No specific size","Eastern Uplands","United States",2022,6.58,"Base survey of 2021"
"Corn","Operating costs","Interest on operating capital","dollars per planted acre","No specific size","Eastern Uplands","United States",2023,12.38,"Base survey of 2021"
"Corn","Operating costs","Interest on operating capital","dollars per planted acre","No specific size","Eastern Uplands","United States",2024,10.57,"Base survey of 2021"
"Corn","Operating costs","Interest on operating capital","dollars per planted acre","No specific size","Southern Seaboard","United States",1996,3.84,"Base survey of 1996"
"Corn","Operating costs","Interest on operating capital","dollars per planted acre","No specific size","Southern Seaboard","United States",1997,3.9,"Base survey of 1996"
"Corn","Operating costs","Interest on operating capital","dollars per planted acre","No specific size","Southern Seaboard","United States",1998,3.36,"Base survey of 1996"
"Corn","Operating costs","Interest on operating capital","dollars per planted acre","No specific size","Southern Seaboard","United States",1999,3.3,"Base survey of 1996"
"Corn","Operating costs","Interest on operating capital","dollars per planted acre","No specific size","Southern Seaboard","United States",2000,4.37,"Base survey of 1996"
"Corn","Operating costs","Interest on operating capital","dollars per planted acre","No specific size","Southern Seaboard","United States",2001,2.62,"Base survey of 2001"
"Corn","Operating costs","Interest on operating capital","dollars per planted acre","No specific size","Southern Seaboard","United States",2002,1.22,"Base survey of 2001"
"Corn","Operating costs","Interest on operating capital","dollars per planted acre","No specific size","Southern Seaboard","United States",2003,0.82,"Base survey of 2001"
"Corn","Operating costs","Interest on operating capital","dollars per planted acre","No specific size","Southern Seaboard","United States",2004,1.33,"Base survey of 2001"
"Corn","Operating costs","Interest on operating capital","dollars per planted acre","No specific size","Southern Seaboard","United States",2005,3.08,"Base survey of 2005"
"Corn","Operating costs","Interest on operating capital","dollars per planted acre","No specific size","Southern Seaboard","United States",2006,4.68,"Base survey of 2005"
"Corn","Operating costs","Interest on operating capital","dollars per planted acre","No specific size","Southern Seaboard","United States",2007,4.87,"Base survey of 2005"
"Corn","Operating costs","Interest on operating capital","dollars per planted acre","No specific size","Southern Seaboard","United States",2008,2.14,"Base survey of 2005"
"Corn","Operating costs","Interest on operating capital","dollars per planted acre","No specific size","Southern Seaboard","United States",2009,0.42,"Base survey of 2005"
"Corn","Operating costs","Interest on operating capital","dollars per planted acre","No specific size","Southern Seaboard","United States",2010,0.31,"Base survey of 2010"
"Corn","Operating costs","Interest on operating capital","dollars per planted acre","No specific size","Southern Seaboard","United States",2011,0.19,"Base survey of 2010"
"Corn","Operating costs","Interest on operating capital","dollars per planted acre","No specific size","Southern Seaboard","United States",2012,0.26,"Base survey of 2010"
"Corn","Operating costs","Interest on operating capital","dollars per planted acre","No specific size","Southern Seaboard","United States",2013,0.17,"Base survey of 2010"
"Corn","Operating costs","Interest on operating capital","dollars per planted acre","No specific size","Southern Seaboard","United States",2014,0.13,"Base survey of 2010"
"Corn","Operating costs","Interest on operating capital","dollars per planted acre","No specific size","Southern Seaboard","United States",2015,0.31,"Base survey of 2010"
"Corn","Operating costs","Interest on operating capital","dollars per planted acre","No specific size","Southern Seaboard","United States",2016,0.94,"Base survey of 2016"
"Corn","Operating costs","Interest on operating capital","dollars per planted acre","No specific size","Southern Seaboard","United States",2017,2.01,"Base survey of 2016"
"Corn","Operating costs","Interest on operating capital","dollars per planted acre","No specific size","Southern Seaboard","United States",2018,4.12,"Base survey of 2016"
"Corn","Operating costs","Interest on operating capital","dollars per planted acre","No specific size","Southern Seaboard","United States",2019,4.24,"Base survey of 2016"
"Corn","Operating costs","Interest on operating capital","dollars per planted acre","No specific size","Southern Seaboard","United States",2020,0.75,"Base survey of 2016"
"Corn","Operating costs","Interest on operating capital","dollars per planted acre","No specific size","Southern Seaboard","United States",2021,0.12,"Base survey of 2021"
"Corn","Operating costs","Interest on operating capital","dollars per planted acre","No specific size","Southern Seaboard","United States",2022,7.18,"Base survey of 2021"
"Corn","Operating costs","Interest on operating capital","dollars per planted acre","No specific size","Southern Seaboard","United States",2023,13.34,"Base survey of 2021"
"Corn","Operating costs","Interest on operating capital","dollars per planted acre","No specific size","Southern Seaboard","United States",2024,11.38,"Base survey of 2021"
"Corn","Operating costs","Total, operating costs","dollars per planted acre","No specific size","U.S. total","United States",1996,160.95,"Base survey of 1996"
"Corn","Operating costs","Total, operating costs","dollars per planted acre","No specific size","U.S. total","United States",1997,162.25,"Base survey of 1996"
"Corn","Operating costs","Total, operating costs","dollars per planted acre","No specific size","U.S. total","United States",1998,157.71,"Base survey of 1996"
"Corn","Operating costs","Total, operating costs","dollars per planted acre","No specific size","U.S. total","United States",1999,156.92,"Base survey of 1996"
"Corn","Operating costs","Total, operating costs","dollars per planted acre","No specific size","U.S. total","United States",2000,164.99,"Base survey of 1996"
"Corn","Operating costs","Total, operating costs","dollars per planted acre","No specific size","U.S. total","United States",2001,162.3,"Base survey of 2001"
"Corn","Operating costs","Total, operating costs","dollars per planted acre","No specific size","U.S. total","United States",2002,145.48,"Base survey of 2001"
"Corn","Operating costs","Total, operating costs","dollars per planted acre","No specific size","U.S. total","United States",2003,161.16,"Base survey of 2001"
"Corn","Operating costs","Total, operating costs","dollars per planted acre","No specific size","U.S. total","United States",2004,175.94,"Base survey of 2001"
"Corn","Operating costs","Total, operating costs","dollars per planted acre","No specific size","U.S. total","United States",2005,186.37,"Base survey of 2005"
"Corn","Operating costs","Total, operating costs","dollars per planted acre","No specific size","U.S. total","United States",2006,205.98,"Base survey of 2005"
"Corn","Operating costs","Total, operating costs","dollars per planted acre","No specific size","U.S. total","United States",2007,228.99,"Base survey of 2005"
"Corn","Operating costs","Total, operating costs","dollars per planted acre","No specific size","U.S. total","United States",2008,295.69,"Base survey of 2005"
"Corn","Operating costs","Total, operating costs","dollars per planted acre","No specific size","U.S. total","United States",2009,295.01,"Base survey of 2005"
"Corn","Operating costs","Total, operating costs","dollars per planted acre","No specific size","U.S. total","United States",2010,286.41,"Base survey of 2010"
"Corn","Operating costs","Total, operating costs","dollars per planted acre","No specific size","U.S. total","United States",2011,332.33,"Base survey of 2010"
"Corn","Operating costs","Total, operating costs","dollars per planted acre","No specific size","U.S. total","United States",2012,349.59,"Base survey of 2010"
"Corn","Operating costs","Total, operating costs","dollars per planted acre","No specific size","U.S. total","United States",2013,355.6,"Base survey of 2010"
"Corn","Operating costs","Total, operating costs","dollars per planted acre","No specific size","U.S. total","United States",2014,356.92,"Base survey of 2010"
"Corn","Operating costs","Total, operating costs","dollars per planted acre","No specific size","U.S. total","United States",2015,333.8,"Base survey of 2010"
"Corn","Operating costs","Total, operating costs","dollars per planted acre","No specific size","U.S. total","United States",2016,340.55,"Base survey of 2016"
"Corn","Operating costs","Total, operating costs","dollars per planted acre","No specific size","U.S. total","United States",2017,326.26,"Base survey of 2016"
"Corn","Operating costs","Total, operating costs","dollars per planted acre","No specific size","U.S. total","United States",2018,332.73,"Base survey of 2016"
"Corn","Operating costs","Total, operating costs","dollars per planted acre","No specific size","U.S. total","United States",2019,339.39,"Base survey of 2016"
"Corn","Operating costs","Total, operating costs","dollars per planted acre","No specific size","U.S. total","United States",2020,319.44,"Base survey of 2016"
"Corn","Operating costs","Total, operating costs","dollars per planted acre","No specific size","U.S. total","United States",2021,353.33,"Base survey of 2021"
"Corn","Operating costs","Total, operating costs","dollars per planted acre","No specific size","U.S. total","United States",2022,519.11,"Base survey of 2021"
"Corn","Operating costs","Total, operating costs","dollars per planted acre","No specific size","U.S. total","United States",2023,479.74,"Base survey of 2021"
"Corn","Operating costs","Total, operating costs","dollars per planted acre","No specific size","U.S. total","United States",2024,434.66,"Base survey of 2021"
"Corn","Operating costs","Total, operating costs","dollars per planted acre","No specific size","Heartland","United States",1996,161.91,"Base survey of 1996"
"Corn","Operating costs","Total, operating costs","dollars per planted acre","No specific size","Heartland","United States",1997,162.71,"Base survey of 1996"
"Corn","Operating costs","Total, operating costs","dollars per planted acre","No specific size","Heartland","United States",1998,159.02,"Base survey of 1996"
"Corn","Operating costs","Total, operating costs","dollars per planted acre","No specific size","Heartland","United States",1999,157.85,"Base survey of 1996"
"Corn","Operating costs","Total, operating costs","dollars per planted acre","No specific size","Heartland","United States",2000,165.36,"Base survey of 1996"
"Corn","Operating costs","Total, operating costs","dollars per planted acre","No specific size","Heartland","United States",2001,156.82,"Base survey of 2001"
"Corn","Operating costs","Total, operating costs","dollars per planted acre","No specific size","Heartland","United States",2002,139.84,"Base survey of 2001"
"Corn","Operating costs","Total, operating costs","dollars per planted acre","No specific size","Heartland","United States",2003,155.14,"Base survey of 2001"
"Corn","Operating costs","Total, operating costs","dollars per planted acre","No specific size","Heartland","United States",2004,171.19,"Base survey of 2001"
"Corn","Operating costs","Total, operating costs","dollars per planted acre","No specific size","Heartland","United States",2005,183.22,"Base survey of 2005"
"Corn","Operating costs","Total, operating costs","dollars per planted acre","No specific size","Heartland","United States",2006,201.56,"Base survey of 2005"
"Corn","Operating costs","Total, operating costs","dollars per planted acre","No specific size","Heartland","United States",2007,224.84,"Base survey of 2005"
"Corn","Operating costs","Total, operating costs","dollars per planted acre","No specific size","Heartland","United States",2008,293.74,"Base survey of 2005"
"Corn","Operating costs","Total, operating costs","dollars per planted acre","No specific size","Heartland","United States",2009,295.77,"Base survey of 2005"
"Corn","Operating costs","Total, operating costs","dollars per planted acre","No specific size","Heartland","United States",2010,292.25,"Base survey of 2010"
"Corn","Operating costs","Total, operating costs","dollars per planted acre","No specific size","Heartland","United States",2011,338.82,"Base survey of 2010"
"Corn","Operating costs","Total, operating costs","dollars per planted acre","No specific size","Heartland","United States",2012,357.09,"Base survey of 2010"
"Corn","Operating costs","Total, operating costs","dollars per planted acre","No specific size","Heartland","United States",2013,363.53,"Base survey of 2010"
"Corn","Operating costs","Total, operating costs","dollars per planted acre","No specific size","Heartland","United States",2014,364.17,"Base survey of 2010"
"Corn","Operating costs","Total, operating costs","dollars per planted acre","No specific size","Heartland","United States",2015,342.21,"Base survey of 2010"
"Corn","Operating costs","Total, operating costs","dollars per planted acre","No specific size","Heartland","United States",2016,347.34,"Base survey of 2016"
"Corn","Operating costs","Total, operating costs","dollars per planted acre","No specific size","Heartland","United States",2017,332.35,"Base survey of 2016"
"Corn","Operating costs","Total, operating costs","dollars per planted acre","No specific size","Heartland","United States",2018,337.6,"Base survey of 2016"
"Corn","Operating costs","Total, operating costs","dollars per planted acre","No specific size","Heartland","United States",2019,345,"Base survey of 2016"
"Corn","Operating costs","Total, operating costs","dollars per planted acre","No specific size","Heartland","United States",2020,323.62,"Base survey of 2016"
"Corn","Operating costs","Total, operating costs","dollars per planted acre","No specific size","Heartland","United States",2021,366.08,"Base survey of 2021"
"Corn","Operating costs","Total, operating costs","dollars per planted acre","No specific size","Heartland","United States",2022,537.95,"Base survey of 2021"
"Corn","Operating costs","Total, operating costs","dollars per planted acre","No specific size","Heartland","United States",2023,497.67,"Base survey of 2021"
"Corn","Operating costs","Total, operating costs","dollars per planted acre","No specific size","Heartland","United States",2024,451.49,"Base survey of 2021"
"Corn","Operating costs","Total, operating costs","dollars per planted acre","No specific size","Northern Crescent","United States",1996,147.82,"Base survey of 1996"
"Corn","Operating costs","Total, operating costs","dollars per planted acre","No specific size","Northern Crescent","United States",1997,150.59,"Base survey of 1996"
"Corn","Operating costs","Total, operating costs","dollars per planted acre","No specific size","Northern Crescent","United States",1998,145.67,"Base survey of 1996"
"Corn","Operating costs","Total, operating costs","dollars per planted acre","No specific size","Northern Crescent","United States",1999,146.68,"Base survey of 1996"
"Corn","Operating costs","Total, operating costs","dollars per planted acre","No specific size","Northern Crescent","United States",2000,155.52,"Base survey of 1996"
"Corn","Operating costs","Total, operating costs","dollars per planted acre","No specific size","Northern Crescent","United States",2001,165.99,"Base survey of 2001"
"Corn","Operating costs","Total, operating costs","dollars per planted acre","No specific size","Northern Crescent","United States",2002,155.39,"Base survey of 2001"
"Corn","Operating costs","Total, operating costs","dollars per planted acre","No specific size","Northern Crescent","United States",2003,170.36,"Base survey of 2001"
"Corn","Operating costs","Total, operating costs","dollars per planted acre","No specific size","Northern Crescent","United States",2004,183.84,"Base survey of 2001"
"Corn","Operating costs","Total, operating costs","dollars per planted acre","No specific size","Northern Crescent","United States",2005,194.66,"Base survey of 2005"
"Corn","Operating costs","Total, operating costs","dollars per planted acre","No specific size","Northern Crescent","United States",2006,214.45,"Base survey of 2005"
"Corn","Operating costs","Total, operating costs","dollars per planted acre","No specific size","Northern Crescent","United States",2007,239.4,"Base survey of 2005"
"Corn","Operating costs","Total, operating costs","dollars per planted acre","No specific size","Northern Crescent","United States",2008,314.25,"Base survey of 2005"
"Corn","Operating costs","Total, operating costs","dollars per planted acre","No specific size","Northern Crescent","United States",2009,312.66,"Base survey of 2005"
"Corn","Operating costs","Total, operating costs","dollars per planted acre","No specific size","Northern Crescent","United States",2010,290.97,"Base survey of 2010"
"Corn","Operating costs","Total, operating costs","dollars per planted acre","No specific size","Northern Crescent","United States",2011,339.13,"Base survey of 2010"
"Corn","Operating costs","Total, operating costs","dollars per planted acre","No specific size","Northern Crescent","United States",2012,357.24,"Base survey of 2010"
"Corn","Operating costs","Total, operating costs","dollars per planted acre","No specific size","Northern Crescent","United States",2013,361.75,"Base survey of 2010"
"Corn","Operating costs","Total, operating costs","dollars per planted acre","No specific size","Northern Crescent","United States",2014,361.76,"Base survey of 2010"
"Corn","Operating costs","Total, operating costs","dollars per planted acre","No specific size","Northern Crescent","United States",2015,339.23,"Base survey of 2010"
"Corn","Operating costs","Total, operating costs","dollars per planted acre","No specific size","Northern Crescent","United States",2016,350.73,"Base survey of 2016"
"Corn","Operating costs","Total, operating costs","dollars per planted acre","No specific size","Northern Crescent","United States",2017,335.44,"Base survey of 2016"
"Corn","Operating costs","Total, operating costs","dollars per planted acre","No specific size","Northern Crescent","United States",2018,341.53,"Base survey of 2016"
"Corn","Operating costs","Total, operating costs","dollars per planted acre","No specific size","Northern Crescent","United States",2019,350.13,"Base survey of 2016"
"Corn","Operating costs","Total, operating costs","dollars per planted acre","No specific size","Northern Crescent","United States",2020,326.96,"Base survey of 2016"
"Corn","Operating costs","Total, operating costs","dollars per planted acre","No specific size","Northern Crescent","United States",2021,370.38,"Base survey of 2021"
"Corn","Operating costs","Total, operating costs","dollars per planted acre","No specific size","Northern Crescent","United States",2022,550.62,"Base survey of 2021"
"Corn","Operating costs","Total, operating costs","dollars per planted acre","No specific size","Northern Crescent","United States",2023,505.68,"Base survey of 2021"
"Corn","Operating costs","Total, operating costs","dollars per planted acre","No specific size","Northern Crescent","United States",2024,459.14,"Base survey of 2021"
"Corn","Operating costs","Total, operating costs","dollars per planted acre","No specific size","Northern Great Plains","United States",1996,134.75,"Base survey of 1996"
"Corn","Operating costs","Total, operating costs","dollars per planted acre","No specific size","Northern Great Plains","United States",1997,136.98,"Base survey of 1996"
"Corn","Operating costs","Total, operating costs","dollars per planted acre","No specific size","Northern Great Plains","United States",1998,132.59,"Base survey of 1996"
"Corn","Operating costs","Total, operating costs","dollars per planted acre","No specific size","Northern Great Plains","United States",1999,133.01,"Base survey of 1996"
"Corn","Operating costs","Total, operating costs","dollars per planted acre","No specific size","Northern Great Plains","United States",2000,133.79,"Base survey of 1996"
"Corn","Operating costs","Total, operating costs","dollars per planted acre","No specific size","Northern Great Plains","United States",2001,136.76,"Base survey of 2001"
"Corn","Operating costs","Total, operating costs","dollars per planted acre","No specific size","Northern Great Plains","United States",2002,116.29,"Base survey of 2001"
"Corn","Operating costs","Total, operating costs","dollars per planted acre","No specific size","Northern Great Plains","United States",2003,134.42,"Base survey of 2001"
"Corn","Operating costs","Total, operating costs","dollars per planted acre","No specific size","Northern Great Plains","United States",2004,142.73,"Base survey of 2001"
"Corn","Operating costs","Total, operating costs","dollars per planted acre","No specific size","Northern Great Plains","United States",2005,155.77,"Base survey of 2005"
"Corn","Operating costs","Total, operating costs","dollars per planted acre","No specific size","Northern Great Plains","United States",2006,170.46,"Base survey of 2005"
"Corn","Operating costs","Total, operating costs","dollars per planted acre","No specific size","Northern Great Plains","United States",2007,189.27,"Base survey of 2005"
"Corn","Operating costs","Total, operating costs","dollars per planted acre","No specific size","Northern Great Plains","United States",2008,241.34,"Base survey of 2005"
"Corn","Operating costs","Total, operating costs","dollars per planted acre","No specific size","Northern Great Plains","United States",2009,242.28,"Base survey of 2005"
"Corn","Operating costs","Total, operating costs","dollars per planted acre","No specific size","Northern Great Plains","United States",2010,264.03,"Base survey of 2010"
"Corn","Operating costs","Total, operating costs","dollars per planted acre","No specific size","Northern Great Plains","United States",2011,303.53,"Base survey of 2010"
"Corn","Operating costs","Total, operating costs","dollars per planted acre","No specific size","Northern Great Plains","United States",2012,319.88,"Base survey of 2010"
"Corn","Operating costs","Total, operating costs","dollars per planted acre","No specific size","Northern Great Plains","United States",2013,324.87,"Base survey of 2010"
"Corn","Operating costs","Total, operating costs","dollars per planted acre","No specific size","Northern Great Plains","United States",2014,326.3,"Base survey of 2010"
"Corn","Operating costs","Total, operating costs","dollars per planted acre","No specific size","Northern Great Plains","United States",2015,305.96,"Base survey of 2010"
"Corn","Operating costs","Total, operating costs","dollars per planted acre","No specific size","Northern Great Plains","United States",2016,291.27,"Base survey of 2016"
"Corn","Operating costs","Total, operating costs","dollars per planted acre","No specific size","Northern Great Plains","United States",2017,280,"Base survey of 2016"
"Corn","Operating costs","Total, operating costs","dollars per planted acre","No specific size","Northern Great Plains","United States",2018,285.68,"Base survey of 2016"
"Corn","Operating costs","Total, operating costs","dollars per planted acre","No specific size","Northern Great Plains","United States",2019,291,"Base survey of 2016"
"Corn","Operating costs","Total, operating costs","dollars per planted acre","No specific size","Northern Great Plains","United States",2020,278.54,"Base survey of 2016"
"Corn","Operating costs","Total, operating costs","dollars per planted acre","No specific size","Northern Great Plains","United States",2021,322.82,"Base survey of 2021"
"Corn","Operating costs","Total, operating costs","dollars per planted acre","No specific size","Northern Great Plains","United States",2022,476.18,"Base survey of 2021"
"Corn","Operating costs","Total, operating costs","dollars per planted acre","No specific size","Northern Great Plains","United States",2023,437.35,"Base survey of 2021"
"Corn","Operating costs","Total, operating costs","dollars per planted acre","No specific size","Northern Great Plains","United States",2024,399.13,"Base survey of 2021"
"Corn","Operating costs","Total, operating costs","dollars per planted acre","No specific size","Prairie Gateway","United States",1996,185.11,"Base survey of 1996"
"Corn","Operating costs","Total, operating costs","dollars per planted acre","No specific size","Prairie Gateway","United States",1997,185.84,"Base survey of 1996"
"Corn","Operating costs","Total, operating costs","dollars per planted acre","No specific size","Prairie Gateway","United States",1998,178.2,"Base survey of 1996"
"Corn","Operating costs","Total, operating costs","dollars per planted acre","No specific size","Prairie Gateway","United States",1999,175.74,"Base survey of 1996"
"Corn","Operating costs","Total, operating costs","dollars per planted acre","No specific size","Prairie Gateway","United States",2000,187.96,"Base survey of 1996"
"Corn","Operating costs","Total, operating costs","dollars per planted acre","No specific size","Prairie Gateway","United States",2001,194.71,"Base survey of 2001"
"Corn","Operating costs","Total, operating costs","dollars per planted acre","No specific size","Prairie Gateway","United States",2002,175.23,"Base survey of 2001"
"Corn","Operating costs","Total, operating costs","dollars per planted acre","No specific size","Prairie Gateway","United States",2003,195.01,"Base survey of 2001"
"Corn","Operating costs","Total, operating costs","dollars per planted acre","No specific size","Prairie Gateway","United States",2004,209.49,"Base survey of 2001"
"Corn","Operating costs","Total, operating costs","dollars per planted acre","No specific size","Prairie Gateway","United States",2005,215.52,"Base survey of 2005"
"Corn","Operating costs","Total, operating costs","dollars per planted acre","No specific size","Prairie Gateway","United States",2006,236.3,"Base survey of 2005"
"Corn","Operating costs","Total, operating costs","dollars per planted acre","No specific size","Prairie Gateway","United States",2007,246.44,"Base survey of 2005"
"Corn","Operating costs","Total, operating costs","dollars per planted acre","No specific size","Prairie Gateway","United States",2008,310.54,"Base survey of 2005"
"Corn","Operating costs","Total, operating costs","dollars per planted acre","No specific size","Prairie Gateway","United States",2009,292.27,"Base survey of 2005"
"Corn","Operating costs","Total, operating costs","dollars per planted acre","No specific size","Prairie Gateway","United States",2010,269.15,"Base survey of 2010"
"Corn","Operating costs","Total, operating costs","dollars per planted acre","No specific size","Prairie Gateway","United States",2011,309.06,"Base survey of 2010"
"Corn","Operating costs","Total, operating costs","dollars per planted acre","No specific size","Prairie Gateway","United States",2012,323.08,"Base survey of 2010"
"Corn","Operating costs","Total, operating costs","dollars per planted acre","No specific size","Prairie Gateway","United States",2013,329.61,"Base survey of 2010"
"Corn","Operating costs","Total, operating costs","dollars per planted acre","No specific size","Prairie Gateway","United States",2014,332,"Base survey of 2010"
"Corn","Operating costs","Total, operating costs","dollars per planted acre","No specific size","Prairie Gateway","United States",2015,304.25,"Base survey of 2010"
"Corn","Operating costs","Total, operating costs","dollars per planted acre","No specific size","Prairie Gateway","United States",2016,330.47,"Base survey of 2016"
"Corn","Operating costs","Total, operating costs","dollars per planted acre","No specific size","Prairie Gateway","United States",2017,321.02,"Base survey of 2016"
"Corn","Operating costs","Total, operating costs","dollars per planted acre","No specific size","Prairie Gateway","United States",2018,330.14,"Base survey of 2016"
"Corn","Operating costs","Total, operating costs","dollars per planted acre","No specific size","Prairie Gateway","United States",2019,333.11,"Base survey of 2016"
"Corn","Operating costs","Total, operating costs","dollars per planted acre","No specific size","Prairie Gateway","United States",2020,312.07,"Base survey of 2016"
"Corn","Operating costs","Total, operating costs","dollars per planted acre","No specific size","Prairie Gateway","United States",2021,315.33,"Base survey of 2021"
"Corn","Operating costs","Total, operating costs","dollars per planted acre","No specific size","Prairie Gateway","United States",2022,451.96,"Base survey of 2021"
"Corn","Operating costs","Total, operating costs","dollars per planted acre","No specific size","Prairie Gateway","United States",2023,424.22,"Base survey of 2021"
"Corn","Operating costs","Total, operating costs","dollars per planted acre","No specific size","Prairie Gateway","United States",2024,385.04,"Base survey of 2021"
"Corn","Operating costs","Total, operating costs","dollars per planted acre","No specific size","Eastern Uplands","United States",1996,167.61,"Base survey of 1996"
"Corn","Operating costs","Total, operating costs","dollars per planted acre","No specific size","Eastern Uplands","United States",1997,162.71,"Base survey of 1996"
"Corn","Operating costs","Total, operating costs","dollars per planted acre","No specific size","Eastern Uplands","United States",1998,158.56,"Base survey of 1996"
"Corn","Operating costs","Total, operating costs","dollars per planted acre","No specific size","Eastern Uplands","United States",1999,156.69,"Base survey of 1996"
"Corn","Operating costs","Total, operating costs","dollars per planted acre","No specific size","Eastern Uplands","United States",2000,165.18,"Base survey of 1996"
"Corn","Operating costs","Total, operating costs","dollars per planted acre","No specific size","Eastern Uplands","United States",2001,149.28,"Base survey of 2001"
"Corn","Operating costs","Total, operating costs","dollars per planted acre","No specific size","Eastern Uplands","United States",2002,134.58,"Base survey of 2001"
"Corn","Operating costs","Total, operating costs","dollars per planted acre","No specific size","Eastern Uplands","United States",2003,156.01,"Base survey of 2001"
"Corn","Operating costs","Total, operating costs","dollars per planted acre","No specific size","Eastern Uplands","United States",2004,163.63,"Base survey of 2001"
"Corn","Operating costs","Total, operating costs","dollars per planted acre","No specific size","Eastern Uplands","United States",2005,189.59,"Base survey of 2005"
"Corn","Operating costs","Total, operating costs","dollars per planted acre","No specific size","Eastern Uplands","United States",2006,209.52,"Base survey of 2005"
"Corn","Operating costs","Total, operating costs","dollars per planted acre","No specific size","Eastern Uplands","United States",2007,233.99,"Base survey of 2005"
"Corn","Operating costs","Total, operating costs","dollars per planted acre","No specific size","Eastern Uplands","United States",2008,311.25,"Base survey of 2005"
"Corn","Operating costs","Total, operating costs","dollars per planted acre","No specific size","Eastern Uplands","United States",2009,311.69,"Base survey of 2005"
"Corn","Operating costs","Total, operating costs","dollars per planted acre","No specific size","Eastern Uplands","United States",2010,260.18,"Base survey of 2010"
"Corn","Operating costs","Total, operating costs","dollars per planted acre","No specific size","Eastern Uplands","United States",2011,309.07,"Base survey of 2010"
"Corn","Operating costs","Total, operating costs","dollars per planted acre","No specific size","Eastern Uplands","United States",2012,325.05,"Base survey of 2010"
"Corn","Operating costs","Total, operating costs","dollars per planted acre","No specific size","Eastern Uplands","United States",2013,329.72,"Base survey of 2010"
"Corn","Operating costs","Total, operating costs","dollars per planted acre","No specific size","Eastern Uplands","United States",2014,327.51,"Base survey of 2010"
"Corn","Operating costs","Total, operating costs","dollars per planted acre","No specific size","Eastern Uplands","United States",2015,305.09,"Base survey of 2010"
"Corn","Operating costs","Total, operating costs","dollars per planted acre","No specific size","Eastern Uplands","United States",2016,330.01,"Base survey of 2016"
"Corn","Operating costs","Total, operating costs","dollars per planted acre","No specific size","Eastern Uplands","United States",2017,313.2,"Base survey of 2016"
"Corn","Operating costs","Total, operating costs","dollars per planted acre","No specific size","Eastern Uplands","United States",2018,317.28,"Base survey of 2016"
"Corn","Operating costs","Total, operating costs","dollars per planted acre","No specific size","Eastern Uplands","United States",2019,329.1,"Base survey of 2016"
"Corn","Operating costs","Total, operating costs","dollars per planted acre","No specific size","Eastern Uplands","United States",2020,305.76,"Base survey of 2016"
"Corn","Operating costs","Total, operating costs","dollars per planted acre","No specific size","Eastern Uplands","United States",2021,366.14,"Base survey of 2021"
"Corn","Operating costs","Total, operating costs","dollars per planted acre","No specific size","Eastern Uplands","United States",2022,545.74,"Base survey of 2021"
"Corn","Operating costs","Total, operating costs","dollars per planted acre","No specific size","Eastern Uplands","United States",2023,499.83,"Base survey of 2021"
"Corn","Operating costs","Total, operating costs","dollars per planted acre","No specific size","Eastern Uplands","United States",2024,450.05,"Base survey of 2021"
"Corn","Operating costs","Total, operating costs","dollars per planted acre","No specific size","Southern Seaboard","United States",1996,164.72,"Base survey of 1996"
"Corn","Operating costs","Total, operating costs","dollars per planted acre","No specific size","Southern Seaboard","United States",1997,164.75,"Base survey of 1996"
"Corn","Operating costs","Total, operating costs","dollars per planted acre","No specific size","Southern Seaboard","United States",1998,151.58,"Base survey of 1996"
"Corn","Operating costs","Total, operating costs","dollars per planted acre","No specific size","Southern Seaboard","United States",1999,151.99,"Base survey of 1996"
"Corn","Operating costs","Total, operating costs","dollars per planted acre","No specific size","Southern Seaboard","United States",2000,164.22,"Base survey of 1996"
"Corn","Operating costs","Total, operating costs","dollars per planted acre","No specific size","Southern Seaboard","United States",2001,169.28,"Base survey of 2001"
"Corn","Operating costs","Total, operating costs","dollars per planted acre","No specific size","Southern Seaboard","United States",2002,156.92,"Base survey of 2001"
"Corn","Operating costs","Total, operating costs","dollars per planted acre","No specific size","Southern Seaboard","United States",2003,167.11,"Base survey of 2001"
"Corn","Operating costs","Total, operating costs","dollars per planted acre","No specific size","Southern Seaboard","United States",2004,181.41,"Base survey of 2001"
"Corn","Operating costs","Total, operating costs","dollars per planted acre","No specific size","Southern Seaboard","United States",2005,184.07,"Base survey of 2005"
"Corn","Operating costs","Total, operating costs","dollars per planted acre","No specific size","Southern Seaboard","United States",2006,202.53,"Base survey of 2005"
"Corn","Operating costs","Total, operating costs","dollars per planted acre","No specific size","Southern Seaboard","United States",2007,224.6,"Base survey of 2005"
"Corn","Operating costs","Total, operating costs","dollars per planted acre","No specific size","Southern Seaboard","United States",2008,291.88,"Base survey of 2005"
"Corn","Operating costs","Total, operating costs","dollars per planted acre","No specific size","Southern Seaboard","United States",2009,292.42,"Base survey of 2005"
"Corn","Operating costs","Total, operating costs","dollars per planted acre","No specific size","Southern Seaboard","United States",2010,315.99,"Base survey of 2010"
"Corn","Operating costs","Total, operating costs","dollars per planted acre","No specific size","Southern Seaboard","United States",2011,370.34,"Base survey of 2010"
"Corn","Operating costs","Total, operating costs","dollars per planted acre","No specific size","Southern Seaboard","United States",2012,393.25,"Base survey of 2010"
"Corn","Operating costs","Total, operating costs","dollars per planted acre","No specific size","Southern Seaboard","United States",2013,397.89,"Base survey of 2010"
"Corn","Operating costs","Total, operating costs","dollars per planted acre","No specific size","Southern Seaboard","United States",2014,395.71,"Base survey of 2010"
"Corn","Operating costs","Total, operating costs","dollars per planted acre","No specific size","Southern Seaboard","United States",2015,365.63,"Base survey of 2010"
"Corn","Operating costs","Total, operating costs","dollars per planted acre","No specific size","Southern Seaboard","United States",2016,411.16,"Base survey of 2016"
"Corn","Operating costs","Total, operating costs","dollars per planted acre","No specific size","Southern Seaboard","United States",2017,384.41,"Base survey of 2016"
"Corn","Operating costs","Total, operating costs","dollars per planted acre","No specific size","Southern Seaboard","United States",2018,398.62,"Base survey of 2016"
"Corn","Operating costs","Total, operating costs","dollars per planted acre","No specific size","Southern Seaboard","United States",2019,413.64,"Base survey of 2016"
"Corn","Operating costs","Total, operating costs","dollars per planted acre","No specific size","Southern Seaboard","United States",2020,383.97,"Base survey of 2016"
"Corn","Operating costs","Total, operating costs","dollars per planted acre","No specific size","Southern Seaboard","United States",2021,392.44,"Base survey of 2021"
"Corn","Operating costs","Total, operating costs","dollars per planted acre","No specific size","Southern Seaboard","United States",2022,595.47,"Base survey of 2021"
"Corn","Operating costs","Total, operating costs","dollars per planted acre","No specific size","Southern Seaboard","United States",2023,538.38,"Base survey of 2021"
"Corn","Operating costs","Total, operating costs","dollars per planted acre","No specific size","Southern Seaboard","United States",2024,484.6,"Base survey of 2021"
"Corn","Allocated overhead","Hired labor","dollars per planted acre","No specific size","U.S. total","United States",1996,2.83,"Base survey of 1996"
"Corn","Allocated overhead","Hired labor","dollars per planted acre","No specific size","U.S. total","United States",1997,3.07,"Base survey of 1996"
"Corn","Allocated overhead","Hired labor","dollars per planted acre","No specific size","U.S. total","United States",1998,3.19,"Base survey of 1996"
"Corn","Allocated overhead","Hired labor","dollars per planted acre","No specific size","U.S. total","United States",1999,3.28,"Base survey of 1996"
"Corn","Allocated overhead","Hired labor","dollars per planted acre","No specific size","U.S. total","United States",2000,3.36,"Base survey of 1996"
"Corn","Allocated overhead","Hired labor","dollars per planted acre","No specific size","U.S. total","United States",2001,2.92,"Base survey of 2001"
"Corn","Allocated overhead","Hired labor","dollars per planted acre","No specific size","U.S. total","United States",2002,3.06,"Base survey of 2001"
"Corn","Allocated overhead","Hired labor","dollars per planted acre","No specific size","U.S. total","United States",2003,3.14,"Base survey of 2001"
"Corn","Allocated overhead","Hired labor","dollars per planted acre","No specific size","U.S. total","United States",2004,3.2,"Base survey of 2001"
"Corn","Allocated overhead","Hired labor","dollars per planted acre","No specific size","U.S. total","United States",2005,2.08,"Base survey of 2005"
"Corn","Allocated overhead","Hired labor","dollars per planted acre","No specific size","U.S. total","United States",2006,2.19,"Base survey of 2005"
"Corn","Allocated overhead","Hired labor","dollars per planted acre","No specific size","U.S. total","United States",2007,2.26,"Base survey of 2005"
"Corn","Allocated overhead","Hired labor","dollars per planted acre","No specific size","U.S. total","United States",2008,2.37,"Base survey of 2005"
"Corn","Allocated overhead","Hired labor","dollars per planted acre","No specific size","U.S. total","United States",2009,2.41,"Base survey of 2005"
"Corn","Allocated overhead","Hired labor","dollars per planted acre","No specific size","U.S. total","United States",2010,2.96,"Base survey of 2010"
"Corn","Allocated overhead","Hired labor","dollars per planted acre","No specific size","U.S. total","United States",2011,2.92,"Base survey of 2010"
"Corn","Allocated overhead","Hired labor","dollars per planted acre","No specific size","U.S. total","United States",2012,3.02,"Base survey of 2010"
"Corn","Allocated overhead","Hired labor","dollars per planted acre","No specific size","U.S. total","United States",2013,3.12,"Base survey of 2010"
"Corn","Allocated overhead","Hired labor","dollars per planted acre","No specific size","U.S. total","United States",2014,3.16,"Base survey of 2010"
"Corn","Allocated overhead","Hired labor","dollars per planted acre","No specific size","U.S. total","United States",2015,3.28,"Base survey of 2010"
"Corn","Allocated overhead","Hired labor","dollars per planted acre","No specific size","U.S. total","United States",2016,4.49,"Base survey of 2016"
"Corn","Allocated overhead","Hired labor","dollars per planted acre","No specific size","U.S. total","United States",2017,4.58,"Base survey of 2016"
"Corn","Allocated overhead","Hired labor","dollars per planted acre","No specific size","U.S. total","United States",2018,4.85,"Base survey of 2016"
"Corn","Allocated overhead","Hired labor","dollars per planted acre","No specific size","U.S. total","United States",2019,5.25,"Base survey of 2016"
"Corn","Allocated overhead","Hired labor","dollars per planted acre","No specific size","U.S. total","United States",2020,5.33,"Base survey of 2016"
"Corn","Allocated overhead","Hired labor","dollars per planted acre","No specific size","U.S. total","United States",2021,3.87,"Base survey of 2021"
"Corn","Allocated overhead","Hired labor","dollars per planted acre","No specific size","U.S. total","United States",2022,4.15,"Base survey of 2021"
"Corn","Allocated overhead","Hired labor","dollars per planted acre","No specific size","U.S. total","United States",2023,4.4,"Base survey of 2021"
"Corn","Allocated overhead","Hired labor","dollars per planted acre","No specific size","U.S. total","United States",2024,4.55,"Base survey of 2021"
"Corn","Allocated overhead","Hired labor","dollars per planted acre","No specific size","Heartland","United States",1996,1.98,"Base survey of 1996"
"Corn","Allocated overhead","Hired labor","dollars per planted acre","No specific size","Heartland","United States",1997,2.17,"Base survey of 1996"
"Corn","Allocated overhead","Hired labor","dollars per planted acre","No specific size","Heartland","United States",1998,2.27,"Base survey of 1996"
"Corn","Allocated overhead","Hired labor","dollars per planted acre","No specific size","Heartland","United States",1999,2.34,"Base survey of 1996"
"Corn","Allocated overhead","Hired labor","dollars per planted acre","No specific size","Heartland","United States",2000,2.35,"Base survey of 1996"
"Corn","Allocated overhead","Hired labor","dollars per planted acre","No specific size","Heartland","United States",2001,2.1,"Base survey of 2001"
"Corn","Allocated overhead","Hired labor","dollars per planted acre","No specific size","Heartland","United States",2002,2.19,"Base survey of 2001"
"Corn","Allocated overhead","Hired labor","dollars per planted acre","No specific size","Heartland","United States",2003,2.3,"Base survey of 2001"
"Corn","Allocated overhead","Hired labor","dollars per planted acre","No specific size","Heartland","United States",2004,2.3,"Base survey of 2001"
"Corn","Allocated overhead","Hired labor","dollars per planted acre","No specific size","Heartland","United States",2005,1.41,"Base survey of 2005"
"Corn","Allocated overhead","Hired labor","dollars per planted acre","No specific size","Heartland","United States",2006,1.46,"Base survey of 2005"
"Corn","Allocated overhead","Hired labor","dollars per planted acre","No specific size","Heartland","United States",2007,1.51,"Base survey of 2005"
"Corn","Allocated overhead","Hired labor","dollars per planted acre","No specific size","Heartland","United States",2008,1.56,"Base survey of 2005"
"Corn","Allocated overhead","Hired labor","dollars per planted acre","No specific size","Heartland","United States",2009,1.59,"Base survey of 2005"
"Corn","Allocated overhead","Hired labor","dollars per planted acre","No specific size","Heartland","United States",2010,2.61,"Base survey of 2010"
"Corn","Allocated overhead","Hired labor","dollars per planted acre","No specific size","Heartland","United States",2011,2.64,"Base survey of 2010"
"Corn","Allocated overhead","Hired labor","dollars per planted acre","No specific size","Heartland","United States",2012,2.73,"Base survey of 2010"
"Corn","Allocated overhead","Hired labor","dollars per planted acre","No specific size","Heartland","United States",2013,2.81,"Base survey of 2010"
"Corn","Allocated overhead","Hired labor","dollars per planted acre","No specific size","Heartland","United States",2014,2.86,"Base survey of 2010"
"Corn","Allocated overhead","Hired labor","dollars per planted acre","No specific size","Heartland","United States",2015,2.97,"Base survey of 2010"
"Corn","Allocated overhead","Hired labor","dollars per planted acre","No specific size","Heartland","United States",2016,3.18,"Base survey of 2016"
"Corn","Allocated overhead","Hired labor","dollars per planted acre","No specific size","Heartland","United States",2017,3.26,"Base survey of 2016"
"Corn","Allocated overhead","Hired labor","dollars per planted acre","No specific size","Heartland","United States",2018,3.46,"Base survey of 2016"
"Corn","Allocated overhead","Hired labor","dollars per planted acre","No specific size","Heartland","United States",2019,3.68,"Base survey of 2016"
"Corn","Allocated overhead","Hired labor","dollars per planted acre","No specific size","Heartland","United States",2020,3.8,"Base survey of 2016"
"Corn","Allocated overhead","Hired labor","dollars per planted acre","No specific size","Heartland","United States",2021,2.94,"Base survey of 2021"
"Corn","Allocated overhead","Hired labor","dollars per planted acre","No specific size","Heartland","United States",2022,3.15,"Base survey of 2021"
"Corn","Allocated overhead","Hired labor","dollars per planted acre","No specific size","Heartland","United States",2023,3.33,"Base survey of 2021"
"Corn","Allocated overhead","Hired labor","dollars per planted acre","No specific size","Heartland","United States",2024,3.43,"Base survey of 2021"
"Corn","Allocated overhead","Hired labor","dollars per planted acre","No specific size","Northern Crescent","United States",1996,3.79,"Base survey of 1996"
"Corn","Allocated overhead","Hired labor","dollars per planted acre","No specific size","Northern Crescent","United States",1997,4.09,"Base survey of 1996"
"Corn","Allocated overhead","Hired labor","dollars per planted acre","No specific size","Northern Crescent","United States",1998,4.24,"Base survey of 1996"
"Corn","Allocated overhead","Hired labor","dollars per planted acre","No specific size","Northern Crescent","United States",1999,4.55,"Base survey of 1996"
"Corn","Allocated overhead","Hired labor","dollars per planted acre","No specific size","Northern Crescent","United States",2000,4.92,"Base survey of 1996"
"Corn","Allocated overhead","Hired labor","dollars per planted acre","No specific size","Northern Crescent","United States",2001,3.48,"Base survey of 2001"
"Corn","Allocated overhead","Hired labor","dollars per planted acre","No specific size","Northern Crescent","United States",2002,3.63,"Base survey of 2001"
"Corn","Allocated overhead","Hired labor","dollars per planted acre","No specific size","Northern Crescent","United States",2003,3.72,"Base survey of 2001"
"Corn","Allocated overhead","Hired labor","dollars per planted acre","No specific size","Northern Crescent","United States",2004,3.97,"Base survey of 2001"
"Corn","Allocated overhead","Hired labor","dollars per planted acre","No specific size","Northern Crescent","United States",2005,3.03,"Base survey of 2005"
"Corn","Allocated overhead","Hired labor","dollars per planted acre","No specific size","Northern Crescent","United States",2006,3.14,"Base survey of 2005"
"Corn","Allocated overhead","Hired labor","dollars per planted acre","No specific size","Northern Crescent","United States",2007,3.25,"Base survey of 2005"
"Corn","Allocated overhead","Hired labor","dollars per planted acre","No specific size","Northern Crescent","United States",2008,3.36,"Base survey of 2005"
"Corn","Allocated overhead","Hired labor","dollars per planted acre","No specific size","Northern Crescent","United States",2009,3.43,"Base survey of 2005"
"Corn","Allocated overhead","Hired labor","dollars per planted acre","No specific size","Northern Crescent","United States",2010,3.59,"Base survey of 2010"
"Corn","Allocated overhead","Hired labor","dollars per planted acre","No specific size","Northern Crescent","United States",2011,3.63,"Base survey of 2010"
"Corn","Allocated overhead","Hired labor","dollars per planted acre","No specific size","Northern Crescent","United States",2012,3.76,"Base survey of 2010"
"Corn","Allocated overhead","Hired labor","dollars per planted acre","No specific size","Northern Crescent","United States",2013,3.87,"Base survey of 2010"
"Corn","Allocated overhead","Hired labor","dollars per planted acre","No specific size","Northern Crescent","United States",2014,3.94,"Base survey of 2010"
"Corn","Allocated overhead","Hired labor","dollars per planted acre","No specific size","Northern Crescent","United States",2015,4.08,"Base survey of 2010"
"Corn","Allocated overhead","Hired labor","dollars per planted acre","No specific size","Northern Crescent","United States",2016,3.84,"Base survey of 2016"
"Corn","Allocated overhead","Hired labor","dollars per planted acre","No specific size","Northern Crescent","United States",2017,3.92,"Base survey of 2016"
"Corn","Allocated overhead","Hired labor","dollars per planted acre","No specific size","Northern Crescent","United States",2018,4.2,"Base survey of 2016"
"Corn","Allocated overhead","Hired labor","dollars per planted acre","No specific size","Northern Crescent","United States",2019,4.37,"Base survey of 2016"
"Corn","Allocated overhead","Hired labor","dollars per planted acre","No specific size","Northern Crescent","United States",2020,4.58,"Base survey of 2016"
"Corn","Allocated overhead","Hired labor","dollars per planted acre","No specific size","Northern Crescent","United States",2021,5.23,"Base survey of 2021"
"Corn","Allocated overhead","Hired labor","dollars per planted acre","No specific size","Northern Crescent","United States",2022,5.66,"Base survey of 2021"
"Corn","Allocated overhead","Hired labor","dollars per planted acre","No specific size","Northern Crescent","United States",2023,5.98,"Base survey of 2021"
"Corn","Allocated overhead","Hired labor","dollars per planted acre","No specific size","Northern Crescent","United States",2024,6.18,"Base survey of 2021"
"Corn","Allocated overhead","Hired labor","dollars per planted acre","No specific size","Northern Great Plains","United States",1996,1.63,"Base survey of 1996"
"Corn","Allocated overhead","Hired labor","dollars per planted acre","No specific size","Northern Great Plains","United States",1997,1.78,"Base survey of 1996"
"Corn","Allocated overhead","Hired labor","dollars per planted acre","No specific size","Northern Great Plains","United States",1998,1.78,"Base survey of 1996"
"Corn","Allocated overhead","Hired labor","dollars per planted acre","No specific size","Northern Great Plains","United States",1999,1.91,"Base survey of 1996"
"Corn","Allocated overhead","Hired labor","dollars per planted acre","No specific size","Northern Great Plains","United States",2000,1.93,"Base survey of 1996"
