"Commodity","Category","Item","Units","Size","Region","Country","Year","Value","Survey base year"
"Oats","Costs listed","Total, costs listed","dollars per planted acre","No specific size","Eastern Uplands","United States",2025,525.89,"Base survey of 2023"
"Oats","Supporting information","Price","dollars per bushel at harvest","No specific size","Northern Crescent","United States",2025,3.33,"Base survey of 2023"
"Oats","Gross value of production","Primary product, grain","dollars per planted acre","No specific size","Heartland","United States",2025,276.72,"Base survey of 2023"
"Oats","Operating costs","Chemicals","dollars per planted acre","No specific size","Eastern Uplands","United States",2025,2.27,"Base survey of 2023"
"Oats","Supporting information","Price","dollars per bushel at harvest","No specific size","Northern Great Plains","United States",2025,3.2,"Base survey of 2023"
"Oats","Supporting information","Yield","bushels per planted acre","No specific size","Eastern Uplands","United States",2025,62,"Base survey of 2023"
"Oats","Supporting information","Price","dollars per bushel at harvest","No specific size","Heartland","United States",2025,3.39,"Base survey of 2023"
"Oats","Costs listed","Total, costs listed","dollars per planted acre","No specific size","U.S. total","United States",2025,492.93,"Base survey of 2023"
"Oats","Costs listed","Total, costs listed","dollars per planted acre","No specific size","Heartland","United States",2025,568.71,"Base survey of 2023"
"Oats","Gross value of production","Secondary product, straw","dollars per planted acre","No specific size","Northern Great Plains","United States",2025,27.07,"Base survey of 2023"
"Oats","Operating costs","Seed","dollars per planted acre","No specific size","Northern Great Plains","United States",2025,16.99,"Base survey of 2023"
"Oats","Operating costs","Chemicals","dollars per planted acre","No specific size","Northern Great Plains","United States",2025,8.46,"Base survey of 2023"
"Oats","Gross value of production","Secondary product, hay/silage/grazing","dollars per planted acre","No specific size","Northern Great Plains","United States",2025,36.82,"Base survey of 2023"
"Oats","Net value","Value of production less total costs listed","dollars per planted acre","No specific size","Northern Great Plains","United States",2025,-178.29,"Base survey of 2023"
"Oats","Net value","Value of production less total costs listed","dollars per planted acre","No specific size","Northern Crescent","United States",2025,-293.69,"Base survey of 2023"
"Oats","Net value","Value of production less operating costs","dollars per planted acre","No specific size","Eastern Uplands","United States",2025,76.42,"Base survey of 2023"
"Oats","Allocated overhead","General farm overhead","dollars per planted acre","No specific size","Eastern Uplands","United States",2025,22.25,"Base survey of 2023"
"Oats","Allocated overhead","Total, allocated overhead","dollars per planted acre","No specific size","Northern Great Plains","United States",2025,280.72,"Base survey of 2023"
"Oats","Production practices","Dryland","percent of acres","No specific size","Northern Crescent","United States",2025,97,"Base survey of 2023"
"Oats","Operating costs","Total, operating costs","dollars per planted acre","No specific size","Eastern Uplands","United States",2025,208.49,"Base survey of 2023"
"Oats","Operating costs","Fuel, lube, and electricity","dollars per planted acre","No specific size","Heartland","United States",2025,25.55,"Base survey of 2023"
"Oats","Operating costs","Fuel, lube, and electricity","dollars per planted acre","No specific size","U.S. total","United States",2025,21.4,"Base survey of 2023"
"Oats","Operating costs","Fuel, lube, and electricity","dollars per planted acre","No specific size","Northern Great Plains","United States",2025,17.36,"Base survey of 2023"
"Oats","Operating costs","Custom services","dollars per planted acre","No specific size","Northern Crescent","United States",2025,11.18,"Base survey of 2023"
"Oats","Operating costs","Custom services","dollars per planted acre","No specific size","Heartland","United States",2025,10.1,"Base survey of 2023"
"Oats","Supporting information","Enterprise size","planted acres","No specific size","Northern Great Plains","United States",2025,204,"Base survey of 2023"
"Oats","Gross value of production","Total, gross value of production","dollars per planted acre","No specific size","Heartland","United States",2025,344.47,"Base survey of 2023"
"Oats","Allocated overhead","Opportunity cost of land","dollars per planted acre","No specific size","Heartland","United States",2025,203.52,"Base survey of 2023"
"Oats","Supporting information","Enterprise size","planted acres","No specific size","Northern Crescent","United States",2025,43,"Base survey of 2023"
"Oats","Allocated overhead","Opportunity cost of land","dollars per planted acre","No specific size","Northern Crescent","United States",2025,137.53,"Base survey of 2023"
"Oats","Allocated overhead","Taxes and insurance","dollars per planted acre","No specific size","Northern Great Plains","United States",2025,9.14,"Base survey of 2023"
"Oats","Operating costs","Seed","dollars per planted acre","No specific size","Northern Crescent","United States",2025,32.78,"Base survey of 2023"
"Oats","Supporting information","Enterprise size","planted acres","No specific size","U.S. total","United States",2025,76,"Base survey of 2023"
"Oats","Allocated overhead","Opportunity cost of unpaid labor","dollars per planted acre","No specific size","Eastern Uplands","United States",2025,61.35,"Base survey of 2023"
"Oats","Allocated overhead","General farm overhead","dollars per planted acre","No specific size","Heartland","United States",2025,19.56,"Base survey of 2023"
"Oats","Production practices","Irrigated","percent of acres","No specific size","U.S. total","United States",2025,3,"Base survey of 2023"
"Oats","Allocated overhead","Taxes and insurance","dollars per planted acre","No specific size","Heartland","United States",2025,8.91,"Base survey of 2023"
"Oats","Allocated overhead","Taxes and insurance","dollars per planted acre","No specific size","U.S. total","United States",2025,10.15,"Base survey of 2023"
"Oats","Gross value of production","Primary product, grain","dollars per planted acre","No specific size","Northern Great Plains","United States",2025,191.07,"Base survey of 2023"
"Oats","Operating costs","Other variable expenses  ","dollars per planted acre","No specific size","U.S. total","United States",2025,1.77,"Base survey of 2023"
"Oats","Supporting information","Yield","bushels per planted acre","No specific size","Northern Crescent","United States",2025,62,"Base survey of 2023"
"Oats","Gross value of production","Secondary product, straw","dollars per planted acre","No specific size","U.S. total","United States",2025,38.42,"Base survey of 2023"
"Oats","Gross value of production","Secondary product, hay/silage/grazing","dollars per planted acre","No specific size","U.S. total","United States",2025,23.46,"Base survey of 2023"
"Oats","Allocated overhead","Hired labor","dollars per planted acre","No specific size","Eastern Uplands","United States",2025,2.66,"Base survey of 2023"
"Oats","Allocated overhead","Opportunity cost of land","dollars per planted acre","No specific size","U.S. total","United States",2025,124.3,"Base survey of 2023"
"Oats","Allocated overhead","Hired labor","dollars per planted acre","No specific size","Northern Great Plains","United States",2025,2.02,"Base survey of 2023"
"Oats","Allocated overhead","Opportunity cost of unpaid labor","dollars per planted acre","No specific size","Northern Crescent","United States",2025,41.84,"Base survey of 2023"
"Oats","Operating costs","Custom services","dollars per planted acre","No specific size","U.S. total","United States",2025,9.56,"Base survey of 2023"
"Oats","Gross value of production","Total, gross value of production","dollars per planted acre","No specific size","Eastern Uplands","United States",2025,284.91,"Base survey of 2023"
"Oats","Operating costs","Interest on operating inputs","dollars per planted acre","No specific size","Northern Crescent","United States",2025,3.83,"Base survey of 2023"
"Oats","Operating costs","Fertilizer  ","dollars per planted acre","No specific size","Northern Crescent","United States",2025,77.01,"Base survey of 2023"
"Oats","Operating costs","Repairs","dollars per planted acre","No specific size","Eastern Uplands","United States",2025,29.28,"Base survey of 2023"
"Oats","Operating costs","Total, operating costs","dollars per planted acre","No specific size","U.S. total","United States",2025,169.26,"Base survey of 2023"
"Oats","Allocated overhead","Total, allocated overhead","dollars per planted acre","No specific size","Northern Crescent","United States",2025,364.89,"Base survey of 2023"
"Oats","Operating costs","Other variable expenses  ","dollars per planted acre","No specific size","Eastern Uplands","United States",2025,2.56,"Base survey of 2023"
"Oats","Operating costs","Fertilizer  ","dollars per planted acre","No specific size","Heartland","United States",2025,53.26,"Base survey of 2023"
"Oats","Supporting information","Enterprise size","planted acres","No specific size","Heartland","United States",2025,99,"Base survey of 2023"
"Oats","Net value","Value of production less operating costs","dollars per planted acre","No specific size","Heartland","United States",2025,182,"Base survey of 2023"
"Oats","Production practices","Irrigated","percent of acres","No specific size","Heartland","United States",2025,0,"Base survey of 2023"
"Oats","Supporting information","Yield","bushels per planted acre","No specific size","Heartland","United States",2025,82,"Base survey of 2023"
"Oats","Supporting information","Yield","bushels per planted acre","No specific size","U.S. total","United States",2025,64,"Base survey of 2023"
"Oats","Gross value of production","Secondary product, straw","dollars per planted acre","No specific size","Heartland","United States",2025,47.33,"Base survey of 2023"
"Oats","Gross value of production","Primary product, grain","dollars per planted acre","No specific size","U.S. total","United States",2025,213.46,"Base survey of 2023"
"Oats","Net value","Value of production less operating costs","dollars per planted acre","No specific size","U.S. total","United States",2025,106.08,"Base survey of 2023"
"Oats","Allocated overhead","Hired labor","dollars per planted acre","No specific size","U.S. total","United States",2025,2.56,"Base survey of 2023"
"Oats","Production practices","Irrigated","percent of acres","No specific size","Eastern Uplands","United States",2025,0,"Base survey of 2023"
"Oats","Net value","Value of production less total costs listed","dollars per planted acre","No specific size","U.S. total","United States",2025,-217.59,"Base survey of 2023"
"Oats","Operating costs","Seed","dollars per planted acre","No specific size","Heartland","United States",2025,30.8,"Base survey of 2023"
"Oats","Costs listed","Total, costs listed","dollars per planted acre","No specific size","Northern Crescent","United States",2025,562.4,"Base survey of 2023"
"Oats","Gross value of production","Primary product, grain","dollars per planted acre","No specific size","Northern Crescent","United States",2025,205.79,"Base survey of 2023"
"Oats","Gross value of production","Secondary product, hay/silage/grazing","dollars per planted acre","No specific size","Heartland","United States",2025,20.43,"Base survey of 2023"
"Oats","Allocated overhead","Capital recovery of machinery and equipment","dollars per planted acre","No specific size","Eastern Uplands","United States",2025,118.65,"Base survey of 2023"
"Oats","Allocated overhead","Taxes and insurance","dollars per planted acre","No specific size","Northern Crescent","United States",2025,13.24,"Base survey of 2023"
"Oats","Operating costs","Repairs","dollars per planted acre","No specific size","Heartland","United States",2025,35.16,"Base survey of 2023"
"Oats","Allocated overhead","Opportunity cost of land","dollars per planted acre","No specific size","Eastern Uplands","United States",2025,99.24,"Base survey of 2023"
"Oats","Operating costs","Other variable expenses  ","dollars per planted acre","No specific size","Heartland","United States",2025,2.81,"Base survey of 2023"
"Oats","Operating costs","Total, operating costs","dollars per planted acre","No specific size","Northern Great Plains","United States",2025,152.53,"Base survey of 2023"
"Oats","Operating costs","Custom services","dollars per planted acre","No specific size","Eastern Uplands","United States",2025,10.38,"Base survey of 2023"
"Oats","Operating costs","Interest on operating inputs","dollars per planted acre","No specific size","Eastern Uplands","United States",2025,4.05,"Base survey of 2023"
"Oats","Production practices","Dryland","percent of acres","No specific size","Northern Great Plains","United States",2025,100,"Base survey of 2023"
"Oats","Allocated overhead","General farm overhead","dollars per planted acre","No specific size","Northern Great Plains","United States",2025,11.82,"Base survey of 2023"
"Oats","Allocated overhead","General farm overhead","dollars per planted acre","No specific size","Northern Crescent","United States",2025,25.18,"Base survey of 2023"
"Oats","Allocated overhead","Capital recovery of machinery and equipment","dollars per planted acre","No specific size","Heartland","United States",2025,132.42,"Base survey of 2023"
"Oats","Operating costs","Total, operating costs","dollars per planted acre","No specific size","Northern Crescent","United States",2025,197.51,"Base survey of 2023"
"Oats","Gross value of production","Total, gross value of production","dollars per planted acre","No specific size","Northern Crescent","United States",2025,268.71,"Base survey of 2023"
"Oats","Production practices","Dryland","percent of acres","No specific size","U.S. total","United States",2025,97,"Base survey of 2023"
"Oats","Production practices","Dryland","percent of acres","No specific size","Eastern Uplands","United States",2025,100,"Base survey of 2023"
"Oats","Operating costs","Other variable expenses  ","dollars per planted acre","No specific size","Northern Great Plains","United States",2025,0.6,"Base survey of 2023"
"Oats","Operating costs","Other variable expenses  ","dollars per planted acre","No specific size","Northern Crescent","United States",2025,1.79,"Base survey of 2023"
"Oats","Supporting information","Enterprise size","planted acres","No specific size","Eastern Uplands","United States",2025,32,"Base survey of 2023"
"Oats","Operating costs","Fuel, lube, and electricity","dollars per planted acre","No specific size","Eastern Uplands","United States",2025,25.05,"Base survey of 2023"
"Oats","Gross value of production","Total, gross value of production","dollars per planted acre","No specific size","Northern Great Plains","United States",2025,254.96,"Base survey of 2023"
"Oats","Allocated overhead","Taxes and insurance","dollars per planted acre","No specific size","Eastern Uplands","United States",2025,13.25,"Base survey of 2023"
"Oats","Supporting information","Price","dollars per bushel at harvest","No specific size","U.S. total","United States",2025,3.34,"Base survey of 2023"
"Oats","Operating costs","Interest on operating inputs","dollars per planted acre","No specific size","U.S. total","United States",2025,3.29,"Base survey of 2023"
"Oats","Operating costs","Chemicals","dollars per planted acre","No specific size","Heartland","United States",2025,1.64,"Base survey of 2023"
"Oats","Net value","Value of production less total costs listed","dollars per planted acre","No specific size","Heartland","United States",2025,-224.24,"Base survey of 2023"
"Oats","Operating costs","Fertilizer  ","dollars per planted acre","No specific size","Eastern Uplands","United States",2025,100.75,"Base survey of 2023"
"Oats","Operating costs","Seed","dollars per planted acre","No specific size","Eastern Uplands","United States",2025,34.15,"Base survey of 2023"
"Oats","Allocated overhead","Opportunity cost of unpaid labor","dollars per planted acre","No specific size","Heartland","United States",2025,39.44,"Base survey of 2023"
"Oats","Allocated overhead","Hired labor","dollars per planted acre","No specific size","Northern Crescent","United States",2025,3.27,"Base survey of 2023"
"Oats","Operating costs","Fertilizer  ","dollars per planted acre","No specific size","U.S. total","United States",2025,64.56,"Base survey of 2023"
"Oats","Production practices","Irrigated","percent of acres","No specific size","Northern Great Plains","United States",2025,0,"Base survey of 2023"
"Oats","Allocated overhead","Total, allocated overhead","dollars per planted acre","No specific size","Heartland","United States",2025,406.24,"Base survey of 2023"
"Oats","Operating costs","Chemicals","dollars per planted acre","No specific size","Northern Crescent","United States",2025,6.64,"Base survey of 2023"
"Oats","Gross value of production","Secondary product, straw","dollars per planted acre","No specific size","Eastern Uplands","United States",2025,74.91,"Base survey of 2023"
"Oats","Operating costs","Interest on operating inputs","dollars per planted acre","No specific size","Heartland","United States",2025,3.15,"Base survey of 2023"
"Oats","Operating costs","Repairs","dollars per planted acre","No specific size","Northern Great Plains","United States",2025,40.95,"Base survey of 2023"
"Oats","Supporting information","Yield","bushels per planted acre","No specific size","Northern Great Plains","United States",2025,60,"Base survey of 2023"
"Oats","Operating costs","Chemicals","dollars per planted acre","No specific size","U.S. total","United States",2025,5.85,"Base survey of 2023"
"Oats","Net value","Value of production less total costs listed","dollars per planted acre","No specific size","Eastern Uplands","United States",2025,-240.98,"Base survey of 2023"
"Oats","Allocated overhead","Total, allocated overhead","dollars per planted acre","No specific size","Eastern Uplands","United States",2025,317.4,"Base survey of 2023"
"Oats","Allocated overhead","Opportunity cost of unpaid labor","dollars per planted acre","No specific size","Northern Great Plains","United States",2025,22.19,"Base survey of 2023"
"Oats","Gross value of production","Total, gross value of production","dollars per planted acre","No specific size","U.S. total","United States",2025,275.34,"Base survey of 2023"
"Oats","Gross value of production","Primary product, grain","dollars per planted acre","No specific size","Eastern Uplands","United States",2025,205.7,"Base survey of 2023"
"Oats","Operating costs","Interest on operating inputs","dollars per planted acre","No specific size","Northern Great Plains","United States",2025,2.96,"Base survey of 2023"
"Oats","Operating costs","Total, operating costs","dollars per planted acre","No specific size","Heartland","United States",2025,162.47,"Base survey of 2023"
"Oats","Production practices","Dryland","percent of acres","No specific size","Heartland","United States",2025,100,"Base survey of 2023"
"Oats","Net value","Value of production less operating costs","dollars per planted acre","No specific size","Northern Crescent","United States",2025,71.2,"Base survey of 2023"
"Oats","Gross value of production","Secondary product, hay/silage/grazing","dollars per planted acre","No specific size","Eastern Uplands","United States",2025,4.29,"Base survey of 2023"
"Oats","Allocated overhead","Capital recovery of machinery and equipment","dollars per planted acre","No specific size","Northern Great Plains","United States",2025,149.42,"Base survey of 2023"
"Oats","Allocated overhead","General farm overhead","dollars per planted acre","No specific size","U.S. total","United States",2025,17.15,"Base survey of 2023"
"Oats","Operating costs","Fuel, lube, and electricity","dollars per planted acre","No specific size","Northern Crescent","United States",2025,25.12,"Base survey of 2023"
"Oats","Operating costs","Fertilizer  ","dollars per planted acre","No specific size","Northern Great Plains","United States",2025,58.29,"Base survey of 2023"
"Oats","Operating costs","Repairs","dollars per planted acre","No specific size","U.S. total","United States",2025,37.57,"Base survey of 2023"
"Oats","Operating costs","Custom services","dollars per planted acre","No specific size","Northern Great Plains","United States",2025,6.92,"Base survey of 2023"
"Oats","Gross value of production","Secondary product, straw","dollars per planted acre","No specific size","Northern Crescent","United States",2025,51.44,"Base survey of 2023"
"Oats","Supporting information","Price","dollars per bushel at harvest","No specific size","Eastern Uplands","United States",2025,3.31,"Base survey of 2023"
"Oats","Allocated overhead","Total, allocated overhead","dollars per planted acre","No specific size","U.S. total","United States",2025,323.67,"Base survey of 2023"
"Oats","Allocated overhead","Hired labor","dollars per planted acre","No specific size","Heartland","United States",2025,2.39,"Base survey of 2023"
"Oats","Allocated overhead","Opportunity cost of unpaid labor","dollars per planted acre","No specific size","U.S. total","United States",2025,32.59,"Base survey of 2023"
"Oats","Allocated overhead","Capital recovery of machinery and equipment","dollars per planted acre","No specific size","Northern Crescent","United States",2025,143.83,"Base survey of 2023"
"Oats","Costs listed","Total, costs listed","dollars per planted acre","No specific size","Northern Great Plains","United States",2025,433.25,"Base survey of 2023"
"Oats","Operating costs","Seed","dollars per planted acre","No specific size","U.S. total","United States",2025,25.26,"Base survey of 2023"
"Oats","Production practices","Irrigated","percent of acres","No specific size","Northern Crescent","United States",2025,3,"Base survey of 2023"
"Oats","Operating costs","Repairs","dollars per planted acre","No specific size","Northern Crescent","United States",2025,39.16,"Base survey of 2023"
"Oats","Allocated overhead","Capital recovery of machinery and equipment","dollars per planted acre","No specific size","U.S. total","United States",2025,136.92,"Base survey of 2023"
"Oats","Allocated overhead","Opportunity cost of land","dollars per planted acre","No specific size","Northern Great Plains","United States",2025,86.13,"Base survey of 2023"
"Oats","Gross value of production","Secondary product, hay/silage/grazing","dollars per planted acre","No specific size","Northern Crescent","United States",2025,11.48,"Base survey of 2023"
"Oats","Net value","Value of production less operating costs","dollars per planted acre","No specific size","Northern Great Plains","United States",2025,102.43,"Base survey of 2023"
"Oats","Operating costs","Repairs","dollars per planted acre","No specific size","Heartland","United States",2011,12.9,"Base survey of 2005"
"Oats","Operating costs","Repairs","dollars per planted acre","No specific size","Heartland","United States",2012,13.29,"Base survey of 2005"
"Oats","Operating costs","Repairs","dollars per planted acre","No specific size","Heartland","United States",2013,13.42,"Base survey of 2005"
"Oats","Operating costs","Repairs","dollars per planted acre","No specific size","Heartland","United States",2014,13.64,"Base survey of 2005"
"Oats","Operating costs","Repairs","dollars per planted acre","No specific size","Heartland","United States",2015,23.12,"Base survey of 2015"
"Oats","Operating costs","Repairs","dollars per planted acre","No specific size","Heartland","United States",2016,23.16,"Base survey of 2015"
"Oats","Operating costs","Repairs","dollars per planted acre","No specific size","Heartland","United States",2017,23.58,"Base survey of 2015"
"Oats","Operating costs","Repairs","dollars per planted acre","No specific size","Heartland","United States",2018,24.39,"Base survey of 2015"
"Oats","Operating costs","Repairs","dollars per planted acre","No specific size","Heartland","United States",2019,25.06,"Base survey of 2015"
"Oats","Operating costs","Repairs","dollars per planted acre","No specific size","Heartland","United States",2020,25.46,"Base survey of 2015"
"Oats","Operating costs","Repairs","dollars per planted acre","No specific size","Heartland","United States",2021,27.29,"Base survey of 2015"
"Oats","Operating costs","Repairs","dollars per planted acre","No specific size","Heartland","United States",2022,30.4,"Base survey of 2015"
"Oats","Operating costs","Repairs","dollars per planted acre","No specific size","Heartland","United States",2023,33.12,"Base survey of 2023"
"Oats","Operating costs","Repairs","dollars per planted acre","No specific size","Heartland","United States",2024,34.1,"Base survey of 2023"
"Oats","Operating costs","Repairs","dollars per planted acre","No specific size","Northern Crescent","United States",2005,11.89,"Base survey of 2005"
"Oats","Operating costs","Repairs","dollars per planted acre","No specific size","Northern Crescent","United States",2006,12.31,"Base survey of 2005"
"Oats","Operating costs","Repairs","dollars per planted acre","No specific size","Northern Crescent","United States",2007,12.65,"Base survey of 2005"
"Oats","Operating costs","Repairs","dollars per planted acre","No specific size","Northern Crescent","United States",2008,13.08,"Base survey of 2005"
"Oats","Operating costs","Repairs","dollars per planted acre","No specific size","Northern Crescent","United States",2009,13.33,"Base survey of 2005"
"Oats","Operating costs","Repairs","dollars per planted acre","No specific size","Northern Crescent","United States",2010,13.59,"Base survey of 2005"
"Oats","Operating costs","Repairs","dollars per planted acre","No specific size","Northern Crescent","United States",2011,14.1,"Base survey of 2005"
"Oats","Operating costs","Repairs","dollars per planted acre","No specific size","Northern Crescent","United States",2012,14.52,"Base survey of 2005"
"Oats","Operating costs","Repairs","dollars per planted acre","No specific size","Northern Crescent","United States",2013,14.66,"Base survey of 2005"
"Oats","Operating costs","Repairs","dollars per planted acre","No specific size","Northern Crescent","United States",2014,14.9,"Base survey of 2005"
"Oats","Operating costs","Repairs","dollars per planted acre","No specific size","Northern Crescent","United States",2015,24.68,"Base survey of 2015"
"Oats","Operating costs","Repairs","dollars per planted acre","No specific size","Northern Crescent","United States",2016,24.73,"Base survey of 2015"
"Oats","Operating costs","Repairs","dollars per planted acre","No specific size","Northern Crescent","United States",2017,25.17,"Base survey of 2015"
"Oats","Operating costs","Repairs","dollars per planted acre","No specific size","Northern Crescent","United States",2018,26.03,"Base survey of 2015"
"Oats","Operating costs","Repairs","dollars per planted acre","No specific size","Northern Crescent","United States",2019,26.76,"Base survey of 2015"
"Oats","Operating costs","Repairs","dollars per planted acre","No specific size","Northern Crescent","United States",2020,27.18,"Base survey of 2015"
"Oats","Operating costs","Repairs","dollars per planted acre","No specific size","Northern Crescent","United States",2021,29.14,"Base survey of 2015"
"Oats","Operating costs","Repairs","dollars per planted acre","No specific size","Northern Crescent","United States",2022,32.45,"Base survey of 2015"
"Oats","Operating costs","Repairs","dollars per planted acre","No specific size","Northern Crescent","United States",2023,36.93,"Base survey of 2023"
"Oats","Operating costs","Repairs","dollars per planted acre","No specific size","Northern Crescent","United States",2024,37.62,"Base survey of 2023"
"Oats","Operating costs","Repairs","dollars per planted acre","No specific size","Northern Great Plains","United States",2005,12.65,"Base survey of 2005"
"Oats","Operating costs","Repairs","dollars per planted acre","No specific size","Northern Great Plains","United States",2006,13.1,"Base survey of 2005"
"Oats","Operating costs","Repairs","dollars per planted acre","No specific size","Northern Great Plains","United States",2007,13.46,"Base survey of 2005"
"Oats","Operating costs","Repairs","dollars per planted acre","No specific size","Northern Great Plains","United States",2008,13.92,"Base survey of 2005"
"Oats","Operating costs","Repairs","dollars per planted acre","No specific size","Northern Great Plains","United States",2009,14.19,"Base survey of 2005"
"Oats","Operating costs","Repairs","dollars per planted acre","No specific size","Northern Great Plains","United States",2010,14.46,"Base survey of 2005"
"Oats","Operating costs","Repairs","dollars per planted acre","No specific size","Northern Great Plains","United States",2011,15,"Base survey of 2005"
"Oats","Operating costs","Repairs","dollars per planted acre","No specific size","Northern Great Plains","United States",2012,15.45,"Base survey of 2005"
"Oats","Operating costs","Repairs","dollars per planted acre","No specific size","Northern Great Plains","United States",2013,15.6,"Base survey of 2005"
"Oats","Operating costs","Repairs","dollars per planted acre","No specific size","Northern Great Plains","United States",2014,15.85,"Base survey of 2005"
"Oats","Operating costs","Repairs","dollars per planted acre","No specific size","Northern Great Plains","United States",2015,27.06,"Base survey of 2015"
"Oats","Operating costs","Repairs","dollars per planted acre","No specific size","Northern Great Plains","United States",2016,27.11,"Base survey of 2015"
"Oats","Operating costs","Repairs","dollars per planted acre","No specific size","Northern Great Plains","United States",2017,27.6,"Base survey of 2015"
"Oats","Operating costs","Repairs","dollars per planted acre","No specific size","Northern Great Plains","United States",2018,28.54,"Base survey of 2015"
"Oats","Operating costs","Repairs","dollars per planted acre","No specific size","Northern Great Plains","United States",2019,29.34,"Base survey of 2015"
"Oats","Operating costs","Repairs","dollars per planted acre","No specific size","Northern Great Plains","United States",2020,29.8,"Base survey of 2015"
"Oats","Operating costs","Repairs","dollars per planted acre","No specific size","Northern Great Plains","United States",2021,31.95,"Base survey of 2015"
"Oats","Operating costs","Repairs","dollars per planted acre","No specific size","Northern Great Plains","United States",2022,35.58,"Base survey of 2015"
"Oats","Operating costs","Repairs","dollars per planted acre","No specific size","Northern Great Plains","United States",2023,39.8,"Base survey of 2023"
"Oats","Operating costs","Repairs","dollars per planted acre","No specific size","Northern Great Plains","United States",2024,40.21,"Base survey of 2023"
"Oats","Operating costs","Repairs","dollars per planted acre","No specific size","Prairie Gateway","United States",2005,9.31,"Base survey of 2005"
"Oats","Operating costs","Repairs","dollars per planted acre","No specific size","Prairie Gateway","United States",2006,9.64,"Base survey of 2005"
"Oats","Operating costs","Repairs","dollars per planted acre","No specific size","Prairie Gateway","United States",2007,9.91,"Base survey of 2005"
"Oats","Operating costs","Repairs","dollars per planted acre","No specific size","Prairie Gateway","United States",2008,10.24,"Base survey of 2005"
"Oats","Operating costs","Repairs","dollars per planted acre","No specific size","Prairie Gateway","United States",2009,10.44,"Base survey of 2005"
"Oats","Operating costs","Repairs","dollars per planted acre","No specific size","Prairie Gateway","United States",2010,10.64,"Base survey of 2005"
"Oats","Operating costs","Repairs","dollars per planted acre","No specific size","Prairie Gateway","United States",2011,11.04,"Base survey of 2005"
"Oats","Operating costs","Repairs","dollars per planted acre","No specific size","Prairie Gateway","United States",2012,11.37,"Base survey of 2005"
"Oats","Operating costs","Repairs","dollars per planted acre","No specific size","Prairie Gateway","United States",2013,11.48,"Base survey of 2005"
"Oats","Operating costs","Repairs","dollars per planted acre","No specific size","Prairie Gateway","United States",2014,11.67,"Base survey of 2005"
"Oats","Operating costs","Repairs","dollars per planted acre","No specific size","Prairie Gateway","United States",2015,22.95,"Base survey of 2015"
"Oats","Operating costs","Repairs","dollars per planted acre","No specific size","Prairie Gateway","United States",2016,22.99,"Base survey of 2015"
"Oats","Operating costs","Repairs","dollars per planted acre","No specific size","Prairie Gateway","United States",2017,23.41,"Base survey of 2015"
"Oats","Operating costs","Repairs","dollars per planted acre","No specific size","Prairie Gateway","United States",2018,24.21,"Base survey of 2015"
"Oats","Operating costs","Repairs","dollars per planted acre","No specific size","Prairie Gateway","United States",2019,24.88,"Base survey of 2015"
"Oats","Operating costs","Repairs","dollars per planted acre","No specific size","Prairie Gateway","United States",2020,25.27,"Base survey of 2015"
"Oats","Operating costs","Repairs","dollars per planted acre","No specific size","Prairie Gateway","United States",2021,27.09,"Base survey of 2015"
"Oats","Operating costs","Repairs","dollars per planted acre","No specific size","Prairie Gateway","United States",2022,30.17,"Base survey of 2015"
"Oats","Operating costs","Repairs","dollars per planted acre","No specific size","Eastern Uplands","United States",2023,28.59,"Base survey of 2023"
"Oats","Operating costs","Repairs","dollars per planted acre","No specific size","Eastern Uplands","United States",2024,28.81,"Base survey of 2023"
"Oats","Operating costs","Other variable expenses  ","dollars per planted acre","No specific size","U.S. total","United States",2005,2.37,"Base survey of 2005"
"Oats","Operating costs","Other variable expenses  ","dollars per planted acre","No specific size","U.S. total","United States",2006,3.25,"Base survey of 2005"
"Oats","Operating costs","Other variable expenses  ","dollars per planted acre","No specific size","U.S. total","United States",2007,2.38,"Base survey of 2005"
"Oats","Operating costs","Other variable expenses  ","dollars per planted acre","No specific size","U.S. total","United States",2008,2.7,"Base survey of 2005"
"Oats","Operating costs","Other variable expenses  ","dollars per planted acre","No specific size","U.S. total","United States",2009,2.84,"Base survey of 2005"
"Oats","Operating costs","Other variable expenses  ","dollars per planted acre","No specific size","U.S. total","United States",2010,2.87,"Base survey of 2005"
"Oats","Operating costs","Other variable expenses  ","dollars per planted acre","No specific size","U.S. total","United States",2011,2.92,"Base survey of 2005"
"Oats","Operating costs","Other variable expenses  ","dollars per planted acre","No specific size","U.S. total","United States",2012,3.03,"Base survey of 2005"
"Oats","Operating costs","Other variable expenses  ","dollars per planted acre","No specific size","U.S. total","United States",2013,3.01,"Base survey of 2005"
"Oats","Operating costs","Other variable expenses  ","dollars per planted acre","No specific size","U.S. total","United States",2014,3.38,"Base survey of 2005"
"Oats","Operating costs","Other variable expenses  ","dollars per planted acre","No specific size","U.S. total","United States",2015,2.21,"Base survey of 2015"
"Oats","Operating costs","Other variable expenses  ","dollars per planted acre","No specific size","U.S. total","United States",2016,2.12,"Base survey of 2015"
"Oats","Operating costs","Other variable expenses  ","dollars per planted acre","No specific size","U.S. total","United States",2017,2.06,"Base survey of 2015"
"Oats","Operating costs","Other variable expenses  ","dollars per planted acre","No specific size","U.S. total","United States",2018,2.12,"Base survey of 2015"
"Oats","Operating costs","Other variable expenses  ","dollars per planted acre","No specific size","U.S. total","United States",2019,2.21,"Base survey of 2015"
"Oats","Operating costs","Other variable expenses  ","dollars per planted acre","No specific size","U.S. total","United States",2020,2.18,"Base survey of 2015"
"Oats","Operating costs","Other variable expenses  ","dollars per planted acre","No specific size","U.S. total","United States",2021,2.24,"Base survey of 2015"
"Oats","Operating costs","Other variable expenses  ","dollars per planted acre","No specific size","U.S. total","United States",2022,2.49,"Base survey of 2015"
"Oats","Operating costs","Other variable expenses  ","dollars per planted acre","No specific size","U.S. total","United States",2023,1.7,"Base survey of 2023"
"Oats","Operating costs","Other variable expenses  ","dollars per planted acre","No specific size","U.S. total","United States",2024,1.67,"Base survey of 2023"
"Oats","Operating costs","Other variable expenses  ","dollars per planted acre","No specific size","Heartland","United States",2005,5.53,"Base survey of 2005"
"Oats","Operating costs","Other variable expenses  ","dollars per planted acre","No specific size","Heartland","United States",2006,5.73,"Base survey of 2005"
"Oats","Operating costs","Other variable expenses  ","dollars per planted acre","No specific size","Heartland","United States",2007,5.89,"Base survey of 2005"
"Oats","Operating costs","Other variable expenses  ","dollars per planted acre","No specific size","Heartland","United States",2008,6.08,"Base survey of 2005"
"Oats","Operating costs","Other variable expenses  ","dollars per planted acre","No specific size","Heartland","United States",2009,6.2,"Base survey of 2005"
"Oats","Operating costs","Other variable expenses  ","dollars per planted acre","No specific size","Heartland","United States",2010,6.32,"Base survey of 2005"
"Oats","Operating costs","Other variable expenses  ","dollars per planted acre","No specific size","Heartland","United States",2011,6.56,"Base survey of 2005"
"Oats","Operating costs","Other variable expenses  ","dollars per planted acre","No specific size","Heartland","United States",2012,6.75,"Base survey of 2005"
"Oats","Operating costs","Other variable expenses  ","dollars per planted acre","No specific size","Heartland","United States",2013,7.25,"Base survey of 2005"
"Oats","Operating costs","Other variable expenses  ","dollars per planted acre","No specific size","Heartland","United States",2014,7.53,"Base survey of 2005"
"Oats","Operating costs","Other variable expenses  ","dollars per planted acre","No specific size","Heartland","United States",2015,2.45,"Base survey of 2015"
"Oats","Operating costs","Other variable expenses  ","dollars per planted acre","No specific size","Heartland","United States",2016,2.49,"Base survey of 2015"
"Oats","Operating costs","Other variable expenses  ","dollars per planted acre","No specific size","Heartland","United States",2017,2.42,"Base survey of 2015"
"Oats","Operating costs","Other variable expenses  ","dollars per planted acre","No specific size","Heartland","United States",2018,2.46,"Base survey of 2015"
"Oats","Operating costs","Other variable expenses  ","dollars per planted acre","No specific size","Heartland","United States",2019,2.51,"Base survey of 2015"
"Oats","Operating costs","Other variable expenses  ","dollars per planted acre","No specific size","Heartland","United States",2020,2.51,"Base survey of 2015"
"Oats","Operating costs","Other variable expenses  ","dollars per planted acre","No specific size","Heartland","United States",2021,2.6,"Base survey of 2015"
"Oats","Operating costs","Other variable expenses  ","dollars per planted acre","No specific size","Heartland","United States",2022,2.92,"Base survey of 2015"
"Oats","Operating costs","Other variable expenses  ","dollars per planted acre","No specific size","Heartland","United States",2023,2.45,"Base survey of 2023"
"Oats","Operating costs","Other variable expenses  ","dollars per planted acre","No specific size","Heartland","United States",2024,2.58,"Base survey of 2023"
"Oats","Operating costs","Other variable expenses  ","dollars per planted acre","No specific size","Northern Crescent","United States",2005,1.79,"Base survey of 2005"
"Oats","Operating costs","Other variable expenses  ","dollars per planted acre","No specific size","Northern Crescent","United States",2006,1.85,"Base survey of 2005"
"Oats","Operating costs","Other variable expenses  ","dollars per planted acre","No specific size","Northern Crescent","United States",2007,1.91,"Base survey of 2005"
"Oats","Operating costs","Other variable expenses  ","dollars per planted acre","No specific size","Northern Crescent","United States",2008,1.97,"Base survey of 2005"
"Oats","Operating costs","Other variable expenses  ","dollars per planted acre","No specific size","Northern Crescent","United States",2009,2.01,"Base survey of 2005"
"Oats","Operating costs","Other variable expenses  ","dollars per planted acre","No specific size","Northern Crescent","United States",2010,2.05,"Base survey of 2005"
"Oats","Operating costs","Other variable expenses  ","dollars per planted acre","No specific size","Northern Crescent","United States",2011,2.12,"Base survey of 2005"
"Oats","Operating costs","Other variable expenses  ","dollars per planted acre","No specific size","Northern Crescent","United States",2012,2.19,"Base survey of 2005"
"Oats","Operating costs","Other variable expenses  ","dollars per planted acre","No specific size","Northern Crescent","United States",2013,2.35,"Base survey of 2005"
"Oats","Operating costs","Other variable expenses  ","dollars per planted acre","No specific size","Northern Crescent","United States",2014,2.44,"Base survey of 2005"
"Oats","Operating costs","Other variable expenses  ","dollars per planted acre","No specific size","Northern Crescent","United States",2015,2.48,"Base survey of 2015"
"Oats","Operating costs","Other variable expenses  ","dollars per planted acre","No specific size","Northern Crescent","United States",2016,2.52,"Base survey of 2015"
"Oats","Operating costs","Other variable expenses  ","dollars per planted acre","No specific size","Northern Crescent","United States",2017,2.45,"Base survey of 2015"
"Oats","Operating costs","Other variable expenses  ","dollars per planted acre","No specific size","Northern Crescent","United States",2018,2.49,"Base survey of 2015"
"Oats","Operating costs","Other variable expenses  ","dollars per planted acre","No specific size","Northern Crescent","United States",2019,2.54,"Base survey of 2015"
"Oats","Operating costs","Other variable expenses  ","dollars per planted acre","No specific size","Northern Crescent","United States",2020,2.54,"Base survey of 2015"
"Oats","Operating costs","Other variable expenses  ","dollars per planted acre","No specific size","Northern Crescent","United States",2021,2.63,"Base survey of 2015"
"Oats","Operating costs","Other variable expenses  ","dollars per planted acre","No specific size","Northern Crescent","United States",2022,2.95,"Base survey of 2015"
"Oats","Operating costs","Other variable expenses  ","dollars per planted acre","No specific size","Northern Crescent","United States",2023,1.74,"Base survey of 2023"
"Oats","Operating costs","Other variable expenses  ","dollars per planted acre","No specific size","Northern Crescent","United States",2024,1.71,"Base survey of 2023"
"Oats","Operating costs","Other variable expenses  ","dollars per planted acre","No specific size","Northern Great Plains","United States",2005,0.75,"Base survey of 2005"
"Oats","Operating costs","Other variable expenses  ","dollars per planted acre","No specific size","Northern Great Plains","United States",2006,0.78,"Base survey of 2005"
"Oats","Operating costs","Other variable expenses  ","dollars per planted acre","No specific size","Northern Great Plains","United States",2007,0.8,"Base survey of 2005"
"Oats","Operating costs","Other variable expenses  ","dollars per planted acre","No specific size","Northern Great Plains","United States",2008,0.83,"Base survey of 2005"
"Oats","Operating costs","Other variable expenses  ","dollars per planted acre","No specific size","Northern Great Plains","United States",2009,0.84,"Base survey of 2005"
"Oats","Operating costs","Other variable expenses  ","dollars per planted acre","No specific size","Northern Great Plains","United States",2010,0.86,"Base survey of 2005"
"Oats","Operating costs","Other variable expenses  ","dollars per planted acre","No specific size","Northern Great Plains","United States",2011,0.89,"Base survey of 2005"
"Oats","Operating costs","Other variable expenses  ","dollars per planted acre","No specific size","Northern Great Plains","United States",2012,0.92,"Base survey of 2005"
"Oats","Operating costs","Other variable expenses  ","dollars per planted acre","No specific size","Northern Great Plains","United States",2013,0.98,"Base survey of 2005"
"Oats","Operating costs","Other variable expenses  ","dollars per planted acre","No specific size","Northern Great Plains","United States",2014,1.02,"Base survey of 2005"
"Oats","Operating costs","Other variable expenses  ","dollars per planted acre","No specific size","Northern Great Plains","United States",2015,1.69,"Base survey of 2015"
"Oats","Operating costs","Other variable expenses  ","dollars per planted acre","No specific size","Northern Great Plains","United States",2016,1.72,"Base survey of 2015"
"Oats","Operating costs","Other variable expenses  ","dollars per planted acre","No specific size","Northern Great Plains","United States",2017,1.67,"Base survey of 2015"
"Oats","Operating costs","Other variable expenses  ","dollars per planted acre","No specific size","Northern Great Plains","United States",2018,1.7,"Base survey of 2015"
"Oats","Operating costs","Other variable expenses  ","dollars per planted acre","No specific size","Northern Great Plains","United States",2019,1.73,"Base survey of 2015"
"Oats","Operating costs","Other variable expenses  ","dollars per planted acre","No specific size","Northern Great Plains","United States",2020,1.73,"Base survey of 2015"
"Oats","Operating costs","Other variable expenses  ","dollars per planted acre","No specific size","Northern Great Plains","United States",2021,1.79,"Base survey of 2015"
"Oats","Operating costs","Other variable expenses  ","dollars per planted acre","No specific size","Northern Great Plains","United States",2022,2.01,"Base survey of 2015"
"Oats","Operating costs","Other variable expenses  ","dollars per planted acre","No specific size","Northern Great Plains","United States",2023,0.55,"Base survey of 2023"
"Oats","Operating costs","Other variable expenses  ","dollars per planted acre","No specific size","Northern Great Plains","United States",2024,0.57,"Base survey of 2023"
"Oats","Operating costs","Other variable expenses  ","dollars per planted acre","No specific size","Prairie Gateway","United States",2005,0.24,"Base survey of 2005"
"Oats","Operating costs","Other variable expenses  ","dollars per planted acre","No specific size","Prairie Gateway","United States",2006,0.25,"Base survey of 2005"
"Oats","Operating costs","Other variable expenses  ","dollars per planted acre","No specific size","Prairie Gateway","United States",2007,0.26,"Base survey of 2005"
"Oats","Operating costs","Other variable expenses  ","dollars per planted acre","No specific size","Prairie Gateway","United States",2008,0.26,"Base survey of 2005"
"Oats","Operating costs","Other variable expenses  ","dollars per planted acre","No specific size","Prairie Gateway","United States",2009,0.27,"Base survey of 2005"
"Oats","Operating costs","Other variable expenses  ","dollars per planted acre","No specific size","Prairie Gateway","United States",2010,0.27,"Base survey of 2005"
"Oats","Operating costs","Other variable expenses  ","dollars per planted acre","No specific size","Prairie Gateway","United States",2011,0.28,"Base survey of 2005"
"Oats","Operating costs","Other variable expenses  ","dollars per planted acre","No specific size","Prairie Gateway","United States",2012,0.29,"Base survey of 2005"
"Oats","Operating costs","Other variable expenses  ","dollars per planted acre","No specific size","Prairie Gateway","United States",2013,0.31,"Base survey of 2005"
"Oats","Operating costs","Other variable expenses  ","dollars per planted acre","No specific size","Prairie Gateway","United States",2014,0.33,"Base survey of 2005"
"Oats","Operating costs","Other variable expenses  ","dollars per planted acre","No specific size","Prairie Gateway","United States",2015,0.62,"Base survey of 2015"
"Oats","Operating costs","Other variable expenses  ","dollars per planted acre","No specific size","Prairie Gateway","United States",2016,0.63,"Base survey of 2015"
"Oats","Operating costs","Other variable expenses  ","dollars per planted acre","No specific size","Prairie Gateway","United States",2017,0.61,"Base survey of 2015"
"Oats","Operating costs","Other variable expenses  ","dollars per planted acre","No specific size","Prairie Gateway","United States",2018,0.62,"Base survey of 2015"
"Oats","Operating costs","Other variable expenses  ","dollars per planted acre","No specific size","Prairie Gateway","United States",2019,0.64,"Base survey of 2015"
"Oats","Operating costs","Other variable expenses  ","dollars per planted acre","No specific size","Prairie Gateway","United States",2020,0.63,"Base survey of 2015"
"Oats","Operating costs","Other variable expenses  ","dollars per planted acre","No specific size","Prairie Gateway","United States",2021,0.66,"Base survey of 2015"
"Oats","Operating costs","Other variable expenses  ","dollars per planted acre","No specific size","Prairie Gateway","United States",2022,0.74,"Base survey of 2015"
"Oats","Operating costs","Other variable expenses  ","dollars per planted acre","No specific size","Eastern Uplands","United States",2023,2.49,"Base survey of 2023"
"Oats","Operating costs","Other variable expenses  ","dollars per planted acre","No specific size","Eastern Uplands","United States",2024,2.55,"Base survey of 2023"
"Oats","Operating costs","Interest on operating inputs","dollars per planted acre","No specific size","U.S. total","United States",2005,1.2,"Base survey of 2005"
"Oats","Operating costs","Interest on operating inputs","dollars per planted acre","No specific size","U.S. total","United States",2006,1.6,"Base survey of 2005"
"Oats","Operating costs","Interest on operating inputs","dollars per planted acre","No specific size","U.S. total","United States",2007,1.79,"Base survey of 2005"
"Oats","Operating costs","Interest on operating inputs","dollars per planted acre","No specific size","U.S. total","United States",2008,0.93,"Base survey of 2005"
"Oats","Operating costs","Interest on operating inputs","dollars per planted acre","No specific size","U.S. total","United States",2009,0.15,"Base survey of 2005"
"Oats","Operating costs","Interest on operating inputs","dollars per planted acre","No specific size","U.S. total","United States",2010,0.1,"Base survey of 2005"
"Oats","Operating costs","Interest on operating inputs","dollars per planted acre","No specific size","U.S. total","United States",2011,0.06,"Base survey of 2005"
"Oats","Operating costs","Interest on operating inputs","dollars per planted acre","No specific size","U.S. total","United States",2012,0.08,"Base survey of 2005"
"Oats","Operating costs","Interest on operating inputs","dollars per planted acre","No specific size","U.S. total","United States",2013,0.05,"Base survey of 2005"
"Oats","Operating costs","Interest on operating inputs","dollars per planted acre","No specific size","U.S. total","United States",2014,0.04,"Base survey of 2005"
"Oats","Operating costs","Interest on operating inputs","dollars per planted acre","No specific size","U.S. total","United States",2015,0.11,"Base survey of 2015"
"Oats","Operating costs","Interest on operating inputs","dollars per planted acre","No specific size","U.S. total","United States",2016,0.28,"Base survey of 2015"
"Oats","Operating costs","Interest on operating inputs","dollars per planted acre","No specific size","U.S. total","United States",2017,0.63,"Base survey of 2015"
"Oats","Operating costs","Interest on operating inputs","dollars per planted acre","No specific size","U.S. total","United States",2018,1.29,"Base survey of 2015"
"Oats","Operating costs","Interest on operating inputs","dollars per planted acre","No specific size","U.S. total","United States",2019,1.31,"Base survey of 2015"
"Oats","Operating costs","Interest on operating inputs","dollars per planted acre","No specific size","U.S. total","United States",2020,0.23,"Base survey of 2015"
"Oats","Operating costs","Interest on operating inputs","dollars per planted acre","No specific size","U.S. total","United States",2021,0.04,"Base survey of 2015"
"Oats","Operating costs","Interest on operating inputs","dollars per planted acre","No specific size","U.S. total","United States",2022,2.35,"Base survey of 2015"
"Oats","Operating costs","Interest on operating inputs","dollars per planted acre","No specific size","U.S. total","United States",2023,4.48,"Base survey of 2023"
"Oats","Operating costs","Interest on operating inputs","dollars per planted acre","No specific size","U.S. total","United States",2024,3.95,"Base survey of 2023"
"Oats","Operating costs","Interest on operating inputs","dollars per planted acre","No specific size","Heartland","United States",2005,1.23,"Base survey of 2005"
"Oats","Operating costs","Interest on operating inputs","dollars per planted acre","No specific size","Heartland","United States",2006,1.3,"Base survey of 2005"
"Oats","Operating costs","Interest on operating inputs","dollars per planted acre","No specific size","Heartland","United States",2007,1.91,"Base survey of 2005"
"Oats","Operating costs","Interest on operating inputs","dollars per planted acre","No specific size","Heartland","United States",2008,0.92,"Base survey of 2005"
"Oats","Operating costs","Interest on operating inputs","dollars per planted acre","No specific size","Heartland","United States",2009,0.15,"Base survey of 2005"
"Oats","Operating costs","Interest on operating inputs","dollars per planted acre","No specific size","Heartland","United States",2010,0.1,"Base survey of 2005"
"Oats","Operating costs","Interest on operating inputs","dollars per planted acre","No specific size","Heartland","United States",2011,0.06,"Base survey of 2005"
"Oats","Operating costs","Interest on operating inputs","dollars per planted acre","No specific size","Heartland","United States",2012,0.08,"Base survey of 2005"
"Oats","Operating costs","Interest on operating inputs","dollars per planted acre","No specific size","Heartland","United States",2013,0.05,"Base survey of 2005"
"Oats","Operating costs","Interest on operating inputs","dollars per planted acre","No specific size","Heartland","United States",2014,0.04,"Base survey of 2005"
"Oats","Operating costs","Interest on operating inputs","dollars per planted acre","No specific size","Heartland","United States",2015,0.1,"Base survey of 2015"
"Oats","Operating costs","Interest on operating inputs","dollars per planted acre","No specific size","Heartland","United States",2016,0.26,"Base survey of 2015"
"Oats","Operating costs","Interest on operating inputs","dollars per planted acre","No specific size","Heartland","United States",2017,0.58,"Base survey of 2015"
"Oats","Operating costs","Interest on operating inputs","dollars per planted acre","No specific size","Heartland","United States",2018,1.19,"Base survey of 2015"
"Oats","Operating costs","Interest on operating inputs","dollars per planted acre","No specific size","Heartland","United States",2019,1.2,"Base survey of 2015"
"Oats","Operating costs","Interest on operating inputs","dollars per planted acre","No specific size","Heartland","United States",2020,0.21,"Base survey of 2015"
"Oats","Operating costs","Interest on operating inputs","dollars per planted acre","No specific size","Heartland","United States",2021,0.04,"Base survey of 2015"
"Oats","Operating costs","Interest on operating inputs","dollars per planted acre","No specific size","Heartland","United States",2022,2.15,"Base survey of 2015"
"Oats","Operating costs","Interest on operating inputs","dollars per planted acre","No specific size","Heartland","United States",2023,4.24,"Base survey of 2023"
"Oats","Operating costs","Interest on operating inputs","dollars per planted acre","No specific size","Heartland","United States",2024,3.76,"Base survey of 2023"
"Oats","Operating costs","Interest on operating inputs","dollars per planted acre","No specific size","Northern Crescent","United States",2005,1.43,"Base survey of 2005"
"Oats","Operating costs","Interest on operating inputs","dollars per planted acre","No specific size","Northern Crescent","United States",2006,1.53,"Base survey of 2005"
"Oats","Operating costs","Interest on operating inputs","dollars per planted acre","No specific size","Northern Crescent","United States",2007,2.27,"Base survey of 2005"
"Oats","Operating costs","Interest on operating inputs","dollars per planted acre","No specific size","Northern Crescent","United States",2008,1.14,"Base survey of 2005"
"Oats","Operating costs","Interest on operating inputs","dollars per planted acre","No specific size","Northern Crescent","United States",2009,0.18,"Base survey of 2005"
"Oats","Operating costs","Interest on operating inputs","dollars per planted acre","No specific size","Northern Crescent","United States",2010,0.11,"Base survey of 2005"
"Oats","Operating costs","Interest on operating inputs","dollars per planted acre","No specific size","Northern Crescent","United States",2011,0.07,"Base survey of 2005"
"Oats","Operating costs","Interest on operating inputs","dollars per planted acre","No specific size","Northern Crescent","United States",2012,0.1,"Base survey of 2005"
"Oats","Operating costs","Interest on operating inputs","dollars per planted acre","No specific size","Northern Crescent","United States",2013,0.07,"Base survey of 2005"
"Oats","Operating costs","Interest on operating inputs","dollars per planted acre","No specific size","Northern Crescent","United States",2014,0.04,"Base survey of 2005"
"Oats","Operating costs","Interest on operating inputs","dollars per planted acre","No specific size","Northern Crescent","United States",2015,0.13,"Base survey of 2015"
"Oats","Operating costs","Interest on operating inputs","dollars per planted acre","No specific size","Northern Crescent","United States",2016,0.31,"Base survey of 2015"
"Oats","Operating costs","Interest on operating inputs","dollars per planted acre","No specific size","Northern Crescent","United States",2017,0.7,"Base survey of 2015"
"Oats","Operating costs","Interest on operating inputs","dollars per planted acre","No specific size","Northern Crescent","United States",2018,1.44,"Base survey of 2015"
"Oats","Operating costs","Interest on operating inputs","dollars per planted acre","No specific size","Northern Crescent","United States",2019,1.45,"Base survey of 2015"
"Oats","Operating costs","Interest on operating inputs","dollars per planted acre","No specific size","Northern Crescent","United States",2020,0.26,"Base survey of 2015"
"Oats","Operating costs","Interest on operating inputs","dollars per planted acre","No specific size","Northern Crescent","United States",2021,0.04,"Base survey of 2015"
"Oats","Operating costs","Interest on operating inputs","dollars per planted acre","No specific size","Northern Crescent","United States",2022,2.64,"Base survey of 2015"
"Oats","Operating costs","Interest on operating inputs","dollars per planted acre","No specific size","Northern Crescent","United States",2023,5.21,"Base survey of 2023"
"Oats","Operating costs","Interest on operating inputs","dollars per planted acre","No specific size","Northern Crescent","United States",2024,4.57,"Base survey of 2023"
"Oats","Operating costs","Interest on operating inputs","dollars per planted acre","No specific size","Northern Great Plains","United States",2005,0.81,"Base survey of 2005"
"Oats","Operating costs","Interest on operating inputs","dollars per planted acre","No specific size","Northern Great Plains","United States",2006,0.87,"Base survey of 2005"
"Oats","Operating costs","Interest on operating inputs","dollars per planted acre","No specific size","Northern Great Plains","United States",2007,1.26,"Base survey of 2005"
"Oats","Operating costs","Interest on operating inputs","dollars per planted acre","No specific size","Northern Great Plains","United States",2008,0.6,"Base survey of 2005"
"Oats","Operating costs","Interest on operating inputs","dollars per planted acre","No specific size","Northern Great Plains","United States",2009,0.1,"Base survey of 2005"
"Oats","Operating costs","Interest on operating inputs","dollars per planted acre","No specific size","Northern Great Plains","United States",2010,0.06,"Base survey of 2005"
"Oats","Operating costs","Interest on operating inputs","dollars per planted acre","No specific size","Northern Great Plains","United States",2011,0.04,"Base survey of 2005"
"Oats","Operating costs","Interest on operating inputs","dollars per planted acre","No specific size","Northern Great Plains","United States",2012,0.05,"Base survey of 2005"
"Oats","Operating costs","Interest on operating inputs","dollars per planted acre","No specific size","Northern Great Plains","United States",2013,0.04,"Base survey of 2005"
"Oats","Operating costs","Interest on operating inputs","dollars per planted acre","No specific size","Northern Great Plains","United States",2014,0.02,"Base survey of 2005"
"Oats","Operating costs","Interest on operating inputs","dollars per planted acre","No specific size","Northern Great Plains","United States",2015,0.1,"Base survey of 2015"
"Oats","Operating costs","Interest on operating inputs","dollars per planted acre","No specific size","Northern Great Plains","United States",2016,0.26,"Base survey of 2015"
"Oats","Operating costs","Interest on operating inputs","dollars per planted acre","No specific size","Northern Great Plains","United States",2017,0.57,"Base survey of 2015"
"Oats","Operating costs","Interest on operating inputs","dollars per planted acre","No specific size","Northern Great Plains","United States",2018,1.17,"Base survey of 2015"
"Oats","Operating costs","Interest on operating inputs","dollars per planted acre","No specific size","Northern Great Plains","United States",2019,1.18,"Base survey of 2015"
"Oats","Operating costs","Interest on operating inputs","dollars per planted acre","No specific size","Northern Great Plains","United States",2020,0.21,"Base survey of 2015"
"Oats","Operating costs","Interest on operating inputs","dollars per planted acre","No specific size","Northern Great Plains","United States",2021,0.04,"Base survey of 2015"
"Oats","Operating costs","Interest on operating inputs","dollars per planted acre","No specific size","Northern Great Plains","United States",2022,2.12,"Base survey of 2015"
"Oats","Operating costs","Interest on operating inputs","dollars per planted acre","No specific size","Northern Great Plains","United States",2023,3.97,"Base survey of 2023"
"Oats","Operating costs","Interest on operating inputs","dollars per planted acre","No specific size","Northern Great Plains","United States",2024,3.51,"Base survey of 2023"
"Oats","Operating costs","Interest on operating inputs","dollars per planted acre","No specific size","Prairie Gateway","United States",2005,1.09,"Base survey of 2005"
"Oats","Operating costs","Interest on operating inputs","dollars per planted acre","No specific size","Prairie Gateway","United States",2006,1.16,"Base survey of 2005"
"Oats","Operating costs","Interest on operating inputs","dollars per planted acre","No specific size","Prairie Gateway","United States",2007,1.76,"Base survey of 2005"
"Oats","Operating costs","Interest on operating inputs","dollars per planted acre","No specific size","Prairie Gateway","United States",2008,0.94,"Base survey of 2005"
"Oats","Operating costs","Interest on operating inputs","dollars per planted acre","No specific size","Prairie Gateway","United States",2009,0.15,"Base survey of 2005"
"Oats","Operating costs","Interest on operating inputs","dollars per planted acre","No specific size","Prairie Gateway","United States",2010,0.09,"Base survey of 2005"
"Oats","Operating costs","Interest on operating inputs","dollars per planted acre","No specific size","Prairie Gateway","United States",2011,0.06,"Base survey of 2005"
"Oats","Operating costs","Interest on operating inputs","dollars per planted acre","No specific size","Prairie Gateway","United States",2012,0.08,"Base survey of 2005"
"Oats","Operating costs","Interest on operating inputs","dollars per planted acre","No specific size","Prairie Gateway","United States",2013,0.05,"Base survey of 2005"
"Oats","Operating costs","Interest on operating inputs","dollars per planted acre","No specific size","Prairie Gateway","United States",2014,0.03,"Base survey of 2005"
"Oats","Operating costs","Interest on operating inputs","dollars per planted acre","No specific size","Prairie Gateway","United States",2015,0.1,"Base survey of 2015"
"Oats","Operating costs","Interest on operating inputs","dollars per planted acre","No specific size","Prairie Gateway","United States",2016,0.26,"Base survey of 2015"
"Oats","Operating costs","Interest on operating inputs","dollars per planted acre","No specific size","Prairie Gateway","United States",2017,0.57,"Base survey of 2015"
"Oats","Operating costs","Interest on operating inputs","dollars per planted acre","No specific size","Prairie Gateway","United States",2018,1.17,"Base survey of 2015"
"Oats","Operating costs","Interest on operating inputs","dollars per planted acre","No specific size","Prairie Gateway","United States",2019,1.19,"Base survey of 2015"
"Oats","Operating costs","Interest on operating inputs","dollars per planted acre","No specific size","Prairie Gateway","United States",2020,0.21,"Base survey of 2015"
"Oats","Operating costs","Interest on operating inputs","dollars per planted acre","No specific size","Prairie Gateway","United States",2021,0.04,"Base survey of 2015"
"Oats","Operating costs","Interest on operating inputs","dollars per planted acre","No specific size","Prairie Gateway","United States",2022,2.17,"Base survey of 2015"
"Oats","Operating costs","Interest on operating inputs","dollars per planted acre","No specific size","Eastern Uplands","United States",2023,5.68,"Base survey of 2023"
"Oats","Operating costs","Interest on operating inputs","dollars per planted acre","No specific size","Eastern Uplands","United States",2024,4.93,"Base survey of 2023"
"Oats","Operating costs","Total, operating costs","dollars per planted acre","No specific size","U.S. total","United States",2005,71.89,"Base survey of 2005"
"Oats","Operating costs","Total, operating costs","dollars per planted acre","No specific size","U.S. total","United States",2006,95.68,"Base survey of 2005"
"Oats","Operating costs","Total, operating costs","dollars per planted acre","No specific size","U.S. total","United States",2007,81.61,"Base survey of 2005"
"Oats","Operating costs","Total, operating costs","dollars per planted acre","No specific size","U.S. total","United States",2008,113.14,"Base survey of 2005"
"Oats","Operating costs","Total, operating costs","dollars per planted acre","No specific size","U.S. total","United States",2009,101.78,"Base survey of 2005"
"Oats","Operating costs","Total, operating costs","dollars per planted acre","No specific size","U.S. total","United States",2010,95.53,"Base survey of 2005"
"Oats","Operating costs","Total, operating costs","dollars per planted acre","No specific size","U.S. total","United States",2011,112.81,"Base survey of 2005"
"Oats","Operating costs","Total, operating costs","dollars per planted acre","No specific size","U.S. total","United States",2012,120.75,"Base survey of 2005"
"Oats","Operating costs","Total, operating costs","dollars per planted acre","No specific size","U.S. total","United States",2013,114.09,"Base survey of 2005"
"Oats","Operating costs","Total, operating costs","dollars per planted acre","No specific size","U.S. total","United States",2014,117.3,"Base survey of 2005"
"Oats","Operating costs","Total, operating costs","dollars per planted acre","No specific size","U.S. total","United States",2015,135.37,"Base survey of 2015"
"Oats","Operating costs","Total, operating costs","dollars per planted acre","No specific size","U.S. total","United States",2016,122.7,"Base survey of 2015"
"Oats","Operating costs","Total, operating costs","dollars per planted acre","No specific size","U.S. total","United States",2017,120.23,"Base survey of 2015"
"Oats","Operating costs","Total, operating costs","dollars per planted acre","No specific size","U.S. total","United States",2018,124.31,"Base survey of 2015"
"Oats","Operating costs","Total, operating costs","dollars per planted acre","No specific size","U.S. total","United States",2019,127.88,"Base survey of 2015"
"Oats","Operating costs","Total, operating costs","dollars per planted acre","No specific size","U.S. total","United States",2020,118.51,"Base survey of 2015"
"Oats","Operating costs","Total, operating costs","dollars per planted acre","No specific size","U.S. total","United States",2021,133.14,"Base survey of 2015"
"Oats","Operating costs","Total, operating costs","dollars per planted acre","No specific size","U.S. total","United States",2022,194.84,"Base survey of 2015"
"Oats","Operating costs","Total, operating costs","dollars per planted acre","No specific size","U.S. total","United States",2023,182.9,"Base survey of 2023"
"Oats","Operating costs","Total, operating costs","dollars per planted acre","No specific size","U.S. total","United States",2024,168.12,"Base survey of 2023"
"Oats","Operating costs","Total, operating costs","dollars per planted acre","No specific size","Heartland","United States",2005,73.31,"Base survey of 2005"
"Oats","Operating costs","Total, operating costs","dollars per planted acre","No specific size","Heartland","United States",2006,77.88,"Base survey of 2005"
"Oats","Operating costs","Total, operating costs","dollars per planted acre","No specific size","Heartland","United States",2007,87.19,"Base survey of 2005"
"Oats","Operating costs","Total, operating costs","dollars per planted acre","No specific size","Heartland","United States",2008,111.95,"Base survey of 2005"
"Oats","Operating costs","Total, operating costs","dollars per planted acre","No specific size","Heartland","United States",2009,101.53,"Base survey of 2005"
"Oats","Operating costs","Total, operating costs","dollars per planted acre","No specific size","Heartland","United States",2010,95.95,"Base survey of 2005"
"Oats","Operating costs","Total, operating costs","dollars per planted acre","No specific size","Heartland","United States",2011,112.63,"Base survey of 2005"
"Oats","Operating costs","Total, operating costs","dollars per planted acre","No specific size","Heartland","United States",2012,119.35,"Base survey of 2005"
"Oats","Operating costs","Total, operating costs","dollars per planted acre","No specific size","Heartland","United States",2013,119.9,"Base survey of 2005"
"Oats","Operating costs","Total, operating costs","dollars per planted acre","No specific size","Heartland","United States",2014,119.4,"Base survey of 2005"
"Oats","Operating costs","Total, operating costs","dollars per planted acre","No specific size","Heartland","United States",2015,122.06,"Base survey of 2015"
"Oats","Operating costs","Total, operating costs","dollars per planted acre","No specific size","Heartland","United States",2016,112.99,"Base survey of 2015"
"Oats","Operating costs","Total, operating costs","dollars per planted acre","No specific size","Heartland","United States",2017,111.05,"Base survey of 2015"
"Oats","Operating costs","Total, operating costs","dollars per planted acre","No specific size","Heartland","United States",2018,114.75,"Base survey of 2015"
"Oats","Operating costs","Total, operating costs","dollars per planted acre","No specific size","Heartland","United States",2019,117.33,"Base survey of 2015"
"Oats","Operating costs","Total, operating costs","dollars per planted acre","No specific size","Heartland","United States",2020,110.12,"Base survey of 2015"
"Oats","Operating costs","Total, operating costs","dollars per planted acre","No specific size","Heartland","United States",2021,123.59,"Base survey of 2015"
"Oats","Operating costs","Total, operating costs","dollars per planted acre","No specific size","Heartland","United States",2022,178.02,"Base survey of 2015"
"Oats","Operating costs","Total, operating costs","dollars per planted acre","No specific size","Heartland","United States",2023,173.39,"Base survey of 2023"
"Oats","Operating costs","Total, operating costs","dollars per planted acre","No specific size","Heartland","United States",2024,160.2,"Base survey of 2023"
"Oats","Operating costs","Total, operating costs","dollars per planted acre","No specific size","Northern Crescent","United States",2005,85.65,"Base survey of 2005"
"Oats","Operating costs","Total, operating costs","dollars per planted acre","No specific size","Northern Crescent","United States",2006,91.26,"Base survey of 2005"
"Oats","Operating costs","Total, operating costs","dollars per planted acre","No specific size","Northern Crescent","United States",2007,103.54,"Base survey of 2005"
"Oats","Operating costs","Total, operating costs","dollars per planted acre","No specific size","Northern Crescent","United States",2008,138.77,"Base survey of 2005"
"Oats","Operating costs","Total, operating costs","dollars per planted acre","No specific size","Northern Crescent","United States",2009,124.98,"Base survey of 2005"
"Oats","Operating costs","Total, operating costs","dollars per planted acre","No specific size","Northern Crescent","United States",2010,115,"Base survey of 2005"
"Oats","Operating costs","Total, operating costs","dollars per planted acre","No specific size","Northern Crescent","United States",2011,138.25,"Base survey of 2005"
"Oats","Operating costs","Total, operating costs","dollars per planted acre","No specific size","Northern Crescent","United States",2012,146.75,"Base survey of 2005"
"Oats","Operating costs","Total, operating costs","dollars per planted acre","No specific size","Northern Crescent","United States",2013,146.28,"Base survey of 2005"
"Oats","Operating costs","Total, operating costs","dollars per planted acre","No specific size","Northern Crescent","United States",2014,144.6,"Base survey of 2005"
"Oats","Operating costs","Total, operating costs","dollars per planted acre","No specific size","Northern Crescent","United States",2015,147.93,"Base survey of 2015"
"Oats","Operating costs","Total, operating costs","dollars per planted acre","No specific size","Northern Crescent","United States",2016,136.1,"Base survey of 2015"
"Oats","Operating costs","Total, operating costs","dollars per planted acre","No specific size","Northern Crescent","United States",2017,133.42,"Base survey of 2015"
"Oats","Operating costs","Total, operating costs","dollars per planted acre","No specific size","Northern Crescent","United States",2018,138.19,"Base survey of 2015"
"Oats","Operating costs","Total, operating costs","dollars per planted acre","No specific size","Northern Crescent","United States",2019,141.46,"Base survey of 2015"
"Oats","Operating costs","Total, operating costs","dollars per planted acre","No specific size","Northern Crescent","United States",2020,131.96,"Base survey of 2015"
"Oats","Operating costs","Total, operating costs","dollars per planted acre","No specific size","Northern Crescent","United States",2021,149.05,"Base survey of 2015"
"Oats","Operating costs","Total, operating costs","dollars per planted acre","No specific size","Northern Crescent","United States",2022,219.14,"Base survey of 2015"
"Oats","Operating costs","Total, operating costs","dollars per planted acre","No specific size","Northern Crescent","United States",2023,213.1,"Base survey of 2023"
"Oats","Operating costs","Total, operating costs","dollars per planted acre","No specific size","Northern Crescent","United States",2024,194.6,"Base survey of 2023"
"Oats","Operating costs","Total, operating costs","dollars per planted acre","No specific size","Northern Great Plains","United States",2005,48.67,"Base survey of 2005"
"Oats","Operating costs","Total, operating costs","dollars per planted acre","No specific size","Northern Great Plains","United States",2006,51.76,"Base survey of 2005"
"Oats","Operating costs","Total, operating costs","dollars per planted acre","No specific size","Northern Great Plains","United States",2007,57.64,"Base survey of 2005"
"Oats","Operating costs","Total, operating costs","dollars per planted acre","No specific size","Northern Great Plains","United States",2008,73.09,"Base survey of 2005"
"Oats","Operating costs","Total, operating costs","dollars per planted acre","No specific size","Northern Great Plains","United States",2009,65.66,"Base survey of 2005"
"Oats","Operating costs","Total, operating costs","dollars per planted acre","No specific size","Northern Great Plains","United States",2010,63.16,"Base survey of 2005"
"Oats","Operating costs","Total, operating costs","dollars per planted acre","No specific size","Northern Great Plains","United States",2011,74.08,"Base survey of 2005"
"Oats","Operating costs","Total, operating costs","dollars per planted acre","No specific size","Northern Great Plains","United States",2012,78.33,"Base survey of 2005"
"Oats","Operating costs","Total, operating costs","dollars per planted acre","No specific size","Northern Great Plains","United States",2013,78.4,"Base survey of 2005"
"Oats","Operating costs","Total, operating costs","dollars per planted acre","No specific size","Northern Great Plains","United States",2014,78.01,"Base survey of 2005"
"Oats","Operating costs","Total, operating costs","dollars per planted acre","No specific size","Northern Great Plains","United States",2015,119.43,"Base survey of 2015"
"Oats","Operating costs","Total, operating costs","dollars per planted acre","No specific size","Northern Great Plains","United States",2016,111.62,"Base survey of 2015"
"Oats","Operating costs","Total, operating costs","dollars per planted acre","No specific size","Northern Great Plains","United States",2017,109.03,"Base survey of 2015"
"Oats","Operating costs","Total, operating costs","dollars per planted acre","No specific size","Northern Great Plains","United States",2018,112.42,"Base survey of 2015"
"Oats","Operating costs","Total, operating costs","dollars per planted acre","No specific size","Northern Great Plains","United States",2019,115.08,"Base survey of 2015"
"Oats","Operating costs","Total, operating costs","dollars per planted acre","No specific size","Northern Great Plains","United States",2020,108.17,"Base survey of 2015"
"Oats","Operating costs","Total, operating costs","dollars per planted acre","No specific size","Northern Great Plains","United States",2021,120.66,"Base survey of 2015"
"Oats","Operating costs","Total, operating costs","dollars per planted acre","No specific size","Northern Great Plains","United States",2022,175.92,"Base survey of 2015"
"Oats","Operating costs","Total, operating costs","dollars per planted acre","No specific size","Northern Great Plains","United States",2023,162.41,"Base survey of 2023"
"Oats","Operating costs","Total, operating costs","dollars per planted acre","No specific size","Northern Great Plains","United States",2024,149.36,"Base survey of 2023"
"Oats","Operating costs","Total, operating costs","dollars per planted acre","No specific size","Prairie Gateway","United States",2005,65.26,"Base survey of 2005"
"Oats","Operating costs","Total, operating costs","dollars per planted acre","No specific size","Prairie Gateway","United States",2006,69.56,"Base survey of 2005"
"Oats","Operating costs","Total, operating costs","dollars per planted acre","No specific size","Prairie Gateway","United States",2007,80.49,"Base survey of 2005"
"Oats","Operating costs","Total, operating costs","dollars per planted acre","No specific size","Prairie Gateway","United States",2008,114.37,"Base survey of 2005"
"Oats","Operating costs","Total, operating costs","dollars per planted acre","No specific size","Prairie Gateway","United States",2009,104.21,"Base survey of 2005"
"Oats","Operating costs","Total, operating costs","dollars per planted acre","No specific size","Prairie Gateway","United States",2010,90.88,"Base survey of 2005"
"Oats","Operating costs","Total, operating costs","dollars per planted acre","No specific size","Prairie Gateway","United States",2011,112.33,"Base survey of 2005"
"Oats","Operating costs","Total, operating costs","dollars per planted acre","No specific size","Prairie Gateway","United States",2012,119.71,"Base survey of 2005"
"Oats","Operating costs","Total, operating costs","dollars per planted acre","No specific size","Prairie Gateway","United States",2013,118.72,"Base survey of 2005"
"Oats","Operating costs","Total, operating costs","dollars per planted acre","No specific size","Prairie Gateway","United States",2014,116.23,"Base survey of 2005"
"Oats","Operating costs","Total, operating costs","dollars per planted acre","No specific size","Prairie Gateway","United States",2015,121.78,"Base survey of 2015"
"Oats","Operating costs","Total, operating costs","dollars per planted acre","No specific size","Prairie Gateway","United States",2016,112.19,"Base survey of 2015"
"Oats","Operating costs","Total, operating costs","dollars per planted acre","No specific size","Prairie Gateway","United States",2017,109.21,"Base survey of 2015"
"Oats","Operating costs","Total, operating costs","dollars per planted acre","No specific size","Prairie Gateway","United States",2018,112.68,"Base survey of 2015"
"Oats","Operating costs","Total, operating costs","dollars per planted acre","No specific size","Prairie Gateway","United States",2019,115.75,"Base survey of 2015"
"Oats","Operating costs","Total, operating costs","dollars per planted acre","No specific size","Prairie Gateway","United States",2020,108.37,"Base survey of 2015"
"Oats","Operating costs","Total, operating costs","dollars per planted acre","No specific size","Prairie Gateway","United States",2021,121.77,"Base survey of 2015"
"Oats","Operating costs","Total, operating costs","dollars per planted acre","No specific size","Prairie Gateway","United States",2022,179.76,"Base survey of 2015"
"Oats","Operating costs","Total, operating costs","dollars per planted acre","No specific size","Eastern Uplands","United States",2023,232.04,"Base survey of 2023"
"Oats","Operating costs","Total, operating costs","dollars per planted acre","No specific size","Eastern Uplands","United States",2024,209.89,"Base survey of 2023"
"Oats","Allocated overhead","Hired labor","dollars per planted acre","No specific size","U.S. total","United States",2005,0.71,"Base survey of 2005"
"Oats","Allocated overhead","Hired labor","dollars per planted acre","No specific size","U.S. total","United States",2006,1.03,"Base survey of 2005"
"Oats","Allocated overhead","Hired labor","dollars per planted acre","No specific size","U.S. total","United States",2007,0.67,"Base survey of 2005"
"Oats","Allocated overhead","Hired labor","dollars per planted acre","No specific size","U.S. total","United States",2008,0.77,"Base survey of 2005"
"Oats","Allocated overhead","Hired labor","dollars per planted acre","No specific size","U.S. total","United States",2009,0.79,"Base survey of 2005"
"Oats","Allocated overhead","Hired labor","dollars per planted acre","No specific size","U.S. total","United States",2010,0.81,"Base survey of 2005"
"Oats","Allocated overhead","Hired labor","dollars per planted acre","No specific size","U.S. total","United States",2011,0.79,"Base survey of 2005"
"Oats","Allocated overhead","Hired labor","dollars per planted acre","No specific size","U.S. total","United States",2012,0.84,"Base survey of 2005"
"Oats","Allocated overhead","Hired labor","dollars per planted acre","No specific size","U.S. total","United States",2013,0.79,"Base survey of 2005"
"Oats","Allocated overhead","Hired labor","dollars per planted acre","No specific size","U.S. total","United States",2014,0.87,"Base survey of 2005"
"Oats","Allocated overhead","Hired labor","dollars per planted acre","No specific size","U.S. total","United States",2015,1.99,"Base survey of 2015"
"Oats","Allocated overhead","Hired labor","dollars per planted acre","No specific size","U.S. total","United States",2016,2.15,"Base survey of 2015"
"Oats","Allocated overhead","Hired labor","dollars per planted acre","No specific size","U.S. total","United States",2017,2.29,"Base survey of 2015"
"Oats","Allocated overhead","Hired labor","dollars per planted acre","No specific size","U.S. total","United States",2018,2.29,"Base survey of 2015"
"Oats","Allocated overhead","Hired labor","dollars per planted acre","No specific size","U.S. total","United States",2019,2.35,"Base survey of 2015"
"Oats","Allocated overhead","Hired labor","dollars per planted acre","No specific size","U.S. total","United States",2020,2.44,"Base survey of 2015"
"Oats","Allocated overhead","Hired labor","dollars per planted acre","No specific size","U.S. total","United States",2021,2.63,"Base survey of 2015"
"Oats","Allocated overhead","Hired labor","dollars per planted acre","No specific size","U.S. total","United States",2022,2.65,"Base survey of 2015"
"Oats","Allocated overhead","Hired labor","dollars per planted acre","No specific size","U.S. total","United States",2023,3.14,"Base survey of 2023"
"Oats","Allocated overhead","Hired labor","dollars per planted acre","No specific size","U.S. total","United States",2024,2.67,"Base survey of 2023"
"Oats","Allocated overhead","Hired labor","dollars per planted acre","No specific size","Heartland","United States",2005,0.19,"Base survey of 2005"
"Oats","Allocated overhead","Hired labor","dollars per planted acre","No specific size","Heartland","United States",2006,0.2,"Base survey of 2005"
"Oats","Allocated overhead","Hired labor","dollars per planted acre","No specific size","Heartland","United States",2007,0.2,"Base survey of 2005"
"Oats","Allocated overhead","Hired labor","dollars per planted acre","No specific size","Heartland","United States",2008,0.21,"Base survey of 2005"
"Oats","Allocated overhead","Hired labor","dollars per planted acre","No specific size","Heartland","United States",2009,0.22,"Base survey of 2005"
"Oats","Allocated overhead","Hired labor","dollars per planted acre","No specific size","Heartland","United States",2010,0.22,"Base survey of 2005"
"Oats","Allocated overhead","Hired labor","dollars per planted acre","No specific size","Heartland","United States",2011,0.22,"Base survey of 2005"
"Oats","Allocated overhead","Hired labor","dollars per planted acre","No specific size","Heartland","United States",2012,0.23,"Base survey of 2005"
"Oats","Allocated overhead","Hired labor","dollars per planted acre","No specific size","Heartland","United States",2013,0.23,"Base survey of 2005"
"Oats","Allocated overhead","Hired labor","dollars per planted acre","No specific size","Heartland","United States",2014,0.24,"Base survey of 2005"
"Oats","Allocated overhead","Hired labor","dollars per planted acre","No specific size","Heartland","United States",2015,1.52,"Base survey of 2015"
"Oats","Allocated overhead","Hired labor","dollars per planted acre","No specific size","Heartland","United States",2016,1.57,"Base survey of 2015"
"Oats","Allocated overhead","Hired labor","dollars per planted acre","No specific size","Heartland","United States",2017,1.62,"Base survey of 2015"
"Oats","Allocated overhead","Hired labor","dollars per planted acre","No specific size","Heartland","United States",2018,1.72,"Base survey of 2015"
"Oats","Allocated overhead","Hired labor","dollars per planted acre","No specific size","Heartland","United States",2019,1.81,"Base survey of 2015"
"Oats","Allocated overhead","Hired labor","dollars per planted acre","No specific size","Heartland","United States",2020,1.88,"Base survey of 2015"
"Oats","Allocated overhead","Hired labor","dollars per planted acre","No specific size","Heartland","United States",2021,1.98,"Base survey of 2015"
"Oats","Allocated overhead","Hired labor","dollars per planted acre","No specific size","Heartland","United States",2022,2.13,"Base survey of 2015"
"Oats","Allocated overhead","Hired labor","dollars per planted acre","No specific size","Heartland","United States",2023,3.23,"Base survey of 2023"
"Oats","Allocated overhead","Hired labor","dollars per planted acre","No specific size","Heartland","United States",2024,2.68,"Base survey of 2023"
"Oats","Allocated overhead","Hired labor","dollars per planted acre","No specific size","Northern Crescent","United States",2005,1.44,"Base survey of 2005"
"Oats","Allocated overhead","Hired labor","dollars per planted acre","No specific size","Northern Crescent","United States",2006,1.49,"Base survey of 2005"
"Oats","Allocated overhead","Hired labor","dollars per planted acre","No specific size","Northern Crescent","United States",2007,1.54,"Base survey of 2005"
"Oats","Allocated overhead","Hired labor","dollars per planted acre","No specific size","Northern Crescent","United States",2008,1.6,"Base survey of 2005"
"Oats","Allocated overhead","Hired labor","dollars per planted acre","No specific size","Northern Crescent","United States",2009,1.63,"Base survey of 2005"
"Oats","Allocated overhead","Hired labor","dollars per planted acre","No specific size","Northern Crescent","United States",2010,1.65,"Base survey of 2005"
"Oats","Allocated overhead","Hired labor","dollars per planted acre","No specific size","Northern Crescent","United States",2011,1.68,"Base survey of 2005"
"Oats","Allocated overhead","Hired labor","dollars per planted acre","No specific size","Northern Crescent","United States",2012,1.74,"Base survey of 2005"
"Oats","Allocated overhead","Hired labor","dollars per planted acre","No specific size","Northern Crescent","United States",2013,1.78,"Base survey of 2005"
"Oats","Allocated overhead","Hired labor","dollars per planted acre","No specific size","Northern Crescent","United States",2014,1.81,"Base survey of 2005"
"Oats","Allocated overhead","Hired labor","dollars per planted acre","No specific size","Northern Crescent","United States",2015,2.15,"Base survey of 2015"
"Oats","Allocated overhead","Hired labor","dollars per planted acre","No specific size","Northern Crescent","United States",2016,2.23,"Base survey of 2015"
"Oats","Allocated overhead","Hired labor","dollars per planted acre","No specific size","Northern Crescent","United States",2017,2.29,"Base survey of 2015"
"Oats","Allocated overhead","Hired labor","dollars per planted acre","No specific size","Northern Crescent","United States",2018,2.43,"Base survey of 2015"
"Oats","Allocated overhead","Hired labor","dollars per planted acre","No specific size","Northern Crescent","United States",2019,2.56,"Base survey of 2015"
"Oats","Allocated overhead","Hired labor","dollars per planted acre","No specific size","Northern Crescent","United States",2020,2.66,"Base survey of 2015"
"Oats","Allocated overhead","Hired labor","dollars per planted acre","No specific size","Northern Crescent","United States",2021,2.81,"Base survey of 2015"
"Oats","Allocated overhead","Hired labor","dollars per planted acre","No specific size","Northern Crescent","United States",2022,3.01,"Base survey of 2015"
"Oats","Allocated overhead","Hired labor","dollars per planted acre","No specific size","Northern Crescent","United States",2023,3.77,"Base survey of 2023"
"Oats","Allocated overhead","Hired labor","dollars per planted acre","No specific size","Northern Crescent","United States",2024,3.32,"Base survey of 2023"
"Oats","Allocated overhead","Hired labor","dollars per planted acre","No specific size","Northern Great Plains","United States",2005,0.33,"Base survey of 2005"
"Oats","Allocated overhead","Hired labor","dollars per planted acre","No specific size","Northern Great Plains","United States",2006,0.34,"Base survey of 2005"
"Oats","Allocated overhead","Hired labor","dollars per planted acre","No specific size","Northern Great Plains","United States",2007,0.35,"Base survey of 2005"
"Oats","Allocated overhead","Hired labor","dollars per planted acre","No specific size","Northern Great Plains","United States",2008,0.37,"Base survey of 2005"
"Oats","Allocated overhead","Hired labor","dollars per planted acre","No specific size","Northern Great Plains","United States",2009,0.37,"Base survey of 2005"
"Oats","Allocated overhead","Hired labor","dollars per planted acre","No specific size","Northern Great Plains","United States",2010,0.38,"Base survey of 2005"
"Oats","Allocated overhead","Hired labor","dollars per planted acre","No specific size","Northern Great Plains","United States",2011,0.38,"Base survey of 2005"
"Oats","Allocated overhead","Hired labor","dollars per planted acre","No specific size","Northern Great Plains","United States",2012,0.4,"Base survey of 2005"
"Oats","Allocated overhead","Hired labor","dollars per planted acre","No specific size","Northern Great Plains","United States",2013,0.41,"Base survey of 2005"
"Oats","Allocated overhead","Hired labor","dollars per planted acre","No specific size","Northern Great Plains","United States",2014,0.41,"Base survey of 2005"
"Oats","Allocated overhead","Hired labor","dollars per planted acre","No specific size","Northern Great Plains","United States",2015,1.3,"Base survey of 2015"
"Oats","Allocated overhead","Hired labor","dollars per planted acre","No specific size","Northern Great Plains","United States",2016,1.35,"Base survey of 2015"
"Oats","Allocated overhead","Hired labor","dollars per planted acre","No specific size","Northern Great Plains","United States",2017,1.38,"Base survey of 2015"
"Oats","Allocated overhead","Hired labor","dollars per planted acre","No specific size","Northern Great Plains","United States",2018,1.47,"Base survey of 2015"
"Oats","Allocated overhead","Hired labor","dollars per planted acre","No specific size","Northern Great Plains","United States",2019,1.55,"Base survey of 2015"
"Oats","Allocated overhead","Hired labor","dollars per planted acre","No specific size","Northern Great Plains","United States",2020,1.61,"Base survey of 2015"
"Oats","Allocated overhead","Hired labor","dollars per planted acre","No specific size","Northern Great Plains","United States",2021,1.7,"Base survey of 2015"
"Oats","Allocated overhead","Hired labor","dollars per planted acre","No specific size","Northern Great Plains","United States",2022,1.82,"Base survey of 2015"
"Oats","Allocated overhead","Hired labor","dollars per planted acre","No specific size","Northern Great Plains","United States",2023,1.88,"Base survey of 2023"
"Oats","Allocated overhead","Hired labor","dollars per planted acre","No specific size","Northern Great Plains","United States",2024,1.92,"Base survey of 2023"
"Oats","Allocated overhead","Hired labor","dollars per planted acre","No specific size","Prairie Gateway","United States",2005,0.35,"Base survey of 2005"
"Oats","Allocated overhead","Hired labor","dollars per planted acre","No specific size","Prairie Gateway","United States",2006,0.36,"Base survey of 2005"
"Oats","Allocated overhead","Hired labor","dollars per planted acre","No specific size","Prairie Gateway","United States",2007,0.38,"Base survey of 2005"
"Oats","Allocated overhead","Hired labor","dollars per planted acre","No specific size","Prairie Gateway","United States",2008,0.39,"Base survey of 2005"
"Oats","Allocated overhead","Hired labor","dollars per planted acre","No specific size","Prairie Gateway","United States",2009,0.4,"Base survey of 2005"
"Oats","Allocated overhead","Hired labor","dollars per planted acre","No specific size","Prairie Gateway","United States",2010,0.4,"Base survey of 2005"
"Oats","Allocated overhead","Hired labor","dollars per planted acre","No specific size","Prairie Gateway","United States",2011,0.41,"Base survey of 2005"
"Oats","Allocated overhead","Hired labor","dollars per planted acre","No specific size","Prairie Gateway","United States",2012,0.42,"Base survey of 2005"
"Oats","Allocated overhead","Hired labor","dollars per planted acre","No specific size","Prairie Gateway","United States",2013,0.43,"Base survey of 2005"
"Oats","Allocated overhead","Hired labor","dollars per planted acre","No specific size","Prairie Gateway","United States",2014,0.44,"Base survey of 2005"
"Oats","Allocated overhead","Hired labor","dollars per planted acre","No specific size","Prairie Gateway","United States",2015,4.94,"Base survey of 2015"
"Oats","Allocated overhead","Hired labor","dollars per planted acre","No specific size","Prairie Gateway","United States",2016,5.12,"Base survey of 2015"
"Oats","Allocated overhead","Hired labor","dollars per planted acre","No specific size","Prairie Gateway","United States",2017,5.26,"Base survey of 2015"
"Oats","Allocated overhead","Hired labor","dollars per planted acre","No specific size","Prairie Gateway","United States",2018,5.58,"Base survey of 2015"
"Oats","Allocated overhead","Hired labor","dollars per planted acre","No specific size","Prairie Gateway","United States",2019,5.88,"Base survey of 2015"
"Oats","Allocated overhead","Hired labor","dollars per planted acre","No specific size","Prairie Gateway","United States",2020,6.1,"Base survey of 2015"
"Oats","Allocated overhead","Hired labor","dollars per planted acre","No specific size","Prairie Gateway","United States",2021,6.45,"Base survey of 2015"
"Oats","Allocated overhead","Hired labor","dollars per planted acre","No specific size","Prairie Gateway","United States",2022,6.93,"Base survey of 2015"
"Oats","Allocated overhead","Hired labor","dollars per planted acre","No specific size","Eastern Uplands","United States",2023,2.6,"Base survey of 2023"
"Oats","Allocated overhead","Hired labor","dollars per planted acre","No specific size","Eastern Uplands","United States",2024,2.66,"Base survey of 2023"
"Oats","Allocated overhead","Opportunity cost of unpaid labor","dollars per planted acre","No specific size","U.S. total","United States",2005,31.13,"Base survey of 2005"
"Oats","Allocated overhead","Opportunity cost of unpaid labor","dollars per planted acre","No specific size","U.S. total","United States",2006,41.31,"Base survey of 2005"
"Oats","Allocated overhead","Opportunity cost of unpaid labor","dollars per planted acre","No specific size","U.S. total","United States",2007,31.6,"Base survey of 2005"
"Oats","Allocated overhead","Opportunity cost of unpaid labor","dollars per planted acre","No specific size","U.S. total","United States",2008,34.46,"Base survey of 2005"
"Oats","Allocated overhead","Opportunity cost of unpaid labor","dollars per planted acre","No specific size","U.S. total","United States",2009,35.29,"Base survey of 2005"
"Oats","Allocated overhead","Opportunity cost of unpaid labor","dollars per planted acre","No specific size","U.S. total","United States",2010,35.96,"Base survey of 2005"
"Oats","Allocated overhead","Opportunity cost of unpaid labor","dollars per planted acre","No specific size","U.S. total","United States",2011,35.99,"Base survey of 2005"
"Oats","Allocated overhead","Opportunity cost of unpaid labor","dollars per planted acre","No specific size","U.S. total","United States",2012,37.74,"Base survey of 2005"
"Oats","Allocated overhead","Opportunity cost of unpaid labor","dollars per planted acre","No specific size","U.S. total","United States",2013,36.53,"Base survey of 2005"
"Oats","Allocated overhead","Opportunity cost of unpaid labor","dollars per planted acre","No specific size","U.S. total","United States",2014,38.83,"Base survey of 2005"
"Oats","Allocated overhead","Opportunity cost of unpaid labor","dollars per planted acre","No specific size","U.S. total","United States",2015,52.47,"Base survey of 2015"
"Oats","Allocated overhead","Opportunity cost of unpaid labor","dollars per planted acre","No specific size","U.S. total","United States",2016,50.36,"Base survey of 2015"
"Oats","Allocated overhead","Opportunity cost of unpaid labor","dollars per planted acre","No specific size","U.S. total","United States",2017,52.66,"Base survey of 2015"
"Oats","Allocated overhead","Opportunity cost of unpaid labor","dollars per planted acre","No specific size","U.S. total","United States",2018,54.9,"Base survey of 2015"
"Oats","Allocated overhead","Opportunity cost of unpaid labor","dollars per planted acre","No specific size","U.S. total","United States",2019,59.09,"Base survey of 2015"
"Oats","Allocated overhead","Opportunity cost of unpaid labor","dollars per planted acre","No specific size","U.S. total","United States",2020,60.02,"Base survey of 2015"
"Oats","Allocated overhead","Opportunity cost of unpaid labor","dollars per planted acre","No specific size","U.S. total","United States",2021,63.57,"Base survey of 2015"
"Oats","Allocated overhead","Opportunity cost of unpaid labor","dollars per planted acre","No specific size","U.S. total","United States",2022,64.94,"Base survey of 2015"
"Oats","Allocated overhead","Opportunity cost of unpaid labor","dollars per planted acre","No specific size","U.S. total","United States",2023,30.1,"Base survey of 2023"
"Oats","Allocated overhead","Opportunity cost of unpaid labor","dollars per planted acre","No specific size","U.S. total","United States",2024,31.85,"Base survey of 2023"
"Oats","Allocated overhead","Opportunity cost of unpaid labor","dollars per planted acre","No specific size","Heartland","United States",2005,30.28,"Base survey of 2005"
"Oats","Allocated overhead","Opportunity cost of unpaid labor","dollars per planted acre","No specific size","Heartland","United States",2006,31.38,"Base survey of 2005"
"Oats","Allocated overhead","Opportunity cost of unpaid labor","dollars per planted acre","No specific size","Heartland","United States",2007,32.48,"Base survey of 2005"
"Oats","Allocated overhead","Opportunity cost of unpaid labor","dollars per planted acre","No specific size","Heartland","United States",2008,33.58,"Base survey of 2005"
"Oats","Allocated overhead","Opportunity cost of unpaid labor","dollars per planted acre","No specific size","Heartland","United States",2009,34.32,"Base survey of 2005"
"Oats","Allocated overhead","Opportunity cost of unpaid labor","dollars per planted acre","No specific size","Heartland","United States",2010,34.68,"Base survey of 2005"
"Oats","Allocated overhead","Opportunity cost of unpaid labor","dollars per planted acre","No specific size","Heartland","United States",2011,35.23,"Base survey of 2005"
"Oats","Allocated overhead","Opportunity cost of unpaid labor","dollars per planted acre","No specific size","Heartland","United States",2012,36.64,"Base survey of 2005"
"Oats","Allocated overhead","Opportunity cost of unpaid labor","dollars per planted acre","No specific size","Heartland","United States",2013,37.35,"Base survey of 2005"
"Oats","Allocated overhead","Opportunity cost of unpaid labor","dollars per planted acre","No specific size","Heartland","United States",2014,38.05,"Base survey of 2005"
"Oats","Allocated overhead","Opportunity cost of unpaid labor","dollars per planted acre","No specific size","Heartland","United States",2015,51.69,"Base survey of 2015"
"Oats","Allocated overhead","Opportunity cost of unpaid labor","dollars per planted acre","No specific size","Heartland","United States",2016,53.54,"Base survey of 2015"
"Oats","Allocated overhead","Opportunity cost of unpaid labor","dollars per planted acre","No specific size","Heartland","United States",2017,55.02,"Base survey of 2015"
"Oats","Allocated overhead","Opportunity cost of unpaid labor","dollars per planted acre","No specific size","Heartland","United States",2018,58.34,"Base survey of 2015"
"Oats","Allocated overhead","Opportunity cost of unpaid labor","dollars per planted acre","No specific size","Heartland","United States",2019,61.53,"Base survey of 2015"
"Oats","Allocated overhead","Opportunity cost of unpaid labor","dollars per planted acre","No specific size","Heartland","United States",2020,63.84,"Base survey of 2015"
"Oats","Allocated overhead","Opportunity cost of unpaid labor","dollars per planted acre","No specific size","Heartland","United States",2021,67.49,"Base survey of 2015"
"Oats","Allocated overhead","Opportunity cost of unpaid labor","dollars per planted acre","No specific size","Heartland","United States",2022,72.48,"Base survey of 2015"
"Oats","Allocated overhead","Opportunity cost of unpaid labor","dollars per planted acre","No specific size","Heartland","United States",2023,33.25,"Base survey of 2023"
"Oats","Allocated overhead","Opportunity cost of unpaid labor","dollars per planted acre","No specific size","Heartland","United States",2024,37.36,"Base survey of 2023"
"Oats","Allocated overhead","Opportunity cost of unpaid labor","dollars per planted acre","No specific size","Northern Crescent","United States",2005,40.31,"Base survey of 2005"
"Oats","Allocated overhead","Opportunity cost of unpaid labor","dollars per planted acre","No specific size","Northern Crescent","United States",2006,41.78,"Base survey of 2005"
"Oats","Allocated overhead","Opportunity cost of unpaid labor","dollars per planted acre","No specific size","Northern Crescent","United States",2007,43.24,"Base survey of 2005"
"Oats","Allocated overhead","Opportunity cost of unpaid labor","dollars per planted acre","No specific size","Northern Crescent","United States",2008,44.71,"Base survey of 2005"
"Oats","Allocated overhead","Opportunity cost of unpaid labor","dollars per planted acre","No specific size","Northern Crescent","United States",2009,45.68,"Base survey of 2005"
"Oats","Allocated overhead","Opportunity cost of unpaid labor","dollars per planted acre","No specific size","Northern Crescent","United States",2010,46.17,"Base survey of 2005"
"Oats","Allocated overhead","Opportunity cost of unpaid labor","dollars per planted acre","No specific size","Northern Crescent","United States",2011,46.91,"Base survey of 2005"
"Oats","Allocated overhead","Opportunity cost of unpaid labor","dollars per planted acre","No specific size","Northern Crescent","United States",2012,48.78,"Base survey of 2005"
"Oats","Allocated overhead","Opportunity cost of unpaid labor","dollars per planted acre","No specific size","Northern Crescent","United States",2013,49.72,"Base survey of 2005"
"Oats","Allocated overhead","Opportunity cost of unpaid labor","dollars per planted acre","No specific size","Northern Crescent","United States",2014,50.66,"Base survey of 2005"
"Oats","Allocated overhead","Opportunity cost of unpaid labor","dollars per planted acre","No specific size","Northern Crescent","United States",2015,63.1,"Base survey of 2015"
"Oats","Allocated overhead","Opportunity cost of unpaid labor","dollars per planted acre","No specific size","Northern Crescent","United States",2016,65.36,"Base survey of 2015"
"Oats","Allocated overhead","Opportunity cost of unpaid labor","dollars per planted acre","No specific size","Northern Crescent","United States",2017,67.16,"Base survey of 2015"
"Oats","Allocated overhead","Opportunity cost of unpaid labor","dollars per planted acre","No specific size","Northern Crescent","United States",2018,71.22,"Base survey of 2015"
"Oats","Allocated overhead","Opportunity cost of unpaid labor","dollars per planted acre","No specific size","Northern Crescent","United States",2019,75.11,"Base survey of 2015"
"Oats","Allocated overhead","Opportunity cost of unpaid labor","dollars per planted acre","No specific size","Northern Crescent","United States",2020,77.93,"Base survey of 2015"
"Oats","Allocated overhead","Opportunity cost of unpaid labor","dollars per planted acre","No specific size","Northern Crescent","United States",2021,82.39,"Base survey of 2015"
"Oats","Allocated overhead","Opportunity cost of unpaid labor","dollars per planted acre","No specific size","Northern Crescent","United States",2022,88.48,"Base survey of 2015"
"Oats","Allocated overhead","Opportunity cost of unpaid labor","dollars per planted acre","No specific size","Northern Crescent","United States",2023,38.12,"Base survey of 2023"
"Oats","Allocated overhead","Opportunity cost of unpaid labor","dollars per planted acre","No specific size","Northern Crescent","United States",2024,40,"Base survey of 2023"
"Oats","Allocated overhead","Opportunity cost of unpaid labor","dollars per planted acre","No specific size","Northern Great Plains","United States",2005,20.35,"Base survey of 2005"
"Oats","Allocated overhead","Opportunity cost of unpaid labor","dollars per planted acre","No specific size","Northern Great Plains","United States",2006,21.09,"Base survey of 2005"
"Oats","Allocated overhead","Opportunity cost of unpaid labor","dollars per planted acre","No specific size","Northern Great Plains","United States",2007,21.83,"Base survey of 2005"
"Oats","Allocated overhead","Opportunity cost of unpaid labor","dollars per planted acre","No specific size","Northern Great Plains","United States",2008,22.57,"Base survey of 2005"
"Oats","Allocated overhead","Opportunity cost of unpaid labor","dollars per planted acre","No specific size","Northern Great Plains","United States",2009,23.06,"Base survey of 2005"
"Oats","Allocated overhead","Opportunity cost of unpaid labor","dollars per planted acre","No specific size","Northern Great Plains","United States",2010,23.31,"Base survey of 2005"
"Oats","Allocated overhead","Opportunity cost of unpaid labor","dollars per planted acre","No specific size","Northern Great Plains","United States",2011,23.68,"Base survey of 2005"
"Oats","Allocated overhead","Opportunity cost of unpaid labor","dollars per planted acre","No specific size","Northern Great Plains","United States",2012,24.63,"Base survey of 2005"
"Oats","Allocated overhead","Opportunity cost of unpaid labor","dollars per planted acre","No specific size","Northern Great Plains","United States",2013,25.1,"Base survey of 2005"
"Oats","Allocated overhead","Opportunity cost of unpaid labor","dollars per planted acre","No specific size","Northern Great Plains","United States",2014,25.57,"Base survey of 2005"
"Oats","Allocated overhead","Opportunity cost of unpaid labor","dollars per planted acre","No specific size","Northern Great Plains","United States",2015,22.41,"Base survey of 2015"
"Oats","Allocated overhead","Opportunity cost of unpaid labor","dollars per planted acre","No specific size","Northern Great Plains","United States",2016,23.21,"Base survey of 2015"
"Oats","Allocated overhead","Opportunity cost of unpaid labor","dollars per planted acre","No specific size","Northern Great Plains","United States",2017,23.85,"Base survey of 2015"
"Oats","Allocated overhead","Opportunity cost of unpaid labor","dollars per planted acre","No specific size","Northern Great Plains","United States",2018,25.29,"Base survey of 2015"
"Oats","Allocated overhead","Opportunity cost of unpaid labor","dollars per planted acre","No specific size","Northern Great Plains","United States",2019,26.68,"Base survey of 2015"
"Oats","Allocated overhead","Opportunity cost of unpaid labor","dollars per planted acre","No specific size","Northern Great Plains","United States",2020,27.68,"Base survey of 2015"
"Oats","Allocated overhead","Opportunity cost of unpaid labor","dollars per planted acre","No specific size","Northern Great Plains","United States",2021,29.26,"Base survey of 2015"
"Oats","Allocated overhead","Opportunity cost of unpaid labor","dollars per planted acre","No specific size","Northern Great Plains","United States",2022,31.42,"Base survey of 2015"
"Oats","Allocated overhead","Opportunity cost of unpaid labor","dollars per planted acre","No specific size","Northern Great Plains","United States",2023,20.89,"Base survey of 2023"
"Oats","Allocated overhead","Opportunity cost of unpaid labor","dollars per planted acre","No specific size","Northern Great Plains","United States",2024,21.67,"Base survey of 2023"
"Oats","Allocated overhead","Opportunity cost of unpaid labor","dollars per planted acre","No specific size","Prairie Gateway","United States",2005,25.36,"Base survey of 2005"
"Oats","Allocated overhead","Opportunity cost of unpaid labor","dollars per planted acre","No specific size","Prairie Gateway","United States",2006,26.28,"Base survey of 2005"
"Oats","Allocated overhead","Opportunity cost of unpaid labor","dollars per planted acre","No specific size","Prairie Gateway","United States",2007,27.2,"Base survey of 2005"
"Oats","Allocated overhead","Opportunity cost of unpaid labor","dollars per planted acre","No specific size","Prairie Gateway","United States",2008,28.13,"Base survey of 2005"
"Oats","Allocated overhead","Opportunity cost of unpaid labor","dollars per planted acre","No specific size","Prairie Gateway","United States",2009,28.74,"Base survey of 2005"
"Oats","Allocated overhead","Opportunity cost of unpaid labor","dollars per planted acre","No specific size","Prairie Gateway","United States",2010,29.05,"Base survey of 2005"
"Oats","Allocated overhead","Opportunity cost of unpaid labor","dollars per planted acre","No specific size","Prairie Gateway","United States",2011,29.51,"Base survey of 2005"
"Oats","Allocated overhead","Opportunity cost of unpaid labor","dollars per planted acre","No specific size","Prairie Gateway","United States",2012,30.69,"Base survey of 2005"
"Oats","Allocated overhead","Opportunity cost of unpaid labor","dollars per planted acre","No specific size","Prairie Gateway","United States",2013,31.28,"Base survey of 2005"
"Oats","Allocated overhead","Opportunity cost of unpaid labor","dollars per planted acre","No specific size","Prairie Gateway","United States",2014,31.87,"Base survey of 2005"
"Oats","Allocated overhead","Opportunity cost of unpaid labor","dollars per planted acre","No specific size","Prairie Gateway","United States",2015,36.42,"Base survey of 2015"
"Oats","Allocated overhead","Opportunity cost of unpaid labor","dollars per planted acre","No specific size","Prairie Gateway","United States",2016,37.72,"Base survey of 2015"
"Oats","Allocated overhead","Opportunity cost of unpaid labor","dollars per planted acre","No specific size","Prairie Gateway","United States",2017,38.76,"Base survey of 2015"
"Oats","Allocated overhead","Opportunity cost of unpaid labor","dollars per planted acre","No specific size","Prairie Gateway","United States",2018,41.11,"Base survey of 2015"
"Oats","Allocated overhead","Opportunity cost of unpaid labor","dollars per planted acre","No specific size","Prairie Gateway","United States",2019,43.35,"Base survey of 2015"
"Oats","Allocated overhead","Opportunity cost of unpaid labor","dollars per planted acre","No specific size","Prairie Gateway","United States",2020,44.98,"Base survey of 2015"
"Oats","Allocated overhead","Opportunity cost of unpaid labor","dollars per planted acre","No specific size","Prairie Gateway","United States",2021,47.55,"Base survey of 2015"
"Oats","Allocated overhead","Opportunity cost of unpaid labor","dollars per planted acre","No specific size","Prairie Gateway","United States",2022,51.07,"Base survey of 2015"
"Oats","Allocated overhead","Opportunity cost of unpaid labor","dollars per planted acre","No specific size","Eastern Uplands","United States",2023,48.99,"Base survey of 2023"
"Oats","Allocated overhead","Opportunity cost of unpaid labor","dollars per planted acre","No specific size","Eastern Uplands","United States",2024,52.87,"Base survey of 2023"
"Oats","Allocated overhead","Capital recovery of machinery and equipment","dollars per planted acre","No specific size","U.S. total","United States",2005,52.23,"Base survey of 2005"
"Oats","Allocated overhead","Capital recovery of machinery and equipment","dollars per planted acre","No specific size","U.S. total","United States",2006,64.04,"Base survey of 2005"
"Oats","Allocated overhead","Capital recovery of machinery and equipment","dollars per planted acre","No specific size","U.S. total","United States",2007,58.76,"Base survey of 2005"
"Oats","Allocated overhead","Capital recovery of machinery and equipment","dollars per planted acre","No specific size","U.S. total","United States",2008,63.55,"Base survey of 2005"
"Oats","Allocated overhead","Capital recovery of machinery and equipment","dollars per planted acre","No specific size","U.S. total","United States",2009,67.94,"Base survey of 2005"
"Oats","Allocated overhead","Capital recovery of machinery and equipment","dollars per planted acre","No specific size","U.S. total","United States",2010,69.91,"Base survey of 2005"
"Oats","Allocated overhead","Capital recovery of machinery and equipment","dollars per planted acre","No specific size","U.S. total","United States",2011,74.03,"Base survey of 2005"
"Oats","Allocated overhead","Capital recovery of machinery and equipment","dollars per planted acre","No specific size","U.S. total","United States",2012,77.37,"Base survey of 2005"
"Oats","Allocated overhead","Capital recovery of machinery and equipment","dollars per planted acre","No specific size","U.S. total","United States",2013,81.49,"Base survey of 2005"
"Oats","Allocated overhead","Capital recovery of machinery and equipment","dollars per planted acre","No specific size","U.S. total","United States",2014,84.08,"Base survey of 2005"
"Oats","Allocated overhead","Capital recovery of machinery and equipment","dollars per planted acre","No specific size","U.S. total","United States",2015,101.01,"Base survey of 2015"
"Oats","Allocated overhead","Capital recovery of machinery and equipment","dollars per planted acre","No specific size","U.S. total","United States",2016,102.22,"Base survey of 2015"
"Oats","Allocated overhead","Capital recovery of machinery and equipment","dollars per planted acre","No specific size","U.S. total","United States",2017,103.64,"Base survey of 2015"
"Oats","Allocated overhead","Capital recovery of machinery and equipment","dollars per planted acre","No specific size","U.S. total","United States",2018,110.97,"Base survey of 2015"
"Oats","Allocated overhead","Capital recovery of machinery and equipment","dollars per planted acre","No specific size","U.S. total","United States",2019,109.43,"Base survey of 2015"
"Oats","Allocated overhead","Capital recovery of machinery and equipment","dollars per planted acre","No specific size","U.S. total","United States",2020,110.87,"Base survey of 2015"
"Oats","Allocated overhead","Capital recovery of machinery and equipment","dollars per planted acre","No specific size","U.S. total","United States",2021,129.07,"Base survey of 2015"
"Oats","Allocated overhead","Capital recovery of machinery and equipment","dollars per planted acre","No specific size","U.S. total","United States",2022,137.07,"Base survey of 2015"
"Oats","Allocated overhead","Capital recovery of machinery and equipment","dollars per planted acre","No specific size","U.S. total","United States",2023,125.76,"Base survey of 2023"
"Oats","Allocated overhead","Capital recovery of machinery and equipment","dollars per planted acre","No specific size","U.S. total","United States",2024,133.3,"Base survey of 2023"
"Oats","Allocated overhead","Capital recovery of machinery and equipment","dollars per planted acre","No specific size","Heartland","United States",2005,53.54,"Base survey of 2005"
"Oats","Allocated overhead","Capital recovery of machinery and equipment","dollars per planted acre","No specific size","Heartland","United States",2006,56.33,"Base survey of 2005"
"Oats","Allocated overhead","Capital recovery of machinery and equipment","dollars per planted acre","No specific size","Heartland","United States",2007,59.11,"Base survey of 2005"
"Oats","Allocated overhead","Capital recovery of machinery and equipment","dollars per planted acre","No specific size","Heartland","United States",2008,64.68,"Base survey of 2005"
"Oats","Allocated overhead","Capital recovery of machinery and equipment","dollars per planted acre","No specific size","Heartland","United States",2009,68.7,"Base survey of 2005"
"Oats","Allocated overhead","Capital recovery of machinery and equipment","dollars per planted acre","No specific size","Heartland","United States",2010,71.18,"Base survey of 2005"
"Oats","Allocated overhead","Capital recovery of machinery and equipment","dollars per planted acre","No specific size","Heartland","United States",2011,75.51,"Base survey of 2005"
"Oats","Allocated overhead","Capital recovery of machinery and equipment","dollars per planted acre","No specific size","Heartland","United States",2012,79.29,"Base survey of 2005"
"Oats","Allocated overhead","Capital recovery of machinery and equipment","dollars per planted acre","No specific size","Heartland","United States",2013,81.56,"Base survey of 2005"
"Oats","Allocated overhead","Capital recovery of machinery and equipment","dollars per planted acre","No specific size","Heartland","United States",2014,84.58,"Base survey of 2005"
"Oats","Allocated overhead","Capital recovery of machinery and equipment","dollars per planted acre","No specific size","Heartland","United States",2015,100.38,"Base survey of 2015"
"Oats","Allocated overhead","Capital recovery of machinery and equipment","dollars per planted acre","No specific size","Heartland","United States",2016,101.08,"Base survey of 2015"
"Oats","Allocated overhead","Capital recovery of machinery and equipment","dollars per planted acre","No specific size","Heartland","United States",2017,103.1,"Base survey of 2015"
"Oats","Allocated overhead","Capital recovery of machinery and equipment","dollars per planted acre","No specific size","Heartland","United States",2018,109.49,"Base survey of 2015"
"Oats","Allocated overhead","Capital recovery of machinery and equipment","dollars per planted acre","No specific size","Heartland","United States",2019,108,"Base survey of 2015"
"Oats","Allocated overhead","Capital recovery of machinery and equipment","dollars per planted acre","No specific size","Heartland","United States",2020,109.31,"Base survey of 2015"
"Oats","Allocated overhead","Capital recovery of machinery and equipment","dollars per planted acre","No specific size","Heartland","United States",2021,127.53,"Base survey of 2015"
"Oats","Allocated overhead","Capital recovery of machinery and equipment","dollars per planted acre","No specific size","Heartland","United States",2022,133.66,"Base survey of 2015"
"Oats","Allocated overhead","Capital recovery of machinery and equipment","dollars per planted acre","No specific size","Heartland","United States",2023,126.88,"Base survey of 2023"
"Oats","Allocated overhead","Capital recovery of machinery and equipment","dollars per planted acre","No specific size","Heartland","United States",2024,132.33,"Base survey of 2023"
"Oats","Allocated overhead","Capital recovery of machinery and equipment","dollars per planted acre","No specific size","Northern Crescent","United States",2005,51.64,"Base survey of 2005"
"Oats","Allocated overhead","Capital recovery of machinery and equipment","dollars per planted acre","No specific size","Northern Crescent","United States",2006,54.33,"Base survey of 2005"
"Oats","Allocated overhead","Capital recovery of machinery and equipment","dollars per planted acre","No specific size","Northern Crescent","United States",2007,57.01,"Base survey of 2005"
"Oats","Allocated overhead","Capital recovery of machinery and equipment","dollars per planted acre","No specific size","Northern Crescent","United States",2008,62.39,"Base survey of 2005"
"Oats","Allocated overhead","Capital recovery of machinery and equipment","dollars per planted acre","No specific size","Northern Crescent","United States",2009,66.27,"Base survey of 2005"
"Oats","Allocated overhead","Capital recovery of machinery and equipment","dollars per planted acre","No specific size","Northern Crescent","United States",2010,68.65,"Base survey of 2005"
"Oats","Allocated overhead","Capital recovery of machinery and equipment","dollars per planted acre","No specific size","Northern Crescent","United States",2011,72.83,"Base survey of 2005"
"Oats","Allocated overhead","Capital recovery of machinery and equipment","dollars per planted acre","No specific size","Northern Crescent","United States",2012,76.48,"Base survey of 2005"
"Oats","Allocated overhead","Capital recovery of machinery and equipment","dollars per planted acre","No specific size","Northern Crescent","United States",2013,78.66,"Base survey of 2005"
"Oats","Allocated overhead","Capital recovery of machinery and equipment","dollars per planted acre","No specific size","Northern Crescent","United States",2014,81.58,"Base survey of 2005"
"Oats","Allocated overhead","Capital recovery of machinery and equipment","dollars per planted acre","No specific size","Northern Crescent","United States",2015,98.82,"Base survey of 2015"
"Oats","Allocated overhead","Capital recovery of machinery and equipment","dollars per planted acre","No specific size","Northern Crescent","United States",2016,99.51,"Base survey of 2015"
"Oats","Allocated overhead","Capital recovery of machinery and equipment","dollars per planted acre","No specific size","Northern Crescent","United States",2017,101.49,"Base survey of 2015"
"Oats","Allocated overhead","Capital recovery of machinery and equipment","dollars per planted acre","No specific size","Northern Crescent","United States",2018,107.79,"Base survey of 2015"
"Oats","Allocated overhead","Capital recovery of machinery and equipment","dollars per planted acre","No specific size","Northern Crescent","United States",2019,106.32,"Base survey of 2015"
"Oats","Allocated overhead","Capital recovery of machinery and equipment","dollars per planted acre","No specific size","Northern Crescent","United States",2020,107.62,"Base survey of 2015"
"Oats","Allocated overhead","Capital recovery of machinery and equipment","dollars per planted acre","No specific size","Northern Crescent","United States",2021,125.55,"Base survey of 2015"
"Oats","Allocated overhead","Capital recovery of machinery and equipment","dollars per planted acre","No specific size","Northern Crescent","United States",2022,131.59,"Base survey of 2015"
"Oats","Allocated overhead","Capital recovery of machinery and equipment","dollars per planted acre","No specific size","Northern Crescent","United States",2023,131.37,"Base survey of 2023"
"Oats","Allocated overhead","Capital recovery of machinery and equipment","dollars per planted acre","No specific size","Northern Crescent","United States",2024,139.63,"Base survey of 2023"
"Oats","Allocated overhead","Capital recovery of machinery and equipment","dollars per planted acre","No specific size","Northern Great Plains","United States",2005,58.47,"Base survey of 2005"
"Oats","Allocated overhead","Capital recovery of machinery and equipment","dollars per planted acre","No specific size","Northern Great Plains","United States",2006,61.51,"Base survey of 2005"
"Oats","Allocated overhead","Capital recovery of machinery and equipment","dollars per planted acre","No specific size","Northern Great Plains","United States",2007,64.55,"Base survey of 2005"
"Oats","Allocated overhead","Capital recovery of machinery and equipment","dollars per planted acre","No specific size","Northern Great Plains","United States",2008,70.64,"Base survey of 2005"
"Oats","Allocated overhead","Capital recovery of machinery and equipment","dollars per planted acre","No specific size","Northern Great Plains","United States",2009,75.03,"Base survey of 2005"
"Oats","Allocated overhead","Capital recovery of machinery and equipment","dollars per planted acre","No specific size","Northern Great Plains","United States",2010,77.73,"Base survey of 2005"
"Oats","Allocated overhead","Capital recovery of machinery and equipment","dollars per planted acre","No specific size","Northern Great Plains","United States",2011,82.47,"Base survey of 2005"
"Oats","Allocated overhead","Capital recovery of machinery and equipment","dollars per planted acre","No specific size","Northern Great Plains","United States",2012,86.59,"Base survey of 2005"
"Oats","Allocated overhead","Capital recovery of machinery and equipment","dollars per planted acre","No specific size","Northern Great Plains","United States",2013,89.07,"Base survey of 2005"
"Oats","Allocated overhead","Capital recovery of machinery and equipment","dollars per planted acre","No specific size","Northern Great Plains","United States",2014,92.36,"Base survey of 2005"
"Oats","Allocated overhead","Capital recovery of machinery and equipment","dollars per planted acre","No specific size","Northern Great Plains","United States",2015,111.64,"Base survey of 2015"
"Oats","Allocated overhead","Capital recovery of machinery and equipment","dollars per planted acre","No specific size","Northern Great Plains","United States",2016,112.42,"Base survey of 2015"
"Oats","Allocated overhead","Capital recovery of machinery and equipment","dollars per planted acre","No specific size","Northern Great Plains","United States",2017,114.66,"Base survey of 2015"
"Oats","Allocated overhead","Capital recovery of machinery and equipment","dollars per planted acre","No specific size","Northern Great Plains","United States",2018,121.77,"Base survey of 2015"
"Oats","Allocated overhead","Capital recovery of machinery and equipment","dollars per planted acre","No specific size","Northern Great Plains","United States",2019,120.12,"Base survey of 2015"
"Oats","Allocated overhead","Capital recovery of machinery and equipment","dollars per planted acre","No specific size","Northern Great Plains","United States",2020,121.58,"Base survey of 2015"
"Oats","Allocated overhead","Capital recovery of machinery and equipment","dollars per planted acre","No specific size","Northern Great Plains","United States",2021,141.84,"Base survey of 2015"
"Oats","Allocated overhead","Capital recovery of machinery and equipment","dollars per planted acre","No specific size","Northern Great Plains","United States",2022,148.66,"Base survey of 2015"
"Oats","Allocated overhead","Capital recovery of machinery and equipment","dollars per planted acre","No specific size","Northern Great Plains","United States",2023,142.87,"Base survey of 2023"
"Oats","Allocated overhead","Capital recovery of machinery and equipment","dollars per planted acre","No specific size","Northern Great Plains","United States",2024,149.28,"Base survey of 2023"
"Oats","Allocated overhead","Capital recovery of machinery and equipment","dollars per planted acre","No specific size","Prairie Gateway","United States",2005,41.5,"Base survey of 2005"
"Oats","Allocated overhead","Capital recovery of machinery and equipment","dollars per planted acre","No specific size","Prairie Gateway","United States",2006,43.66,"Base survey of 2005"
"Oats","Allocated overhead","Capital recovery of machinery and equipment","dollars per planted acre","No specific size","Prairie Gateway","United States",2007,45.82,"Base survey of 2005"
"Oats","Allocated overhead","Capital recovery of machinery and equipment","dollars per planted acre","No specific size","Prairie Gateway","United States",2008,50.14,"Base survey of 2005"
"Oats","Allocated overhead","Capital recovery of machinery and equipment","dollars per planted acre","No specific size","Prairie Gateway","United States",2009,53.25,"Base survey of 2005"
"Oats","Allocated overhead","Capital recovery of machinery and equipment","dollars per planted acre","No specific size","Prairie Gateway","United States",2010,55.17,"Base survey of 2005"
"Oats","Allocated overhead","Capital recovery of machinery and equipment","dollars per planted acre","No specific size","Prairie Gateway","United States",2011,58.53,"Base survey of 2005"
"Oats","Allocated overhead","Capital recovery of machinery and equipment","dollars per planted acre","No specific size","Prairie Gateway","United States",2012,61.46,"Base survey of 2005"
"Oats","Allocated overhead","Capital recovery of machinery and equipment","dollars per planted acre","No specific size","Prairie Gateway","United States",2013,63.22,"Base survey of 2005"
"Oats","Allocated overhead","Capital recovery of machinery and equipment","dollars per planted acre","No specific size","Prairie Gateway","United States",2014,65.56,"Base survey of 2005"
"Oats","Allocated overhead","Capital recovery of machinery and equipment","dollars per planted acre","No specific size","Prairie Gateway","United States",2015,92.07,"Base survey of 2015"
"Oats","Allocated overhead","Capital recovery of machinery and equipment","dollars per planted acre","No specific size","Prairie Gateway","United States",2016,92.71,"Base survey of 2015"
"Oats","Allocated overhead","Capital recovery of machinery and equipment","dollars per planted acre","No specific size","Prairie Gateway","United States",2017,94.56,"Base survey of 2015"
"Oats","Allocated overhead","Capital recovery of machinery and equipment","dollars per planted acre","No specific size","Prairie Gateway","United States",2018,100.43,"Base survey of 2015"
"Oats","Allocated overhead","Capital recovery of machinery and equipment","dollars per planted acre","No specific size","Prairie Gateway","United States",2019,99.06,"Base survey of 2015"
"Oats","Allocated overhead","Capital recovery of machinery and equipment","dollars per planted acre","No specific size","Prairie Gateway","United States",2020,100.26,"Base survey of 2015"
"Oats","Allocated overhead","Capital recovery of machinery and equipment","dollars per planted acre","No specific size","Prairie Gateway","United States",2021,116.98,"Base survey of 2015"
"Oats","Allocated overhead","Capital recovery of machinery and equipment","dollars per planted acre","No specific size","Prairie Gateway","United States",2022,122.6,"Base survey of 2015"
"Oats","Allocated overhead","Capital recovery of machinery and equipment","dollars per planted acre","No specific size","Eastern Uplands","United States",2023,110.75,"Base survey of 2023"
"Oats","Allocated overhead","Capital recovery of machinery and equipment","dollars per planted acre","No specific size","Eastern Uplands","United States",2024,116.05,"Base survey of 2023"
"Oats","Allocated overhead","Opportunity cost of land","dollars per planted acre","No specific size","U.S. total","United States",2005,61.9,"Base survey of 2005"
"Oats","Allocated overhead","Opportunity cost of land","dollars per planted acre","No specific size","U.S. total","United States",2006,63.09,"Base survey of 2005"
"Oats","Allocated overhead","Opportunity cost of land","dollars per planted acre","No specific size","U.S. total","United States",2007,61.5,"Base survey of 2005"
"Oats","Allocated overhead","Opportunity cost of land","dollars per planted acre","No specific size","U.S. total","United States",2008,67.85,"Base survey of 2005"
"Oats","Allocated overhead","Opportunity cost of land","dollars per planted acre","No specific size","U.S. total","United States",2009,78.56,"Base survey of 2005"
"Oats","Allocated overhead","Opportunity cost of land","dollars per planted acre","No specific size","U.S. total","United States",2010,80.95,"Base survey of 2005"
"Oats","Allocated overhead","Opportunity cost of land","dollars per planted acre","No specific size","U.S. total","United States",2011,84.53,"Base survey of 2005"
"Oats","Allocated overhead","Opportunity cost of land","dollars per planted acre","No specific size","U.S. total","United States",2012,95.47,"Base survey of 2005"
"Oats","Allocated overhead","Opportunity cost of land","dollars per planted acre","No specific size","U.S. total","United States",2013,101.02,"Base survey of 2005"
"Oats","Allocated overhead","Opportunity cost of land","dollars per planted acre","No specific size","U.S. total","United States",2014,108.31,"Base survey of 2005"
"Oats","Allocated overhead","Opportunity cost of land","dollars per planted acre","No specific size","U.S. total","United States",2015,105.25,"Base survey of 2015"
"Oats","Allocated overhead","Opportunity cost of land","dollars per planted acre","No specific size","U.S. total","United States",2016,95.63,"Base survey of 2015"
"Oats","Allocated overhead","Opportunity cost of land","dollars per planted acre","No specific size","U.S. total","United States",2017,95.92,"Base survey of 2015"
"Oats","Allocated overhead","Opportunity cost of land","dollars per planted acre","No specific size","U.S. total","United States",2018,98.11,"Base survey of 2015"
"Oats","Allocated overhead","Opportunity cost of land","dollars per planted acre","No specific size","U.S. total","United States",2019,101.13,"Base survey of 2015"
"Oats","Allocated overhead","Opportunity cost of land","dollars per planted acre","No specific size","U.S. total","United States",2020,101.89,"Base survey of 2015"
"Oats","Allocated overhead","Opportunity cost of land","dollars per planted acre","No specific size","U.S. total","United States",2021,102.57,"Base survey of 2015"
"Oats","Allocated overhead","Opportunity cost of land","dollars per planted acre","No specific size","U.S. total","United States",2022,103.19,"Base survey of 2015"
"Oats","Allocated overhead","Opportunity cost of land","dollars per planted acre","No specific size","U.S. total","United States",2023,126.79,"Base survey of 2023"
"Oats","Allocated overhead","Opportunity cost of land","dollars per planted acre","No specific size","U.S. total","United States",2024,126.89,"Base survey of 2023"
"Oats","Allocated overhead","Opportunity cost of land","dollars per planted acre","No specific size","Heartland","United States",2005,82.84,"Base survey of 2005"
"Oats","Allocated overhead","Opportunity cost of land","dollars per planted acre","No specific size","Heartland","United States",2006,84.43,"Base survey of 2005"
"Oats","Allocated overhead","Opportunity cost of land","dollars per planted acre","No specific size","Heartland","United States",2007,82.31,"Base survey of 2005"
"Oats","Allocated overhead","Opportunity cost of land","dollars per planted acre","No specific size","Heartland","United States",2008,90.81,"Base survey of 2005"
"Oats","Allocated overhead","Opportunity cost of land","dollars per planted acre","No specific size","Heartland","United States",2009,105.14,"Base survey of 2005"
"Oats","Allocated overhead","Opportunity cost of land","dollars per planted acre","No specific size","Heartland","United States",2010,108.33,"Base survey of 2005"
"Oats","Allocated overhead","Opportunity cost of land","dollars per planted acre","No specific size","Heartland","United States",2011,117.89,"Base survey of 2005"
"Oats","Allocated overhead","Opportunity cost of land","dollars per planted acre","No specific size","Heartland","United States",2012,132.76,"Base survey of 2005"
"Oats","Allocated overhead","Opportunity cost of land","dollars per planted acre","No specific size","Heartland","United States",2013,144.44,"Base survey of 2005"
"Oats","Allocated overhead","Opportunity cost of land","dollars per planted acre","No specific size","Heartland","United States",2014,149.75,"Base survey of 2005"
"Oats","Allocated overhead","Opportunity cost of land","dollars per planted acre","No specific size","Heartland","United States",2015,163.35,"Base survey of 2015"
"Oats","Allocated overhead","Opportunity cost of land","dollars per planted acre","No specific size","Heartland","United States",2016,154.28,"Base survey of 2015"
"Oats","Allocated overhead","Opportunity cost of land","dollars per planted acre","No specific size","Heartland","United States",2017,154.28,"Base survey of 2015"
"Oats","Allocated overhead","Opportunity cost of land","dollars per planted acre","No specific size","Heartland","United States",2018,156.54,"Base survey of 2015"
"Oats","Allocated overhead","Opportunity cost of land","dollars per planted acre","No specific size","Heartland","United States",2019,158.81,"Base survey of 2015"
"Oats","Allocated overhead","Opportunity cost of land","dollars per planted acre","No specific size","Heartland","United States",2020,157.68,"Base survey of 2015"
"Oats","Allocated overhead","Opportunity cost of land","dollars per planted acre","No specific size","Heartland","United States",2021,159.95,"Base survey of 2015"
"Oats","Allocated overhead","Opportunity cost of land","dollars per planted acre","No specific size","Heartland","United States",2022,167.89,"Base survey of 2015"
"Oats","Allocated overhead","Opportunity cost of land","dollars per planted acre","No specific size","Heartland","United States",2023,222.68,"Base survey of 2023"
"Oats","Allocated overhead","Opportunity cost of land","dollars per planted acre","No specific size","Heartland","United States",2024,215.66,"Base survey of 2023"
"Oats","Allocated overhead","Opportunity cost of land","dollars per planted acre","No specific size","Northern Crescent","United States",2005,58.96,"Base survey of 2005"
"Oats","Allocated overhead","Opportunity cost of land","dollars per planted acre","No specific size","Northern Crescent","United States",2006,60.09,"Base survey of 2005"
"Oats","Allocated overhead","Opportunity cost of land","dollars per planted acre","No specific size","Northern Crescent","United States",2007,58.58,"Base survey of 2005"
"Oats","Allocated overhead","Opportunity cost of land","dollars per planted acre","No specific size","Northern Crescent","United States",2008,64.63,"Base survey of 2005"
"Oats","Allocated overhead","Opportunity cost of land","dollars per planted acre","No specific size","Northern Crescent","United States",2009,74.83,"Base survey of 2005"
"Oats","Allocated overhead","Opportunity cost of land","dollars per planted acre","No specific size","Northern Crescent","United States",2010,77.1,"Base survey of 2005"
"Oats","Allocated overhead","Opportunity cost of land","dollars per planted acre","No specific size","Northern Crescent","United States",2011,83.9,"Base survey of 2005"
"Oats","Allocated overhead","Opportunity cost of land","dollars per planted acre","No specific size","Northern Crescent","United States",2012,94.49,"Base survey of 2005"
"Oats","Allocated overhead","Opportunity cost of land","dollars per planted acre","No specific size","Northern Crescent","United States",2013,102.8,"Base survey of 2005"
"Oats","Allocated overhead","Opportunity cost of land","dollars per planted acre","No specific size","Northern Crescent","United States",2014,106.58,"Base survey of 2005"
"Oats","Allocated overhead","Opportunity cost of land","dollars per planted acre","No specific size","Northern Crescent","United States",2015,99.07,"Base survey of 2015"
"Oats","Allocated overhead","Opportunity cost of land","dollars per planted acre","No specific size","Northern Crescent","United States",2016,93.57,"Base survey of 2015"
"Oats","Allocated overhead","Opportunity cost of land","dollars per planted acre","No specific size","Northern Crescent","United States",2017,93.57,"Base survey of 2015"
"Oats","Allocated overhead","Opportunity cost of land","dollars per planted acre","No specific size","Northern Crescent","United States",2018,94.94,"Base survey of 2015"
"Oats","Allocated overhead","Opportunity cost of land","dollars per planted acre","No specific size","Northern Crescent","United States",2019,96.32,"Base survey of 2015"
"Oats","Allocated overhead","Opportunity cost of land","dollars per planted acre","No specific size","Northern Crescent","United States",2020,95.63,"Base survey of 2015"
"Oats","Allocated overhead","Opportunity cost of land","dollars per planted acre","No specific size","Northern Crescent","United States",2021,97.01,"Base survey of 2015"
"Oats","Allocated overhead","Opportunity cost of land","dollars per planted acre","No specific size","Northern Crescent","United States",2022,101.82,"Base survey of 2015"
"Oats","Allocated overhead","Opportunity cost of land","dollars per planted acre","No specific size","Northern Crescent","United States",2023,125.71,"Base survey of 2023"
"Oats","Allocated overhead","Opportunity cost of land","dollars per planted acre","No specific size","Northern Crescent","United States",2024,131.68,"Base survey of 2023"
"Oats","Allocated overhead","Opportunity cost of land","dollars per planted acre","No specific size","Northern Great Plains","United States",2005,43.51,"Base survey of 2005"
"Oats","Allocated overhead","Opportunity cost of land","dollars per planted acre","No specific size","Northern Great Plains","United States",2006,44.35,"Base survey of 2005"
"Oats","Allocated overhead","Opportunity cost of land","dollars per planted acre","No specific size","Northern Great Plains","United States",2007,48.23,"Base survey of 2005"
"Oats","Allocated overhead","Opportunity cost of land","dollars per planted acre","No specific size","Northern Great Plains","United States",2008,47.7,"Base survey of 2005"
"Oats","Allocated overhead","Opportunity cost of land","dollars per planted acre","No specific size","Northern Great Plains","United States",2009,55.22,"Base survey of 2005"
"Oats","Allocated overhead","Opportunity cost of land","dollars per planted acre","No specific size","Northern Great Plains","United States",2010,56.9,"Base survey of 2005"
"Oats","Allocated overhead","Opportunity cost of land","dollars per planted acre","No specific size","Northern Great Plains","United States",2011,61.92,"Base survey of 2005"
"Oats","Allocated overhead","Opportunity cost of land","dollars per planted acre","No specific size","Northern Great Plains","United States",2012,69.73,"Base survey of 2005"
"Oats","Allocated overhead","Opportunity cost of land","dollars per planted acre","No specific size","Northern Great Plains","United States",2013,75.86,"Base survey of 2005"
"Oats","Allocated overhead","Opportunity cost of land","dollars per planted acre","No specific size","Northern Great Plains","United States",2014,78.65,"Base survey of 2005"
"Oats","Allocated overhead","Opportunity cost of land","dollars per planted acre","No specific size","Northern Great Plains","United States",2015,81.4,"Base survey of 2015"
"Oats","Allocated overhead","Opportunity cost of land","dollars per planted acre","No specific size","Northern Great Plains","United States",2016,76.88,"Base survey of 2015"
"Oats","Allocated overhead","Opportunity cost of land","dollars per planted acre","No specific size","Northern Great Plains","United States",2017,76.88,"Base survey of 2015"
"Oats","Allocated overhead","Opportunity cost of land","dollars per planted acre","No specific size","Northern Great Plains","United States",2018,78.01,"Base survey of 2015"
"Oats","Allocated overhead","Opportunity cost of land","dollars per planted acre","No specific size","Northern Great Plains","United States",2019,79.14,"Base survey of 2015"
"Oats","Allocated overhead","Opportunity cost of land","dollars per planted acre","No specific size","Northern Great Plains","United States",2020,78.57,"Base survey of 2015"
"Oats","Allocated overhead","Opportunity cost of land","dollars per planted acre","No specific size","Northern Great Plains","United States",2021,79.7,"Base survey of 2015"
"Oats","Allocated overhead","Opportunity cost of land","dollars per planted acre","No specific size","Northern Great Plains","United States",2022,83.66,"Base survey of 2015"
"Oats","Allocated overhead","Opportunity cost of land","dollars per planted acre","No specific size","Northern Great Plains","United States",2023,78.97,"Base survey of 2023"
"Oats","Allocated overhead","Opportunity cost of land","dollars per planted acre","No specific size","Northern Great Plains","United States",2024,83.65,"Base survey of 2023"
"Oats","Allocated overhead","Opportunity cost of land","dollars per planted acre","No specific size","Prairie Gateway","United States",2005,34.48,"Base survey of 2005"
"Oats","Allocated overhead","Opportunity cost of land","dollars per planted acre","No specific size","Prairie Gateway","United States",2006,35.14,"Base survey of 2005"
"Oats","Allocated overhead","Opportunity cost of land","dollars per planted acre","No specific size","Prairie Gateway","United States",2007,34.26,"Base survey of 2005"
"Oats","Allocated overhead","Opportunity cost of land","dollars per planted acre","No specific size","Prairie Gateway","United States",2008,37.8,"Base survey of 2005"
"Oats","Allocated overhead","Opportunity cost of land","dollars per planted acre","No specific size","Prairie Gateway","United States",2009,43.76,"Base survey of 2005"
"Oats","Allocated overhead","Opportunity cost of land","dollars per planted acre","No specific size","Prairie Gateway","United States",2010,45.09,"Base survey of 2005"
"Oats","Allocated overhead","Opportunity cost of land","dollars per planted acre","No specific size","Prairie Gateway","United States",2011,49.07,"Base survey of 2005"
"Oats","Allocated overhead","Opportunity cost of land","dollars per planted acre","No specific size","Prairie Gateway","United States",2012,55.26,"Base survey of 2005"
"Oats","Allocated overhead","Opportunity cost of land","dollars per planted acre","No specific size","Prairie Gateway","United States",2013,60.12,"Base survey of 2005"
"Oats","Allocated overhead","Opportunity cost of land","dollars per planted acre","No specific size","Prairie Gateway","United States",2014,62.33,"Base survey of 2005"
"Oats","Allocated overhead","Opportunity cost of land","dollars per planted acre","No specific size","Prairie Gateway","United States",2015,34.12,"Base survey of 2015"
"Oats","Allocated overhead","Opportunity cost of land","dollars per planted acre","No specific size","Prairie Gateway","United States",2016,32.22,"Base survey of 2015"
"Oats","Allocated overhead","Opportunity cost of land","dollars per planted acre","No specific size","Prairie Gateway","United States",2017,32.22,"Base survey of 2015"
"Oats","Allocated overhead","Opportunity cost of land","dollars per planted acre","No specific size","Prairie Gateway","United States",2018,32.7,"Base survey of 2015"
"Oats","Allocated overhead","Opportunity cost of land","dollars per planted acre","No specific size","Prairie Gateway","United States",2019,33.17,"Base survey of 2015"
"Oats","Allocated overhead","Opportunity cost of land","dollars per planted acre","No specific size","Prairie Gateway","United States",2020,32.94,"Base survey of 2015"
"Oats","Allocated overhead","Opportunity cost of land","dollars per planted acre","No specific size","Prairie Gateway","United States",2021,33.41,"Base survey of 2015"
"Oats","Allocated overhead","Opportunity cost of land","dollars per planted acre","No specific size","Prairie Gateway","United States",2022,35.07,"Base survey of 2015"
"Oats","Allocated overhead","Opportunity cost of land","dollars per planted acre","No specific size","Eastern Uplands","United States",2023,89.09,"Base survey of 2023"
"Oats","Allocated overhead","Opportunity cost of land","dollars per planted acre","No specific size","Eastern Uplands","United States",2024,92.39,"Base survey of 2023"
"Oats","Allocated overhead","Taxes and insurance","dollars per planted acre","No specific size","U.S. total","United States",2005,4.27,"Base survey of 2005"
"Oats","Allocated overhead","Taxes and insurance","dollars per planted acre","No specific size","U.S. total","United States",2006,5.41,"Base survey of 2005"
"Oats","Allocated overhead","Taxes and insurance","dollars per planted acre","No specific size","U.S. total","United States",2007,5.09,"Base survey of 2005"
"Oats","Allocated overhead","Taxes and insurance","dollars per planted acre","No specific size","U.S. total","United States",2008,5.79,"Base survey of 2005"
"Oats","Allocated overhead","Taxes and insurance","dollars per planted acre","No specific size","U.S. total","United States",2009,5.55,"Base survey of 2005"
"Oats","Allocated overhead","Taxes and insurance","dollars per planted acre","No specific size","U.S. total","United States",2010,5.78,"Base survey of 2005"
"Oats","Allocated overhead","Taxes and insurance","dollars per planted acre","No specific size","U.S. total","United States",2011,6.07,"Base survey of 2005"
"Oats","Allocated overhead","Taxes and insurance","dollars per planted acre","No specific size","U.S. total","United States",2012,6.23,"Base survey of 2005"
"Oats","Allocated overhead","Taxes and insurance","dollars per planted acre","No specific size","U.S. total","United States",2013,6.08,"Base survey of 2005"
"Oats","Allocated overhead","Taxes and insurance","dollars per planted acre","No specific size","U.S. total","United States",2014,6.97,"Base survey of 2005"
"Oats","Allocated overhead","Taxes and insurance","dollars per planted acre","No specific size","U.S. total","United States",2015,6.13,"Base survey of 2015"
"Oats","Allocated overhead","Taxes and insurance","dollars per planted acre","No specific size","U.S. total","United States",2016,6.15,"Base survey of 2015"
"Oats","Allocated overhead","Taxes and insurance","dollars per planted acre","No specific size","U.S. total","United States",2017,6.39,"Base survey of 2015"
"Oats","Allocated overhead","Taxes and insurance","dollars per planted acre","No specific size","U.S. total","United States",2018,6.51,"Base survey of 2015"
"Oats","Allocated overhead","Taxes and insurance","dollars per planted acre","No specific size","U.S. total","United States",2019,6.69,"Base survey of 2015"
"Oats","Allocated overhead","Taxes and insurance","dollars per planted acre","No specific size","U.S. total","United States",2020,6.96,"Base survey of 2015"
"Oats","Allocated overhead","Taxes and insurance","dollars per planted acre","No specific size","U.S. total","United States",2021,7.13,"Base survey of 2015"
"Oats","Allocated overhead","Taxes and insurance","dollars per planted acre","No specific size","U.S. total","United States",2022,8.2,"Base survey of 2015"
"Oats","Allocated overhead","Taxes and insurance","dollars per planted acre","No specific size","U.S. total","United States",2023,9.45,"Base survey of 2023"
"Oats","Allocated overhead","Taxes and insurance","dollars per planted acre","No specific size","U.S. total","United States",2024,9.84,"Base survey of 2023"
"Oats","Allocated overhead","Taxes and insurance","dollars per planted acre","No specific size","Heartland","United States",2005,4.53,"Base survey of 2005"
"Oats","Allocated overhead","Taxes and insurance","dollars per planted acre","No specific size","Heartland","United States",2006,4.77,"Base survey of 2005"
"Oats","Allocated overhead","Taxes and insurance","dollars per planted acre","No specific size","Heartland","United States",2007,5.58,"Base survey of 2005"
"Oats","Allocated overhead","Taxes and insurance","dollars per planted acre","No specific size","Heartland","United States",2008,6.2,"Base survey of 2005"
"Oats","Allocated overhead","Taxes and insurance","dollars per planted acre","No specific size","Heartland","United States",2009,5.96,"Base survey of 2005"
"Oats","Allocated overhead","Taxes and insurance","dollars per planted acre","No specific size","Heartland","United States",2010,6.17,"Base survey of 2005"
"Oats","Allocated overhead","Taxes and insurance","dollars per planted acre","No specific size","Heartland","United States",2011,6.49,"Base survey of 2005"
"Oats","Allocated overhead","Taxes and insurance","dollars per planted acre","No specific size","Heartland","United States",2012,6.62,"Base survey of 2005"
"Oats","Allocated overhead","Taxes and insurance","dollars per planted acre","No specific size","Heartland","United States",2013,6.68,"Base survey of 2005"
"Oats","Allocated overhead","Taxes and insurance","dollars per planted acre","No specific size","Heartland","United States",2014,7.55,"Base survey of 2005"
"Oats","Allocated overhead","Taxes and insurance","dollars per planted acre","No specific size","Heartland","United States",2015,4.58,"Base survey of 2015"
"Oats","Allocated overhead","Taxes and insurance","dollars per planted acre","No specific size","Heartland","United States",2016,4.61,"Base survey of 2015"
"Oats","Allocated overhead","Taxes and insurance","dollars per planted acre","No specific size","Heartland","United States",2017,4.81,"Base survey of 2015"
"Oats","Allocated overhead","Taxes and insurance","dollars per planted acre","No specific size","Heartland","United States",2018,4.88,"Base survey of 2015"
"Oats","Allocated overhead","Taxes and insurance","dollars per planted acre","No specific size","Heartland","United States",2019,5.02,"Base survey of 2015"
"Oats","Allocated overhead","Taxes and insurance","dollars per planted acre","No specific size","Heartland","United States",2020,5.28,"Base survey of 2015"
"Oats","Allocated overhead","Taxes and insurance","dollars per planted acre","No specific size","Heartland","United States",2021,5.42,"Base survey of 2015"
"Oats","Allocated overhead","Taxes and insurance","dollars per planted acre","No specific size","Heartland","United States",2022,6.09,"Base survey of 2015"
"Oats","Allocated overhead","Taxes and insurance","dollars per planted acre","No specific size","Heartland","United States",2023,7.56,"Base survey of 2023"
"Oats","Allocated overhead","Taxes and insurance","dollars per planted acre","No specific size","Heartland","United States",2024,8.25,"Base survey of 2023"
"Oats","Allocated overhead","Taxes and insurance","dollars per planted acre","No specific size","Northern Crescent","United States",2005,4.39,"Base survey of 2005"
"Oats","Allocated overhead","Taxes and insurance","dollars per planted acre","No specific size","Northern Crescent","United States",2006,4.62,"Base survey of 2005"
"Oats","Allocated overhead","Taxes and insurance","dollars per planted acre","No specific size","Northern Crescent","United States",2007,5.41,"Base survey of 2005"
"Oats","Allocated overhead","Taxes and insurance","dollars per planted acre","No specific size","Northern Crescent","United States",2008,6,"Base survey of 2005"
"Oats","Allocated overhead","Taxes and insurance","dollars per planted acre","No specific size","Northern Crescent","United States",2009,5.78,"Base survey of 2005"
"Oats","Allocated overhead","Taxes and insurance","dollars per planted acre","No specific size","Northern Crescent","United States",2010,5.98,"Base survey of 2005"
"Oats","Allocated overhead","Taxes and insurance","dollars per planted acre","No specific size","Northern Crescent","United States",2011,6.29,"Base survey of 2005"
"Oats","Allocated overhead","Taxes and insurance","dollars per planted acre","No specific size","Northern Crescent","United States",2012,6.41,"Base survey of 2005"
"Oats","Allocated overhead","Taxes and insurance","dollars per planted acre","No specific size","Northern Crescent","United States",2013,6.48,"Base survey of 2005"
"Oats","Allocated overhead","Taxes and insurance","dollars per planted acre","No specific size","Northern Crescent","United States",2014,7.31,"Base survey of 2005"
"Oats","Allocated overhead","Taxes and insurance","dollars per planted acre","No specific size","Northern Crescent","United States",2015,6.69,"Base survey of 2015"
"Oats","Allocated overhead","Taxes and insurance","dollars per planted acre","No specific size","Northern Crescent","United States",2016,6.74,"Base survey of 2015"
"Oats","Allocated overhead","Taxes and insurance","dollars per planted acre","No specific size","Northern Crescent","United States",2017,7.03,"Base survey of 2015"
"Oats","Allocated overhead","Taxes and insurance","dollars per planted acre","No specific size","Northern Crescent","United States",2018,7.13,"Base survey of 2015"
"Oats","Allocated overhead","Taxes and insurance","dollars per planted acre","No specific size","Northern Crescent","United States",2019,7.33,"Base survey of 2015"
"Oats","Allocated overhead","Taxes and insurance","dollars per planted acre","No specific size","Northern Crescent","United States",2020,7.72,"Base survey of 2015"
"Oats","Allocated overhead","Taxes and insurance","dollars per planted acre","No specific size","Northern Crescent","United States",2021,7.91,"Base survey of 2015"
"Oats","Allocated overhead","Taxes and insurance","dollars per planted acre","No specific size","Northern Crescent","United States",2022,8.9,"Base survey of 2015"
"Oats","Allocated overhead","Taxes and insurance","dollars per planted acre","No specific size","Northern Crescent","United States",2023,13.02,"Base survey of 2023"
"Oats","Allocated overhead","Taxes and insurance","dollars per planted acre","No specific size","Northern Crescent","United States",2024,13.2,"Base survey of 2023"
"Oats","Allocated overhead","Taxes and insurance","dollars per planted acre","No specific size","Northern Great Plains","United States",2005,3.39,"Base survey of 2005"
"Oats","Allocated overhead","Taxes and insurance","dollars per planted acre","No specific size","Northern Great Plains","United States",2006,3.57,"Base survey of 2005"
"Oats","Allocated overhead","Taxes and insurance","dollars per planted acre","No specific size","Northern Great Plains","United States",2007,4.18,"Base survey of 2005"
"Oats","Allocated overhead","Taxes and insurance","dollars per planted acre","No specific size","Northern Great Plains","United States",2008,4.64,"Base survey of 2005"
"Oats","Allocated overhead","Taxes and insurance","dollars per planted acre","No specific size","Northern Great Plains","United States",2009,4.46,"Base survey of 2005"
"Oats","Allocated overhead","Taxes and insurance","dollars per planted acre","No specific size","Northern Great Plains","United States",2010,4.61,"Base survey of 2005"
"Oats","Allocated overhead","Taxes and insurance","dollars per planted acre","No specific size","Northern Great Plains","United States",2011,4.86,"Base survey of 2005"
"Oats","Allocated overhead","Taxes and insurance","dollars per planted acre","No specific size","Northern Great Plains","United States",2012,4.95,"Base survey of 2005"
"Oats","Allocated overhead","Taxes and insurance","dollars per planted acre","No specific size","Northern Great Plains","United States",2013,5,"Base survey of 2005"
"Oats","Allocated overhead","Taxes and insurance","dollars per planted acre","No specific size","Northern Great Plains","United States",2014,5.65,"Base survey of 2005"
"Oats","Allocated overhead","Taxes and insurance","dollars per planted acre","No specific size","Northern Great Plains","United States",2015,6.42,"Base survey of 2015"
"Oats","Allocated overhead","Taxes and insurance","dollars per planted acre","No specific size","Northern Great Plains","United States",2016,6.47,"Base survey of 2015"
"Oats","Allocated overhead","Taxes and insurance","dollars per planted acre","No specific size","Northern Great Plains","United States",2017,6.75,"Base survey of 2015"
"Oats","Allocated overhead","Taxes and insurance","dollars per planted acre","No specific size","Northern Great Plains","United States",2018,6.84,"Base survey of 2015"
"Oats","Allocated overhead","Taxes and insurance","dollars per planted acre","No specific size","Northern Great Plains","United States",2019,7.03,"Base survey of 2015"
"Oats","Allocated overhead","Taxes and insurance","dollars per planted acre","No specific size","Northern Great Plains","United States",2020,7.41,"Base survey of 2015"
"Oats","Allocated overhead","Taxes and insurance","dollars per planted acre","No specific size","Northern Great Plains","United States",2021,7.59,"Base survey of 2015"
"Oats","Allocated overhead","Taxes and insurance","dollars per planted acre","No specific size","Northern Great Plains","United States",2022,8.54,"Base survey of 2015"
"Oats","Allocated overhead","Taxes and insurance","dollars per planted acre","No specific size","Northern Great Plains","United States",2023,8.23,"Base survey of 2023"
"Oats","Allocated overhead","Taxes and insurance","dollars per planted acre","No specific size","Northern Great Plains","United States",2024,8.67,"Base survey of 2023"
"Oats","Allocated overhead","Taxes and insurance","dollars per planted acre","No specific size","Prairie Gateway","United States",2005,4.66,"Base survey of 2005"
"Oats","Allocated overhead","Taxes and insurance","dollars per planted acre","No specific size","Prairie Gateway","United States",2006,4.9,"Base survey of 2005"
"Oats","Allocated overhead","Taxes and insurance","dollars per planted acre","No specific size","Prairie Gateway","United States",2007,5.74,"Base survey of 2005"
"Oats","Allocated overhead","Taxes and insurance","dollars per planted acre","No specific size","Prairie Gateway","United States",2008,6.37,"Base survey of 2005"
"Oats","Allocated overhead","Taxes and insurance","dollars per planted acre","No specific size","Prairie Gateway","United States",2009,6.13,"Base survey of 2005"
"Oats","Allocated overhead","Taxes and insurance","dollars per planted acre","No specific size","Prairie Gateway","United States",2010,6.34,"Base survey of 2005"
"Oats","Allocated overhead","Taxes and insurance","dollars per planted acre","No specific size","Prairie Gateway","United States",2011,6.67,"Base survey of 2005"
"Oats","Allocated overhead","Taxes and insurance","dollars per planted acre","No specific size","Prairie Gateway","United States",2012,6.81,"Base survey of 2005"
"Oats","Allocated overhead","Taxes and insurance","dollars per planted acre","No specific size","Prairie Gateway","United States",2013,6.87,"Base survey of 2005"
"Oats","Allocated overhead","Taxes and insurance","dollars per planted acre","No specific size","Prairie Gateway","United States",2014,7.76,"Base survey of 2005"
"Oats","Allocated overhead","Taxes and insurance","dollars per planted acre","No specific size","Prairie Gateway","United States",2015,6.13,"Base survey of 2015"
"Oats","Allocated overhead","Taxes and insurance","dollars per planted acre","No specific size","Prairie Gateway","United States",2016,6.17,"Base survey of 2015"
"Oats","Allocated overhead","Taxes and insurance","dollars per planted acre","No specific size","Prairie Gateway","United States",2017,6.44,"Base survey of 2015"
"Oats","Allocated overhead","Taxes and insurance","dollars per planted acre","No specific size","Prairie Gateway","United States",2018,6.53,"Base survey of 2015"
"Oats","Allocated overhead","Taxes and insurance","dollars per planted acre","No specific size","Prairie Gateway","United States",2019,6.72,"Base survey of 2015"
"Oats","Allocated overhead","Taxes and insurance","dollars per planted acre","No specific size","Prairie Gateway","United States",2020,7.07,"Base survey of 2015"
"Oats","Allocated overhead","Taxes and insurance","dollars per planted acre","No specific size","Prairie Gateway","United States",2021,7.25,"Base survey of 2015"
"Oats","Allocated overhead","Taxes and insurance","dollars per planted acre","No specific size","Prairie Gateway","United States",2022,8.15,"Base survey of 2015"
"Oats","Allocated overhead","Taxes and insurance","dollars per planted acre","No specific size","Eastern Uplands","United States",2023,13.07,"Base survey of 2023"
"Oats","Allocated overhead","Taxes and insurance","dollars per planted acre","No specific size","Eastern Uplands","United States",2024,13.54,"Base survey of 2023"
"Oats","Allocated overhead","General farm overhead","dollars per planted acre","No specific size","U.S. total","United States",2005,8.22,"Base survey of 2005"
"Oats","Allocated overhead","General farm overhead","dollars per planted acre","No specific size","U.S. total","United States",2006,9.94,"Base survey of 2005"
"Oats","Allocated overhead","General farm overhead","dollars per planted acre","No specific size","U.S. total","United States",2007,8.2,"Base survey of 2005"
"Oats","Allocated overhead","General farm overhead","dollars per planted acre","No specific size","U.S. total","United States",2008,8.67,"Base survey of 2005"
"Oats","Allocated overhead","General farm overhead","dollars per planted acre","No specific size","U.S. total","United States",2009,8.93,"Base survey of 2005"
"Oats","Allocated overhead","General farm overhead","dollars per planted acre","No specific size","U.S. total","United States",2010,9.07,"Base survey of 2005"
"Oats","Allocated overhead","General farm overhead","dollars per planted acre","No specific size","U.S. total","United States",2011,9.31,"Base survey of 2005"
"Oats","Allocated overhead","General farm overhead","dollars per planted acre","No specific size","U.S. total","United States",2012,9.59,"Base survey of 2005"
"Oats","Allocated overhead","General farm overhead","dollars per planted acre","No specific size","U.S. total","United States",2013,9.6,"Base survey of 2005"
"Oats","Allocated overhead","General farm overhead","dollars per planted acre","No specific size","U.S. total","United States",2014,9.96,"Base survey of 2005"
"Oats","Allocated overhead","General farm overhead","dollars per planted acre","No specific size","U.S. total","United States",2015,12.54,"Base survey of 2015"
"Oats","Allocated overhead","General farm overhead","dollars per planted acre","No specific size","U.S. total","United States",2016,12.57,"Base survey of 2015"
"Oats","Allocated overhead","General farm overhead","dollars per planted acre","No specific size","U.S. total","United States",2017,12.65,"Base survey of 2015"
"Oats","Allocated overhead","General farm overhead","dollars per planted acre","No specific size","U.S. total","United States",2018,13.34,"Base survey of 2015"
"Oats","Allocated overhead","General farm overhead","dollars per planted acre","No specific size","U.S. total","United States",2019,13.73,"Base survey of 2015"
"Oats","Allocated overhead","General farm overhead","dollars per planted acre","No specific size","U.S. total","United States",2020,13.91,"Base survey of 2015"
"Oats","Allocated overhead","General farm overhead","dollars per planted acre","No specific size","U.S. total","United States",2021,14.8,"Base survey of 2015"
"Oats","Allocated overhead","General farm overhead","dollars per planted acre","No specific size","U.S. total","United States",2022,16.89,"Base survey of 2015"
"Oats","Allocated overhead","General farm overhead","dollars per planted acre","No specific size","U.S. total","United States",2023,17.79,"Base survey of 2023"
"Oats","Allocated overhead","General farm overhead","dollars per planted acre","No specific size","U.S. total","United States",2024,17.55,"Base survey of 2023"
"Oats","Allocated overhead","General farm overhead","dollars per planted acre","No specific size","Heartland","United States",2005,8.86,"Base survey of 2005"
"Oats","Allocated overhead","General farm overhead","dollars per planted acre","No specific size","Heartland","United States",2006,9.18,"Base survey of 2005"
"Oats","Allocated overhead","General farm overhead","dollars per planted acre","No specific size","Heartland","United States",2007,9.43,"Base survey of 2005"
"Oats","Allocated overhead","General farm overhead","dollars per planted acre","No specific size","Heartland","United States",2008,9.75,"Base survey of 2005"
"Oats","Allocated overhead","General farm overhead","dollars per planted acre","No specific size","Heartland","United States",2009,9.94,"Base survey of 2005"
"Oats","Allocated overhead","General farm overhead","dollars per planted acre","No specific size","Heartland","United States",2010,10.13,"Base survey of 2005"
"Oats","Allocated overhead","General farm overhead","dollars per planted acre","No specific size","Heartland","United States",2011,10.51,"Base survey of 2005"
"Oats","Allocated overhead","General farm overhead","dollars per planted acre","No specific size","Heartland","United States",2012,10.82,"Base survey of 2005"
"Oats","Allocated overhead","General farm overhead","dollars per planted acre","No specific size","Heartland","United States",2013,10.93,"Base survey of 2005"
"Oats","Allocated overhead","General farm overhead","dollars per planted acre","No specific size","Heartland","United States",2014,11.1,"Base survey of 2005"
"Oats","Allocated overhead","General farm overhead","dollars per planted acre","No specific size","Heartland","United States",2015,12.05,"Base survey of 2015"
"Oats","Allocated overhead","General farm overhead","dollars per planted acre","No specific size","Heartland","United States",2016,12.07,"Base survey of 2015"
"Oats","Allocated overhead","General farm overhead","dollars per planted acre","No specific size","Heartland","United States",2017,12.29,"Base survey of 2015"
"Oats","Allocated overhead","General farm overhead","dollars per planted acre","No specific size","Heartland","United States",2018,12.71,"Base survey of 2015"
"Oats","Allocated overhead","General farm overhead","dollars per planted acre","No specific size","Heartland","United States",2019,13.06,"Base survey of 2015"
"Oats","Allocated overhead","General farm overhead","dollars per planted acre","No specific size","Heartland","United States",2020,13.27,"Base survey of 2015"
"Oats","Allocated overhead","General farm overhead","dollars per planted acre","No specific size","Heartland","United States",2021,14.23,"Base survey of 2015"
"Oats","Allocated overhead","General farm overhead","dollars per planted acre","No specific size","Heartland","United States",2022,15.84,"Base survey of 2015"
"Oats","Allocated overhead","General farm overhead","dollars per planted acre","No specific size","Heartland","United States",2023,18.5,"Base survey of 2023"
"Oats","Allocated overhead","General farm overhead","dollars per planted acre","No specific size","Heartland","United States",2024,19.04,"Base survey of 2023"
"Oats","Allocated overhead","General farm overhead","dollars per planted acre","No specific size","Northern Crescent","United States",2005,8.61,"Base survey of 2005"
"Oats","Allocated overhead","General farm overhead","dollars per planted acre","No specific size","Northern Crescent","United States",2006,8.92,"Base survey of 2005"
"Oats","Allocated overhead","General farm overhead","dollars per planted acre","No specific size","Northern Crescent","United States",2007,9.16,"Base survey of 2005"
"Oats","Allocated overhead","General farm overhead","dollars per planted acre","No specific size","Northern Crescent","United States",2008,9.47,"Base survey of 2005"
"Oats","Allocated overhead","General farm overhead","dollars per planted acre","No specific size","Northern Crescent","United States",2009,9.66,"Base survey of 2005"
"Oats","Allocated overhead","General farm overhead","dollars per planted acre","No specific size","Northern Crescent","United States",2010,9.84,"Base survey of 2005"
"Oats","Allocated overhead","General farm overhead","dollars per planted acre","No specific size","Northern Crescent","United States",2011,10.21,"Base survey of 2005"
"Oats","Allocated overhead","General farm overhead","dollars per planted acre","No specific size","Northern Crescent","United States",2012,10.51,"Base survey of 2005"
"Oats","Allocated overhead","General farm overhead","dollars per planted acre","No specific size","Northern Crescent","United States",2013,10.62,"Base survey of 2005"
"Oats","Allocated overhead","General farm overhead","dollars per planted acre","No specific size","Northern Crescent","United States",2014,10.79,"Base survey of 2005"
"Oats","Allocated overhead","General farm overhead","dollars per planted acre","No specific size","Northern Crescent","United States",2015,13.09,"Base survey of 2015"
"Oats","Allocated overhead","General farm overhead","dollars per planted acre","No specific size","Northern Crescent","United States",2016,13.11,"Base survey of 2015"
"Oats","Allocated overhead","General farm overhead","dollars per planted acre","No specific size","Northern Crescent","United States",2017,13.35,"Base survey of 2015"
"Oats","Allocated overhead","General farm overhead","dollars per planted acre","No specific size","Northern Crescent","United States",2018,13.81,"Base survey of 2015"
"Oats","Allocated overhead","General farm overhead","dollars per planted acre","No specific size","Northern Crescent","United States",2019,14.19,"Base survey of 2015"
"Oats","Allocated overhead","General farm overhead","dollars per planted acre","No specific size","Northern Crescent","United States",2020,14.41,"Base survey of 2015"
"Oats","Allocated overhead","General farm overhead","dollars per planted acre","No specific size","Northern Crescent","United States",2021,15.45,"Base survey of 2015"
"Oats","Allocated overhead","General farm overhead","dollars per planted acre","No specific size","Northern Crescent","United States",2022,17.21,"Base survey of 2015"
"Oats","Allocated overhead","General farm overhead","dollars per planted acre","No specific size","Northern Crescent","United States",2023,26.55,"Base survey of 2023"
"Oats","Allocated overhead","General farm overhead","dollars per planted acre","No specific size","Northern Crescent","United States",2024,25.46,"Base survey of 2023"
"Oats","Allocated overhead","General farm overhead","dollars per planted acre","No specific size","Northern Great Plains","United States",2005,6.9,"Base survey of 2005"
"Oats","Allocated overhead","General farm overhead","dollars per planted acre","No specific size","Northern Great Plains","United States",2006,7.15,"Base survey of 2005"
"Oats","Allocated overhead","General farm overhead","dollars per planted acre","No specific size","Northern Great Plains","United States",2007,7.34,"Base survey of 2005"
"Oats","Allocated overhead","General farm overhead","dollars per planted acre","No specific size","Northern Great Plains","United States",2008,7.59,"Base survey of 2005"
"Oats","Allocated overhead","General farm overhead","dollars per planted acre","No specific size","Northern Great Plains","United States",2009,7.74,"Base survey of 2005"
"Oats","Allocated overhead","General farm overhead","dollars per planted acre","No specific size","Northern Great Plains","United States",2010,7.89,"Base survey of 2005"
"Oats","Allocated overhead","General farm overhead","dollars per planted acre","No specific size","Northern Great Plains","United States",2011,8.18,"Base survey of 2005"
"Oats","Allocated overhead","General farm overhead","dollars per planted acre","No specific size","Northern Great Plains","United States",2012,8.43,"Base survey of 2005"
"Oats","Allocated overhead","General farm overhead","dollars per planted acre","No specific size","Northern Great Plains","United States",2013,8.51,"Base survey of 2005"
"Oats","Allocated overhead","General farm overhead","dollars per planted acre","No specific size","Northern Great Plains","United States",2014,8.65,"Base survey of 2005"
"Oats","Allocated overhead","General farm overhead","dollars per planted acre","No specific size","Northern Great Plains","United States",2015,14.32,"Base survey of 2015"
"Oats","Allocated overhead","General farm overhead","dollars per planted acre","No specific size","Northern Great Plains","United States",2016,14.35,"Base survey of 2015"
"Oats","Allocated overhead","General farm overhead","dollars per planted acre","No specific size","Northern Great Plains","United States",2017,14.6,"Base survey of 2015"
"Oats","Allocated overhead","General farm overhead","dollars per planted acre","No specific size","Northern Great Plains","United States",2018,15.11,"Base survey of 2015"
"Oats","Allocated overhead","General farm overhead","dollars per planted acre","No specific size","Northern Great Plains","United States",2019,15.52,"Base survey of 2015"
"Oats","Allocated overhead","General farm overhead","dollars per planted acre","No specific size","Northern Great Plains","United States",2020,15.77,"Base survey of 2015"
"Oats","Allocated overhead","General farm overhead","dollars per planted acre","No specific size","Northern Great Plains","United States",2021,16.91,"Base survey of 2015"
"Oats","Allocated overhead","General farm overhead","dollars per planted acre","No specific size","Northern Great Plains","United States",2022,18.83,"Base survey of 2015"
"Oats","Allocated overhead","General farm overhead","dollars per planted acre","No specific size","Northern Great Plains","United States",2023,11.33,"Base survey of 2023"
"Oats","Allocated overhead","General farm overhead","dollars per planted acre","No specific size","Northern Great Plains","United States",2024,11.54,"Base survey of 2023"
"Oats","Allocated overhead","General farm overhead","dollars per planted acre","No specific size","Prairie Gateway","United States",2005,5.06,"Base survey of 2005"
"Oats","Allocated overhead","General farm overhead","dollars per planted acre","No specific size","Prairie Gateway","United States",2006,5.24,"Base survey of 2005"
"Oats","Allocated overhead","General farm overhead","dollars per planted acre","No specific size","Prairie Gateway","United States",2007,5.39,"Base survey of 2005"
"Oats","Allocated overhead","General farm overhead","dollars per planted acre","No specific size","Prairie Gateway","United States",2008,5.57,"Base survey of 2005"
"Oats","Allocated overhead","General farm overhead","dollars per planted acre","No specific size","Prairie Gateway","United States",2009,5.67,"Base survey of 2005"
"Oats","Allocated overhead","General farm overhead","dollars per planted acre","No specific size","Prairie Gateway","United States",2010,5.78,"Base survey of 2005"
"Oats","Allocated overhead","General farm overhead","dollars per planted acre","No specific size","Prairie Gateway","United States",2011,6,"Base survey of 2005"
"Oats","Allocated overhead","General farm overhead","dollars per planted acre","No specific size","Prairie Gateway","United States",2012,6.18,"Base survey of 2005"
"Oats","Allocated overhead","General farm overhead","dollars per planted acre","No specific size","Prairie Gateway","United States",2013,6.24,"Base survey of 2005"
"Oats","Allocated overhead","General farm overhead","dollars per planted acre","No specific size","Prairie Gateway","United States",2014,6.34,"Base survey of 2005"
"Oats","Allocated overhead","General farm overhead","dollars per planted acre","No specific size","Prairie Gateway","United States",2015,8.63,"Base survey of 2015"
"Oats","Allocated overhead","General farm overhead","dollars per planted acre","No specific size","Prairie Gateway","United States",2016,8.65,"Base survey of 2015"
"Oats","Allocated overhead","General farm overhead","dollars per planted acre","No specific size","Prairie Gateway","United States",2017,8.8,"Base survey of 2015"
"Oats","Allocated overhead","General farm overhead","dollars per planted acre","No specific size","Prairie Gateway","United States",2018,9.1,"Base survey of 2015"
"Oats","Allocated overhead","General farm overhead","dollars per planted acre","No specific size","Prairie Gateway","United States",2019,9.36,"Base survey of 2015"
"Oats","Allocated overhead","General farm overhead","dollars per planted acre","No specific size","Prairie Gateway","United States",2020,9.5,"Base survey of 2015"
"Oats","Allocated overhead","General farm overhead","dollars per planted acre","No specific size","Prairie Gateway","United States",2021,10.19,"Base survey of 2015"
"Oats","Allocated overhead","General farm overhead","dollars per planted acre","No specific size","Prairie Gateway","United States",2022,11.35,"Base survey of 2015"
"Oats","Allocated overhead","General farm overhead","dollars per planted acre","No specific size","Eastern Uplands","United States",2023,23.08,"Base survey of 2023"
"Oats","Allocated overhead","General farm overhead","dollars per planted acre","No specific size","Eastern Uplands","United States",2024,22.94,"Base survey of 2023"
"Oats","Allocated overhead","Total, allocated overhead","dollars per planted acre","No specific size","U.S. total","United States",2005,158.46,"Base survey of 2005"
"Oats","Allocated overhead","Total, allocated overhead","dollars per planted acre","No specific size","U.S. total","United States",2006,184.82,"Base survey of 2005"
"Oats","Allocated overhead","Total, allocated overhead","dollars per planted acre","No specific size","U.S. total","United States",2007,165.82,"Base survey of 2005"
"Oats","Allocated overhead","Total, allocated overhead","dollars per planted acre","No specific size","U.S. total","United States",2008,181.09,"Base survey of 2005"
"Oats","Allocated overhead","Total, allocated overhead","dollars per planted acre","No specific size","U.S. total","United States",2009,197.06,"Base survey of 2005"
"Oats","Allocated overhead","Total, allocated overhead","dollars per planted acre","No specific size","U.S. total","United States",2010,202.48,"Base survey of 2005"
"Oats","Allocated overhead","Total, allocated overhead","dollars per planted acre","No specific size","U.S. total","United States",2011,210.72,"Base survey of 2005"
"Oats","Allocated overhead","Total, allocated overhead","dollars per planted acre","No specific size","U.S. total","United States",2012,227.24,"Base survey of 2005"
"Oats","Allocated overhead","Total, allocated overhead","dollars per planted acre","No specific size","U.S. total","United States",2013,235.51,"Base survey of 2005"
"Oats","Allocated overhead","Total, allocated overhead","dollars per planted acre","No specific size","U.S. total","United States",2014,249.03,"Base survey of 2005"
"Oats","Allocated overhead","Total, allocated overhead","dollars per planted acre","No specific size","U.S. total","United States",2015,279.39,"Base survey of 2015"
"Oats","Allocated overhead","Total, allocated overhead","dollars per planted acre","No specific size","U.S. total","United States",2016,269.08,"Base survey of 2015"
"Oats","Allocated overhead","Total, allocated overhead","dollars per planted acre","No specific size","U.S. total","United States",2017,273.55,"Base survey of 2015"
"Oats","Allocated overhead","Total, allocated overhead","dollars per planted acre","No specific size","U.S. total","United States",2018,286.12,"Base survey of 2015"
"Oats","Allocated overhead","Total, allocated overhead","dollars per planted acre","No specific size","U.S. total","United States",2019,292.42,"Base survey of 2015"
"Oats","Allocated overhead","Total, allocated overhead","dollars per planted acre","No specific size","U.S. total","United States",2020,296.09,"Base survey of 2015"
"Oats","Allocated overhead","Total, allocated overhead","dollars per planted acre","No specific size","U.S. total","United States",2021,319.77,"Base survey of 2015"
"Oats","Allocated overhead","Total, allocated overhead","dollars per planted acre","No specific size","U.S. total","United States",2022,332.94,"Base survey of 2015"
"Oats","Allocated overhead","Total, allocated overhead","dollars per planted acre","No specific size","U.S. total","United States",2023,313.03,"Base survey of 2023"
"Oats","Allocated overhead","Total, allocated overhead","dollars per planted acre","No specific size","U.S. total","United States",2024,322.1,"Base survey of 2023"
"Oats","Allocated overhead","Total, allocated overhead","dollars per planted acre","No specific size","Heartland","United States",2005,180.24,"Base survey of 2005"
"Oats","Allocated overhead","Total, allocated overhead","dollars per planted acre","No specific size","Heartland","United States",2006,186.29,"Base survey of 2005"
"Oats","Allocated overhead","Total, allocated overhead","dollars per planted acre","No specific size","Heartland","United States",2007,189.11,"Base survey of 2005"
"Oats","Allocated overhead","Total, allocated overhead","dollars per planted acre","No specific size","Heartland","United States",2008,205.23,"Base survey of 2005"
"Oats","Allocated overhead","Total, allocated overhead","dollars per planted acre","No specific size","Heartland","United States",2009,224.28,"Base survey of 2005"
"Oats","Allocated overhead","Total, allocated overhead","dollars per planted acre","No specific size","Heartland","United States",2010,230.71,"Base survey of 2005"
"Oats","Allocated overhead","Total, allocated overhead","dollars per planted acre","No specific size","Heartland","United States",2011,245.85,"Base survey of 2005"
"Oats","Allocated overhead","Total, allocated overhead","dollars per planted acre","No specific size","Heartland","United States",2012,266.36,"Base survey of 2005"
"Oats","Allocated overhead","Total, allocated overhead","dollars per planted acre","No specific size","Heartland","United States",2013,281.19,"Base survey of 2005"
"Oats","Allocated overhead","Total, allocated overhead","dollars per planted acre","No specific size","Heartland","United States",2014,291.27,"Base survey of 2005"
"Oats","Allocated overhead","Total, allocated overhead","dollars per planted acre","No specific size","Heartland","United States",2015,333.57,"Base survey of 2015"
"Oats","Allocated overhead","Total, allocated overhead","dollars per planted acre","No specific size","Heartland","United States",2016,327.15,"Base survey of 2015"
"Oats","Allocated overhead","Total, allocated overhead","dollars per planted acre","No specific size","Heartland","United States",2017,331.12,"Base survey of 2015"
"Oats","Allocated overhead","Total, allocated overhead","dollars per planted acre","No specific size","Heartland","United States",2018,343.68,"Base survey of 2015"
"Oats","Allocated overhead","Total, allocated overhead","dollars per planted acre","No specific size","Heartland","United States",2019,348.23,"Base survey of 2015"
"Oats","Allocated overhead","Total, allocated overhead","dollars per planted acre","No specific size","Heartland","United States",2020,351.26,"Base survey of 2015"
"Oats","Allocated overhead","Total, allocated overhead","dollars per planted acre","No specific size","Heartland","United States",2021,376.6,"Base survey of 2015"
"Oats","Allocated overhead","Total, allocated overhead","dollars per planted acre","No specific size","Heartland","United States",2022,398.09,"Base survey of 2015"
"Oats","Allocated overhead","Total, allocated overhead","dollars per planted acre","No specific size","Heartland","United States",2023,412.1,"Base survey of 2023"
"Oats","Allocated overhead","Total, allocated overhead","dollars per planted acre","No specific size","Heartland","United States",2024,415.32,"Base survey of 2023"
"Oats","Allocated overhead","Total, allocated overhead","dollars per planted acre","No specific size","Northern Crescent","United States",2005,165.35,"Base survey of 2005"
"Oats","Allocated overhead","Total, allocated overhead","dollars per planted acre","No specific size","Northern Crescent","United States",2006,171.23,"Base survey of 2005"
"Oats","Allocated overhead","Total, allocated overhead","dollars per planted acre","No specific size","Northern Crescent","United States",2007,174.94,"Base survey of 2005"
"Oats","Allocated overhead","Total, allocated overhead","dollars per planted acre","No specific size","Northern Crescent","United States",2008,188.8,"Base survey of 2005"
"Oats","Allocated overhead","Total, allocated overhead","dollars per planted acre","No specific size","Northern Crescent","United States",2009,203.85,"Base survey of 2005"
"Oats","Allocated overhead","Total, allocated overhead","dollars per planted acre","No specific size","Northern Crescent","United States",2010,209.39,"Base survey of 2005"
"Oats","Allocated overhead","Total, allocated overhead","dollars per planted acre","No specific size","Northern Crescent","United States",2011,221.82,"Base survey of 2005"
"Oats","Allocated overhead","Total, allocated overhead","dollars per planted acre","No specific size","Northern Crescent","United States",2012,238.41,"Base survey of 2005"
"Oats","Allocated overhead","Total, allocated overhead","dollars per planted acre","No specific size","Northern Crescent","United States",2013,250.06,"Base survey of 2005"
"Oats","Allocated overhead","Total, allocated overhead","dollars per planted acre","No specific size","Northern Crescent","United States",2014,258.73,"Base survey of 2005"
"Oats","Allocated overhead","Total, allocated overhead","dollars per planted acre","No specific size","Northern Crescent","United States",2015,282.92,"Base survey of 2015"
"Oats","Allocated overhead","Total, allocated overhead","dollars per planted acre","No specific size","Northern Crescent","United States",2016,280.52,"Base survey of 2015"
"Oats","Allocated overhead","Total, allocated overhead","dollars per planted acre","No specific size","Northern Crescent","United States",2017,284.89,"Base survey of 2015"
"Oats","Allocated overhead","Total, allocated overhead","dollars per planted acre","No specific size","Northern Crescent","United States",2018,297.32,"Base survey of 2015"
"Oats","Allocated overhead","Total, allocated overhead","dollars per planted acre","No specific size","Northern Crescent","United States",2019,301.83,"Base survey of 2015"
"Oats","Allocated overhead","Total, allocated overhead","dollars per planted acre","No specific size","Northern Crescent","United States",2020,305.97,"Base survey of 2015"
"Oats","Allocated overhead","Total, allocated overhead","dollars per planted acre","No specific size","Northern Crescent","United States",2021,331.12,"Base survey of 2015"
"Oats","Allocated overhead","Total, allocated overhead","dollars per planted acre","No specific size","Northern Crescent","United States",2022,351.01,"Base survey of 2015"
"Oats","Allocated overhead","Total, allocated overhead","dollars per planted acre","No specific size","Northern Crescent","United States",2023,338.54,"Base survey of 2023"
"Oats","Allocated overhead","Total, allocated overhead","dollars per planted acre","No specific size","Northern Crescent","United States",2024,353.29,"Base survey of 2023"
"Oats","Allocated overhead","Total, allocated overhead","dollars per planted acre","No specific size","Northern Great Plains","United States",2005,132.95,"Base survey of 2005"
"Oats","Allocated overhead","Total, allocated overhead","dollars per planted acre","No specific size","Northern Great Plains","United States",2006,138.01,"Base survey of 2005"
"Oats","Allocated overhead","Total, allocated overhead","dollars per planted acre","No specific size","Northern Great Plains","United States",2007,146.48,"Base survey of 2005"
"Oats","Allocated overhead","Total, allocated overhead","dollars per planted acre","No specific size","Northern Great Plains","United States",2008,153.51,"Base survey of 2005"
"Oats","Allocated overhead","Total, allocated overhead","dollars per planted acre","No specific size","Northern Great Plains","United States",2009,165.88,"Base survey of 2005"
"Oats","Allocated overhead","Total, allocated overhead","dollars per planted acre","No specific size","Northern Great Plains","United States",2010,170.82,"Base survey of 2005"
"Oats","Allocated overhead","Total, allocated overhead","dollars per planted acre","No specific size","Northern Great Plains","United States",2011,181.49,"Base survey of 2005"
"Oats","Allocated overhead","Total, allocated overhead","dollars per planted acre","No specific size","Northern Great Plains","United States",2012,194.73,"Base survey of 2005"
"Oats","Allocated overhead","Total, allocated overhead","dollars per planted acre","No specific size","Northern Great Plains","United States",2013,203.95,"Base survey of 2005"
"Oats","Allocated overhead","Total, allocated overhead","dollars per planted acre","No specific size","Northern Great Plains","United States",2014,211.29,"Base survey of 2005"
"Oats","Allocated overhead","Total, allocated overhead","dollars per planted acre","No specific size","Northern Great Plains","United States",2015,237.49,"Base survey of 2015"
"Oats","Allocated overhead","Total, allocated overhead","dollars per planted acre","No specific size","Northern Great Plains","United States",2016,234.68,"Base survey of 2015"
"Oats","Allocated overhead","Total, allocated overhead","dollars per planted acre","No specific size","Northern Great Plains","United States",2017,238.12,"Base survey of 2015"
"Oats","Allocated overhead","Total, allocated overhead","dollars per planted acre","No specific size","Northern Great Plains","United States",2018,248.49,"Base survey of 2015"
"Oats","Allocated overhead","Total, allocated overhead","dollars per planted acre","No specific size","Northern Great Plains","United States",2019,250.04,"Base survey of 2015"
"Oats","Allocated overhead","Total, allocated overhead","dollars per planted acre","No specific size","Northern Great Plains","United States",2020,252.62,"Base survey of 2015"
"Oats","Allocated overhead","Total, allocated overhead","dollars per planted acre","No specific size","Northern Great Plains","United States",2021,277,"Base survey of 2015"
"Oats","Allocated overhead","Total, allocated overhead","dollars per planted acre","No specific size","Northern Great Plains","United States",2022,292.93,"Base survey of 2015"
"Oats","Allocated overhead","Total, allocated overhead","dollars per planted acre","No specific size","Northern Great Plains","United States",2023,264.17,"Base survey of 2023"
"Oats","Allocated overhead","Total, allocated overhead","dollars per planted acre","No specific size","Northern Great Plains","United States",2024,276.73,"Base survey of 2023"
"Oats","Allocated overhead","Total, allocated overhead","dollars per planted acre","No specific size","Prairie Gateway","United States",2005,111.41,"Base survey of 2005"
"Oats","Allocated overhead","Total, allocated overhead","dollars per planted acre","No specific size","Prairie Gateway","United States",2006,115.58,"Base survey of 2005"
"Oats","Allocated overhead","Total, allocated overhead","dollars per planted acre","No specific size","Prairie Gateway","United States",2007,118.79,"Base survey of 2005"
"Oats","Allocated overhead","Total, allocated overhead","dollars per planted acre","No specific size","Prairie Gateway","United States",2008,128.4,"Base survey of 2005"
"Oats","Allocated overhead","Total, allocated overhead","dollars per planted acre","No specific size","Prairie Gateway","United States",2009,137.95,"Base survey of 2005"
"Oats","Allocated overhead","Total, allocated overhead","dollars per planted acre","No specific size","Prairie Gateway","United States",2010,141.83,"Base survey of 2005"
"Oats","Allocated overhead","Total, allocated overhead","dollars per planted acre","No specific size","Prairie Gateway","United States",2011,150.19,"Base survey of 2005"
"Oats","Allocated overhead","Total, allocated overhead","dollars per planted acre","No specific size","Prairie Gateway","United States",2012,160.82,"Base survey of 2005"
"Oats","Allocated overhead","Total, allocated overhead","dollars per planted acre","No specific size","Prairie Gateway","United States",2013,168.16,"Base survey of 2005"
"Oats","Allocated overhead","Total, allocated overhead","dollars per planted acre","No specific size","Prairie Gateway","United States",2014,174.3,"Base survey of 2005"
"Oats","Allocated overhead","Total, allocated overhead","dollars per planted acre","No specific size","Prairie Gateway","United States",2015,182.31,"Base survey of 2015"
"Oats","Allocated overhead","Total, allocated overhead","dollars per planted acre","No specific size","Prairie Gateway","United States",2016,182.59,"Base survey of 2015"
"Oats","Allocated overhead","Total, allocated overhead","dollars per planted acre","No specific size","Prairie Gateway","United States",2017,186.04,"Base survey of 2015"
"Oats","Allocated overhead","Total, allocated overhead","dollars per planted acre","No specific size","Prairie Gateway","United States",2018,195.45,"Base survey of 2015"
"Oats","Allocated overhead","Total, allocated overhead","dollars per planted acre","No specific size","Prairie Gateway","United States",2019,197.54,"Base survey of 2015"
"Oats","Allocated overhead","Total, allocated overhead","dollars per planted acre","No specific size","Prairie Gateway","United States",2020,200.85,"Base survey of 2015"
"Oats","Allocated overhead","Total, allocated overhead","dollars per planted acre","No specific size","Prairie Gateway","United States",2021,221.83,"Base survey of 2015"
"Oats","Allocated overhead","Total, allocated overhead","dollars per planted acre","No specific size","Prairie Gateway","United States",2022,235.17,"Base survey of 2015"
"Oats","Allocated overhead","Total, allocated overhead","dollars per planted acre","No specific size","Eastern Uplands","United States",2023,287.58,"Base survey of 2023"
"Oats","Allocated overhead","Total, allocated overhead","dollars per planted acre","No specific size","Eastern Uplands","United States",2024,300.45,"Base survey of 2023"
"Oats","Costs listed","Total, costs listed","dollars per planted acre","No specific size","U.S. total","United States",2005,230.35,"Base survey of 2005"
"Oats","Costs listed","Total, costs listed","dollars per planted acre","No specific size","U.S. total","United States",2006,280.5,"Base survey of 2005"
"Oats","Costs listed","Total, costs listed","dollars per planted acre","No specific size","U.S. total","United States",2007,247.43,"Base survey of 2005"
"Oats","Costs listed","Total, costs listed","dollars per planted acre","No specific size","U.S. total","United States",2008,294.23,"Base survey of 2005"
"Oats","Costs listed","Total, costs listed","dollars per planted acre","No specific size","U.S. total","United States",2009,298.84,"Base survey of 2005"
"Oats","Costs listed","Total, costs listed","dollars per planted acre","No specific size","U.S. total","United States",2010,298.01,"Base survey of 2005"
"Oats","Costs listed","Total, costs listed","dollars per planted acre","No specific size","U.S. total","United States",2011,323.53,"Base survey of 2005"
"Oats","Costs listed","Total, costs listed","dollars per planted acre","No specific size","U.S. total","United States",2012,347.99,"Base survey of 2005"
"Oats","Costs listed","Total, costs listed","dollars per planted acre","No specific size","U.S. total","United States",2013,349.6,"Base survey of 2005"
"Oats","Costs listed","Total, costs listed","dollars per planted acre","No specific size","U.S. total","United States",2014,366.33,"Base survey of 2005"
"Oats","Costs listed","Total, costs listed","dollars per planted acre","No specific size","U.S. total","United States",2015,414.76,"Base survey of 2015"
"Oats","Costs listed","Total, costs listed","dollars per planted acre","No specific size","U.S. total","United States",2016,391.78,"Base survey of 2015"
"Oats","Costs listed","Total, costs listed","dollars per planted acre","No specific size","U.S. total","United States",2017,393.78,"Base survey of 2015"
"Oats","Costs listed","Total, costs listed","dollars per planted acre","No specific size","U.S. total","United States",2018,410.43,"Base survey of 2015"
"Oats","Costs listed","Total, costs listed","dollars per planted acre","No specific size","U.S. total","United States",2019,420.3,"Base survey of 2015"
"Oats","Costs listed","Total, costs listed","dollars per planted acre","No specific size","U.S. total","United States",2020,414.6,"Base survey of 2015"
"Oats","Costs listed","Total, costs listed","dollars per planted acre","No specific size","U.S. total","United States",2021,452.91,"Base survey of 2015"
"Oats","Costs listed","Total, costs listed","dollars per planted acre","No specific size","U.S. total","United States",2022,527.78,"Base survey of 2015"
"Oats","Costs listed","Total, costs listed","dollars per planted acre","No specific size","U.S. total","United States",2023,495.93,"Base survey of 2023"
"Oats","Costs listed","Total, costs listed","dollars per planted acre","No specific size","U.S. total","United States",2024,490.22,"Base survey of 2023"
"Oats","Costs listed","Total, costs listed","dollars per planted acre","No specific size","Heartland","United States",2005,253.55,"Base survey of 2005"
"Oats","Costs listed","Total, costs listed","dollars per planted acre","No specific size","Heartland","United States",2006,264.17,"Base survey of 2005"
"Oats","Costs listed","Total, costs listed","dollars per planted acre","No specific size","Heartland","United States",2007,276.3,"Base survey of 2005"
"Oats","Costs listed","Total, costs listed","dollars per planted acre","No specific size","Heartland","United States",2008,317.18,"Base survey of 2005"
"Oats","Costs listed","Total, costs listed","dollars per planted acre","No specific size","Heartland","United States",2009,325.81,"Base survey of 2005"
"Oats","Costs listed","Total, costs listed","dollars per planted acre","No specific size","Heartland","United States",2010,326.66,"Base survey of 2005"
"Oats","Costs listed","Total, costs listed","dollars per planted acre","No specific size","Heartland","United States",2011,358.48,"Base survey of 2005"
"Oats","Costs listed","Total, costs listed","dollars per planted acre","No specific size","Heartland","United States",2012,385.71,"Base survey of 2005"
"Oats","Costs listed","Total, costs listed","dollars per planted acre","No specific size","Heartland","United States",2013,401.09,"Base survey of 2005"
"Oats","Costs listed","Total, costs listed","dollars per planted acre","No specific size","Heartland","United States",2014,410.67,"Base survey of 2005"
"Oats","Costs listed","Total, costs listed","dollars per planted acre","No specific size","Heartland","United States",2015,455.63,"Base survey of 2015"
"Oats","Costs listed","Total, costs listed","dollars per planted acre","No specific size","Heartland","United States",2016,440.14,"Base survey of 2015"
"Oats","Costs listed","Total, costs listed","dollars per planted acre","No specific size","Heartland","United States",2017,442.17,"Base survey of 2015"
"Oats","Costs listed","Total, costs listed","dollars per planted acre","No specific size","Heartland","United States",2018,458.43,"Base survey of 2015"
"Oats","Costs listed","Total, costs listed","dollars per planted acre","No specific size","Heartland","United States",2019,465.56,"Base survey of 2015"
"Oats","Costs listed","Total, costs listed","dollars per planted acre","No specific size","Heartland","United States",2020,461.38,"Base survey of 2015"
"Oats","Costs listed","Total, costs listed","dollars per planted acre","No specific size","Heartland","United States",2021,500.19,"Base survey of 2015"
"Oats","Costs listed","Total, costs listed","dollars per planted acre","No specific size","Heartland","United States",2022,576.11,"Base survey of 2015"
"Oats","Costs listed","Total, costs listed","dollars per planted acre","No specific size","Heartland","United States",2023,585.49,"Base survey of 2023"
"Oats","Costs listed","Total, costs listed","dollars per planted acre","No specific size","Heartland","United States",2024,575.52,"Base survey of 2023"
"Oats","Costs listed","Total, costs listed","dollars per planted acre","No specific size","Northern Crescent","United States",2005,251,"Base survey of 2005"
"Oats","Costs listed","Total, costs listed","dollars per planted acre","No specific size","Northern Crescent","United States",2006,262.49,"Base survey of 2005"
"Oats","Costs listed","Total, costs listed","dollars per planted acre","No specific size","Northern Crescent","United States",2007,278.48,"Base survey of 2005"
"Oats","Costs listed","Total, costs listed","dollars per planted acre","No specific size","Northern Crescent","United States",2008,327.57,"Base survey of 2005"
"Oats","Costs listed","Total, costs listed","dollars per planted acre","No specific size","Northern Crescent","United States",2009,328.83,"Base survey of 2005"
"Oats","Costs listed","Total, costs listed","dollars per planted acre","No specific size","Northern Crescent","United States",2010,324.39,"Base survey of 2005"
"Oats","Costs listed","Total, costs listed","dollars per planted acre","No specific size","Northern Crescent","United States",2011,360.07,"Base survey of 2005"
"Oats","Costs listed","Total, costs listed","dollars per planted acre","No specific size","Northern Crescent","United States",2012,385.16,"Base survey of 2005"
"Oats","Costs listed","Total, costs listed","dollars per planted acre","No specific size","Northern Crescent","United States",2013,396.34,"Base survey of 2005"
"Oats","Costs listed","Total, costs listed","dollars per planted acre","No specific size","Northern Crescent","United States",2014,403.33,"Base survey of 2005"
"Oats","Costs listed","Total, costs listed","dollars per planted acre","No specific size","Northern Crescent","United States",2015,430.85,"Base survey of 2015"
"Oats","Costs listed","Total, costs listed","dollars per planted acre","No specific size","Northern Crescent","United States",2016,416.62,"Base survey of 2015"
"Oats","Costs listed","Total, costs listed","dollars per planted acre","No specific size","Northern Crescent","United States",2017,418.31,"Base survey of 2015"
"Oats","Costs listed","Total, costs listed","dollars per planted acre","No specific size","Northern Crescent","United States",2018,435.51,"Base survey of 2015"
"Oats","Costs listed","Total, costs listed","dollars per planted acre","No specific size","Northern Crescent","United States",2019,443.29,"Base survey of 2015"
"Oats","Costs listed","Total, costs listed","dollars per planted acre","No specific size","Northern Crescent","United States",2020,437.93,"Base survey of 2015"
"Oats","Costs listed","Total, costs listed","dollars per planted acre","No specific size","Northern Crescent","United States",2021,480.17,"Base survey of 2015"
"Oats","Costs listed","Total, costs listed","dollars per planted acre","No specific size","Northern Crescent","United States",2022,570.15,"Base survey of 2015"
"Oats","Costs listed","Total, costs listed","dollars per planted acre","No specific size","Northern Crescent","United States",2023,551.64,"Base survey of 2023"
"Oats","Costs listed","Total, costs listed","dollars per planted acre","No specific size","Northern Crescent","United States",2024,547.89,"Base survey of 2023"
"Oats","Costs listed","Total, costs listed","dollars per planted acre","No specific size","Northern Great Plains","United States",2005,181.62,"Base survey of 2005"
"Oats","Costs listed","Total, costs listed","dollars per planted acre","No specific size","Northern Great Plains","United States",2006,189.77,"Base survey of 2005"
"Oats","Costs listed","Total, costs listed","dollars per planted acre","No specific size","Northern Great Plains","United States",2007,204.12,"Base survey of 2005"
"Oats","Costs listed","Total, costs listed","dollars per planted acre","No specific size","Northern Great Plains","United States",2008,226.6,"Base survey of 2005"
"Oats","Costs listed","Total, costs listed","dollars per planted acre","No specific size","Northern Great Plains","United States",2009,231.54,"Base survey of 2005"
"Oats","Costs listed","Total, costs listed","dollars per planted acre","No specific size","Northern Great Plains","United States",2010,233.98,"Base survey of 2005"
"Oats","Costs listed","Total, costs listed","dollars per planted acre","No specific size","Northern Great Plains","United States",2011,255.57,"Base survey of 2005"
"Oats","Costs listed","Total, costs listed","dollars per planted acre","No specific size","Northern Great Plains","United States",2012,273.06,"Base survey of 2005"
"Oats","Costs listed","Total, costs listed","dollars per planted acre","No specific size","Northern Great Plains","United States",2013,282.35,"Base survey of 2005"
"Oats","Costs listed","Total, costs listed","dollars per planted acre","No specific size","Northern Great Plains","United States",2014,289.3,"Base survey of 2005"
"Oats","Costs listed","Total, costs listed","dollars per planted acre","No specific size","Northern Great Plains","United States",2015,356.92,"Base survey of 2015"
"Oats","Costs listed","Total, costs listed","dollars per planted acre","No specific size","Northern Great Plains","United States",2016,346.3,"Base survey of 2015"
"Oats","Costs listed","Total, costs listed","dollars per planted acre","No specific size","Northern Great Plains","United States",2017,347.15,"Base survey of 2015"
"Oats","Costs listed","Total, costs listed","dollars per planted acre","No specific size","Northern Great Plains","United States",2018,360.91,"Base survey of 2015"
"Oats","Costs listed","Total, costs listed","dollars per planted acre","No specific size","Northern Great Plains","United States",2019,365.12,"Base survey of 2015"
"Oats","Costs listed","Total, costs listed","dollars per planted acre","No specific size","Northern Great Plains","United States",2020,360.79,"Base survey of 2015"
"Oats","Costs listed","Total, costs listed","dollars per planted acre","No specific size","Northern Great Plains","United States",2021,397.66,"Base survey of 2015"
"Oats","Costs listed","Total, costs listed","dollars per planted acre","No specific size","Northern Great Plains","United States",2022,468.85,"Base survey of 2015"
"Oats","Costs listed","Total, costs listed","dollars per planted acre","No specific size","Northern Great Plains","United States",2023,426.58,"Base survey of 2023"
"Oats","Costs listed","Total, costs listed","dollars per planted acre","No specific size","Northern Great Plains","United States",2024,426.09,"Base survey of 2023"
"Oats","Costs listed","Total, costs listed","dollars per planted acre","No specific size","Prairie Gateway","United States",2005,176.67,"Base survey of 2005"
"Oats","Costs listed","Total, costs listed","dollars per planted acre","No specific size","Prairie Gateway","United States",2006,185.14,"Base survey of 2005"
"Oats","Costs listed","Total, costs listed","dollars per planted acre","No specific size","Prairie Gateway","United States",2007,199.28,"Base survey of 2005"
"Oats","Costs listed","Total, costs listed","dollars per planted acre","No specific size","Prairie Gateway","United States",2008,242.77,"Base survey of 2005"
"Oats","Costs listed","Total, costs listed","dollars per planted acre","No specific size","Prairie Gateway","United States",2009,242.16,"Base survey of 2005"
"Oats","Costs listed","Total, costs listed","dollars per planted acre","No specific size","Prairie Gateway","United States",2010,232.71,"Base survey of 2005"
"Oats","Costs listed","Total, costs listed","dollars per planted acre","No specific size","Prairie Gateway","United States",2011,262.52,"Base survey of 2005"
"Oats","Costs listed","Total, costs listed","dollars per planted acre","No specific size","Prairie Gateway","United States",2012,280.53,"Base survey of 2005"
"Oats","Costs listed","Total, costs listed","dollars per planted acre","No specific size","Prairie Gateway","United States",2013,286.88,"Base survey of 2005"
"Oats","Costs listed","Total, costs listed","dollars per planted acre","No specific size","Prairie Gateway","United States",2014,290.53,"Base survey of 2005"
"Oats","Costs listed","Total, costs listed","dollars per planted acre","No specific size","Prairie Gateway","United States",2015,304.09,"Base survey of 2015"
"Oats","Costs listed","Total, costs listed","dollars per planted acre","No specific size","Prairie Gateway","United States",2016,294.78,"Base survey of 2015"
"Oats","Costs listed","Total, costs listed","dollars per planted acre","No specific size","Prairie Gateway","United States",2017,295.25,"Base survey of 2015"
"Oats","Costs listed","Total, costs listed","dollars per planted acre","No specific size","Prairie Gateway","United States",2018,308.13,"Base survey of 2015"
"Oats","Costs listed","Total, costs listed","dollars per planted acre","No specific size","Prairie Gateway","United States",2019,313.29,"Base survey of 2015"
"Oats","Costs listed","Total, costs listed","dollars per planted acre","No specific size","Prairie Gateway","United States",2020,309.22,"Base survey of 2015"
"Oats","Costs listed","Total, costs listed","dollars per planted acre","No specific size","Prairie Gateway","United States",2021,343.6,"Base survey of 2015"
"Oats","Costs listed","Total, costs listed","dollars per planted acre","No specific size","Prairie Gateway","United States",2022,414.93,"Base survey of 2015"
"Oats","Costs listed","Total, costs listed","dollars per planted acre","No specific size","Eastern Uplands","United States",2023,519.62,"Base survey of 2023"
"Oats","Costs listed","Total, costs listed","dollars per planted acre","No specific size","Eastern Uplands","United States",2024,510.34,"Base survey of 2023"
"Oats","Net value","Value of production less total costs listed","dollars per planted acre","No specific size","U.S. total","United States",2005,-81.79,"Base survey of 2005"
"Oats","Net value","Value of production less total costs listed","dollars per planted acre","No specific size","U.S. total","United States",2006,-114.39,"Base survey of 2005"
"Oats","Net value","Value of production less total costs listed","dollars per planted acre","No specific size","U.S. total","United States",2007,-34.16,"Base survey of 2005"
"Oats","Net value","Value of production less total costs listed","dollars per planted acre","No specific size","U.S. total","United States",2008,31.64,"Base survey of 2005"
"Oats","Net value","Value of production less total costs listed","dollars per planted acre","No specific size","U.S. total","United States",2009,-63.09,"Base survey of 2005"
"Oats","Net value","Value of production less total costs listed","dollars per planted acre","No specific size","U.S. total","United States",2010,-104.99,"Base survey of 2005"
"Oats","Net value","Value of production less total costs listed","dollars per planted acre","No specific size","U.S. total","United States",2011,-40.25,"Base survey of 2005"
"Oats","Net value","Value of production less total costs listed","dollars per planted acre","No specific size","U.S. total","United States",2012,-8.05,"Base survey of 2005"
"Oats","Net value","Value of production less total costs listed","dollars per planted acre","No specific size","U.S. total","United States",2013,28.63,"Base survey of 2005"
"Oats","Net value","Value of production less total costs listed","dollars per planted acre","No specific size","U.S. total","United States",2014,3.94,"Base survey of 2005"
"Oats","Net value","Value of production less total costs listed","dollars per planted acre","No specific size","U.S. total","United States",2015,-165,"Base survey of 2015"
"Oats","Net value","Value of production less total costs listed","dollars per planted acre","No specific size","U.S. total","United States",2016,-184.67,"Base survey of 2015"
"Oats","Net value","Value of production less total costs listed","dollars per planted acre","No specific size","U.S. total","United States",2017,-166.33,"Base survey of 2015"
"Oats","Net value","Value of production less total costs listed","dollars per planted acre","No specific size","U.S. total","United States",2018,-145.82,"Base survey of 2015"
"Oats","Net value","Value of production less total costs listed","dollars per planted acre","No specific size","U.S. total","United States",2019,-135.69,"Base survey of 2015"
"Oats","Net value","Value of production less total costs listed","dollars per planted acre","No specific size","U.S. total","United States",2020,-141.2,"Base survey of 2015"
"Oats","Net value","Value of production less total costs listed","dollars per planted acre","No specific size","U.S. total","United States",2021,-132.61,"Base survey of 2015"
"Oats","Net value","Value of production less total costs listed","dollars per planted acre","No specific size","U.S. total","United States",2022,-81.67,"Base survey of 2015"
"Oats","Net value","Value of production less total costs listed","dollars per planted acre","No specific size","U.S. total","United States",2023,-167.2,"Base survey of 2023"
"Oats","Net value","Value of production less total costs listed","dollars per planted acre","No specific size","U.S. total","United States",2024,-199.37,"Base survey of 2023"
"Oats","Net value","Value of production less total costs listed","dollars per planted acre","No specific size","Heartland","United States",2005,-60.29,"Base survey of 2005"
"Oats","Net value","Value of production less total costs listed","dollars per planted acre","No specific size","Heartland","United States",2006,-134.93,"Base survey of 2005"
"Oats","Net value","Value of production less total costs listed","dollars per planted acre","No specific size","Heartland","United States",2007,-61.04,"Base survey of 2005"
"Oats","Net value","Value of production less total costs listed","dollars per planted acre","No specific size","Heartland","United States",2008,-11.59,"Base survey of 2005"
"Oats","Net value","Value of production less total costs listed","dollars per planted acre","No specific size","Heartland","United States",2009,-105.87,"Base survey of 2005"
"Oats","Net value","Value of production less total costs listed","dollars per planted acre","No specific size","Heartland","United States",2010,-150.2,"Base survey of 2005"
"Oats","Net value","Value of production less total costs listed","dollars per planted acre","No specific size","Heartland","United States",2011,-100.6,"Base survey of 2005"
"Oats","Net value","Value of production less total costs listed","dollars per planted acre","No specific size","Heartland","United States",2012,-81.44,"Base survey of 2005"
"Oats","Net value","Value of production less total costs listed","dollars per planted acre","No specific size","Heartland","United States",2013,-63.01,"Base survey of 2005"
"Oats","Net value","Value of production less total costs listed","dollars per planted acre","No specific size","Heartland","United States",2014,-69.35,"Base survey of 2005"
"Oats","Net value","Value of production less total costs listed","dollars per planted acre","No specific size","Heartland","United States",2015,-172.62,"Base survey of 2015"
"Oats","Net value","Value of production less total costs listed","dollars per planted acre","No specific size","Heartland","United States",2016,-184.54,"Base survey of 2015"
"Oats","Net value","Value of production less total costs listed","dollars per planted acre","No specific size","Heartland","United States",2017,-174.12,"Base survey of 2015"
"Oats","Net value","Value of production less total costs listed","dollars per planted acre","No specific size","Heartland","United States",2018,-175.5,"Base survey of 2015"
"Oats","Net value","Value of production less total costs listed","dollars per planted acre","No specific size","Heartland","United States",2019,-156.44,"Base survey of 2015"
"Oats","Net value","Value of production less total costs listed","dollars per planted acre","No specific size","Heartland","United States",2020,-144.54,"Base survey of 2015"
"Oats","Net value","Value of production less total costs listed","dollars per planted acre","No specific size","Heartland","United States",2021,-120.09,"Base survey of 2015"
"Oats","Net value","Value of production less total costs listed","dollars per planted acre","No specific size","Heartland","United States",2022,-43.3,"Base survey of 2015"
"Oats","Net value","Value of production less total costs listed","dollars per planted acre","No specific size","Heartland","United States",2023,-134.92,"Base survey of 2023"
"Oats","Net value","Value of production less total costs listed","dollars per planted acre","No specific size","Heartland","United States",2024,-225.46,"Base survey of 2023"
"Oats","Net value","Value of production less total costs listed","dollars per planted acre","No specific size","Northern Crescent","United States",2005,-110.28,"Base survey of 2005"
"Oats","Net value","Value of production less total costs listed","dollars per planted acre","No specific size","Northern Crescent","United States",2006,-89.29,"Base survey of 2005"
"Oats","Net value","Value of production less total costs listed","dollars per planted acre","No specific size","Northern Crescent","United States",2007,-65.25,"Base survey of 2005"
"Oats","Net value","Value of production less total costs listed","dollars per planted acre","No specific size","Northern Crescent","United States",2008,12.02,"Base survey of 2005"
"Oats","Net value","Value of production less total costs listed","dollars per planted acre","No specific size","Northern Crescent","United States",2009,-79.79,"Base survey of 2005"
"Oats","Net value","Value of production less total costs listed","dollars per planted acre","No specific size","Northern Crescent","United States",2010,-119.27,"Base survey of 2005"
"Oats","Net value","Value of production less total costs listed","dollars per planted acre","No specific size","Northern Crescent","United States",2011,-56.21,"Base survey of 2005"
"Oats","Net value","Value of production less total costs listed","dollars per planted acre","No specific size","Northern Crescent","United States",2012,-32.65,"Base survey of 2005"
"Oats","Net value","Value of production less total costs listed","dollars per planted acre","No specific size","Northern Crescent","United States",2013,-10.66,"Base survey of 2005"
"Oats","Net value","Value of production less total costs listed","dollars per planted acre","No specific size","Northern Crescent","United States",2014,-57.46,"Base survey of 2005"
"Oats","Net value","Value of production less total costs listed","dollars per planted acre","No specific size","Northern Crescent","United States",2015,-172.13,"Base survey of 2015"
"Oats","Net value","Value of production less total costs listed","dollars per planted acre","No specific size","Northern Crescent","United States",2016,-196.62,"Base survey of 2015"
"Oats","Net value","Value of production less total costs listed","dollars per planted acre","No specific size","Northern Crescent","United States",2017,-183.98,"Base survey of 2015"
"Oats","Net value","Value of production less total costs listed","dollars per planted acre","No specific size","Northern Crescent","United States",2018,-159.2,"Base survey of 2015"
"Oats","Net value","Value of production less total costs listed","dollars per planted acre","No specific size","Northern Crescent","United States",2019,-162.29,"Base survey of 2015"
"Oats","Net value","Value of production less total costs listed","dollars per planted acre","No specific size","Northern Crescent","United States",2020,-161.2,"Base survey of 2015"
"Oats","Net value","Value of production less total costs listed","dollars per planted acre","No specific size","Northern Crescent","United States",2021,-126.1,"Base survey of 2015"
"Oats","Net value","Value of production less total costs listed","dollars per planted acre","No specific size","Northern Crescent","United States",2022,-126.29,"Base survey of 2015"
"Oats","Net value","Value of production less total costs listed","dollars per planted acre","No specific size","Northern Crescent","United States",2023,-253.55,"Base survey of 2023"
"Oats","Net value","Value of production less total costs listed","dollars per planted acre","No specific size","Northern Crescent","United States",2024,-277.03,"Base survey of 2023"
"Oats","Net value","Value of production less total costs listed","dollars per planted acre","No specific size","Northern Great Plains","United States",2005,-76.65,"Base survey of 2005"
"Oats","Net value","Value of production less total costs listed","dollars per planted acre","No specific size","Northern Great Plains","United States",2006,-105.03,"Base survey of 2005"
"Oats","Net value","Value of production less total costs listed","dollars per planted acre","No specific size","Northern Great Plains","United States",2007,-21.96,"Base survey of 2005"
"Oats","Net value","Value of production less total costs listed","dollars per planted acre","No specific size","Northern Great Plains","United States",2008,26.32,"Base survey of 2005"
"Oats","Net value","Value of production less total costs listed","dollars per planted acre","No specific size","Northern Great Plains","United States",2009,-51.06,"Base survey of 2005"
"Oats","Net value","Value of production less total costs listed","dollars per planted acre","No specific size","Northern Great Plains","United States",2010,-80.98,"Base survey of 2005"
"Oats","Net value","Value of production less total costs listed","dollars per planted acre","No specific size","Northern Great Plains","United States",2011,-20.67,"Base survey of 2005"
"Oats","Net value","Value of production less total costs listed","dollars per planted acre","No specific size","Northern Great Plains","United States",2012,9.19,"Base survey of 2005"
"Oats","Net value","Value of production less total costs listed","dollars per planted acre","No specific size","Northern Great Plains","United States",2013,57.48,"Base survey of 2005"
"Oats","Net value","Value of production less total costs listed","dollars per planted acre","No specific size","Northern Great Plains","United States",2014,49.3,"Base survey of 2005"
"Oats","Net value","Value of production less total costs listed","dollars per planted acre","No specific size","Northern Great Plains","United States",2015,-154.24,"Base survey of 2015"
"Oats","Net value","Value of production less total costs listed","dollars per planted acre","No specific size","Northern Great Plains","United States",2016,-171.91,"Base survey of 2015"
"Oats","Net value","Value of production less total costs listed","dollars per planted acre","No specific size","Northern Great Plains","United States",2017,-152.96,"Base survey of 2015"
"Oats","Net value","Value of production less total costs listed","dollars per planted acre","No specific size","Northern Great Plains","United States",2018,-130.14,"Base survey of 2015"
"Oats","Net value","Value of production less total costs listed","dollars per planted acre","No specific size","Northern Great Plains","United States",2019,-107.37,"Base survey of 2015"
"Oats","Net value","Value of production less total costs listed","dollars per planted acre","No specific size","Northern Great Plains","United States",2020,-121.86,"Base survey of 2015"
"Oats","Net value","Value of production less total costs listed","dollars per planted acre","No specific size","Northern Great Plains","United States",2021,-156.75,"Base survey of 2015"
"Oats","Net value","Value of production less total costs listed","dollars per planted acre","No specific size","Northern Great Plains","United States",2022,-65.71,"Base survey of 2015"
"Oats","Net value","Value of production less total costs listed","dollars per planted acre","No specific size","Northern Great Plains","United States",2023,-138.28,"Base survey of 2023"
"Oats","Net value","Value of production less total costs listed","dollars per planted acre","No specific size","Northern Great Plains","United States",2024,-122.49,"Base survey of 2023"
"Oats","Net value","Value of production less total costs listed","dollars per planted acre","No specific size","Prairie Gateway","United States",2005,-86.14,"Base survey of 2005"
"Oats","Net value","Value of production less total costs listed","dollars per planted acre","No specific size","Prairie Gateway","United States",2006,-102.88,"Base survey of 2005"
"Oats","Net value","Value of production less total costs listed","dollars per planted acre","No specific size","Prairie Gateway","United States",2007,-63.97,"Base survey of 2005"
"Oats","Net value","Value of production less total costs listed","dollars per planted acre","No specific size","Prairie Gateway","United States",2008,-15.67,"Base survey of 2005"
"Oats","Net value","Value of production less total costs listed","dollars per planted acre","No specific size","Prairie Gateway","United States",2009,-80.47,"Base survey of 2005"
"Oats","Net value","Value of production less total costs listed","dollars per planted acre","No specific size","Prairie Gateway","United States",2010,-109.37,"Base survey of 2005"
"Oats","Net value","Value of production less total costs listed","dollars per planted acre","No specific size","Prairie Gateway","United States",2011,-77.72,"Base survey of 2005"
"Oats","Net value","Value of production less total costs listed","dollars per planted acre","No specific size","Prairie Gateway","United States",2012,-29.23,"Base survey of 2005"
"Oats","Net value","Value of production less total costs listed","dollars per planted acre","No specific size","Prairie Gateway","United States",2013,-21.93,"Base survey of 2005"
"Oats","Net value","Value of production less total costs listed","dollars per planted acre","No specific size","Prairie Gateway","United States",2014,-0.07,"Base survey of 2005"
"Oats","Net value","Value of production less total costs listed","dollars per planted acre","No specific size","Prairie Gateway","United States",2015,-132.01,"Base survey of 2015"
"Oats","Net value","Value of production less total costs listed","dollars per planted acre","No specific size","Prairie Gateway","United States",2016,-189.15,"Base survey of 2015"
"Oats","Net value","Value of production less total costs listed","dollars per planted acre","No specific size","Prairie Gateway","United States",2017,-137.96,"Base survey of 2015"
"Oats","Net value","Value of production less total costs listed","dollars per planted acre","No specific size","Prairie Gateway","United States",2018,-115.73,"Base survey of 2015"
"Oats","Net value","Value of production less total costs listed","dollars per planted acre","No specific size","Prairie Gateway","United States",2019,-104.58,"Base survey of 2015"
"Oats","Net value","Value of production less total costs listed","dollars per planted acre","No specific size","Prairie Gateway","United States",2020,-135.82,"Base survey of 2015"
"Oats","Net value","Value of production less total costs listed","dollars per planted acre","No specific size","Prairie Gateway","United States",2021,-157.34,"Base survey of 2015"
"Oats","Net value","Value of production less total costs listed","dollars per planted acre","No specific size","Prairie Gateway","United States",2022,-66.15,"Base survey of 2015"
"Oats","Net value","Value of production less total costs listed","dollars per planted acre","No specific size","Eastern Uplands","United States",2023,-154.02,"Base survey of 2023"
"Oats","Net value","Value of production less total costs listed","dollars per planted acre","No specific size","Eastern Uplands","United States",2024,-218.45,"Base survey of 2023"
"Oats","Net value","Value of production less operating costs","dollars per planted acre","No specific size","U.S. total","United States",2005,76.67,"Base survey of 2005"
"Oats","Net value","Value of production less operating costs","dollars per planted acre","No specific size","U.S. total","United States",2006,70.43,"Base survey of 2005"
"Oats","Net value","Value of production less operating costs","dollars per planted acre","No specific size","U.S. total","United States",2007,131.66,"Base survey of 2005"
"Oats","Net value","Value of production less operating costs","dollars per planted acre","No specific size","U.S. total","United States",2008,212.73,"Base survey of 2005"
"Oats","Net value","Value of production less operating costs","dollars per planted acre","No specific size","U.S. total","United States",2009,133.97,"Base survey of 2005"
"Oats","Net value","Value of production less operating costs","dollars per planted acre","No specific size","U.S. total","United States",2010,97.49,"Base survey of 2005"
"Oats","Net value","Value of production less operating costs","dollars per planted acre","No specific size","U.S. total","United States",2011,170.47,"Base survey of 2005"
"Oats","Net value","Value of production less operating costs","dollars per planted acre","No specific size","U.S. total","United States",2012,219.19,"Base survey of 2005"
"Oats","Net value","Value of production less operating costs","dollars per planted acre","No specific size","U.S. total","United States",2013,264.14,"Base survey of 2005"
"Oats","Net value","Value of production less operating costs","dollars per planted acre","No specific size","U.S. total","United States",2014,252.96,"Base survey of 2005"
"Oats","Net value","Value of production less operating costs","dollars per planted acre","No specific size","U.S. total","United States",2015,114.39,"Base survey of 2015"
"Oats","Net value","Value of production less operating costs","dollars per planted acre","No specific size","U.S. total","United States",2016,84.41,"Base survey of 2015"
"Oats","Net value","Value of production less operating costs","dollars per planted acre","No specific size","U.S. total","United States",2017,107.22,"Base survey of 2015"
"Oats","Net value","Value of production less operating costs","dollars per planted acre","No specific size","U.S. total","United States",2018,140.3,"Base survey of 2015"
"Oats","Net value","Value of production less operating costs","dollars per planted acre","No specific size","U.S. total","United States",2019,156.73,"Base survey of 2015"
"Oats","Net value","Value of production less operating costs","dollars per planted acre","No specific size","U.S. total","United States",2020,154.89,"Base survey of 2015"
"Oats","Net value","Value of production less operating costs","dollars per planted acre","No specific size","U.S. total","United States",2021,187.16,"Base survey of 2015"
"Oats","Net value","Value of production less operating costs","dollars per planted acre","No specific size","U.S. total","United States",2022,251.27,"Base survey of 2015"
"Oats","Net value","Value of production less operating costs","dollars per planted acre","No specific size","U.S. total","United States",2023,145.83,"Base survey of 2023"
"Oats","Net value","Value of production less operating costs","dollars per planted acre","No specific size","U.S. total","United States",2024,122.73,"Base survey of 2023"
"Oats","Net value","Value of production less operating costs","dollars per planted acre","No specific size","Heartland","United States",2005,119.95,"Base survey of 2005"
"Oats","Net value","Value of production less operating costs","dollars per planted acre","No specific size","Heartland","United States",2006,51.36,"Base survey of 2005"
"Oats","Net value","Value of production less operating costs","dollars per planted acre","No specific size","Heartland","United States",2007,128.07,"Base survey of 2005"
"Oats","Net value","Value of production less operating costs","dollars per planted acre","No specific size","Heartland","United States",2008,193.64,"Base survey of 2005"
"Oats","Net value","Value of production less operating costs","dollars per planted acre","No specific size","Heartland","United States",2009,118.41,"Base survey of 2005"
"Oats","Net value","Value of production less operating costs","dollars per planted acre","No specific size","Heartland","United States",2010,80.51,"Base survey of 2005"
"Oats","Net value","Value of production less operating costs","dollars per planted acre","No specific size","Heartland","United States",2011,145.25,"Base survey of 2005"
"Oats","Net value","Value of production less operating costs","dollars per planted acre","No specific size","Heartland","United States",2012,184.92,"Base survey of 2005"
"Oats","Net value","Value of production less operating costs","dollars per planted acre","No specific size","Heartland","United States",2013,218.18,"Base survey of 2005"
"Oats","Net value","Value of production less operating costs","dollars per planted acre","No specific size","Heartland","United States",2014,221.92,"Base survey of 2005"
"Oats","Net value","Value of production less operating costs","dollars per planted acre","No specific size","Heartland","United States",2015,160.95,"Base survey of 2015"
"Oats","Net value","Value of production less operating costs","dollars per planted acre","No specific size","Heartland","United States",2016,142.61,"Base survey of 2015"
"Oats","Net value","Value of production less operating costs","dollars per planted acre","No specific size","Heartland","United States",2017,157,"Base survey of 2015"
"Oats","Net value","Value of production less operating costs","dollars per planted acre","No specific size","Heartland","United States",2018,168.18,"Base survey of 2015"
"Oats","Net value","Value of production less operating costs","dollars per planted acre","No specific size","Heartland","United States",2019,191.79,"Base survey of 2015"
"Oats","Net value","Value of production less operating costs","dollars per planted acre","No specific size","Heartland","United States",2020,206.72,"Base survey of 2015"
"Oats","Net value","Value of production less operating costs","dollars per planted acre","No specific size","Heartland","United States",2021,256.51,"Base survey of 2015"
"Oats","Net value","Value of production less operating costs","dollars per planted acre","No specific size","Heartland","United States",2022,354.79,"Base survey of 2015"
"Oats","Net value","Value of production less operating costs","dollars per planted acre","No specific size","Heartland","United States",2023,277.18,"Base survey of 2023"
"Oats","Net value","Value of production less operating costs","dollars per planted acre","No specific size","Heartland","United States",2024,189.86,"Base survey of 2023"
"Oats","Net value","Value of production less operating costs","dollars per planted acre","No specific size","Northern Crescent","United States",2005,55.07,"Base survey of 2005"
"Oats","Net value","Value of production less operating costs","dollars per planted acre","No specific size","Northern Crescent","United States",2006,81.94,"Base survey of 2005"
"Oats","Net value","Value of production less operating costs","dollars per planted acre","No specific size","Northern Crescent","United States",2007,109.69,"Base survey of 2005"
"Oats","Net value","Value of production less operating costs","dollars per planted acre","No specific size","Northern Crescent","United States",2008,200.82,"Base survey of 2005"
"Oats","Net value","Value of production less operating costs","dollars per planted acre","No specific size","Northern Crescent","United States",2009,124.06,"Base survey of 2005"
"Oats","Net value","Value of production less operating costs","dollars per planted acre","No specific size","Northern Crescent","United States",2010,90.12,"Base survey of 2005"
"Oats","Net value","Value of production less operating costs","dollars per planted acre","No specific size","Northern Crescent","United States",2011,165.61,"Base survey of 2005"
"Oats","Net value","Value of production less operating costs","dollars per planted acre","No specific size","Northern Crescent","United States",2012,205.76,"Base survey of 2005"
"Oats","Net value","Value of production less operating costs","dollars per planted acre","No specific size","Northern Crescent","United States",2013,239.4,"Base survey of 2005"
"Oats","Net value","Value of production less operating costs","dollars per planted acre","No specific size","Northern Crescent","United States",2014,201.27,"Base survey of 2005"
"Oats","Net value","Value of production less operating costs","dollars per planted acre","No specific size","Northern Crescent","United States",2015,110.79,"Base survey of 2015"
"Oats","Net value","Value of production less operating costs","dollars per planted acre","No specific size","Northern Crescent","United States",2016,83.9,"Base survey of 2015"
"Oats","Net value","Value of production less operating costs","dollars per planted acre","No specific size","Northern Crescent","United States",2017,100.91,"Base survey of 2015"
"Oats","Net value","Value of production less operating costs","dollars per planted acre","No specific size","Northern Crescent","United States",2018,138.12,"Base survey of 2015"
"Oats","Net value","Value of production less operating costs","dollars per planted acre","No specific size","Northern Crescent","United States",2019,139.54,"Base survey of 2015"
"Oats","Net value","Value of production less operating costs","dollars per planted acre","No specific size","Northern Crescent","United States",2020,144.77,"Base survey of 2015"
"Oats","Net value","Value of production less operating costs","dollars per planted acre","No specific size","Northern Crescent","United States",2021,205.02,"Base survey of 2015"
"Oats","Net value","Value of production less operating costs","dollars per planted acre","No specific size","Northern Crescent","United States",2022,224.72,"Base survey of 2015"
"Oats","Net value","Value of production less operating costs","dollars per planted acre","No specific size","Northern Crescent","United States",2023,84.99,"Base survey of 2023"
"Oats","Net value","Value of production less operating costs","dollars per planted acre","No specific size","Northern Crescent","United States",2024,76.26,"Base survey of 2023"
"Oats","Net value","Value of production less operating costs","dollars per planted acre","No specific size","Northern Great Plains","United States",2005,56.3,"Base survey of 2005"
"Oats","Net value","Value of production less operating costs","dollars per planted acre","No specific size","Northern Great Plains","United States",2006,32.98,"Base survey of 2005"
"Oats","Net value","Value of production less operating costs","dollars per planted acre","No specific size","Northern Great Plains","United States",2007,124.52,"Base survey of 2005"
"Oats","Net value","Value of production less operating costs","dollars per planted acre","No specific size","Northern Great Plains","United States",2008,179.83,"Base survey of 2005"
"Oats","Net value","Value of production less operating costs","dollars per planted acre","No specific size","Northern Great Plains","United States",2009,114.82,"Base survey of 2005"
"Oats","Net value","Value of production less operating costs","dollars per planted acre","No specific size","Northern Great Plains","United States",2010,89.84,"Base survey of 2005"
"Oats","Net value","Value of production less operating costs","dollars per planted acre","No specific size","Northern Great Plains","United States",2011,160.82,"Base survey of 2005"
"Oats","Net value","Value of production less operating costs","dollars per planted acre","No specific size","Northern Great Plains","United States",2012,203.92,"Base survey of 2005"
"Oats","Net value","Value of production less operating costs","dollars per planted acre","No specific size","Northern Great Plains","United States",2013,261.43,"Base survey of 2005"
"Oats","Net value","Value of production less operating costs","dollars per planted acre","No specific size","Northern Great Plains","United States",2014,260.59,"Base survey of 2005"
"Oats","Net value","Value of production less operating costs","dollars per planted acre","No specific size","Northern Great Plains","United States",2015,83.25,"Base survey of 2015"
"Oats","Net value","Value of production less operating costs","dollars per planted acre","No specific size","Northern Great Plains","United States",2016,62.77,"Base survey of 2015"
"Oats","Net value","Value of production less operating costs","dollars per planted acre","No specific size","Northern Great Plains","United States",2017,85.16,"Base survey of 2015"
"Oats","Net value","Value of production less operating costs","dollars per planted acre","No specific size","Northern Great Plains","United States",2018,118.35,"Base survey of 2015"
"Oats","Net value","Value of production less operating costs","dollars per planted acre","No specific size","Northern Great Plains","United States",2019,142.67,"Base survey of 2015"
"Oats","Net value","Value of production less operating costs","dollars per planted acre","No specific size","Northern Great Plains","United States",2020,130.76,"Base survey of 2015"
"Oats","Net value","Value of production less operating costs","dollars per planted acre","No specific size","Northern Great Plains","United States",2021,120.25,"Base survey of 2015"
"Oats","Net value","Value of production less operating costs","dollars per planted acre","No specific size","Northern Great Plains","United States",2022,227.22,"Base survey of 2015"
"Oats","Net value","Value of production less operating costs","dollars per planted acre","No specific size","Northern Great Plains","United States",2023,125.89,"Base survey of 2023"
"Oats","Net value","Value of production less operating costs","dollars per planted acre","No specific size","Northern Great Plains","United States",2024,154.24,"Base survey of 2023"
"Oats","Net value","Value of production less operating costs","dollars per planted acre","No specific size","Prairie Gateway","United States",2005,25.27,"Base survey of 2005"
"Oats","Net value","Value of production less operating costs","dollars per planted acre","No specific size","Prairie Gateway","United States",2006,12.7,"Base survey of 2005"
"Oats","Net value","Value of production less operating costs","dollars per planted acre","No specific size","Prairie Gateway","United States",2007,54.82,"Base survey of 2005"
"Oats","Net value","Value of production less operating costs","dollars per planted acre","No specific size","Prairie Gateway","United States",2008,112.73,"Base survey of 2005"
"Oats","Net value","Value of production less operating costs","dollars per planted acre","No specific size","Prairie Gateway","United States",2009,57.48,"Base survey of 2005"
"Oats","Net value","Value of production less operating costs","dollars per planted acre","No specific size","Prairie Gateway","United States",2010,32.47,"Base survey of 2005"
"Oats","Net value","Value of production less operating costs","dollars per planted acre","No specific size","Prairie Gateway","United States",2011,72.47,"Base survey of 2005"
"Oats","Net value","Value of production less operating costs","dollars per planted acre","No specific size","Prairie Gateway","United States",2012,131.59,"Base survey of 2005"
"Oats","Net value","Value of production less operating costs","dollars per planted acre","No specific size","Prairie Gateway","United States",2013,146.23,"Base survey of 2005"
"Oats","Net value","Value of production less operating costs","dollars per planted acre","No specific size","Prairie Gateway","United States",2014,174.23,"Base survey of 2005"
"Oats","Net value","Value of production less operating costs","dollars per planted acre","No specific size","Prairie Gateway","United States",2015,50.3,"Base survey of 2015"
"Oats","Net value","Value of production less operating costs","dollars per planted acre","No specific size","Prairie Gateway","United States",2016,-6.56,"Base survey of 2015"
"Oats","Net value","Value of production less operating costs","dollars per planted acre","No specific size","Prairie Gateway","United States",2017,48.08,"Base survey of 2015"
"Oats","Net value","Value of production less operating costs","dollars per planted acre","No specific size","Prairie Gateway","United States",2018,79.72,"Base survey of 2015"
"Oats","Net value","Value of production less operating costs","dollars per planted acre","No specific size","Prairie Gateway","United States",2019,92.96,"Base survey of 2015"
"Oats","Net value","Value of production less operating costs","dollars per planted acre","No specific size","Prairie Gateway","United States",2020,65.03,"Base survey of 2015"
"Oats","Net value","Value of production less operating costs","dollars per planted acre","No specific size","Prairie Gateway","United States",2021,64.49,"Base survey of 2015"
"Oats","Net value","Value of production less operating costs","dollars per planted acre","No specific size","Prairie Gateway","United States",2022,169.02,"Base survey of 2015"
"Oats","Net value","Value of production less operating costs","dollars per planted acre","No specific size","Eastern Uplands","United States",2023,133.56,"Base survey of 2023"
"Oats","Net value","Value of production less operating costs","dollars per planted acre","No specific size","Eastern Uplands","United States",2024,82,"Base survey of 2023"
"Oats","Supporting information","Yield","bushels per planted acre","No specific size","U.S. total","United States",2005,63,"Base survey of 2005"
"Oats","Supporting information","Yield","bushels per planted acre","No specific size","U.S. total","United States",2006,56,"Base survey of 2005"
"Oats","Supporting information","Yield","bushels per planted acre","No specific size","U.S. total","United States",2007,59,"Base survey of 2005"
"Oats","Supporting information","Yield","bushels per planted acre","No specific size","U.S. total","United States",2008,61,"Base survey of 2005"
"Oats","Supporting information","Yield","bushels per planted acre","No specific size","U.S. total","United States",2009,65,"Base survey of 2005"
"Oats","Supporting information","Yield","bushels per planted acre","No specific size","U.S. total","United States",2010,61,"Base survey of 2005"
"Oats","Supporting information","Yield","bushels per planted acre","No specific size","U.S. total","United States",2011,53,"Base survey of 2005"
"Oats","Supporting information","Yield","bushels per planted acre","No specific size","U.S. total","United States",2012,59,"Base survey of 2005"
"Oats","Supporting information","Yield","bushels per planted acre","No specific size","U.S. total","United States",2013,63,"Base survey of 2005"
"Oats","Supporting information","Yield","bushels per planted acre","No specific size","U.S. total","United States",2014,66,"Base survey of 2005"
"Oats","Supporting information","Yield","bushels per planted acre","No specific size","U.S. total","United States",2015,75,"Base survey of 2015"
"Oats","Supporting information","Yield","bushels per planted acre","No specific size","U.S. total","United States",2016,71,"Base survey of 2015"
"Oats","Supporting information","Yield","bushels per planted acre","No specific size","U.S. total","United States",2017,65,"Base survey of 2015"
"Oats","Supporting information","Yield","bushels per planted acre","No specific size","U.S. total","United States",2018,70,"Base survey of 2015"
"Oats","Supporting information","Yield","bushels per planted acre","No specific size","U.S. total","United States",2019,68,"Base survey of 2015"
"Oats","Supporting information","Yield","bushels per planted acre","No specific size","U.S. total","United States",2020,70,"Base survey of 2015"
"Oats","Supporting information","Yield","bushels per planted acre","No specific size","U.S. total","United States",2021,64,"Base survey of 2015"
"Oats","Supporting information","Yield","bushels per planted acre","No specific size","U.S. total","United States",2022,71,"Base survey of 2015"
"Oats","Supporting information","Yield","bushels per planted acre","No specific size","U.S. total","United States",2023,62,"Base survey of 2023"
"Oats","Supporting information","Yield","bushels per planted acre","No specific size","U.S. total","United States",2024,66,"Base survey of 2023"
"Oats","Supporting information","Yield","bushels per planted acre","No specific size","Heartland","United States",2005,82,"Base survey of 2005"
"Oats","Supporting information","Yield","bushels per planted acre","No specific size","Heartland","United States",2006,48,"Base survey of 2005"
"Oats","Supporting information","Yield","bushels per planted acre","No specific size","Heartland","United States",2007,49,"Base survey of 2005"
"Oats","Supporting information","Yield","bushels per planted acre","No specific size","Heartland","United States",2008,53,"Base survey of 2005"
"Oats","Supporting information","Yield","bushels per planted acre","No specific size","Heartland","United States",2009,53,"Base survey of 2005"
"Oats","Supporting information","Yield","bushels per planted acre","No specific size","Heartland","United States",2010,52,"Base survey of 2005"
"Oats","Supporting information","Yield","bushels per planted acre","No specific size","Heartland","United States",2011,46,"Base survey of 2005"
"Oats","Supporting information","Yield","bushels per planted acre","No specific size","Heartland","United States",2012,49,"Base survey of 2005"
"Oats","Supporting information","Yield","bushels per planted acre","No specific size","Heartland","United States",2013,51,"Base survey of 2005"
"Oats","Supporting information","Yield","bushels per planted acre","No specific size","Heartland","United States",2014,52,"Base survey of 2005"
"Oats","Supporting information","Yield","bushels per planted acre","No specific size","Heartland","United States",2015,84,"Base survey of 2015"
"Oats","Supporting information","Yield","bushels per planted acre","No specific size","Heartland","United States",2016,81,"Base survey of 2015"
"Oats","Supporting information","Yield","bushels per planted acre","No specific size","Heartland","United States",2017,77,"Base survey of 2015"
"Oats","Supporting information","Yield","bushels per planted acre","No specific size","Heartland","United States",2018,77,"Base survey of 2015"
"Oats","Supporting information","Yield","bushels per planted acre","No specific size","Heartland","United States",2019,70,"Base survey of 2015"
"Oats","Supporting information","Yield","bushels per planted acre","No specific size","Heartland","United States",2020,78,"Base survey of 2015"
"Oats","Supporting information","Yield","bushels per planted acre","No specific size","Heartland","United States",2021,75,"Base survey of 2015"
"Oats","Supporting information","Yield","bushels per planted acre","No specific size","Heartland","United States",2022,78,"Base survey of 2015"
"Oats","Supporting information","Yield","bushels per planted acre","No specific size","Heartland","United States",2023,83,"Base survey of 2023"
"Oats","Supporting information","Yield","bushels per planted acre","No specific size","Heartland","United States",2024,84,"Base survey of 2023"
"Oats","Supporting information","Yield","bushels per planted acre","No specific size","Northern Crescent","United States",2005,56,"Base survey of 2005"
"Oats","Supporting information","Yield","bushels per planted acre","No specific size","Northern Crescent","United States",2006,58,"Base survey of 2005"
"Oats","Supporting information","Yield","bushels per planted acre","No specific size","Northern Crescent","United States",2007,57,"Base survey of 2005"
"Oats","Supporting information","Yield","bushels per planted acre","No specific size","Northern Crescent","United States",2008,58,"Base survey of 2005"
"Oats","Supporting information","Yield","bushels per planted acre","No specific size","Northern Crescent","United States",2009,62,"Base survey of 2005"
"Oats","Supporting information","Yield","bushels per planted acre","No specific size","Northern Crescent","United States",2010,57,"Base survey of 2005"
"Oats","Supporting information","Yield","bushels per planted acre","No specific size","Northern Crescent","United States",2011,53,"Base survey of 2005"
"Oats","Supporting information","Yield","bushels per planted acre","No specific size","Northern Crescent","United States",2012,57,"Base survey of 2005"
"Oats","Supporting information","Yield","bushels per planted acre","No specific size","Northern Crescent","United States",2013,60,"Base survey of 2005"
"Oats","Supporting information","Yield","bushels per planted acre","No specific size","Northern Crescent","United States",2014,58,"Base survey of 2005"
"Oats","Supporting information","Yield","bushels per planted acre","No specific size","Northern Crescent","United States",2015,68,"Base survey of 2015"
"Oats","Supporting information","Yield","bushels per planted acre","No specific size","Northern Crescent","United States",2016,63,"Base survey of 2015"
"Oats","Supporting information","Yield","bushels per planted acre","No specific size","Northern Crescent","United States",2017,60,"Base survey of 2015"
"Oats","Supporting information","Yield","bushels per planted acre","No specific size","Northern Crescent","United States",2018,59,"Base survey of 2015"
"Oats","Supporting information","Yield","bushels per planted acre","No specific size","Northern Crescent","United States",2019,55,"Base survey of 2015"
"Oats","Supporting information","Yield","bushels per planted acre","No specific size","Northern Crescent","United States",2020,60,"Base survey of 2015"
"Oats","Supporting information","Yield","bushels per planted acre","No specific size","Northern Crescent","United States",2021,62,"Base survey of 2015"
"Oats","Supporting information","Yield","bushels per planted acre","No specific size","Northern Crescent","United States",2022,63,"Base survey of 2015"
"Oats","Supporting information","Yield","bushels per planted acre","No specific size","Northern Crescent","United States",2023,59,"Base survey of 2023"
"Oats","Supporting information","Yield","bushels per planted acre","No specific size","Northern Crescent","United States",2024,63,"Base survey of 2023"
"Oats","Supporting information","Yield","bushels per planted acre","No specific size","Northern Great Plains","United States",2005,58,"Base survey of 2005"
"Oats","Supporting information","Yield","bushels per planted acre","No specific size","Northern Great Plains","United States",2006,37,"Base survey of 2005"
"Oats","Supporting information","Yield","bushels per planted acre","No specific size","Northern Great Plains","United States",2007,57,"Base survey of 2005"
"Oats","Supporting information","Yield","bushels per planted acre","No specific size","Northern Great Plains","United States",2008,55,"Base survey of 2005"
"Oats","Supporting information","Yield","bushels per planted acre","No specific size","Northern Great Plains","United States",2009,63,"Base survey of 2005"
"Oats","Supporting information","Yield","bushels per planted acre","No specific size","Northern Great Plains","United States",2010,60,"Base survey of 2005"
"Oats","Supporting information","Yield","bushels per planted acre","No specific size","Northern Great Plains","United States",2011,50,"Base survey of 2005"
"Oats","Supporting information","Yield","bushels per planted acre","No specific size","Northern Great Plains","United States",2012,58,"Base survey of 2005"
"Oats","Supporting information","Yield","bushels per planted acre","No specific size","Northern Great Plains","United States",2013,62,"Base survey of 2005"
"Oats","Supporting information","Yield","bushels per planted acre","No specific size","Northern Great Plains","United States",2014,75,"Base survey of 2005"
"Oats","Supporting information","Yield","bushels per planted acre","No specific size","Northern Great Plains","United States",2015,87,"Base survey of 2015"
"Oats","Supporting information","Yield","bushels per planted acre","No specific size","Northern Great Plains","United States",2016,78,"Base survey of 2015"
"Oats","Supporting information","Yield","bushels per planted acre","No specific size","Northern Great Plains","United States",2017,70,"Base survey of 2015"
"Oats","Supporting information","Yield","bushels per planted acre","No specific size","Northern Great Plains","United States",2018,87,"Base survey of 2015"
"Oats","Supporting information","Yield","bushels per planted acre","No specific size","Northern Great Plains","United States",2019,90,"Base survey of 2015"
"Oats","Supporting information","Yield","bushels per planted acre","No specific size","Northern Great Plains","United States",2020,83,"Base survey of 2015"
"Oats","Supporting information","Yield","bushels per planted acre","No specific size","Northern Great Plains","United States",2021,60,"Base survey of 2015"
"Oats","Supporting information","Yield","bushels per planted acre","No specific size","Northern Great Plains","United States",2022,79,"Base survey of 2015"
"Oats","Supporting information","Yield","bushels per planted acre","No specific size","Northern Great Plains","United States",2023,55,"Base survey of 2023"
"Oats","Supporting information","Yield","bushels per planted acre","No specific size","Northern Great Plains","United States",2024,68,"Base survey of 2023"
"Oats","Supporting information","Yield","bushels per planted acre","No specific size","Prairie Gateway","United States",2005,45,"Base survey of 2005"
"Oats","Supporting information","Yield","bushels per planted acre","No specific size","Prairie Gateway","United States",2006,26,"Base survey of 2005"
"Oats","Supporting information","Yield","bushels per planted acre","No specific size","Prairie Gateway","United States",2007,28,"Base survey of 2005"
"Oats","Supporting information","Yield","bushels per planted acre","No specific size","Prairie Gateway","United States",2008,34,"Base survey of 2005"
"Oats","Supporting information","Yield","bushels per planted acre","No specific size","Prairie Gateway","United States",2009,33,"Base survey of 2005"
"Oats","Supporting information","Yield","bushels per planted acre","No specific size","Prairie Gateway","United States",2010,35,"Base survey of 2005"
"Oats","Supporting information","Yield","bushels per planted acre","No specific size","Prairie Gateway","United States",2011,24,"Base survey of 2005"
"Oats","Supporting information","Yield","bushels per planted acre","No specific size","Prairie Gateway","United States",2012,30,"Base survey of 2005"
"Oats","Supporting information","Yield","bushels per planted acre","No specific size","Prairie Gateway","United States",2013,30,"Base survey of 2005"
"Oats","Supporting information","Yield","bushels per planted acre","No specific size","Prairie Gateway","United States",2014,28,"Base survey of 2005"
"Oats","Supporting information","Yield","bushels per planted acre","No specific size","Prairie Gateway","United States",2015,57,"Base survey of 2015"
"Oats","Supporting information","Yield","bushels per planted acre","No specific size","Prairie Gateway","United States",2016,54,"Base survey of 2015"
"Oats","Supporting information","Yield","bushels per planted acre","No specific size","Prairie Gateway","United States",2017,49,"Base survey of 2015"
"Oats","Supporting information","Yield","bushels per planted acre","No specific size","Prairie Gateway","United States",2018,52,"Base survey of 2015"
"Oats","Supporting information","Yield","bushels per planted acre","No specific size","Prairie Gateway","United States",2019,56,"Base survey of 2015"
"Oats","Supporting information","Yield","bushels per planted acre","No specific size","Prairie Gateway","United States",2020,48,"Base survey of 2015"
"Oats","Supporting information","Yield","bushels per planted acre","No specific size","Prairie Gateway","United States",2021,49,"Base survey of 2015"
"Oats","Supporting information","Yield","bushels per planted acre","No specific size","Prairie Gateway","United States",2022,51,"Base survey of 2015"
"Oats","Supporting information","Yield","bushels per planted acre","No specific size","Eastern Uplands","United States",2023,70,"Base survey of 2023"
"Oats","Supporting information","Yield","bushels per planted acre","No specific size","Eastern Uplands","United States",2024,67,"Base survey of 2023"
"Oats","Supporting information","Price","dollars per bushel at harvest","No specific size","U.S. total","United States",2005,1.49,"Base survey of 2005"
"Oats","Supporting information","Price","dollars per bushel at harvest","No specific size","U.S. total","United States",2006,1.88,"Base survey of 2005"
"Oats","Supporting information","Price","dollars per bushel at harvest","No specific size","U.S. total","United States",2007,2.45,"Base survey of 2005"
"Oats","Supporting information","Price","dollars per bushel at harvest","No specific size","U.S. total","United States",2008,3.69,"Base survey of 2005"
"Oats","Supporting information","Price","dollars per bushel at harvest","No specific size","U.S. total","United States",2009,2.39,"Base survey of 2005"
"Oats","Supporting information","Price","dollars per bushel at harvest","No specific size","U.S. total","United States",2010,2.13,"Base survey of 2005"
"Oats","Supporting information","Price","dollars per bushel at harvest","No specific size","U.S. total","United States",2011,3.58,"Base survey of 2005"
"Oats","Supporting information","Price","dollars per bushel at harvest","No specific size","U.S. total","United States",2012,3.9,"Base survey of 2005"
"Oats","Supporting information","Price","dollars per bushel at harvest","No specific size","U.S. total","United States",2013,4.28,"Base survey of 2005"
"Oats","Supporting information","Price","dollars per bushel at harvest","No specific size","U.S. total","United States",2014,4.01,"Base survey of 2005"
"Oats","Supporting information","Price","dollars per bushel at harvest","No specific size","U.S. total","United States",2015,2.21,"Base survey of 2015"
"Oats","Supporting information","Price","dollars per bushel at harvest","No specific size","U.S. total","United States",2016,1.92,"Base survey of 2015"
"Oats","Supporting information","Price","dollars per bushel at harvest","No specific size","U.S. total","United States",2017,2.43,"Base survey of 2015"
"Oats","Supporting information","Price","dollars per bushel at harvest","No specific size","U.S. total","United States",2018,2.65,"Base survey of 2015"
"Oats","Supporting information","Price","dollars per bushel at harvest","No specific size","U.S. total","United States",2019,3.07,"Base survey of 2015"
"Oats","Supporting information","Price","dollars per bushel at harvest","No specific size","U.S. total","United States",2020,2.82,"Base survey of 2015"
"Oats","Supporting information","Price","dollars per bushel at harvest","No specific size","U.S. total","United States",2021,3.68,"Base survey of 2015"
"Oats","Supporting information","Price","dollars per bushel at harvest","No specific size","U.S. total","United States",2022,4.88,"Base survey of 2015"
"Oats","Supporting information","Price","dollars per bushel at harvest","No specific size","U.S. total","United States",2023,3.93,"Base survey of 2023"
"Oats","Supporting information","Price","dollars per bushel at harvest","No specific size","U.S. total","United States",2024,3.28,"Base survey of 2023"
"Oats","Supporting information","Price","dollars per bushel at harvest","No specific size","Heartland","United States",2005,1.52,"Base survey of 2005"
"Oats","Supporting information","Price","dollars per bushel at harvest","No specific size","Heartland","United States",2006,1.74,"Base survey of 2005"
"Oats","Supporting information","Price","dollars per bushel at harvest","No specific size","Heartland","United States",2007,2.69,"Base survey of 2005"
"Oats","Supporting information","Price","dollars per bushel at harvest","No specific size","Heartland","United States",2008,3.64,"Base survey of 2005"
"Oats","Supporting information","Price","dollars per bushel at harvest","No specific size","Heartland","United States",2009,2.41,"Base survey of 2005"
"Oats","Supporting information","Price","dollars per bushel at harvest","No specific size","Heartland","United States",2010,2,"Base survey of 2005"
"Oats","Supporting information","Price","dollars per bushel at harvest","No specific size","Heartland","United States",2011,3.42,"Base survey of 2005"
"Oats","Supporting information","Price","dollars per bushel at harvest","No specific size","Heartland","United States",2012,3.79,"Base survey of 2005"
"Oats","Supporting information","Price","dollars per bushel at harvest","No specific size","Heartland","United States",2013,4.3,"Base survey of 2005"
"Oats","Supporting information","Price","dollars per bushel at harvest","No specific size","Heartland","United States",2014,4.36,"Base survey of 2005"
"Oats","Supporting information","Price","dollars per bushel at harvest","No specific size","Heartland","United States",2015,2.26,"Base survey of 2015"
"Oats","Supporting information","Price","dollars per bushel at harvest","No specific size","Heartland","United States",2016,2.07,"Base survey of 2015"
"Oats","Supporting information","Price","dollars per bushel at harvest","No specific size","Heartland","United States",2017,2.38,"Base survey of 2015"
"Oats","Supporting information","Price","dollars per bushel at harvest","No specific size","Heartland","United States",2018,2.4,"Base survey of 2015"
"Oats","Supporting information","Price","dollars per bushel at harvest","No specific size","Heartland","United States",2019,3.2,"Base survey of 2015"
"Oats","Supporting information","Price","dollars per bushel at harvest","No specific size","Heartland","United States",2020,2.84,"Base survey of 2015"
"Oats","Supporting information","Price","dollars per bushel at harvest","No specific size","Heartland","United States",2021,3.71,"Base survey of 2015"
"Oats","Supporting information","Price","dollars per bushel at harvest","No specific size","Heartland","United States",2022,5.22,"Base survey of 2015"
"Oats","Supporting information","Price","dollars per bushel at harvest","No specific size","Heartland","United States",2023,4.17,"Base survey of 2023"
"Oats","Supporting information","Price","dollars per bushel at harvest","No specific size","Heartland","United States",2024,3.14,"Base survey of 2023"
"Oats","Supporting information","Price","dollars per bushel at harvest","No specific size","Northern Crescent","United States",2005,1.5,"Base survey of 2005"
"Oats","Supporting information","Price","dollars per bushel at harvest","No specific size","Northern Crescent","United States",2006,1.91,"Base survey of 2005"
"Oats","Supporting information","Price","dollars per bushel at harvest","No specific size","Northern Crescent","United States",2007,2.29,"Base survey of 2005"
"Oats","Supporting information","Price","dollars per bushel at harvest","No specific size","Northern Crescent","United States",2008,3.91,"Base survey of 2005"
"Oats","Supporting information","Price","dollars per bushel at harvest","No specific size","Northern Crescent","United States",2009,2.48,"Base survey of 2005"
"Oats","Supporting information","Price","dollars per bushel at harvest","No specific size","Northern Crescent","United States",2010,2.34,"Base survey of 2005"
"Oats","Supporting information","Price","dollars per bushel at harvest","No specific size","Northern Crescent","United States",2011,3.8,"Base survey of 2005"
"Oats","Supporting information","Price","dollars per bushel at harvest","No specific size","Northern Crescent","United States",2012,4.08,"Base survey of 2005"
"Oats","Supporting information","Price","dollars per bushel at harvest","No specific size","Northern Crescent","United States",2013,4.36,"Base survey of 2005"
"Oats","Supporting information","Price","dollars per bushel at harvest","No specific size","Northern Crescent","United States",2014,4.03,"Base survey of 2005"
"Oats","Supporting information","Price","dollars per bushel at harvest","No specific size","Northern Crescent","United States",2015,2.15,"Base survey of 2015"
"Oats","Supporting information","Price","dollars per bushel at harvest","No specific size","Northern Crescent","United States",2016,1.9,"Base survey of 2015"
"Oats","Supporting information","Price","dollars per bushel at harvest","No specific size","Northern Crescent","United States",2017,2.28,"Base survey of 2015"
"Oats","Supporting information","Price","dollars per bushel at harvest","No specific size","Northern Crescent","United States",2018,2.84,"Base survey of 2015"
"Oats","Supporting information","Price","dollars per bushel at harvest","No specific size","Northern Crescent","United States",2019,3.26,"Base survey of 2015"
"Oats","Supporting information","Price","dollars per bushel at harvest","No specific size","Northern Crescent","United States",2020,2.87,"Base survey of 2015"
"Oats","Supporting information","Price","dollars per bushel at harvest","No specific size","Northern Crescent","United States",2021,3.7,"Base survey of 2015"
"Oats","Supporting information","Price","dollars per bushel at harvest","No specific size","Northern Crescent","United States",2022,4.68,"Base survey of 2015"
"Oats","Supporting information","Price","dollars per bushel at harvest","No specific size","Northern Crescent","United States",2023,3.8,"Base survey of 2023"
"Oats","Supporting information","Price","dollars per bushel at harvest","No specific size","Northern Crescent","United States",2024,3.21,"Base survey of 2023"
"Oats","Supporting information","Price","dollars per bushel at harvest","No specific size","Northern Great Plains","United States",2005,1.36,"Base survey of 2005"
"Oats","Supporting information","Price","dollars per bushel at harvest","No specific size","Northern Great Plains","United States",2006,1.68,"Base survey of 2005"
"Oats","Supporting information","Price","dollars per bushel at harvest","No specific size","Northern Great Plains","United States",2007,2.38,"Base survey of 2005"
"Oats","Supporting information","Price","dollars per bushel at harvest","No specific size","Northern Great Plains","United States",2008,3.41,"Base survey of 2005"
"Oats","Supporting information","Price","dollars per bushel at harvest","No specific size","Northern Great Plains","United States",2009,2.1,"Base survey of 2005"
"Oats","Supporting information","Price","dollars per bushel at harvest","No specific size","Northern Great Plains","United States",2010,1.92,"Base survey of 2005"
"Oats","Supporting information","Price","dollars per bushel at harvest","No specific size","Northern Great Plains","United States",2011,3.46,"Base survey of 2005"
"Oats","Supporting information","Price","dollars per bushel at harvest","No specific size","Northern Great Plains","United States",2012,3.62,"Base survey of 2005"
"Oats","Supporting information","Price","dollars per bushel at harvest","No specific size","Northern Great Plains","United States",2013,4.16,"Base survey of 2005"
"Oats","Supporting information","Price","dollars per bushel at harvest","No specific size","Northern Great Plains","United States",2014,3.52,"Base survey of 2005"
"Oats","Supporting information","Price","dollars per bushel at harvest","No specific size","Northern Great Plains","United States",2015,1.99,"Base survey of 2015"
"Oats","Supporting information","Price","dollars per bushel at harvest","No specific size","Northern Great Plains","United States",2016,1.88,"Base survey of 2015"
"Oats","Supporting information","Price","dollars per bushel at harvest","No specific size","Northern Great Plains","United States",2017,2.44,"Base survey of 2015"
"Oats","Supporting information","Price","dollars per bushel at harvest","No specific size","Northern Great Plains","United States",2018,2.25,"Base survey of 2015"
"Oats","Supporting information","Price","dollars per bushel at harvest","No specific size","Northern Great Plains","United States",2019,2.47,"Base survey of 2015"
"Oats","Supporting information","Price","dollars per bushel at harvest","No specific size","Northern Great Plains","United States",2020,2.49,"Base survey of 2015"
"Oats","Supporting information","Price","dollars per bushel at harvest","No specific size","Northern Great Plains","United States",2021,3.62,"Base survey of 2015"
"Oats","Supporting information","Price","dollars per bushel at harvest","No specific size","Northern Great Plains","United States",2022,4.58,"Base survey of 2015"
"Oats","Supporting information","Price","dollars per bushel at harvest","No specific size","Northern Great Plains","United States",2023,3.61,"Base survey of 2023"
"Oats","Supporting information","Price","dollars per bushel at harvest","No specific size","Northern Great Plains","United States",2024,3.34,"Base survey of 2023"
"Oats","Supporting information","Price","dollars per bushel at harvest","No specific size","Prairie Gateway","United States",2005,1.37,"Base survey of 2005"
"Oats","Supporting information","Price","dollars per bushel at harvest","No specific size","Prairie Gateway","United States",2006,1.82,"Base survey of 2005"
"Oats","Supporting information","Price","dollars per bushel at harvest","No specific size","Prairie Gateway","United States",2007,2.59,"Base survey of 2005"
"Oats","Supporting information","Price","dollars per bushel at harvest","No specific size","Prairie Gateway","United States",2008,3.63,"Base survey of 2005"
"Oats","Supporting information","Price","dollars per bushel at harvest","No specific size","Prairie Gateway","United States",2009,2.77,"Base survey of 2005"
"Oats","Supporting information","Price","dollars per bushel at harvest","No specific size","Prairie Gateway","United States",2010,2.19,"Base survey of 2005"
"Oats","Supporting information","Price","dollars per bushel at harvest","No specific size","Prairie Gateway","United States",2011,3.55,"Base survey of 2005"
"Oats","Supporting information","Price","dollars per bushel at harvest","No specific size","Prairie Gateway","United States",2012,4.19,"Base survey of 2005"
"Oats","Supporting information","Price","dollars per bushel at harvest","No specific size","Prairie Gateway","United States",2013,4.45,"Base survey of 2005"
"Oats","Supporting information","Price","dollars per bushel at harvest","No specific size","Prairie Gateway","United States",2014,5.19,"Base survey of 2005"
"Oats","Supporting information","Price","dollars per bushel at harvest","No specific size","Prairie Gateway","United States",2015,2.68,"Base survey of 2015"
"Oats","Supporting information","Price","dollars per bushel at harvest","No specific size","Prairie Gateway","United States",2016,1.63,"Base survey of 2015"
"Oats","Supporting information","Price","dollars per bushel at harvest","No specific size","Prairie Gateway","United States",2017,2.87,"Base survey of 2015"
"Oats","Supporting information","Price","dollars per bushel at harvest","No specific size","Prairie Gateway","United States",2018,3.35,"Base survey of 2015"
"Oats","Supporting information","Price","dollars per bushel at harvest","No specific size","Prairie Gateway","United States",2019,3.34,"Base survey of 2015"
"Oats","Supporting information","Price","dollars per bushel at harvest","No specific size","Prairie Gateway","United States",2020,3.23,"Base survey of 2015"
"Oats","Supporting information","Price","dollars per bushel at harvest","No specific size","Prairie Gateway","United States",2021,3.44,"Base survey of 2015"
"Oats","Supporting information","Price","dollars per bushel at harvest","No specific size","Prairie Gateway","United States",2022,6.42,"Base survey of 2015"
"Oats","Supporting information","Price","dollars per bushel at harvest","No specific size","Eastern Uplands","United States",2023,4.16,"Base survey of 2023"
"Oats","Supporting information","Price","dollars per bushel at harvest","No specific size","Eastern Uplands","United States",2024,3.23,"Base survey of 2023"
"Oats","Supporting information","Enterprise size","planted acres","No specific size","U.S. total","United States",2005,27,"Base survey of 2005"
"Oats","Supporting information","Enterprise size","planted acres","No specific size","U.S. total","United States",2006,27,"Base survey of 2005"
"Oats","Supporting information","Enterprise size","planted acres","No specific size","U.S. total","United States",2007,27,"Base survey of 2005"
"Oats","Supporting information","Enterprise size","planted acres","No specific size","U.S. total","United States",2008,27,"Base survey of 2005"
"Oats","Supporting information","Enterprise size","planted acres","No specific size","U.S. total","United States",2009,27,"Base survey of 2005"
"Oats","Supporting information","Enterprise size","planted acres","No specific size","U.S. total","United States",2010,27,"Base survey of 2005"
"Oats","Supporting information","Enterprise size","planted acres","No specific size","U.S. total","United States",2011,27,"Base survey of 2005"
"Oats","Supporting information","Enterprise size","planted acres","No specific size","U.S. total","United States",2012,27,"Base survey of 2005"
"Oats","Supporting information","Enterprise size","planted acres","No specific size","U.S. total","United States",2013,27,"Base survey of 2005"
"Oats","Supporting information","Enterprise size","planted acres","No specific size","U.S. total","United States",2014,27,"Base survey of 2005"
"Oats","Supporting information","Enterprise size","planted acres","No specific size","U.S. total","United States",2015,26,"Base survey of 2015"
"Oats","Supporting information","Enterprise size","planted acres","No specific size","U.S. total","United States",2016,26,"Base survey of 2015"
"Oats","Supporting information","Enterprise size","planted acres","No specific size","U.S. total","United States",2017,26,"Base survey of 2015"
"Oats","Supporting information","Enterprise size","planted acres","No specific size","U.S. total","United States",2018,26,"Base survey of 2015"
"Oats","Supporting information","Enterprise size","planted acres","No specific size","U.S. total","United States",2019,26,"Base survey of 2015"
"Oats","Supporting information","Enterprise size","planted acres","No specific size","U.S. total","United States",2020,26,"Base survey of 2015"
"Oats","Supporting information","Enterprise size","planted acres","No specific size","U.S. total","United States",2021,26,"Base survey of 2015"
"Oats","Supporting information","Enterprise size","planted acres","No specific size","U.S. total","United States",2022,26,"Base survey of 2015"
"Oats","Supporting information","Enterprise size","planted acres","No specific size","U.S. total","United States",2023,76,"Base survey of 2023"
"Oats","Supporting information","Enterprise size","planted acres","No specific size","U.S. total","United States",2024,76,"Base survey of 2023"
"Oats","Supporting information","Enterprise size","planted acres","No specific size","Heartland","United States",2005,23,"Base survey of 2005"
"Oats","Supporting information","Enterprise size","planted acres","No specific size","Heartland","United States",2006,23,"Base survey of 2005"
"Oats","Supporting information","Enterprise size","planted acres","No specific size","Heartland","United States",2007,23,"Base survey of 2005"
"Oats","Supporting information","Enterprise size","planted acres","No specific size","Heartland","United States",2008,23,"Base survey of 2005"
"Oats","Supporting information","Enterprise size","planted acres","No specific size","Heartland","United States",2009,23,"Base survey of 2005"
"Oats","Supporting information","Enterprise size","planted acres","No specific size","Heartland","United States",2010,23,"Base survey of 2005"
"Oats","Supporting information","Enterprise size","planted acres","No specific size","Heartland","United States",2011,23,"Base survey of 2005"
"Oats","Supporting information","Enterprise size","planted acres","No specific size","Heartland","United States",2012,23,"Base survey of 2005"
"Oats","Supporting information","Enterprise size","planted acres","No specific size","Heartland","United States",2013,23,"Base survey of 2005"
"Oats","Supporting information","Enterprise size","planted acres","No specific size","Heartland","United States",2014,23,"Base survey of 2005"
"Oats","Supporting information","Enterprise size","planted acres","No specific size","Heartland","United States",2015,24,"Base survey of 2015"
"Oats","Supporting information","Enterprise size","planted acres","No specific size","Heartland","United States",2016,24,"Base survey of 2015"
"Oats","Supporting information","Enterprise size","planted acres","No specific size","Heartland","United States",2017,24,"Base survey of 2015"
"Oats","Supporting information","Enterprise size","planted acres","No specific size","Heartland","United States",2018,24,"Base survey of 2015"
"Oats","Supporting information","Enterprise size","planted acres","No specific size","Heartland","United States",2019,24,"Base survey of 2015"
"Oats","Supporting information","Enterprise size","planted acres","No specific size","Heartland","United States",2020,24,"Base survey of 2015"
"Oats","Supporting information","Enterprise size","planted acres","No specific size","Heartland","United States",2021,24,"Base survey of 2015"
"Oats","Supporting information","Enterprise size","planted acres","No specific size","Heartland","United States",2022,24,"Base survey of 2015"
"Oats","Supporting information","Enterprise size","planted acres","No specific size","Heartland","United States",2023,99,"Base survey of 2023"
"Oats","Supporting information","Enterprise size","planted acres","No specific size","Heartland","United States",2024,99,"Base survey of 2023"
"Oats","Supporting information","Enterprise size","planted acres","No specific size","Northern Crescent","United States",2005,25,"Base survey of 2005"
"Oats","Supporting information","Enterprise size","planted acres","No specific size","Northern Crescent","United States",2006,25,"Base survey of 2005"
"Oats","Supporting information","Enterprise size","planted acres","No specific size","Northern Crescent","United States",2007,25,"Base survey of 2005"
"Oats","Supporting information","Enterprise size","planted acres","No specific size","Northern Crescent","United States",2008,25,"Base survey of 2005"
"Oats","Supporting information","Enterprise size","planted acres","No specific size","Northern Crescent","United States",2009,25,"Base survey of 2005"
"Oats","Supporting information","Enterprise size","planted acres","No specific size","Northern Crescent","United States",2010,25,"Base survey of 2005"
"Oats","Supporting information","Enterprise size","planted acres","No specific size","Northern Crescent","United States",2011,25,"Base survey of 2005"
"Oats","Supporting information","Enterprise size","planted acres","No specific size","Northern Crescent","United States",2012,25,"Base survey of 2005"
"Oats","Supporting information","Enterprise size","planted acres","No specific size","Northern Crescent","United States",2013,25,"Base survey of 2005"
"Oats","Supporting information","Enterprise size","planted acres","No specific size","Northern Crescent","United States",2014,25,"Base survey of 2005"
"Oats","Supporting information","Enterprise size","planted acres","No specific size","Northern Crescent","United States",2015,20,"Base survey of 2015"
"Oats","Supporting information","Enterprise size","planted acres","No specific size","Northern Crescent","United States",2016,20,"Base survey of 2015"
"Oats","Supporting information","Enterprise size","planted acres","No specific size","Northern Crescent","United States",2017,20,"Base survey of 2015"
"Oats","Supporting information","Enterprise size","planted acres","No specific size","Northern Crescent","United States",2018,20,"Base survey of 2015"
"Oats","Supporting information","Enterprise size","planted acres","No specific size","Northern Crescent","United States",2019,20,"Base survey of 2015"
"Oats","Supporting information","Enterprise size","planted acres","No specific size","Northern Crescent","United States",2020,20,"Base survey of 2015"
"Oats","Supporting information","Enterprise size","planted acres","No specific size","Northern Crescent","United States",2021,20,"Base survey of 2015"
"Oats","Supporting information","Enterprise size","planted acres","No specific size","Northern Crescent","United States",2022,20,"Base survey of 2015"
"Oats","Supporting information","Enterprise size","planted acres","No specific size","Northern Crescent","United States",2023,43,"Base survey of 2023"
"Oats","Supporting information","Enterprise size","planted acres","No specific size","Northern Crescent","United States",2024,43,"Base survey of 2023"
"Oats","Supporting information","Enterprise size","planted acres","No specific size","Northern Great Plains","United States",2005,66,"Base survey of 2005"
"Oats","Supporting information","Enterprise size","planted acres","No specific size","Northern Great Plains","United States",2006,66,"Base survey of 2005"
"Oats","Supporting information","Enterprise size","planted acres","No specific size","Northern Great Plains","United States",2007,66,"Base survey of 2005"
"Oats","Supporting information","Enterprise size","planted acres","No specific size","Northern Great Plains","United States",2008,66,"Base survey of 2005"
"Oats","Supporting information","Enterprise size","planted acres","No specific size","Northern Great Plains","United States",2009,66,"Base survey of 2005"
"Oats","Supporting information","Enterprise size","planted acres","No specific size","Northern Great Plains","United States",2010,66,"Base survey of 2005"
"Oats","Supporting information","Enterprise size","planted acres","No specific size","Northern Great Plains","United States",2011,66,"Base survey of 2005"
"Oats","Supporting information","Enterprise size","planted acres","No specific size","Northern Great Plains","United States",2012,66,"Base survey of 2005"
"Oats","Supporting information","Enterprise size","planted acres","No specific size","Northern Great Plains","United States",2013,66,"Base survey of 2005"
"Oats","Supporting information","Enterprise size","planted acres","No specific size","Northern Great Plains","United States",2014,66,"Base survey of 2005"
"Oats","Supporting information","Enterprise size","planted acres","No specific size","Northern Great Plains","United States",2015,115,"Base survey of 2015"
"Oats","Supporting information","Enterprise size","planted acres","No specific size","Northern Great Plains","United States",2016,115,"Base survey of 2015"
"Oats","Supporting information","Enterprise size","planted acres","No specific size","Northern Great Plains","United States",2017,115,"Base survey of 2015"
"Oats","Supporting information","Enterprise size","planted acres","No specific size","Northern Great Plains","United States",2018,115,"Base survey of 2015"
"Oats","Supporting information","Enterprise size","planted acres","No specific size","Northern Great Plains","United States",2019,115,"Base survey of 2015"
"Oats","Supporting information","Enterprise size","planted acres","No specific size","Northern Great Plains","United States",2020,115,"Base survey of 2015"
"Oats","Supporting information","Enterprise size","planted acres","No specific size","Northern Great Plains","United States",2021,115,"Base survey of 2015"
"Oats","Supporting information","Enterprise size","planted acres","No specific size","Northern Great Plains","United States",2022,115,"Base survey of 2015"
"Oats","Supporting information","Enterprise size","planted acres","No specific size","Northern Great Plains","United States",2023,204,"Base survey of 2023"
"Oats","Supporting information","Enterprise size","planted acres","No specific size","Northern Great Plains","United States",2024,204,"Base survey of 2023"
"Oats","Supporting information","Enterprise size","planted acres","No specific size","Prairie Gateway","United States",2005,47,"Base survey of 2005"
"Oats","Supporting information","Enterprise size","planted acres","No specific size","Prairie Gateway","United States",2006,47,"Base survey of 2005"
"Oats","Supporting information","Enterprise size","planted acres","No specific size","Prairie Gateway","United States",2007,47,"Base survey of 2005"
"Oats","Supporting information","Enterprise size","planted acres","No specific size","Prairie Gateway","United States",2008,47,"Base survey of 2005"
"Oats","Supporting information","Enterprise size","planted acres","No specific size","Prairie Gateway","United States",2009,47,"Base survey of 2005"
"Oats","Supporting information","Enterprise size","planted acres","No specific size","Prairie Gateway","United States",2010,47,"Base survey of 2005"
"Oats","Supporting information","Enterprise size","planted acres","No specific size","Prairie Gateway","United States",2011,47,"Base survey of 2005"
"Oats","Supporting information","Enterprise size","planted acres","No specific size","Prairie Gateway","United States",2012,47,"Base survey of 2005"
"Oats","Supporting information","Enterprise size","planted acres","No specific size","Prairie Gateway","United States",2013,47,"Base survey of 2005"
"Oats","Supporting information","Enterprise size","planted acres","No specific size","Prairie Gateway","United States",2014,47,"Base survey of 2005"
"Oats","Supporting information","Enterprise size","planted acres","No specific size","Prairie Gateway","United States",2015,63,"Base survey of 2015"
"Oats","Supporting information","Enterprise size","planted acres","No specific size","Prairie Gateway","United States",2016,63,"Base survey of 2015"
"Oats","Supporting information","Enterprise size","planted acres","No specific size","Prairie Gateway","United States",2017,63,"Base survey of 2015"
"Oats","Supporting information","Enterprise size","planted acres","No specific size","Prairie Gateway","United States",2018,63,"Base survey of 2015"
"Oats","Supporting information","Enterprise size","planted acres","No specific size","Prairie Gateway","United States",2019,63,"Base survey of 2015"
"Oats","Supporting information","Enterprise size","planted acres","No specific size","Prairie Gateway","United States",2020,63,"Base survey of 2015"
"Oats","Supporting information","Enterprise size","planted acres","No specific size","Prairie Gateway","United States",2021,63,"Base survey of 2015"
"Oats","Supporting information","Enterprise size","planted acres","No specific size","Prairie Gateway","United States",2022,63,"Base survey of 2015"
"Oats","Supporting information","Enterprise size","planted acres","No specific size","Eastern Uplands","United States",2023,32,"Base survey of 2023"
"Oats","Supporting information","Enterprise size","planted acres","No specific size","Eastern Uplands","United States",2024,32,"Base survey of 2023"
"Oats","Production practices","Dryland","percent of acres","No specific size","U.S. total","United States",2005,99,"Base survey of 2005"
"Oats","Production practices","Dryland","percent of acres","No specific size","U.S. total","United States",2006,99,"Base survey of 2005"
"Oats","Production practices","Dryland","percent of acres","No specific size","U.S. total","United States",2007,99,"Base survey of 2005"
"Oats","Production practices","Dryland","percent of acres","No specific size","U.S. total","United States",2008,99,"Base survey of 2005"
"Oats","Production practices","Dryland","percent of acres","No specific size","U.S. total","United States",2009,99,"Base survey of 2005"
"Oats","Production practices","Dryland","percent of acres","No specific size","U.S. total","United States",2010,99,"Base survey of 2005"
"Oats","Production practices","Dryland","percent of acres","No specific size","U.S. total","United States",2011,99,"Base survey of 2005"
"Oats","Production practices","Dryland","percent of acres","No specific size","U.S. total","United States",2012,99,"Base survey of 2005"
"Oats","Production practices","Dryland","percent of acres","No specific size","U.S. total","United States",2013,99,"Base survey of 2005"
"Oats","Production practices","Dryland","percent of acres","No specific size","U.S. total","United States",2014,99,"Base survey of 2005"
"Oats","Production practices","Dryland","percent of acres","No specific size","U.S. total","United States",2015,99,"Base survey of 2015"
"Oats","Production practices","Dryland","percent of acres","No specific size","U.S. total","United States",2016,99,"Base survey of 2015"
"Oats","Production practices","Dryland","percent of acres","No specific size","U.S. total","United States",2017,99,"Base survey of 2015"
"Oats","Production practices","Dryland","percent of acres","No specific size","U.S. total","United States",2018,99,"Base survey of 2015"
"Oats","Production practices","Dryland","percent of acres","No specific size","U.S. total","United States",2019,99,"Base survey of 2015"
"Oats","Production practices","Dryland","percent of acres","No specific size","U.S. total","United States",2020,99,"Base survey of 2015"
"Oats","Production practices","Dryland","percent of acres","No specific size","U.S. total","United States",2021,99,"Base survey of 2015"
"Oats","Production practices","Dryland","percent of acres","No specific size","U.S. total","United States",2022,99,"Base survey of 2015"
"Oats","Production practices","Dryland","percent of acres","No specific size","U.S. total","United States",2023,97,"Base survey of 2023"
"Oats","Production practices","Dryland","percent of acres","No specific size","U.S. total","United States",2024,97,"Base survey of 2023"
"Oats","Production practices","Dryland","percent of acres","No specific size","Heartland","United States",2005,100,"Base survey of 2005"
"Oats","Production practices","Dryland","percent of acres","No specific size","Heartland","United States",2006,100,"Base survey of 2005"
"Oats","Production practices","Dryland","percent of acres","No specific size","Heartland","United States",2007,100,"Base survey of 2005"
"Oats","Production practices","Dryland","percent of acres","No specific size","Heartland","United States",2008,100,"Base survey of 2005"
"Oats","Production practices","Dryland","percent of acres","No specific size","Heartland","United States",2009,100,"Base survey of 2005"
"Oats","Production practices","Dryland","percent of acres","No specific size","Heartland","United States",2010,100,"Base survey of 2005"
"Oats","Production practices","Dryland","percent of acres","No specific size","Heartland","United States",2011,100,"Base survey of 2005"
"Oats","Production practices","Dryland","percent of acres","No specific size","Heartland","United States",2012,100,"Base survey of 2005"
"Oats","Production practices","Dryland","percent of acres","No specific size","Heartland","United States",2013,100,"Base survey of 2005"
"Oats","Production practices","Dryland","percent of acres","No specific size","Heartland","United States",2014,100,"Base survey of 2005"
"Oats","Production practices","Dryland","percent of acres","No specific size","Heartland","United States",2015,100,"Base survey of 2015"
"Oats","Production practices","Dryland","percent of acres","No specific size","Heartland","United States",2016,100,"Base survey of 2015"
"Oats","Production practices","Dryland","percent of acres","No specific size","Heartland","United States",2017,100,"Base survey of 2015"
"Oats","Production practices","Dryland","percent of acres","No specific size","Heartland","United States",2018,100,"Base survey of 2015"
"Oats","Production practices","Dryland","percent of acres","No specific size","Heartland","United States",2019,100,"Base survey of 2015"
"Oats","Production practices","Dryland","percent of acres","No specific size","Heartland","United States",2020,100,"Base survey of 2015"
"Oats","Production practices","Dryland","percent of acres","No specific size","Heartland","United States",2021,100,"Base survey of 2015"
"Oats","Production practices","Dryland","percent of acres","No specific size","Heartland","United States",2022,100,"Base survey of 2015"
"Oats","Production practices","Dryland","percent of acres","No specific size","Heartland","United States",2023,100,"Base survey of 2023"
"Oats","Production practices","Dryland","percent of acres","No specific size","Heartland","United States",2024,100,"Base survey of 2023"
"Oats","Production practices","Dryland","percent of acres","No specific size","Northern Crescent","United States",2005,100,"Base survey of 2005"
"Oats","Production practices","Dryland","percent of acres","No specific size","Northern Crescent","United States",2006,100,"Base survey of 2005"
"Oats","Production practices","Dryland","percent of acres","No specific size","Northern Crescent","United States",2007,100,"Base survey of 2005"
"Oats","Production practices","Dryland","percent of acres","No specific size","Northern Crescent","United States",2008,100,"Base survey of 2005"
"Oats","Production practices","Dryland","percent of acres","No specific size","Northern Crescent","United States",2009,100,"Base survey of 2005"
"Oats","Production practices","Dryland","percent of acres","No specific size","Northern Crescent","United States",2010,100,"Base survey of 2005"
"Oats","Production practices","Dryland","percent of acres","No specific size","Northern Crescent","United States",2011,100,"Base survey of 2005"
"Oats","Production practices","Dryland","percent of acres","No specific size","Northern Crescent","United States",2012,100,"Base survey of 2005"
"Oats","Production practices","Dryland","percent of acres","No specific size","Northern Crescent","United States",2013,100,"Base survey of 2005"
"Oats","Production practices","Dryland","percent of acres","No specific size","Northern Crescent","United States",2014,100,"Base survey of 2005"
"Oats","Production practices","Dryland","percent of acres","No specific size","Northern Crescent","United States",2015,100,"Base survey of 2015"
"Oats","Production practices","Dryland","percent of acres","No specific size","Northern Crescent","United States",2016,100,"Base survey of 2015"
"Oats","Production practices","Dryland","percent of acres","No specific size","Northern Crescent","United States",2017,100,"Base survey of 2015"
"Oats","Production practices","Dryland","percent of acres","No specific size","Northern Crescent","United States",2018,100,"Base survey of 2015"
"Oats","Production practices","Dryland","percent of acres","No specific size","Northern Crescent","United States",2019,100,"Base survey of 2015"
"Oats","Production practices","Dryland","percent of acres","No specific size","Northern Crescent","United States",2020,100,"Base survey of 2015"
"Oats","Production practices","Dryland","percent of acres","No specific size","Northern Crescent","United States",2021,100,"Base survey of 2015"
"Oats","Production practices","Dryland","percent of acres","No specific size","Northern Crescent","United States",2022,100,"Base survey of 2015"
"Oats","Production practices","Dryland","percent of acres","No specific size","Northern Crescent","United States",2023,96,"Base survey of 2023"
"Oats","Production practices","Dryland","percent of acres","No specific size","Northern Crescent","United States",2024,97,"Base survey of 2023"
"Oats","Production practices","Dryland","percent of acres","No specific size","Northern Great Plains","United States",2005,98,"Base survey of 2005"
"Oats","Production practices","Dryland","percent of acres","No specific size","Northern Great Plains","United States",2006,98,"Base survey of 2005"
"Oats","Production practices","Dryland","percent of acres","No specific size","Northern Great Plains","United States",2007,98,"Base survey of 2005"
"Oats","Production practices","Dryland","percent of acres","No specific size","Northern Great Plains","United States",2008,98,"Base survey of 2005"
"Oats","Production practices","Dryland","percent of acres","No specific size","Northern Great Plains","United States",2009,98,"Base survey of 2005"
"Oats","Production practices","Dryland","percent of acres","No specific size","Northern Great Plains","United States",2010,98,"Base survey of 2005"
"Oats","Production practices","Dryland","percent of acres","No specific size","Northern Great Plains","United States",2011,98,"Base survey of 2005"
"Oats","Production practices","Dryland","percent of acres","No specific size","Northern Great Plains","United States",2012,98,"Base survey of 2005"
"Oats","Production practices","Dryland","percent of acres","No specific size","Northern Great Plains","United States",2013,98,"Base survey of 2005"
"Oats","Production practices","Dryland","percent of acres","No specific size","Northern Great Plains","United States",2014,98,"Base survey of 2005"
"Oats","Production practices","Dryland","percent of acres","No specific size","Northern Great Plains","United States",2015,99,"Base survey of 2015"
"Oats","Production practices","Dryland","percent of acres","No specific size","Northern Great Plains","United States",2016,99,"Base survey of 2015"
"Oats","Production practices","Dryland","percent of acres","No specific size","Northern Great Plains","United States",2017,99,"Base survey of 2015"
"Oats","Production practices","Dryland","percent of acres","No specific size","Northern Great Plains","United States",2018,99,"Base survey of 2015"
"Oats","Production practices","Dryland","percent of acres","No specific size","Northern Great Plains","United States",2019,99,"Base survey of 2015"
"Oats","Production practices","Dryland","percent of acres","No specific size","Northern Great Plains","United States",2020,99,"Base survey of 2015"
"Oats","Production practices","Dryland","percent of acres","No specific size","Northern Great Plains","United States",2021,99,"Base survey of 2015"
"Oats","Production practices","Dryland","percent of acres","No specific size","Northern Great Plains","United States",2022,99,"Base survey of 2015"
"Oats","Production practices","Dryland","percent of acres","No specific size","Northern Great Plains","United States",2023,100,"Base survey of 2023"
"Oats","Production practices","Dryland","percent of acres","No specific size","Northern Great Plains","United States",2024,100,"Base survey of 2023"
"Oats","Production practices","Dryland","percent of acres","No specific size","Prairie Gateway","United States",2005,95,"Base survey of 2005"
"Oats","Production practices","Dryland","percent of acres","No specific size","Prairie Gateway","United States",2006,95,"Base survey of 2005"
"Oats","Production practices","Dryland","percent of acres","No specific size","Prairie Gateway","United States",2007,95,"Base survey of 2005"
"Oats","Production practices","Dryland","percent of acres","No specific size","Prairie Gateway","United States",2008,95,"Base survey of 2005"
"Oats","Production practices","Dryland","percent of acres","No specific size","Prairie Gateway","United States",2009,95,"Base survey of 2005"
"Oats","Production practices","Dryland","percent of acres","No specific size","Prairie Gateway","United States",2010,95,"Base survey of 2005"
"Oats","Production practices","Dryland","percent of acres","No specific size","Prairie Gateway","United States",2011,95,"Base survey of 2005"
"Oats","Production practices","Dryland","percent of acres","No specific size","Prairie Gateway","United States",2012,95,"Base survey of 2005"
"Oats","Production practices","Dryland","percent of acres","No specific size","Prairie Gateway","United States",2013,95,"Base survey of 2005"
"Oats","Production practices","Dryland","percent of acres","No specific size","Prairie Gateway","United States",2014,95,"Base survey of 2005"
"Oats","Production practices","Dryland","percent of acres","No specific size","Prairie Gateway","United States",2015,89,"Base survey of 2015"
"Oats","Production practices","Dryland","percent of acres","No specific size","Prairie Gateway","United States",2016,89,"Base survey of 2015"
"Oats","Production practices","Dryland","percent of acres","No specific size","Prairie Gateway","United States",2017,89,"Base survey of 2015"
"Oats","Production practices","Dryland","percent of acres","No specific size","Prairie Gateway","United States",2018,89,"Base survey of 2015"
"Oats","Production practices","Dryland","percent of acres","No specific size","Prairie Gateway","United States",2019,89,"Base survey of 2015"
"Oats","Production practices","Dryland","percent of acres","No specific size","Prairie Gateway","United States",2020,89,"Base survey of 2015"
"Oats","Production practices","Dryland","percent of acres","No specific size","Prairie Gateway","United States",2021,89,"Base survey of 2015"
"Oats","Production practices","Dryland","percent of acres","No specific size","Prairie Gateway","United States",2022,89,"Base survey of 2015"
"Oats","Production practices","Dryland","percent of acres","No specific size","Eastern Uplands","United States",2023,100,"Base survey of 2023"
"Oats","Production practices","Dryland","percent of acres","No specific size","Eastern Uplands","United States",2024,100,"Base survey of 2023"
"Oats","Production practices","Irrigated","percent of acres","No specific size","U.S. total","United States",2005,1,"Base survey of 2005"
"Oats","Production practices","Irrigated","percent of acres","No specific size","U.S. total","United States",2006,1,"Base survey of 2005"
"Oats","Production practices","Irrigated","percent of acres","No specific size","U.S. total","United States",2007,1,"Base survey of 2005"
"Oats","Production practices","Irrigated","percent of acres","No specific size","U.S. total","United States",2008,1,"Base survey of 2005"
"Oats","Production practices","Irrigated","percent of acres","No specific size","U.S. total","United States",2009,1,"Base survey of 2005"
"Oats","Production practices","Irrigated","percent of acres","No specific size","U.S. total","United States",2010,1,"Base survey of 2005"
"Oats","Production practices","Irrigated","percent of acres","No specific size","U.S. total","United States",2011,1,"Base survey of 2005"
"Oats","Production practices","Irrigated","percent of acres","No specific size","U.S. total","United States",2012,1,"Base survey of 2005"
"Oats","Production practices","Irrigated","percent of acres","No specific size","U.S. total","United States",2013,1,"Base survey of 2005"
"Oats","Production practices","Irrigated","percent of acres","No specific size","U.S. total","United States",2014,1,"Base survey of 2005"
"Oats","Production practices","Irrigated","percent of acres","No specific size","U.S. total","United States",2015,1,"Base survey of 2015"
"Oats","Production practices","Irrigated","percent of acres","No specific size","U.S. total","United States",2016,1,"Base survey of 2015"
"Oats","Production practices","Irrigated","percent of acres","No specific size","U.S. total","United States",2017,1,"Base survey of 2015"
"Oats","Production practices","Irrigated","percent of acres","No specific size","U.S. total","United States",2018,1,"Base survey of 2015"
"Oats","Production practices","Irrigated","percent of acres","No specific size","U.S. total","United States",2019,1,"Base survey of 2015"
"Oats","Production practices","Irrigated","percent of acres","No specific size","U.S. total","United States",2020,1,"Base survey of 2015"
"Oats","Production practices","Irrigated","percent of acres","No specific size","U.S. total","United States",2021,1,"Base survey of 2015"
"Oats","Production practices","Irrigated","percent of acres","No specific size","U.S. total","United States",2022,1,"Base survey of 2015"
"Oats","Production practices","Irrigated","percent of acres","No specific size","U.S. total","United States",2023,3,"Base survey of 2023"
"Oats","Production practices","Irrigated","percent of acres","No specific size","U.S. total","United States",2024,3,"Base survey of 2023"
"Oats","Production practices","Irrigated","percent of acres","No specific size","Heartland","United States",2005,0,"Base survey of 2005"
"Oats","Production practices","Irrigated","percent of acres","No specific size","Heartland","United States",2006,0,"Base survey of 2005"
"Oats","Production practices","Irrigated","percent of acres","No specific size","Heartland","United States",2007,0,"Base survey of 2005"
"Oats","Production practices","Irrigated","percent of acres","No specific size","Heartland","United States",2008,0,"Base survey of 2005"
"Oats","Production practices","Irrigated","percent of acres","No specific size","Heartland","United States",2009,0,"Base survey of 2005"
"Oats","Production practices","Irrigated","percent of acres","No specific size","Heartland","United States",2010,0,"Base survey of 2005"
"Oats","Production practices","Irrigated","percent of acres","No specific size","Heartland","United States",2011,0,"Base survey of 2005"
"Oats","Production practices","Irrigated","percent of acres","No specific size","Heartland","United States",2012,0,"Base survey of 2005"
"Oats","Production practices","Irrigated","percent of acres","No specific size","Heartland","United States",2013,0,"Base survey of 2005"
"Oats","Production practices","Irrigated","percent of acres","No specific size","Heartland","United States",2014,0,"Base survey of 2005"
"Oats","Production practices","Irrigated","percent of acres","No specific size","Heartland","United States",2015,0,"Base survey of 2015"
"Oats","Production practices","Irrigated","percent of acres","No specific size","Heartland","United States",2016,0,"Base survey of 2015"
"Oats","Production practices","Irrigated","percent of acres","No specific size","Heartland","United States",2017,0,"Base survey of 2015"
"Oats","Production practices","Irrigated","percent of acres","No specific size","Heartland","United States",2018,0,"Base survey of 2015"
"Oats","Production practices","Irrigated","percent of acres","No specific size","Heartland","United States",2019,0,"Base survey of 2015"
"Oats","Production practices","Irrigated","percent of acres","No specific size","Heartland","United States",2020,0,"Base survey of 2015"
"Oats","Production practices","Irrigated","percent of acres","No specific size","Heartland","United States",2021,0,"Base survey of 2015"
"Oats","Production practices","Irrigated","percent of acres","No specific size","Heartland","United States",2022,0,"Base survey of 2015"
"Oats","Production practices","Irrigated","percent of acres","No specific size","Heartland","United States",2023,0,"Base survey of 2023"
"Oats","Production practices","Irrigated","percent of acres","No specific size","Heartland","United States",2024,0,"Base survey of 2023"
"Oats","Production practices","Irrigated","percent of acres","No specific size","Northern Crescent","United States",2005,0,"Base survey of 2005"
"Oats","Production practices","Irrigated","percent of acres","No specific size","Northern Crescent","United States",2006,0,"Base survey of 2005"
"Oats","Production practices","Irrigated","percent of acres","No specific size","Northern Crescent","United States",2007,0,"Base survey of 2005"
"Oats","Production practices","Irrigated","percent of acres","No specific size","Northern Crescent","United States",2008,0,"Base survey of 2005"
"Oats","Production practices","Irrigated","percent of acres","No specific size","Northern Crescent","United States",2009,0,"Base survey of 2005"
"Oats","Production practices","Irrigated","percent of acres","No specific size","Northern Crescent","United States",2010,0,"Base survey of 2005"
"Oats","Production practices","Irrigated","percent of acres","No specific size","Northern Crescent","United States",2011,0,"Base survey of 2005"
"Oats","Production practices","Irrigated","percent of acres","No specific size","Northern Crescent","United States",2012,0,"Base survey of 2005"
"Oats","Production practices","Irrigated","percent of acres","No specific size","Northern Crescent","United States",2013,0,"Base survey of 2005"
"Oats","Production practices","Irrigated","percent of acres","No specific size","Northern Crescent","United States",2014,0,"Base survey of 2005"
"Oats","Production practices","Irrigated","percent of acres","No specific size","Northern Crescent","United States",2015,0,"Base survey of 2015"
"Oats","Production practices","Irrigated","percent of acres","No specific size","Northern Crescent","United States",2016,0,"Base survey of 2015"
"Oats","Production practices","Irrigated","percent of acres","No specific size","Northern Crescent","United States",2017,0,"Base survey of 2015"
"Oats","Production practices","Irrigated","percent of acres","No specific size","Northern Crescent","United States",2018,0,"Base survey of 2015"
"Oats","Production practices","Irrigated","percent of acres","No specific size","Northern Crescent","United States",2019,0,"Base survey of 2015"
"Oats","Production practices","Irrigated","percent of acres","No specific size","Northern Crescent","United States",2020,0,"Base survey of 2015"
"Oats","Production practices","Irrigated","percent of acres","No specific size","Northern Crescent","United States",2021,0,"Base survey of 2015"
"Oats","Production practices","Irrigated","percent of acres","No specific size","Northern Crescent","United States",2022,0,"Base survey of 2015"
"Oats","Production practices","Irrigated","percent of acres","No specific size","Northern Crescent","United States",2023,4,"Base survey of 2023"
"Oats","Production practices","Irrigated","percent of acres","No specific size","Northern Crescent","United States",2024,3,"Base survey of 2023"
"Oats","Production practices","Irrigated","percent of acres","No specific size","Northern Great Plains","United States",2005,2,"Base survey of 2005"
"Oats","Production practices","Irrigated","percent of acres","No specific size","Northern Great Plains","United States",2006,2,"Base survey of 2005"
"Oats","Production practices","Irrigated","percent of acres","No specific size","Northern Great Plains","United States",2007,2,"Base survey of 2005"
"Oats","Production practices","Irrigated","percent of acres","No specific size","Northern Great Plains","United States",2008,2,"Base survey of 2005"
"Oats","Production practices","Irrigated","percent of acres","No specific size","Northern Great Plains","United States",2009,2,"Base survey of 2005"
"Oats","Production practices","Irrigated","percent of acres","No specific size","Northern Great Plains","United States",2010,2,"Base survey of 2005"
"Oats","Production practices","Irrigated","percent of acres","No specific size","Northern Great Plains","United States",2011,2,"Base survey of 2005"
"Oats","Production practices","Irrigated","percent of acres","No specific size","Northern Great Plains","United States",2012,2,"Base survey of 2005"
"Oats","Production practices","Irrigated","percent of acres","No specific size","Northern Great Plains","United States",2013,2,"Base survey of 2005"
"Oats","Production practices","Irrigated","percent of acres","No specific size","Northern Great Plains","United States",2014,2,"Base survey of 2005"
"Oats","Production practices","Irrigated","percent of acres","No specific size","Northern Great Plains","United States",2015,1,"Base survey of 2015"
"Oats","Production practices","Irrigated","percent of acres","No specific size","Northern Great Plains","United States",2016,1,"Base survey of 2015"
"Oats","Production practices","Irrigated","percent of acres","No specific size","Northern Great Plains","United States",2017,1,"Base survey of 2015"
"Oats","Production practices","Irrigated","percent of acres","No specific size","Northern Great Plains","United States",2018,1,"Base survey of 2015"
"Oats","Production practices","Irrigated","percent of acres","No specific size","Northern Great Plains","United States",2019,1,"Base survey of 2015"
"Oats","Production practices","Irrigated","percent of acres","No specific size","Northern Great Plains","United States",2020,1,"Base survey of 2015"
"Oats","Production practices","Irrigated","percent of acres","No specific size","Northern Great Plains","United States",2021,1,"Base survey of 2015"
"Oats","Production practices","Irrigated","percent of acres","No specific size","Northern Great Plains","United States",2022,1,"Base survey of 2015"
"Oats","Production practices","Irrigated","percent of acres","No specific size","Northern Great Plains","United States",2023,0,"Base survey of 2023"
"Oats","Production practices","Irrigated","percent of acres","No specific size","Northern Great Plains","United States",2024,0,"Base survey of 2023"
"Oats","Production practices","Irrigated","percent of acres","No specific size","Prairie Gateway","United States",2005,5,"Base survey of 2005"
"Oats","Production practices","Irrigated","percent of acres","No specific size","Prairie Gateway","United States",2006,5,"Base survey of 2005"
"Oats","Production practices","Irrigated","percent of acres","No specific size","Prairie Gateway","United States",2007,5,"Base survey of 2005"
"Oats","Production practices","Irrigated","percent of acres","No specific size","Prairie Gateway","United States",2008,5,"Base survey of 2005"
"Oats","Production practices","Irrigated","percent of acres","No specific size","Prairie Gateway","United States",2009,5,"Base survey of 2005"
"Oats","Production practices","Irrigated","percent of acres","No specific size","Prairie Gateway","United States",2010,5,"Base survey of 2005"
"Oats","Production practices","Irrigated","percent of acres","No specific size","Prairie Gateway","United States",2011,5,"Base survey of 2005"
"Oats","Production practices","Irrigated","percent of acres","No specific size","Prairie Gateway","United States",2012,5,"Base survey of 2005"
"Oats","Production practices","Irrigated","percent of acres","No specific size","Prairie Gateway","United States",2013,5,"Base survey of 2005"
"Oats","Production practices","Irrigated","percent of acres","No specific size","Prairie Gateway","United States",2014,5,"Base survey of 2005"
"Oats","Production practices","Irrigated","percent of acres","No specific size","Prairie Gateway","United States",2015,11,"Base survey of 2015"
"Oats","Production practices","Irrigated","percent of acres","No specific size","Prairie Gateway","United States",2016,11,"Base survey of 2015"
"Oats","Production practices","Irrigated","percent of acres","No specific size","Prairie Gateway","United States",2017,11,"Base survey of 2015"
"Oats","Production practices","Irrigated","percent of acres","No specific size","Prairie Gateway","United States",2018,11,"Base survey of 2015"
"Oats","Production practices","Irrigated","percent of acres","No specific size","Prairie Gateway","United States",2019,11,"Base survey of 2015"
"Oats","Production practices","Irrigated","percent of acres","No specific size","Prairie Gateway","United States",2020,11,"Base survey of 2015"
"Oats","Production practices","Irrigated","percent of acres","No specific size","Prairie Gateway","United States",2021,11,"Base survey of 2015"
"Oats","Production practices","Irrigated","percent of acres","No specific size","Prairie Gateway","United States",2022,11,"Base survey of 2015"
"Oats","Production practices","Irrigated","percent of acres","No specific size","Eastern Uplands","United States",2023,0,"Base survey of 2023"
"Oats","Production practices","Irrigated","percent of acres","No specific size","Eastern Uplands","United States",2024,0,"Base survey of 2023"
"Oats","Gross value of production","Primary product, grain","dollars per planted acre","No specific size","U.S. total","United States",2005,94.17,"Base survey of 2005"
"Oats","Gross value of production","Primary product, grain","dollars per planted acre","No specific size","U.S. total","United States",2006,106.03,"Base survey of 2005"
"Oats","Gross value of production","Primary product, grain","dollars per planted acre","No specific size","U.S. total","United States",2007,144.55,"Base survey of 2005"
"Oats","Gross value of production","Primary product, grain","dollars per planted acre","No specific size","U.S. total","United States",2008,225.09,"Base survey of 2005"
"Oats","Gross value of production","Primary product, grain","dollars per planted acre","No specific size","U.S. total","United States",2009,155.35,"Base survey of 2005"
"Oats","Gross value of production","Primary product, grain","dollars per planted acre","No specific size","U.S. total","United States",2010,130.78,"Base survey of 2005"
"Oats","Gross value of production","Primary product, grain","dollars per planted acre","No specific size","U.S. total","United States",2011,190.1,"Base survey of 2005"
"Oats","Gross value of production","Primary product, grain","dollars per planted acre","No specific size","U.S. total","United States",2012,228.93,"Base survey of 2005"
"Oats","Gross value of production","Primary product, grain","dollars per planted acre","No specific size","U.S. total","United States",2013,268.36,"Base survey of 2005"
"Oats","Gross value of production","Primary product, grain","dollars per planted acre","No specific size","U.S. total","United States",2014,263.86,"Base survey of 2005"
"Oats","Gross value of production","Primary product, grain","dollars per planted acre","No specific size","U.S. total","United States",2015,165.31,"Base survey of 2015"
"Oats","Gross value of production","Primary product, grain","dollars per planted acre","No specific size","U.S. total","United States",2016,135.55,"Base survey of 2015"
"Oats","Gross value of production","Primary product, grain","dollars per planted acre","No specific size","U.S. total","United States",2017,158.19,"Base survey of 2015"
"Oats","Gross value of production","Primary product, grain","dollars per planted acre","No specific size","U.S. total","United States",2018,184.71,"Base survey of 2015"
"Oats","Gross value of production","Primary product, grain","dollars per planted acre","No specific size","U.S. total","United States",2019,208.76,"Base survey of 2015"
"Oats","Gross value of production","Primary product, grain","dollars per planted acre","No specific size","U.S. total","United States",2020,196.55,"Base survey of 2015"
"Oats","Gross value of production","Primary product, grain","dollars per planted acre","No specific size","U.S. total","United States",2021,235.52,"Base survey of 2015"
"Oats","Gross value of production","Primary product, grain","dollars per planted acre","No specific size","U.S. total","United States",2022,345.99,"Base survey of 2015"
"Oats","Gross value of production","Primary product, grain","dollars per planted acre","No specific size","U.S. total","United States",2023,243.15,"Base survey of 2023"
"Oats","Gross value of production","Primary product, grain","dollars per planted acre","No specific size","U.S. total","United States",2024,217.26,"Base survey of 2023"
"Oats","Gross value of production","Primary product, grain","dollars per planted acre","No specific size","Heartland","United States",2005,123.88,"Base survey of 2005"
"Oats","Gross value of production","Primary product, grain","dollars per planted acre","No specific size","Heartland","United States",2006,83,"Base survey of 2005"
"Oats","Gross value of production","Primary product, grain","dollars per planted acre","No specific size","Heartland","United States",2007,131.81,"Base survey of 2005"
"Oats","Gross value of production","Primary product, grain","dollars per planted acre","No specific size","Heartland","United States",2008,192.92,"Base survey of 2005"
"Oats","Gross value of production","Primary product, grain","dollars per planted acre","No specific size","Heartland","United States",2009,128.21,"Base survey of 2005"
"Oats","Gross value of production","Primary product, grain","dollars per planted acre","No specific size","Heartland","United States",2010,103.8,"Base survey of 2005"
"Oats","Gross value of production","Primary product, grain","dollars per planted acre","No specific size","Heartland","United States",2011,157.32,"Base survey of 2005"
"Oats","Gross value of production","Primary product, grain","dollars per planted acre","No specific size","Heartland","United States",2012,187.23,"Base survey of 2005"
"Oats","Gross value of production","Primary product, grain","dollars per planted acre","No specific size","Heartland","United States",2013,217.58,"Base survey of 2005"
"Oats","Gross value of production","Primary product, grain","dollars per planted acre","No specific size","Heartland","United States",2014,225.41,"Base survey of 2005"
"Oats","Gross value of production","Primary product, grain","dollars per planted acre","No specific size","Heartland","United States",2015,190.29,"Base survey of 2015"
"Oats","Gross value of production","Primary product, grain","dollars per planted acre","No specific size","Heartland","United States",2016,168.29,"Base survey of 2015"
"Oats","Gross value of production","Primary product, grain","dollars per planted acre","No specific size","Heartland","United States",2017,183.74,"Base survey of 2015"
"Oats","Gross value of production","Primary product, grain","dollars per planted acre","No specific size","Heartland","United States",2018,185.28,"Base survey of 2015"
"Oats","Gross value of production","Primary product, grain","dollars per planted acre","No specific size","Heartland","United States",2019,223.36,"Base survey of 2015"
"Oats","Gross value of production","Primary product, grain","dollars per planted acre","No specific size","Heartland","United States",2020,222.66,"Base survey of 2015"
"Oats","Gross value of production","Primary product, grain","dollars per planted acre","No specific size","Heartland","United States",2021,279.36,"Base survey of 2015"
"Oats","Gross value of production","Primary product, grain","dollars per planted acre","No specific size","Heartland","United States",2022,407.16,"Base survey of 2015"
"Oats","Gross value of production","Primary product, grain","dollars per planted acre","No specific size","Heartland","United States",2023,345.81,"Base survey of 2023"
"Oats","Gross value of production","Primary product, grain","dollars per planted acre","No specific size","Heartland","United States",2024,262.37,"Base survey of 2023"
"Oats","Gross value of production","Primary product, grain","dollars per planted acre","No specific size","Northern Crescent","United States",2005,84.15,"Base survey of 2005"
"Oats","Gross value of production","Primary product, grain","dollars per planted acre","No specific size","Northern Crescent","United States",2006,110.78,"Base survey of 2005"
"Oats","Gross value of production","Primary product, grain","dollars per planted acre","No specific size","Northern Crescent","United States",2007,130.53,"Base survey of 2005"
"Oats","Gross value of production","Primary product, grain","dollars per planted acre","No specific size","Northern Crescent","United States",2008,226.78,"Base survey of 2005"
"Oats","Gross value of production","Primary product, grain","dollars per planted acre","No specific size","Northern Crescent","United States",2009,154.75,"Base survey of 2005"
"Oats","Gross value of production","Primary product, grain","dollars per planted acre","No specific size","Northern Crescent","United States",2010,133.15,"Base survey of 2005"
"Oats","Gross value of production","Primary product, grain","dollars per planted acre","No specific size","Northern Crescent","United States",2011,199.5,"Base survey of 2005"
"Oats","Gross value of production","Primary product, grain","dollars per planted acre","No specific size","Northern Crescent","United States",2012,231.34,"Base survey of 2005"
"Oats","Gross value of production","Primary product, grain","dollars per planted acre","No specific size","Northern Crescent","United States",2013,260.29,"Base survey of 2005"
"Oats","Gross value of production","Primary product, grain","dollars per planted acre","No specific size","Northern Crescent","United States",2014,232.93,"Base survey of 2005"
"Oats","Gross value of production","Primary product, grain","dollars per planted acre","No specific size","Northern Crescent","United States",2015,147.06,"Base survey of 2015"
"Oats","Gross value of production","Primary product, grain","dollars per planted acre","No specific size","Northern Crescent","United States",2016,119.7,"Base survey of 2015"
"Oats","Gross value of production","Primary product, grain","dollars per planted acre","No specific size","Northern Crescent","United States",2017,137.03,"Base survey of 2015"
"Oats","Gross value of production","Primary product, grain","dollars per planted acre","No specific size","Northern Crescent","United States",2018,166.42,"Base survey of 2015"
"Oats","Gross value of production","Primary product, grain","dollars per planted acre","No specific size","Northern Crescent","United States",2019,180.28,"Base survey of 2015"
"Oats","Gross value of production","Primary product, grain","dollars per planted acre","No specific size","Northern Crescent","United States",2020,170.77,"Base survey of 2015"
"Oats","Gross value of production","Primary product, grain","dollars per planted acre","No specific size","Northern Crescent","United States",2021,230.51,"Base survey of 2015"
"Oats","Gross value of production","Primary product, grain","dollars per planted acre","No specific size","Northern Crescent","United States",2022,293.9,"Base survey of 2015"
"Oats","Gross value of production","Primary product, grain","dollars per planted acre","No specific size","Northern Crescent","United States",2023,222.58,"Base survey of 2023"
"Oats","Gross value of production","Primary product, grain","dollars per planted acre","No specific size","Northern Crescent","United States",2024,201.24,"Base survey of 2023"
"Oats","Gross value of production","Primary product, grain","dollars per planted acre","No specific size","Northern Great Plains","United States",2005,78.2,"Base survey of 2005"
"Oats","Gross value of production","Primary product, grain","dollars per planted acre","No specific size","Northern Great Plains","United States",2006,61.49,"Base survey of 2005"
"Oats","Gross value of production","Primary product, grain","dollars per planted acre","No specific size","Northern Great Plains","United States",2007,135.66,"Base survey of 2005"
"Oats","Gross value of production","Primary product, grain","dollars per planted acre","No specific size","Northern Great Plains","United States",2008,187.55,"Base survey of 2005"
"Oats","Gross value of production","Primary product, grain","dollars per planted acre","No specific size","Northern Great Plains","United States",2009,131.88,"Base survey of 2005"
"Oats","Gross value of production","Primary product, grain","dollars per planted acre","No specific size","Northern Great Plains","United States",2010,115.01,"Base survey of 2005"
"Oats","Gross value of production","Primary product, grain","dollars per planted acre","No specific size","Northern Great Plains","United States",2011,171.96,"Base survey of 2005"
"Oats","Gross value of production","Primary product, grain","dollars per planted acre","No specific size","Northern Great Plains","United States",2012,208.15,"Base survey of 2005"
"Oats","Gross value of production","Primary product, grain","dollars per planted acre","No specific size","Northern Great Plains","United States",2013,258.75,"Base survey of 2005"
"Oats","Gross value of production","Primary product, grain","dollars per planted acre","No specific size","Northern Great Plains","United States",2014,262.24,"Base survey of 2005"
"Oats","Gross value of production","Primary product, grain","dollars per planted acre","No specific size","Northern Great Plains","United States",2015,172.14,"Base survey of 2015"
"Oats","Gross value of production","Primary product, grain","dollars per planted acre","No specific size","Northern Great Plains","United States",2016,147.39,"Base survey of 2015"
"Oats","Gross value of production","Primary product, grain","dollars per planted acre","No specific size","Northern Great Plains","United States",2017,169.82,"Base survey of 2015"
"Oats","Gross value of production","Primary product, grain","dollars per planted acre","No specific size","Northern Great Plains","United States",2018,195.53,"Base survey of 2015"
"Oats","Gross value of production","Primary product, grain","dollars per planted acre","No specific size","Northern Great Plains","United States",2019,222.3,"Base survey of 2015"
"Oats","Gross value of production","Primary product, grain","dollars per planted acre","No specific size","Northern Great Plains","United States",2020,206.92,"Base survey of 2015"
"Oats","Gross value of production","Primary product, grain","dollars per planted acre","No specific size","Northern Great Plains","United States",2021,215.39,"Base survey of 2015"
"Oats","Gross value of production","Primary product, grain","dollars per planted acre","No specific size","Northern Great Plains","United States",2022,362.28,"Base survey of 2015"
"Oats","Gross value of production","Primary product, grain","dollars per planted acre","No specific size","Northern Great Plains","United States",2023,196.85,"Base survey of 2023"
"Oats","Gross value of production","Primary product, grain","dollars per planted acre","No specific size","Northern Great Plains","United States",2024,227.64,"Base survey of 2023"
"Oats","Gross value of production","Primary product, grain","dollars per planted acre","No specific size","Prairie Gateway","United States",2005,61.79,"Base survey of 2005"
"Oats","Gross value of production","Primary product, grain","dollars per planted acre","No specific size","Prairie Gateway","United States",2006,47.32,"Base survey of 2005"
"Oats","Gross value of production","Primary product, grain","dollars per planted acre","No specific size","Prairie Gateway","United States",2007,72.52,"Base survey of 2005"
"Oats","Gross value of production","Primary product, grain","dollars per planted acre","No specific size","Prairie Gateway","United States",2008,123.42,"Base survey of 2005"
"Oats","Gross value of production","Primary product, grain","dollars per planted acre","No specific size","Prairie Gateway","United States",2009,91.13,"Base survey of 2005"
"Oats","Gross value of production","Primary product, grain","dollars per planted acre","No specific size","Prairie Gateway","United States",2010,75.56,"Base survey of 2005"
"Oats","Gross value of production","Primary product, grain","dollars per planted acre","No specific size","Prairie Gateway","United States",2011,85.2,"Base survey of 2005"
"Oats","Gross value of production","Primary product, grain","dollars per planted acre","No specific size","Prairie Gateway","United States",2012,124.44,"Base survey of 2005"
"Oats","Gross value of production","Primary product, grain","dollars per planted acre","No specific size","Prairie Gateway","United States",2013,133.5,"Base survey of 2005"
"Oats","Gross value of production","Primary product, grain","dollars per planted acre","No specific size","Prairie Gateway","United States",2014,147.4,"Base survey of 2005"
"Oats","Gross value of production","Primary product, grain","dollars per planted acre","No specific size","Prairie Gateway","United States",2015,153.56,"Base survey of 2015"
"Oats","Gross value of production","Primary product, grain","dollars per planted acre","No specific size","Prairie Gateway","United States",2016,88.51,"Base survey of 2015"
"Oats","Gross value of production","Primary product, grain","dollars per planted acre","No specific size","Prairie Gateway","United States",2017,141.49,"Base survey of 2015"
"Oats","Gross value of production","Primary product, grain","dollars per planted acre","No specific size","Prairie Gateway","United States",2018,173.2,"Base survey of 2015"
"Oats","Gross value of production","Primary product, grain","dollars per planted acre","No specific size","Prairie Gateway","United States",2019,188.38,"Base survey of 2015"
"Oats","Gross value of production","Primary product, grain","dollars per planted acre","No specific size","Prairie Gateway","United States",2020,156.33,"Base survey of 2015"
"Oats","Gross value of production","Primary product, grain","dollars per planted acre","No specific size","Prairie Gateway","United States",2021,167.18,"Base survey of 2015"
"Oats","Gross value of production","Primary product, grain","dollars per planted acre","No specific size","Prairie Gateway","United States",2022,324.85,"Base survey of 2015"
"Oats","Gross value of production","Primary product, grain","dollars per planted acre","No specific size","Eastern Uplands","United States",2023,292.74,"Base survey of 2023"
"Oats","Gross value of production","Primary product, grain","dollars per planted acre","No specific size","Eastern Uplands","United States",2024,216.84,"Base survey of 2023"
"Oats","Gross value of production","Secondary product, hay/silage/grazing","dollars per planted acre","No specific size","U.S. total","United States",2005,8.24,"Base survey of 2005"
"Oats","Gross value of production","Secondary product, hay/silage/grazing","dollars per planted acre","No specific size","U.S. total","United States",2006,13.53,"Base survey of 2005"
"Oats","Gross value of production","Secondary product, hay/silage/grazing","dollars per planted acre","No specific size","U.S. total","United States",2007,21.95,"Base survey of 2005"
"Oats","Gross value of production","Secondary product, hay/silage/grazing","dollars per planted acre","No specific size","U.S. total","United States",2008,37.81,"Base survey of 2005"
"Oats","Gross value of production","Secondary product, hay/silage/grazing","dollars per planted acre","No specific size","U.S. total","United States",2009,21.05,"Base survey of 2005"
"Oats","Gross value of production","Secondary product, hay/silage/grazing","dollars per planted acre","No specific size","U.S. total","United States",2010,15.77,"Base survey of 2005"
"Oats","Gross value of production","Secondary product, hay/silage/grazing","dollars per planted acre","No specific size","U.S. total","United States",2011,37.59,"Base survey of 2005"
"Oats","Gross value of production","Secondary product, hay/silage/grazing","dollars per planted acre","No specific size","U.S. total","United States",2012,45.54,"Base survey of 2005"
"Oats","Gross value of production","Secondary product, hay/silage/grazing","dollars per planted acre","No specific size","U.S. total","United States",2013,46.24,"Base survey of 2005"
"Oats","Gross value of production","Secondary product, hay/silage/grazing","dollars per planted acre","No specific size","U.S. total","United States",2014,40.67,"Base survey of 2005"
"Oats","Gross value of production","Secondary product, hay/silage/grazing","dollars per planted acre","No specific size","U.S. total","United States",2015,5.13,"Base survey of 2015"
"Oats","Gross value of production","Secondary product, hay/silage/grazing","dollars per planted acre","No specific size","U.S. total","United States",2016,4.95,"Base survey of 2015"
"Oats","Gross value of production","Secondary product, hay/silage/grazing","dollars per planted acre","No specific size","U.S. total","United States",2017,4.78,"Base survey of 2015"
"Oats","Gross value of production","Secondary product, hay/silage/grazing","dollars per planted acre","No specific size","U.S. total","United States",2018,5.39,"Base survey of 2015"
"Oats","Gross value of production","Secondary product, hay/silage/grazing","dollars per planted acre","No specific size","U.S. total","United States",2019,5.13,"Base survey of 2015"
"Oats","Gross value of production","Secondary product, hay/silage/grazing","dollars per planted acre","No specific size","U.S. total","United States",2020,4.94,"Base survey of 2015"
"Oats","Gross value of production","Secondary product, hay/silage/grazing","dollars per planted acre","No specific size","U.S. total","United States",2021,5.47,"Base survey of 2015"
"Oats","Gross value of production","Secondary product, hay/silage/grazing","dollars per planted acre","No specific size","U.S. total","United States",2022,6.82,"Base survey of 2015"
"Oats","Gross value of production","Secondary product, hay/silage/grazing","dollars per planted acre","No specific size","U.S. total","United States",2023,33.37,"Base survey of 2023"
"Oats","Gross value of production","Secondary product, hay/silage/grazing","dollars per planted acre","No specific size","U.S. total","United States",2024,28.42,"Base survey of 2023"
"Oats","Gross value of production","Secondary product, hay/silage/grazing","dollars per planted acre","No specific size","Heartland","United States",2005,6.66,"Base survey of 2005"
"Oats","Gross value of production","Secondary product, hay/silage/grazing","dollars per planted acre","No specific size","Heartland","United States",2006,7.96,"Base survey of 2005"
"Oats","Gross value of production","Secondary product, hay/silage/grazing","dollars per planted acre","No specific size","Heartland","United States",2007,15.97,"Base survey of 2005"
"Oats","Gross value of production","Secondary product, hay/silage/grazing","dollars per planted acre","No specific size","Heartland","United States",2008,25.76,"Base survey of 2005"
"Oats","Gross value of production","Secondary product, hay/silage/grazing","dollars per planted acre","No specific size","Heartland","United States",2009,14.92,"Base survey of 2005"
"Oats","Gross value of production","Secondary product, hay/silage/grazing","dollars per planted acre","No specific size","Heartland","United States",2010,10.32,"Base survey of 2005"
"Oats","Gross value of production","Secondary product, hay/silage/grazing","dollars per planted acre","No specific size","Heartland","United States",2011,24.28,"Base survey of 2005"
"Oats","Gross value of production","Secondary product, hay/silage/grazing","dollars per planted acre","No specific size","Heartland","United States",2012,28.99,"Base survey of 2005"
"Oats","Gross value of production","Secondary product, hay/silage/grazing","dollars per planted acre","No specific size","Heartland","United States",2013,32.15,"Base survey of 2005"
"Oats","Gross value of production","Secondary product, hay/silage/grazing","dollars per planted acre","No specific size","Heartland","United States",2014,30.76,"Base survey of 2005"
"Oats","Gross value of production","Secondary product, hay/silage/grazing","dollars per planted acre","No specific size","Heartland","United States",2015,3.65,"Base survey of 2015"
"Oats","Gross value of production","Secondary product, hay/silage/grazing","dollars per planted acre","No specific size","Heartland","United States",2016,3.44,"Base survey of 2015"
"Oats","Gross value of production","Secondary product, hay/silage/grazing","dollars per planted acre","No specific size","Heartland","United States",2017,3.32,"Base survey of 2015"
"Oats","Gross value of production","Secondary product, hay/silage/grazing","dollars per planted acre","No specific size","Heartland","United States",2018,3.84,"Base survey of 2015"
"Oats","Gross value of production","Secondary product, hay/silage/grazing","dollars per planted acre","No specific size","Heartland","United States",2019,3.38,"Base survey of 2015"
"Oats","Gross value of production","Secondary product, hay/silage/grazing","dollars per planted acre","No specific size","Heartland","United States",2020,3.71,"Base survey of 2015"
"Oats","Gross value of production","Secondary product, hay/silage/grazing","dollars per planted acre","No specific size","Heartland","United States",2021,3.97,"Base survey of 2015"
"Oats","Gross value of production","Secondary product, hay/silage/grazing","dollars per planted acre","No specific size","Heartland","United States",2022,4.95,"Base survey of 2015"
"Oats","Gross value of production","Secondary product, hay/silage/grazing","dollars per planted acre","No specific size","Heartland","United States",2023,33.61,"Base survey of 2023"
"Oats","Gross value of production","Secondary product, hay/silage/grazing","dollars per planted acre","No specific size","Heartland","United States",2024,28.39,"Base survey of 2023"
"Oats","Gross value of production","Secondary product, hay/silage/grazing","dollars per planted acre","No specific size","Northern Crescent","United States",2005,7.21,"Base survey of 2005"
"Oats","Gross value of production","Secondary product, hay/silage/grazing","dollars per planted acre","No specific size","Northern Crescent","United States",2006,9.61,"Base survey of 2005"
"Oats","Gross value of production","Secondary product, hay/silage/grazing","dollars per planted acre","No specific size","Northern Crescent","United States",2007,14.9,"Base survey of 2005"
"Oats","Gross value of production","Secondary product, hay/silage/grazing","dollars per planted acre","No specific size","Northern Crescent","United States",2008,30.43,"Base survey of 2005"
"Oats","Gross value of production","Secondary product, hay/silage/grazing","dollars per planted acre","No specific size","Northern Crescent","United States",2009,16.88,"Base survey of 2005"
"Oats","Gross value of production","Secondary product, hay/silage/grazing","dollars per planted acre","No specific size","Northern Crescent","United States",2010,13.23,"Base survey of 2005"
"Oats","Gross value of production","Secondary product, hay/silage/grazing","dollars per planted acre","No specific size","Northern Crescent","United States",2011,29.58,"Base survey of 2005"
"Oats","Gross value of production","Secondary product, hay/silage/grazing","dollars per planted acre","No specific size","Northern Crescent","United States",2012,34.18,"Base survey of 2005"
"Oats","Gross value of production","Secondary product, hay/silage/grazing","dollars per planted acre","No specific size","Northern Crescent","United States",2013,35.81,"Base survey of 2005"
"Oats","Gross value of production","Secondary product, hay/silage/grazing","dollars per planted acre","No specific size","Northern Crescent","United States",2014,31.17,"Base survey of 2005"
"Oats","Gross value of production","Secondary product, hay/silage/grazing","dollars per planted acre","No specific size","Northern Crescent","United States",2015,3.65,"Base survey of 2015"
"Oats","Gross value of production","Secondary product, hay/silage/grazing","dollars per planted acre","No specific size","Northern Crescent","United States",2016,3.28,"Base survey of 2015"
"Oats","Gross value of production","Secondary product, hay/silage/grazing","dollars per planted acre","No specific size","Northern Crescent","United States",2017,3.18,"Base survey of 2015"
"Oats","Gross value of production","Secondary product, hay/silage/grazing","dollars per planted acre","No specific size","Northern Crescent","United States",2018,3.59,"Base survey of 2015"
"Oats","Gross value of production","Secondary product, hay/silage/grazing","dollars per planted acre","No specific size","Northern Crescent","United States",2019,3.29,"Base survey of 2015"
"Oats","Gross value of production","Secondary product, hay/silage/grazing","dollars per planted acre","No specific size","Northern Crescent","United States",2020,3.46,"Base survey of 2015"
"Oats","Gross value of production","Secondary product, hay/silage/grazing","dollars per planted acre","No specific size","Northern Crescent","United States",2021,4.04,"Base survey of 2015"
"Oats","Gross value of production","Secondary product, hay/silage/grazing","dollars per planted acre","No specific size","Northern Crescent","United States",2022,4.9,"Base survey of 2015"
"Oats","Gross value of production","Secondary product, hay/silage/grazing","dollars per planted acre","No specific size","Northern Crescent","United States",2023,13.29,"Base survey of 2023"
"Oats","Gross value of production","Secondary product, hay/silage/grazing","dollars per planted acre","No specific size","Northern Crescent","United States",2024,12.67,"Base survey of 2023"
"Oats","Gross value of production","Secondary product, hay/silage/grazing","dollars per planted acre","No specific size","Northern Great Plains","United States",2005,8.76,"Base survey of 2005"
"Oats","Gross value of production","Secondary product, hay/silage/grazing","dollars per planted acre","No specific size","Northern Great Plains","United States",2006,11.28,"Base survey of 2005"
"Oats","Gross value of production","Secondary product, hay/silage/grazing","dollars per planted acre","No specific size","Northern Great Plains","United States",2007,20.76,"Base survey of 2005"
"Oats","Gross value of production","Secondary product, hay/silage/grazing","dollars per planted acre","No specific size","Northern Great Plains","United States",2008,35.54,"Base survey of 2005"
"Oats","Gross value of production","Secondary product, hay/silage/grazing","dollars per planted acre","No specific size","Northern Great Plains","United States",2009,19.1,"Base survey of 2005"
"Oats","Gross value of production","Secondary product, hay/silage/grazing","dollars per planted acre","No specific size","Northern Great Plains","United States",2010,14.57,"Base survey of 2005"
"Oats","Gross value of production","Secondary product, hay/silage/grazing","dollars per planted acre","No specific size","Northern Great Plains","United States",2011,36.13,"Base survey of 2005"
"Oats","Gross value of production","Secondary product, hay/silage/grazing","dollars per planted acre","No specific size","Northern Great Plains","United States",2012,40.71,"Base survey of 2005"
"Oats","Gross value of production","Secondary product, hay/silage/grazing","dollars per planted acre","No specific size","Northern Great Plains","United States",2013,45.74,"Base survey of 2005"
"Oats","Gross value of production","Secondary product, hay/silage/grazing","dollars per planted acre","No specific size","Northern Great Plains","United States",2014,36.45,"Base survey of 2005"
"Oats","Gross value of production","Secondary product, hay/silage/grazing","dollars per planted acre","No specific size","Northern Great Plains","United States",2015,4.49,"Base survey of 2015"
"Oats","Gross value of production","Secondary product, hay/silage/grazing","dollars per planted acre","No specific size","Northern Great Plains","United States",2016,3.97,"Base survey of 2015"
"Oats","Gross value of production","Secondary product, hay/silage/grazing","dollars per planted acre","No specific size","Northern Great Plains","United States",2017,3.58,"Base survey of 2015"
"Oats","Gross value of production","Secondary product, hay/silage/grazing","dollars per planted acre","No specific size","Northern Great Plains","United States",2018,5.18,"Base survey of 2015"
"Oats","Gross value of production","Secondary product, hay/silage/grazing","dollars per planted acre","No specific size","Northern Great Plains","United States",2019,5.21,"Base survey of 2015"
"Oats","Gross value of production","Secondary product, hay/silage/grazing","dollars per planted acre","No specific size","Northern Great Plains","United States",2020,4.71,"Base survey of 2015"
"Oats","Gross value of production","Secondary product, hay/silage/grazing","dollars per planted acre","No specific size","Northern Great Plains","United States",2021,3.75,"Base survey of 2015"
"Oats","Gross value of production","Secondary product, hay/silage/grazing","dollars per planted acre","No specific size","Northern Great Plains","United States",2022,6.01,"Base survey of 2015"
"Oats","Gross value of production","Secondary product, hay/silage/grazing","dollars per planted acre","No specific size","Northern Great Plains","United States",2023,53.15,"Base survey of 2023"
"Oats","Gross value of production","Secondary product, hay/silage/grazing","dollars per planted acre","No specific size","Northern Great Plains","United States",2024,44.29,"Base survey of 2023"
"Oats","Gross value of production","Secondary product, hay/silage/grazing","dollars per planted acre","No specific size","Prairie Gateway","United States",2005,22.4,"Base survey of 2005"
"Oats","Gross value of production","Secondary product, hay/silage/grazing","dollars per planted acre","No specific size","Prairie Gateway","United States",2006,31.09,"Base survey of 2005"
"Oats","Gross value of production","Secondary product, hay/silage/grazing","dollars per planted acre","No specific size","Prairie Gateway","United States",2007,57.52,"Base survey of 2005"
"Oats","Gross value of production","Secondary product, hay/silage/grazing","dollars per planted acre","No specific size","Prairie Gateway","United States",2008,95.98,"Base survey of 2005"
"Oats","Gross value of production","Secondary product, hay/silage/grazing","dollars per planted acre","No specific size","Prairie Gateway","United States",2009,64.03,"Base survey of 2005"
"Oats","Gross value of production","Secondary product, hay/silage/grazing","dollars per planted acre","No specific size","Prairie Gateway","United States",2010,42.09,"Base survey of 2005"
"Oats","Gross value of production","Secondary product, hay/silage/grazing","dollars per planted acre","No specific size","Prairie Gateway","United States",2011,94.13,"Base survey of 2005"
"Oats","Gross value of production","Secondary product, hay/silage/grazing","dollars per planted acre","No specific size","Prairie Gateway","United States",2012,119.57,"Base survey of 2005"
"Oats","Gross value of production","Secondary product, hay/silage/grazing","dollars per planted acre","No specific size","Prairie Gateway","United States",2013,124.24,"Base survey of 2005"
"Oats","Gross value of production","Secondary product, hay/silage/grazing","dollars per planted acre","No specific size","Prairie Gateway","United States",2014,136.63,"Base survey of 2005"
"Oats","Gross value of production","Secondary product, hay/silage/grazing","dollars per planted acre","No specific size","Prairie Gateway","United States",2015,13.9,"Base survey of 2015"
"Oats","Gross value of production","Secondary product, hay/silage/grazing","dollars per planted acre","No specific size","Prairie Gateway","United States",2016,12.85,"Base survey of 2015"
"Oats","Gross value of production","Secondary product, hay/silage/grazing","dollars per planted acre","No specific size","Prairie Gateway","United States",2017,11.86,"Base survey of 2015"
"Oats","Gross value of production","Secondary product, hay/silage/grazing","dollars per planted acre","No specific size","Prairie Gateway","United States",2018,14.41,"Base survey of 2015"
"Oats","Gross value of production","Secondary product, hay/silage/grazing","dollars per planted acre","No specific size","Prairie Gateway","United States",2019,15.26,"Base survey of 2015"
"Oats","Gross value of production","Secondary product, hay/silage/grazing","dollars per planted acre","No specific size","Prairie Gateway","United States",2020,12.81,"Base survey of 2015"
"Oats","Gross value of production","Secondary product, hay/silage/grazing","dollars per planted acre","No specific size","Prairie Gateway","United States",2021,14.32,"Base survey of 2015"
"Oats","Gross value of production","Secondary product, hay/silage/grazing","dollars per planted acre","No specific size","Prairie Gateway","United States",2022,17.96,"Base survey of 2015"
"Oats","Gross value of production","Secondary product, hay/silage/grazing","dollars per planted acre","No specific size","Eastern Uplands","United States",2023,3.75,"Base survey of 2023"
"Oats","Gross value of production","Secondary product, hay/silage/grazing","dollars per planted acre","No specific size","Eastern Uplands","United States",2024,3.9,"Base survey of 2023"
"Oats","Gross value of production","Secondary product, straw","dollars per planted acre","No specific size","U.S. total","United States",2005,46.15,"Base survey of 2005"
"Oats","Gross value of production","Secondary product, straw","dollars per planted acre","No specific size","U.S. total","United States",2006,46.55,"Base survey of 2005"
"Oats","Gross value of production","Secondary product, straw","dollars per planted acre","No specific size","U.S. total","United States",2007,46.77,"Base survey of 2005"
"Oats","Gross value of production","Secondary product, straw","dollars per planted acre","No specific size","U.S. total","United States",2008,62.97,"Base survey of 2005"
"Oats","Gross value of production","Secondary product, straw","dollars per planted acre","No specific size","U.S. total","United States",2009,59.35,"Base survey of 2005"
"Oats","Gross value of production","Secondary product, straw","dollars per planted acre","No specific size","U.S. total","United States",2010,46.47,"Base survey of 2005"
"Oats","Gross value of production","Secondary product, straw","dollars per planted acre","No specific size","U.S. total","United States",2011,55.59,"Base survey of 2005"
"Oats","Gross value of production","Secondary product, straw","dollars per planted acre","No specific size","U.S. total","United States",2012,65.47,"Base survey of 2005"
"Oats","Gross value of production","Secondary product, straw","dollars per planted acre","No specific size","U.S. total","United States",2013,63.63,"Base survey of 2005"
"Oats","Gross value of production","Secondary product, straw","dollars per planted acre","No specific size","U.S. total","United States",2014,65.74,"Base survey of 2005"
"Oats","Gross value of production","Secondary product, straw","dollars per planted acre","No specific size","U.S. total","United States",2015,79.32,"Base survey of 2015"
"Oats","Gross value of production","Secondary product, straw","dollars per planted acre","No specific size","U.S. total","United States",2016,66.61,"Base survey of 2015"
"Oats","Gross value of production","Secondary product, straw","dollars per planted acre","No specific size","U.S. total","United States",2017,64.48,"Base survey of 2015"
"Oats","Gross value of production","Secondary product, straw","dollars per planted acre","No specific size","U.S. total","United States",2018,74.51,"Base survey of 2015"
"Oats","Gross value of production","Secondary product, straw","dollars per planted acre","No specific size","U.S. total","United States",2019,70.72,"Base survey of 2015"
"Oats","Gross value of production","Secondary product, straw","dollars per planted acre","No specific size","U.S. total","United States",2020,71.91,"Base survey of 2015"
"Oats","Gross value of production","Secondary product, straw","dollars per planted acre","No specific size","U.S. total","United States",2021,79.31,"Base survey of 2015"
"Oats","Gross value of production","Secondary product, straw","dollars per planted acre","No specific size","U.S. total","United States",2022,93.3,"Base survey of 2015"
"Oats","Gross value of production","Secondary product, straw","dollars per planted acre","No specific size","U.S. total","United States",2023,52.21,"Base survey of 2023"
"Oats","Gross value of production","Secondary product, straw","dollars per planted acre","No specific size","U.S. total","United States",2024,45.17,"Base survey of 2023"
"Oats","Gross value of production","Secondary product, straw","dollars per planted acre","No specific size","Heartland","United States",2005,62.72,"Base survey of 2005"
"Oats","Gross value of production","Secondary product, straw","dollars per planted acre","No specific size","Heartland","United States",2006,38.28,"Base survey of 2005"
"Oats","Gross value of production","Secondary product, straw","dollars per planted acre","No specific size","Heartland","United States",2007,67.48,"Base survey of 2005"
"Oats","Gross value of production","Secondary product, straw","dollars per planted acre","No specific size","Heartland","United States",2008,86.91,"Base survey of 2005"
"Oats","Gross value of production","Secondary product, straw","dollars per planted acre","No specific size","Heartland","United States",2009,76.81,"Base survey of 2005"
"Oats","Gross value of production","Secondary product, straw","dollars per planted acre","No specific size","Heartland","United States",2010,62.34,"Base survey of 2005"
"Oats","Gross value of production","Secondary product, straw","dollars per planted acre","No specific size","Heartland","United States",2011,76.28,"Base survey of 2005"
"Oats","Gross value of production","Secondary product, straw","dollars per planted acre","No specific size","Heartland","United States",2012,88.05,"Base survey of 2005"
"Oats","Gross value of production","Secondary product, straw","dollars per planted acre","No specific size","Heartland","United States",2013,88.35,"Base survey of 2005"
"Oats","Gross value of production","Secondary product, straw","dollars per planted acre","No specific size","Heartland","United States",2014,85.15,"Base survey of 2005"
"Oats","Gross value of production","Secondary product, straw","dollars per planted acre","No specific size","Heartland","United States",2015,89.07,"Base survey of 2015"
"Oats","Gross value of production","Secondary product, straw","dollars per planted acre","No specific size","Heartland","United States",2016,83.87,"Base survey of 2015"
"Oats","Gross value of production","Secondary product, straw","dollars per planted acre","No specific size","Heartland","United States",2017,80.99,"Base survey of 2015"
"Oats","Gross value of production","Secondary product, straw","dollars per planted acre","No specific size","Heartland","United States",2018,93.81,"Base survey of 2015"
"Oats","Gross value of production","Secondary product, straw","dollars per planted acre","No specific size","Heartland","United States",2019,82.38,"Base survey of 2015"
"Oats","Gross value of production","Secondary product, straw","dollars per planted acre","No specific size","Heartland","United States",2020,90.47,"Base survey of 2015"
"Oats","Gross value of production","Secondary product, straw","dollars per planted acre","No specific size","Heartland","United States",2021,96.77,"Base survey of 2015"
"Oats","Gross value of production","Secondary product, straw","dollars per planted acre","No specific size","Heartland","United States",2022,120.7,"Base survey of 2015"
"Oats","Gross value of production","Secondary product, straw","dollars per planted acre","No specific size","Heartland","United States",2023,71.15,"Base survey of 2023"
"Oats","Gross value of production","Secondary product, straw","dollars per planted acre","No specific size","Heartland","United States",2024,59.29,"Base survey of 2023"
"Oats","Gross value of production","Secondary product, straw","dollars per planted acre","No specific size","Northern Crescent","United States",2005,49.36,"Base survey of 2005"
"Oats","Gross value of production","Secondary product, straw","dollars per planted acre","No specific size","Northern Crescent","United States",2006,52.81,"Base survey of 2005"
"Oats","Gross value of production","Secondary product, straw","dollars per planted acre","No specific size","Northern Crescent","United States",2007,67.8,"Base survey of 2005"
"Oats","Gross value of production","Secondary product, straw","dollars per planted acre","No specific size","Northern Crescent","United States",2008,82.38,"Base survey of 2005"
"Oats","Gross value of production","Secondary product, straw","dollars per planted acre","No specific size","Northern Crescent","United States",2009,77.41,"Base survey of 2005"
"Oats","Gross value of production","Secondary product, straw","dollars per planted acre","No specific size","Northern Crescent","United States",2010,58.74,"Base survey of 2005"
"Oats","Gross value of production","Secondary product, straw","dollars per planted acre","No specific size","Northern Crescent","United States",2011,74.78,"Base survey of 2005"
"Oats","Gross value of production","Secondary product, straw","dollars per planted acre","No specific size","Northern Crescent","United States",2012,86.99,"Base survey of 2005"
"Oats","Gross value of production","Secondary product, straw","dollars per planted acre","No specific size","Northern Crescent","United States",2013,89.58,"Base survey of 2005"
"Oats","Gross value of production","Secondary product, straw","dollars per planted acre","No specific size","Northern Crescent","United States",2014,81.77,"Base survey of 2005"
"Oats","Gross value of production","Secondary product, straw","dollars per planted acre","No specific size","Northern Crescent","United States",2015,108.01,"Base survey of 2015"
"Oats","Gross value of production","Secondary product, straw","dollars per planted acre","No specific size","Northern Crescent","United States",2016,97.02,"Base survey of 2015"
"Oats","Gross value of production","Secondary product, straw","dollars per planted acre","No specific size","Northern Crescent","United States",2017,94.12,"Base survey of 2015"
"Oats","Gross value of production","Secondary product, straw","dollars per planted acre","No specific size","Northern Crescent","United States",2018,106.3,"Base survey of 2015"
"Oats","Gross value of production","Secondary product, straw","dollars per planted acre","No specific size","Northern Crescent","United States",2019,97.43,"Base survey of 2015"
"Oats","Gross value of production","Secondary product, straw","dollars per planted acre","No specific size","Northern Crescent","United States",2020,102.5,"Base survey of 2015"
"Oats","Gross value of production","Secondary product, straw","dollars per planted acre","No specific size","Northern Crescent","United States",2021,119.52,"Base survey of 2015"
"Oats","Gross value of production","Secondary product, straw","dollars per planted acre","No specific size","Northern Crescent","United States",2022,145.06,"Base survey of 2015"
"Oats","Gross value of production","Secondary product, straw","dollars per planted acre","No specific size","Northern Crescent","United States",2023,62.22,"Base survey of 2023"
"Oats","Gross value of production","Secondary product, straw","dollars per planted acre","No specific size","Northern Crescent","United States",2024,56.95,"Base survey of 2023"
"Oats","Gross value of production","Secondary product, straw","dollars per planted acre","No specific size","Northern Great Plains","United States",2005,18.01,"Base survey of 2005"
"Oats","Gross value of production","Secondary product, straw","dollars per planted acre","No specific size","Northern Great Plains","United States",2006,11.97,"Base survey of 2005"
"Oats","Gross value of production","Secondary product, straw","dollars per planted acre","No specific size","Northern Great Plains","United States",2007,25.74,"Base survey of 2005"
"Oats","Gross value of production","Secondary product, straw","dollars per planted acre","No specific size","Northern Great Plains","United States",2008,29.83,"Base survey of 2005"
"Oats","Gross value of production","Secondary product, straw","dollars per planted acre","No specific size","Northern Great Plains","United States",2009,29.5,"Base survey of 2005"
"Oats","Gross value of production","Secondary product, straw","dollars per planted acre","No specific size","Northern Great Plains","United States",2010,23.42,"Base survey of 2005"
"Oats","Gross value of production","Secondary product, straw","dollars per planted acre","No specific size","Northern Great Plains","United States",2011,26.81,"Base survey of 2005"
"Oats","Gross value of production","Secondary product, straw","dollars per planted acre","No specific size","Northern Great Plains","United States",2012,33.39,"Base survey of 2005"
"Oats","Gross value of production","Secondary product, straw","dollars per planted acre","No specific size","Northern Great Plains","United States",2013,35.34,"Base survey of 2005"
"Oats","Gross value of production","Secondary product, straw","dollars per planted acre","No specific size","Northern Great Plains","United States",2014,39.91,"Base survey of 2005"
"Oats","Gross value of production","Secondary product, straw","dollars per planted acre","No specific size","Northern Great Plains","United States",2015,26.05,"Base survey of 2015"
"Oats","Gross value of production","Secondary product, straw","dollars per planted acre","No specific size","Northern Great Plains","United States",2016,23.03,"Base survey of 2015"
"Oats","Gross value of production","Secondary product, straw","dollars per planted acre","No specific size","Northern Great Plains","United States",2017,20.79,"Base survey of 2015"
"Oats","Gross value of production","Secondary product, straw","dollars per planted acre","No specific size","Northern Great Plains","United States",2018,30.06,"Base survey of 2015"
"Oats","Gross value of production","Secondary product, straw","dollars per planted acre","No specific size","Northern Great Plains","United States",2019,30.24,"Base survey of 2015"
"Oats","Gross value of production","Secondary product, straw","dollars per planted acre","No specific size","Northern Great Plains","United States",2020,27.3,"Base survey of 2015"
"Oats","Gross value of production","Secondary product, straw","dollars per planted acre","No specific size","Northern Great Plains","United States",2021,21.77,"Base survey of 2015"
"Oats","Gross value of production","Secondary product, straw","dollars per planted acre","No specific size","Northern Great Plains","United States",2022,34.85,"Base survey of 2015"
"Oats","Gross value of production","Secondary product, straw","dollars per planted acre","No specific size","Northern Great Plains","United States",2023,38.29,"Base survey of 2023"
"Oats","Gross value of production","Secondary product, straw","dollars per planted acre","No specific size","Northern Great Plains","United States",2024,31.67,"Base survey of 2023"
"Oats","Gross value of production","Secondary product, straw","dollars per planted acre","No specific size","Prairie Gateway","United States",2005,6.34,"Base survey of 2005"
"Oats","Gross value of production","Secondary product, straw","dollars per planted acre","No specific size","Prairie Gateway","United States",2006,3.85,"Base survey of 2005"
"Oats","Gross value of production","Secondary product, straw","dollars per planted acre","No specific size","Prairie Gateway","United States",2007,5.27,"Base survey of 2005"
"Oats","Gross value of production","Secondary product, straw","dollars per planted acre","No specific size","Prairie Gateway","United States",2008,7.7,"Base survey of 2005"
"Oats","Gross value of production","Secondary product, straw","dollars per planted acre","No specific size","Prairie Gateway","United States",2009,6.53,"Base survey of 2005"
"Oats","Gross value of production","Secondary product, straw","dollars per planted acre","No specific size","Prairie Gateway","United States",2010,5.7,"Base survey of 2005"
"Oats","Gross value of production","Secondary product, straw","dollars per planted acre","No specific size","Prairie Gateway","United States",2011,5.47,"Base survey of 2005"
"Oats","Gross value of production","Secondary product, straw","dollars per planted acre","No specific size","Prairie Gateway","United States",2012,7.29,"Base survey of 2005"
"Oats","Gross value of production","Secondary product, straw","dollars per planted acre","No specific size","Prairie Gateway","United States",2013,7.21,"Base survey of 2005"
"Oats","Gross value of production","Secondary product, straw","dollars per planted acre","No specific size","Prairie Gateway","United States",2014,6.43,"Base survey of 2005"
"Oats","Gross value of production","Secondary product, straw","dollars per planted acre","No specific size","Prairie Gateway","United States",2015,4.62,"Base survey of 2015"
"Oats","Gross value of production","Secondary product, straw","dollars per planted acre","No specific size","Prairie Gateway","United States",2016,4.27,"Base survey of 2015"
"Oats","Gross value of production","Secondary product, straw","dollars per planted acre","No specific size","Prairie Gateway","United States",2017,3.94,"Base survey of 2015"
"Oats","Gross value of production","Secondary product, straw","dollars per planted acre","No specific size","Prairie Gateway","United States",2018,4.79,"Base survey of 2015"
"Oats","Gross value of production","Secondary product, straw","dollars per planted acre","No specific size","Prairie Gateway","United States",2019,5.07,"Base survey of 2015"
"Oats","Gross value of production","Secondary product, straw","dollars per planted acre","No specific size","Prairie Gateway","United States",2020,4.26,"Base survey of 2015"
"Oats","Gross value of production","Secondary product, straw","dollars per planted acre","No specific size","Prairie Gateway","United States",2021,4.76,"Base survey of 2015"
"Oats","Gross value of production","Secondary product, straw","dollars per planted acre","No specific size","Prairie Gateway","United States",2022,5.97,"Base survey of 2015"
"Oats","Gross value of production","Secondary product, straw","dollars per planted acre","No specific size","Eastern Uplands","United States",2023,69.11,"Base survey of 2023"
"Oats","Gross value of production","Secondary product, straw","dollars per planted acre","No specific size","Eastern Uplands","United States",2024,71.14,"Base survey of 2023"
"Oats","Gross value of production","Total, gross value of production","dollars per planted acre","No specific size","U.S. total","United States",2005,148.56,"Base survey of 2005"
"Oats","Gross value of production","Total, gross value of production","dollars per planted acre","No specific size","U.S. total","United States",2006,166.11,"Base survey of 2005"
"Oats","Gross value of production","Total, gross value of production","dollars per planted acre","No specific size","U.S. total","United States",2007,213.27,"Base survey of 2005"
"Oats","Gross value of production","Total, gross value of production","dollars per planted acre","No specific size","U.S. total","United States",2008,325.87,"Base survey of 2005"
"Oats","Gross value of production","Total, gross value of production","dollars per planted acre","No specific size","U.S. total","United States",2009,235.75,"Base survey of 2005"
"Oats","Gross value of production","Total, gross value of production","dollars per planted acre","No specific size","U.S. total","United States",2010,193.02,"Base survey of 2005"
"Oats","Gross value of production","Total, gross value of production","dollars per planted acre","No specific size","U.S. total","United States",2011,283.28,"Base survey of 2005"
"Oats","Gross value of production","Total, gross value of production","dollars per planted acre","No specific size","U.S. total","United States",2012,339.94,"Base survey of 2005"
"Oats","Gross value of production","Total, gross value of production","dollars per planted acre","No specific size","U.S. total","United States",2013,378.23,"Base survey of 2005"
"Oats","Gross value of production","Total, gross value of production","dollars per planted acre","No specific size","U.S. total","United States",2014,370.27,"Base survey of 2005"
"Oats","Gross value of production","Total, gross value of production","dollars per planted acre","No specific size","U.S. total","United States",2015,249.76,"Base survey of 2015"
"Oats","Gross value of production","Total, gross value of production","dollars per planted acre","No specific size","U.S. total","United States",2016,207.11,"Base survey of 2015"
"Oats","Gross value of production","Total, gross value of production","dollars per planted acre","No specific size","U.S. total","United States",2017,227.45,"Base survey of 2015"
"Oats","Gross value of production","Total, gross value of production","dollars per planted acre","No specific size","U.S. total","United States",2018,264.61,"Base survey of 2015"
"Oats","Gross value of production","Total, gross value of production","dollars per planted acre","No specific size","U.S. total","United States",2019,284.61,"Base survey of 2015"
"Oats","Gross value of production","Total, gross value of production","dollars per planted acre","No specific size","U.S. total","United States",2020,273.4,"Base survey of 2015"
"Oats","Gross value of production","Total, gross value of production","dollars per planted acre","No specific size","U.S. total","United States",2021,320.3,"Base survey of 2015"
"Oats","Gross value of production","Total, gross value of production","dollars per planted acre","No specific size","U.S. total","United States",2022,446.11,"Base survey of 2015"
"Oats","Gross value of production","Total, gross value of production","dollars per planted acre","No specific size","U.S. total","United States",2023,328.73,"Base survey of 2023"
"Oats","Gross value of production","Total, gross value of production","dollars per planted acre","No specific size","U.S. total","United States",2024,290.85,"Base survey of 2023"
"Oats","Gross value of production","Total, gross value of production","dollars per planted acre","No specific size","Heartland","United States",2005,193.26,"Base survey of 2005"
"Oats","Gross value of production","Total, gross value of production","dollars per planted acre","No specific size","Heartland","United States",2006,129.24,"Base survey of 2005"
"Oats","Gross value of production","Total, gross value of production","dollars per planted acre","No specific size","Heartland","United States",2007,215.26,"Base survey of 2005"
"Oats","Gross value of production","Total, gross value of production","dollars per planted acre","No specific size","Heartland","United States",2008,305.59,"Base survey of 2005"
"Oats","Gross value of production","Total, gross value of production","dollars per planted acre","No specific size","Heartland","United States",2009,219.94,"Base survey of 2005"
"Oats","Gross value of production","Total, gross value of production","dollars per planted acre","No specific size","Heartland","United States",2010,176.46,"Base survey of 2005"
"Oats","Gross value of production","Total, gross value of production","dollars per planted acre","No specific size","Heartland","United States",2011,257.88,"Base survey of 2005"
"Oats","Gross value of production","Total, gross value of production","dollars per planted acre","No specific size","Heartland","United States",2012,304.27,"Base survey of 2005"
"Oats","Gross value of production","Total, gross value of production","dollars per planted acre","No specific size","Heartland","United States",2013,338.08,"Base survey of 2005"
"Oats","Gross value of production","Total, gross value of production","dollars per planted acre","No specific size","Heartland","United States",2014,341.32,"Base survey of 2005"
"Oats","Gross value of production","Total, gross value of production","dollars per planted acre","No specific size","Heartland","United States",2015,283.01,"Base survey of 2015"
"Oats","Gross value of production","Total, gross value of production","dollars per planted acre","No specific size","Heartland","United States",2016,255.6,"Base survey of 2015"
"Oats","Gross value of production","Total, gross value of production","dollars per planted acre","No specific size","Heartland","United States",2017,268.05,"Base survey of 2015"
"Oats","Gross value of production","Total, gross value of production","dollars per planted acre","No specific size","Heartland","United States",2018,282.93,"Base survey of 2015"
"Oats","Gross value of production","Total, gross value of production","dollars per planted acre","No specific size","Heartland","United States",2019,309.12,"Base survey of 2015"
"Oats","Gross value of production","Total, gross value of production","dollars per planted acre","No specific size","Heartland","United States",2020,316.84,"Base survey of 2015"
"Oats","Gross value of production","Total, gross value of production","dollars per planted acre","No specific size","Heartland","United States",2021,380.1,"Base survey of 2015"
"Oats","Gross value of production","Total, gross value of production","dollars per planted acre","No specific size","Heartland","United States",2022,532.81,"Base survey of 2015"
"Oats","Gross value of production","Total, gross value of production","dollars per planted acre","No specific size","Heartland","United States",2023,450.57,"Base survey of 2023"
"Oats","Gross value of production","Total, gross value of production","dollars per planted acre","No specific size","Heartland","United States",2024,350.06,"Base survey of 2023"
"Oats","Gross value of production","Total, gross value of production","dollars per planted acre","No specific size","Northern Crescent","United States",2005,140.72,"Base survey of 2005"
"Oats","Gross value of production","Total, gross value of production","dollars per planted acre","No specific size","Northern Crescent","United States",2006,173.2,"Base survey of 2005"
"Oats","Gross value of production","Total, gross value of production","dollars per planted acre","No specific size","Northern Crescent","United States",2007,213.23,"Base survey of 2005"
"Oats","Gross value of production","Total, gross value of production","dollars per planted acre","No specific size","Northern Crescent","United States",2008,339.59,"Base survey of 2005"
"Oats","Gross value of production","Total, gross value of production","dollars per planted acre","No specific size","Northern Crescent","United States",2009,249.04,"Base survey of 2005"
"Oats","Gross value of production","Total, gross value of production","dollars per planted acre","No specific size","Northern Crescent","United States",2010,205.12,"Base survey of 2005"
"Oats","Gross value of production","Total, gross value of production","dollars per planted acre","No specific size","Northern Crescent","United States",2011,303.86,"Base survey of 2005"
"Oats","Gross value of production","Total, gross value of production","dollars per planted acre","No specific size","Northern Crescent","United States",2012,352.51,"Base survey of 2005"
"Oats","Gross value of production","Total, gross value of production","dollars per planted acre","No specific size","Northern Crescent","United States",2013,385.68,"Base survey of 2005"
"Oats","Gross value of production","Total, gross value of production","dollars per planted acre","No specific size","Northern Crescent","United States",2014,345.87,"Base survey of 2005"
"Oats","Gross value of production","Total, gross value of production","dollars per planted acre","No specific size","Northern Crescent","United States",2015,258.72,"Base survey of 2015"
"Oats","Gross value of production","Total, gross value of production","dollars per planted acre","No specific size","Northern Crescent","United States",2016,220,"Base survey of 2015"
"Oats","Gross value of production","Total, gross value of production","dollars per planted acre","No specific size","Northern Crescent","United States",2017,234.33,"Base survey of 2015"
"Oats","Gross value of production","Total, gross value of production","dollars per planted acre","No specific size","Northern Crescent","United States",2018,276.31,"Base survey of 2015"
"Oats","Gross value of production","Total, gross value of production","dollars per planted acre","No specific size","Northern Crescent","United States",2019,281,"Base survey of 2015"
"Oats","Gross value of production","Total, gross value of production","dollars per planted acre","No specific size","Northern Crescent","United States",2020,276.73,"Base survey of 2015"
"Oats","Gross value of production","Total, gross value of production","dollars per planted acre","No specific size","Northern Crescent","United States",2021,354.07,"Base survey of 2015"
"Oats","Gross value of production","Total, gross value of production","dollars per planted acre","No specific size","Northern Crescent","United States",2022,443.86,"Base survey of 2015"
"Oats","Gross value of production","Total, gross value of production","dollars per planted acre","No specific size","Northern Crescent","United States",2023,298.09,"Base survey of 2023"
"Oats","Gross value of production","Total, gross value of production","dollars per planted acre","No specific size","Northern Crescent","United States",2024,270.86,"Base survey of 2023"
"Oats","Gross value of production","Total, gross value of production","dollars per planted acre","No specific size","Northern Great Plains","United States",2005,104.97,"Base survey of 2005"
"Oats","Gross value of production","Total, gross value of production","dollars per planted acre","No specific size","Northern Great Plains","United States",2006,84.74,"Base survey of 2005"
"Oats","Gross value of production","Total, gross value of production","dollars per planted acre","No specific size","Northern Great Plains","United States",2007,182.16,"Base survey of 2005"
"Oats","Gross value of production","Total, gross value of production","dollars per planted acre","No specific size","Northern Great Plains","United States",2008,252.92,"Base survey of 2005"
"Oats","Gross value of production","Total, gross value of production","dollars per planted acre","No specific size","Northern Great Plains","United States",2009,180.48,"Base survey of 2005"
"Oats","Gross value of production","Total, gross value of production","dollars per planted acre","No specific size","Northern Great Plains","United States",2010,153,"Base survey of 2005"
"Oats","Gross value of production","Total, gross value of production","dollars per planted acre","No specific size","Northern Great Plains","United States",2011,234.9,"Base survey of 2005"
"Oats","Gross value of production","Total, gross value of production","dollars per planted acre","No specific size","Northern Great Plains","United States",2012,282.25,"Base survey of 2005"
"Oats","Gross value of production","Total, gross value of production","dollars per planted acre","No specific size","Northern Great Plains","United States",2013,339.83,"Base survey of 2005"
"Oats","Gross value of production","Total, gross value of production","dollars per planted acre","No specific size","Northern Great Plains","United States",2014,338.6,"Base survey of 2005"
"Oats","Gross value of production","Total, gross value of production","dollars per planted acre","No specific size","Northern Great Plains","United States",2015,202.68,"Base survey of 2015"
"Oats","Gross value of production","Total, gross value of production","dollars per planted acre","No specific size","Northern Great Plains","United States",2016,174.39,"Base survey of 2015"
"Oats","Gross value of production","Total, gross value of production","dollars per planted acre","No specific size","Northern Great Plains","United States",2017,194.19,"Base survey of 2015"
"Oats","Gross value of production","Total, gross value of production","dollars per planted acre","No specific size","Northern Great Plains","United States",2018,230.77,"Base survey of 2015"
"Oats","Gross value of production","Total, gross value of production","dollars per planted acre","No specific size","Northern Great Plains","United States",2019,257.75,"Base survey of 2015"
"Oats","Gross value of production","Total, gross value of production","dollars per planted acre","No specific size","Northern Great Plains","United States",2020,238.93,"Base survey of 2015"
"Oats","Gross value of production","Total, gross value of production","dollars per planted acre","No specific size","Northern Great Plains","United States",2021,240.91,"Base survey of 2015"
"Oats","Gross value of production","Total, gross value of production","dollars per planted acre","No specific size","Northern Great Plains","United States",2022,403.14,"Base survey of 2015"
"Oats","Gross value of production","Total, gross value of production","dollars per planted acre","No specific size","Northern Great Plains","United States",2023,288.3,"Base survey of 2023"
"Oats","Gross value of production","Total, gross value of production","dollars per planted acre","No specific size","Northern Great Plains","United States",2024,303.6,"Base survey of 2023"
"Oats","Gross value of production","Total, gross value of production","dollars per planted acre","No specific size","Prairie Gateway","United States",2005,90.53,"Base survey of 2005"
"Oats","Gross value of production","Total, gross value of production","dollars per planted acre","No specific size","Prairie Gateway","United States",2006,82.26,"Base survey of 2005"
"Oats","Gross value of production","Total, gross value of production","dollars per planted acre","No specific size","Prairie Gateway","United States",2007,135.31,"Base survey of 2005"
"Oats","Gross value of production","Total, gross value of production","dollars per planted acre","No specific size","Prairie Gateway","United States",2008,227.1,"Base survey of 2005"
"Oats","Gross value of production","Total, gross value of production","dollars per planted acre","No specific size","Prairie Gateway","United States",2009,161.69,"Base survey of 2005"
"Oats","Gross value of production","Total, gross value of production","dollars per planted acre","No specific size","Prairie Gateway","United States",2010,123.35,"Base survey of 2005"
"Oats","Gross value of production","Total, gross value of production","dollars per planted acre","No specific size","Prairie Gateway","United States",2011,184.8,"Base survey of 2005"
"Oats","Gross value of production","Total, gross value of production","dollars per planted acre","No specific size","Prairie Gateway","United States",2012,251.3,"Base survey of 2005"
"Oats","Gross value of production","Total, gross value of production","dollars per planted acre","No specific size","Prairie Gateway","United States",2013,264.95,"Base survey of 2005"
"Oats","Gross value of production","Total, gross value of production","dollars per planted acre","No specific size","Prairie Gateway","United States",2014,290.46,"Base survey of 2005"
"Oats","Gross value of production","Total, gross value of production","dollars per planted acre","No specific size","Prairie Gateway","United States",2015,172.08,"Base survey of 2015"
"Oats","Gross value of production","Total, gross value of production","dollars per planted acre","No specific size","Prairie Gateway","United States",2016,105.63,"Base survey of 2015"
"Oats","Gross value of production","Total, gross value of production","dollars per planted acre","No specific size","Prairie Gateway","United States",2017,157.29,"Base survey of 2015"
"Oats","Gross value of production","Total, gross value of production","dollars per planted acre","No specific size","Prairie Gateway","United States",2018,192.4,"Base survey of 2015"
"Oats","Gross value of production","Total, gross value of production","dollars per planted acre","No specific size","Prairie Gateway","United States",2019,208.71,"Base survey of 2015"
"Oats","Gross value of production","Total, gross value of production","dollars per planted acre","No specific size","Prairie Gateway","United States",2020,173.4,"Base survey of 2015"
"Oats","Gross value of production","Total, gross value of production","dollars per planted acre","No specific size","Prairie Gateway","United States",2021,186.26,"Base survey of 2015"
"Oats","Gross value of production","Total, gross value of production","dollars per planted acre","No specific size","Prairie Gateway","United States",2022,348.78,"Base survey of 2015"
"Oats","Gross value of production","Total, gross value of production","dollars per planted acre","No specific size","Eastern Uplands","United States",2023,365.6,"Base survey of 2023"
"Oats","Gross value of production","Total, gross value of production","dollars per planted acre","No specific size","Eastern Uplands","United States",2024,291.89,"Base survey of 2023"
"Oats","Operating costs","Seed","dollars per planted acre","No specific size","U.S. total","United States",2005,8.59,"Base survey of 2005"
"Oats","Operating costs","Seed","dollars per planted acre","No specific size","U.S. total","United States",2006,11.11,"Base survey of 2005"
"Oats","Operating costs","Seed","dollars per planted acre","No specific size","U.S. total","United States",2007,9.98,"Base survey of 2005"
"Oats","Operating costs","Seed","dollars per planted acre","No specific size","U.S. total","United States",2008,12.49,"Base survey of 2005"
"Oats","Operating costs","Seed","dollars per planted acre","No specific size","U.S. total","United States",2009,12.54,"Base survey of 2005"
"Oats","Operating costs","Seed","dollars per planted acre","No specific size","U.S. total","United States",2010,11.97,"Base survey of 2005"
"Oats","Operating costs","Seed","dollars per planted acre","No specific size","U.S. total","United States",2011,12.69,"Base survey of 2005"
"Oats","Operating costs","Seed","dollars per planted acre","No specific size","U.S. total","United States",2012,15.76,"Base survey of 2005"
"Oats","Operating costs","Seed","dollars per planted acre","No specific size","U.S. total","United States",2013,15.47,"Base survey of 2005"
"Oats","Operating costs","Seed","dollars per planted acre","No specific size","U.S. total","United States",2014,16.28,"Base survey of 2005"
"Oats","Operating costs","Seed","dollars per planted acre","No specific size","U.S. total","United States",2015,20.65,"Base survey of 2015"
"Oats","Operating costs","Seed","dollars per planted acre","No specific size","U.S. total","United States",2016,19.51,"Base survey of 2015"
"Oats","Operating costs","Seed","dollars per planted acre","No specific size","U.S. total","United States",2017,19.53,"Base survey of 2015"
"Oats","Operating costs","Seed","dollars per planted acre","No specific size","U.S. total","United States",2018,18.57,"Base survey of 2015"
"Oats","Operating costs","Seed","dollars per planted acre","No specific size","U.S. total","United States",2019,18.27,"Base survey of 2015"
"Oats","Operating costs","Seed","dollars per planted acre","No specific size","U.S. total","United States",2020,18.18,"Base survey of 2015"
"Oats","Operating costs","Seed","dollars per planted acre","No specific size","U.S. total","United States",2021,18.92,"Base survey of 2015"
"Oats","Operating costs","Seed","dollars per planted acre","No specific size","U.S. total","United States",2022,20.44,"Base survey of 2015"
"Oats","Operating costs","Seed","dollars per planted acre","No specific size","U.S. total","United States",2023,27.31,"Base survey of 2023"
"Oats","Operating costs","Seed","dollars per planted acre","No specific size","U.S. total","United States",2024,26.12,"Base survey of 2023"
"Oats","Operating costs","Seed","dollars per planted acre","No specific size","Heartland","United States",2005,9.27,"Base survey of 2005"
"Oats","Operating costs","Seed","dollars per planted acre","No specific size","Heartland","United States",2006,9.76,"Base survey of 2005"
"Oats","Operating costs","Seed","dollars per planted acre","No specific size","Heartland","United States",2007,11.4,"Base survey of 2005"
"Oats","Operating costs","Seed","dollars per planted acre","No specific size","Heartland","United States",2008,13.7,"Base survey of 2005"
"Oats","Operating costs","Seed","dollars per planted acre","No specific size","Heartland","United States",2009,13.7,"Base survey of 2005"
"Oats","Operating costs","Seed","dollars per planted acre","No specific size","Heartland","United States",2010,13.02,"Base survey of 2005"
"Oats","Operating costs","Seed","dollars per planted acre","No specific size","Heartland","United States",2011,13.96,"Base survey of 2005"
"Oats","Operating costs","Seed","dollars per planted acre","No specific size","Heartland","United States",2012,17.23,"Base survey of 2005"
"Oats","Operating costs","Seed","dollars per planted acre","No specific size","Heartland","United States",2013,17.57,"Base survey of 2005"
"Oats","Operating costs","Seed","dollars per planted acre","No specific size","Heartland","United States",2014,17.9,"Base survey of 2005"
"Oats","Operating costs","Seed","dollars per planted acre","No specific size","Heartland","United States",2015,21.67,"Base survey of 2015"
"Oats","Operating costs","Seed","dollars per planted acre","No specific size","Heartland","United States",2016,21.11,"Base survey of 2015"
"Oats","Operating costs","Seed","dollars per planted acre","No specific size","Heartland","United States",2017,20.85,"Base survey of 2015"
"Oats","Operating costs","Seed","dollars per planted acre","No specific size","Heartland","United States",2018,20.1,"Base survey of 2015"
"Oats","Operating costs","Seed","dollars per planted acre","No specific size","Heartland","United States",2019,19.64,"Base survey of 2015"
"Oats","Operating costs","Seed","dollars per planted acre","No specific size","Heartland","United States",2020,19.67,"Base survey of 2015"
"Oats","Operating costs","Seed","dollars per planted acre","No specific size","Heartland","United States",2021,20.45,"Base survey of 2015"
"Oats","Operating costs","Seed","dollars per planted acre","No specific size","Heartland","United States",2022,22.9,"Base survey of 2015"
"Oats","Operating costs","Seed","dollars per planted acre","No specific size","Heartland","United States",2023,31.4,"Base survey of 2023"
"Oats","Operating costs","Seed","dollars per planted acre","No specific size","Heartland","United States",2024,30.76,"Base survey of 2023"
"Oats","Operating costs","Seed","dollars per planted acre","No specific size","Northern Crescent","United States",2005,9.75,"Base survey of 2005"
"Oats","Operating costs","Seed","dollars per planted acre","No specific size","Northern Crescent","United States",2006,10.26,"Base survey of 2005"
"Oats","Operating costs","Seed","dollars per planted acre","No specific size","Northern Crescent","United States",2007,11.99,"Base survey of 2005"
"Oats","Operating costs","Seed","dollars per planted acre","No specific size","Northern Crescent","United States",2008,14.41,"Base survey of 2005"
"Oats","Operating costs","Seed","dollars per planted acre","No specific size","Northern Crescent","United States",2009,14.41,"Base survey of 2005"
"Oats","Operating costs","Seed","dollars per planted acre","No specific size","Northern Crescent","United States",2010,13.69,"Base survey of 2005"
"Oats","Operating costs","Seed","dollars per planted acre","No specific size","Northern Crescent","United States",2011,14.68,"Base survey of 2005"
"Oats","Operating costs","Seed","dollars per planted acre","No specific size","Northern Crescent","United States",2012,18.13,"Base survey of 2005"
"Oats","Operating costs","Seed","dollars per planted acre","No specific size","Northern Crescent","United States",2013,18.48,"Base survey of 2005"
"Oats","Operating costs","Seed","dollars per planted acre","No specific size","Northern Crescent","United States",2014,18.83,"Base survey of 2005"
"Oats","Operating costs","Seed","dollars per planted acre","No specific size","Northern Crescent","United States",2015,22.97,"Base survey of 2015"
"Oats","Operating costs","Seed","dollars per planted acre","No specific size","Northern Crescent","United States",2016,22.38,"Base survey of 2015"
"Oats","Operating costs","Seed","dollars per planted acre","No specific size","Northern Crescent","United States",2017,22.1,"Base survey of 2015"
"Oats","Operating costs","Seed","dollars per planted acre","No specific size","Northern Crescent","United States",2018,21.31,"Base survey of 2015"
"Oats","Operating costs","Seed","dollars per planted acre","No specific size","Northern Crescent","United States",2019,20.81,"Base survey of 2015"
"Oats","Operating costs","Seed","dollars per planted acre","No specific size","Northern Crescent","United States",2020,20.85,"Base survey of 2015"
"Oats","Operating costs","Seed","dollars per planted acre","No specific size","Northern Crescent","United States",2021,21.68,"Base survey of 2015"
"Oats","Operating costs","Seed","dollars per planted acre","No specific size","Northern Crescent","United States",2022,24.28,"Base survey of 2015"
"Oats","Operating costs","Seed","dollars per planted acre","No specific size","Northern Crescent","United States",2023,34.56,"Base survey of 2023"
"Oats","Operating costs","Seed","dollars per planted acre","No specific size","Northern Crescent","United States",2024,33.09,"Base survey of 2023"
"Oats","Operating costs","Seed","dollars per planted acre","No specific size","Northern Great Plains","United States",2005,6.16,"Base survey of 2005"
"Oats","Operating costs","Seed","dollars per planted acre","No specific size","Northern Great Plains","United States",2006,6.48,"Base survey of 2005"
"Oats","Operating costs","Seed","dollars per planted acre","No specific size","Northern Great Plains","United States",2007,7.57,"Base survey of 2005"
"Oats","Operating costs","Seed","dollars per planted acre","No specific size","Northern Great Plains","United States",2008,9.11,"Base survey of 2005"
"Oats","Operating costs","Seed","dollars per planted acre","No specific size","Northern Great Plains","United States",2009,9.11,"Base survey of 2005"
"Oats","Operating costs","Seed","dollars per planted acre","No specific size","Northern Great Plains","United States",2010,8.65,"Base survey of 2005"
"Oats","Operating costs","Seed","dollars per planted acre","No specific size","Northern Great Plains","United States",2011,9.27,"Base survey of 2005"
"Oats","Operating costs","Seed","dollars per planted acre","No specific size","Northern Great Plains","United States",2012,11.45,"Base survey of 2005"
"Oats","Operating costs","Seed","dollars per planted acre","No specific size","Northern Great Plains","United States",2013,11.68,"Base survey of 2005"
"Oats","Operating costs","Seed","dollars per planted acre","No specific size","Northern Great Plains","United States",2014,11.9,"Base survey of 2005"
"Oats","Operating costs","Seed","dollars per planted acre","No specific size","Northern Great Plains","United States",2015,13.85,"Base survey of 2015"
"Oats","Operating costs","Seed","dollars per planted acre","No specific size","Northern Great Plains","United States",2016,13.49,"Base survey of 2015"
"Oats","Operating costs","Seed","dollars per planted acre","No specific size","Northern Great Plains","United States",2017,13.33,"Base survey of 2015"
"Oats","Operating costs","Seed","dollars per planted acre","No specific size","Northern Great Plains","United States",2018,12.85,"Base survey of 2015"
"Oats","Operating costs","Seed","dollars per planted acre","No specific size","Northern Great Plains","United States",2019,12.55,"Base survey of 2015"
"Oats","Operating costs","Seed","dollars per planted acre","No specific size","Northern Great Plains","United States",2020,12.57,"Base survey of 2015"
"Oats","Operating costs","Seed","dollars per planted acre","No specific size","Northern Great Plains","United States",2021,13.07,"Base survey of 2015"
"Oats","Operating costs","Seed","dollars per planted acre","No specific size","Northern Great Plains","United States",2022,14.64,"Base survey of 2015"
"Oats","Operating costs","Seed","dollars per planted acre","No specific size","Northern Great Plains","United States",2023,17.56,"Base survey of 2023"
"Oats","Operating costs","Seed","dollars per planted acre","No specific size","Northern Great Plains","United States",2024,16.97,"Base survey of 2023"
"Oats","Operating costs","Seed","dollars per planted acre","No specific size","Prairie Gateway","United States",2005,6.87,"Base survey of 2005"
"Oats","Operating costs","Seed","dollars per planted acre","No specific size","Prairie Gateway","United States",2006,7.23,"Base survey of 2005"
"Oats","Operating costs","Seed","dollars per planted acre","No specific size","Prairie Gateway","United States",2007,8.44,"Base survey of 2005"
"Oats","Operating costs","Seed","dollars per planted acre","No specific size","Prairie Gateway","United States",2008,10.16,"Base survey of 2005"
"Oats","Operating costs","Seed","dollars per planted acre","No specific size","Prairie Gateway","United States",2009,10.16,"Base survey of 2005"
"Oats","Operating costs","Seed","dollars per planted acre","No specific size","Prairie Gateway","United States",2010,9.65,"Base survey of 2005"
"Oats","Operating costs","Seed","dollars per planted acre","No specific size","Prairie Gateway","United States",2011,10.34,"Base survey of 2005"
"Oats","Operating costs","Seed","dollars per planted acre","No specific size","Prairie Gateway","United States",2012,12.77,"Base survey of 2005"
"Oats","Operating costs","Seed","dollars per planted acre","No specific size","Prairie Gateway","United States",2013,13.02,"Base survey of 2005"
"Oats","Operating costs","Seed","dollars per planted acre","No specific size","Prairie Gateway","United States",2014,13.27,"Base survey of 2005"
"Oats","Operating costs","Seed","dollars per planted acre","No specific size","Prairie Gateway","United States",2015,19.5,"Base survey of 2015"
"Oats","Operating costs","Seed","dollars per planted acre","No specific size","Prairie Gateway","United States",2016,19,"Base survey of 2015"
"Oats","Operating costs","Seed","dollars per planted acre","No specific size","Prairie Gateway","United States",2017,18.76,"Base survey of 2015"
"Oats","Operating costs","Seed","dollars per planted acre","No specific size","Prairie Gateway","United States",2018,18.09,"Base survey of 2015"
"Oats","Operating costs","Seed","dollars per planted acre","No specific size","Prairie Gateway","United States",2019,17.67,"Base survey of 2015"
"Oats","Operating costs","Seed","dollars per planted acre","No specific size","Prairie Gateway","United States",2020,17.7,"Base survey of 2015"
"Oats","Operating costs","Seed","dollars per planted acre","No specific size","Prairie Gateway","United States",2021,18.4,"Base survey of 2015"
"Oats","Operating costs","Seed","dollars per planted acre","No specific size","Prairie Gateway","United States",2022,20.61,"Base survey of 2015"
"Oats","Operating costs","Seed","dollars per planted acre","No specific size","Eastern Uplands","United States",2023,35.71,"Base survey of 2023"
"Oats","Operating costs","Seed","dollars per planted acre","No specific size","Eastern Uplands","United States",2024,34.38,"Base survey of 2023"
"Oats","Operating costs","Fertilizer  ","dollars per planted acre","No specific size","U.S. total","United States",2005,23.87,"Base survey of 2005"
"Oats","Operating costs","Fertilizer  ","dollars per planted acre","No specific size","U.S. total","United States",2006,32.63,"Base survey of 2005"
"Oats","Operating costs","Fertilizer  ","dollars per planted acre","No specific size","U.S. total","United States",2007,28.16,"Base survey of 2005"
"Oats","Operating costs","Fertilizer  ","dollars per planted acre","No specific size","U.S. total","United States",2008,49.78,"Base survey of 2005"
"Oats","Operating costs","Fertilizer  ","dollars per planted acre","No specific size","U.S. total","United States",2009,46.07,"Base survey of 2005"
"Oats","Operating costs","Fertilizer  ","dollars per planted acre","No specific size","U.S. total","United States",2010,36.48,"Base survey of 2005"
"Oats","Operating costs","Fertilizer  ","dollars per planted acre","No specific size","U.S. total","United States",2011,47.68,"Base survey of 2005"
"Oats","Operating costs","Fertilizer  ","dollars per planted acre","No specific size","U.S. total","United States",2012,51.78,"Base survey of 2005"
"Oats","Operating costs","Fertilizer  ","dollars per planted acre","No specific size","U.S. total","United States",2013,46.02,"Base survey of 2005"
"Oats","Operating costs","Fertilizer  ","dollars per planted acre","No specific size","U.S. total","United States",2014,46.08,"Base survey of 2005"
"Oats","Operating costs","Fertilizer  ","dollars per planted acre","No specific size","U.S. total","United States",2015,52.43,"Base survey of 2015"
"Oats","Operating costs","Fertilizer  ","dollars per planted acre","No specific size","U.S. total","United States",2016,43.05,"Base survey of 2015"
"Oats","Operating costs","Fertilizer  ","dollars per planted acre","No specific size","U.S. total","United States",2017,38.03,"Base survey of 2015"
"Oats","Operating costs","Fertilizer  ","dollars per planted acre","No specific size","U.S. total","United States",2018,38.85,"Base survey of 2015"
"Oats","Operating costs","Fertilizer  ","dollars per planted acre","No specific size","U.S. total","United States",2019,42.46,"Base survey of 2015"
"Oats","Operating costs","Fertilizer  ","dollars per planted acre","No specific size","U.S. total","United States",2020,37.45,"Base survey of 2015"
"Oats","Operating costs","Fertilizer  ","dollars per planted acre","No specific size","U.S. total","United States",2021,44.54,"Base survey of 2015"
"Oats","Operating costs","Fertilizer  ","dollars per planted acre","No specific size","U.S. total","United States",2022,83.62,"Base survey of 2015"
"Oats","Operating costs","Fertilizer  ","dollars per planted acre","No specific size","U.S. total","United States",2023,73.95,"Base survey of 2023"
"Oats","Operating costs","Fertilizer  ","dollars per planted acre","No specific size","U.S. total","United States",2024,62.88,"Base survey of 2023"
"Oats","Operating costs","Fertilizer  ","dollars per planted acre","No specific size","Heartland","United States",2005,19.6,"Base survey of 2005"
"Oats","Operating costs","Fertilizer  ","dollars per planted acre","No specific size","Heartland","United States",2006,20.91,"Base survey of 2005"
"Oats","Operating costs","Fertilizer  ","dollars per planted acre","No specific size","Heartland","United States",2007,25.22,"Base survey of 2005"
"Oats","Operating costs","Fertilizer  ","dollars per planted acre","No specific size","Heartland","United States",2008,41.62,"Base survey of 2005"
"Oats","Operating costs","Fertilizer  ","dollars per planted acre","No specific size","Heartland","United States",2009,39.2,"Base survey of 2005"
"Oats","Operating costs","Fertilizer  ","dollars per planted acre","No specific size","Heartland","United States",2010,30.27,"Base survey of 2005"
"Oats","Operating costs","Fertilizer  ","dollars per planted acre","No specific size","Heartland","United States",2011,39.8,"Base survey of 2005"
"Oats","Operating costs","Fertilizer  ","dollars per planted acre","No specific size","Heartland","United States",2012,42.45,"Base survey of 2005"
"Oats","Operating costs","Fertilizer  ","dollars per planted acre","No specific size","Heartland","United States",2013,41.7,"Base survey of 2005"
"Oats","Operating costs","Fertilizer  ","dollars per planted acre","No specific size","Heartland","United States",2014,39.95,"Base survey of 2005"
"Oats","Operating costs","Fertilizer  ","dollars per planted acre","No specific size","Heartland","United States",2015,43.75,"Base survey of 2015"
"Oats","Operating costs","Fertilizer  ","dollars per planted acre","No specific size","Heartland","United States",2016,37.02,"Base survey of 2015"
"Oats","Operating costs","Fertilizer  ","dollars per planted acre","No specific size","Heartland","United States",2017,32.55,"Base survey of 2015"
"Oats","Operating costs","Fertilizer  ","dollars per planted acre","No specific size","Heartland","United States",2018,33.47,"Base survey of 2015"
"Oats","Operating costs","Fertilizer  ","dollars per planted acre","No specific size","Heartland","United States",2019,36.32,"Base survey of 2015"
"Oats","Operating costs","Fertilizer  ","dollars per planted acre","No specific size","Heartland","United States",2020,32.53,"Base survey of 2015"
"Oats","Operating costs","Fertilizer  ","dollars per planted acre","No specific size","Heartland","United States",2021,38.58,"Base survey of 2015"
"Oats","Operating costs","Fertilizer  ","dollars per planted acre","No specific size","Heartland","United States",2022,72.81,"Base survey of 2015"
"Oats","Operating costs","Fertilizer  ","dollars per planted acre","No specific size","Heartland","United States",2023,63.25,"Base survey of 2023"
"Oats","Operating costs","Fertilizer  ","dollars per planted acre","No specific size","Heartland","United States",2024,51.55,"Base survey of 2023"
"Oats","Operating costs","Fertilizer  ","dollars per planted acre","No specific size","Northern Crescent","United States",2005,30.81,"Base survey of 2005"
"Oats","Operating costs","Fertilizer  ","dollars per planted acre","No specific size","Northern Crescent","United States",2006,32.88,"Base survey of 2005"
"Oats","Operating costs","Fertilizer  ","dollars per planted acre","No specific size","Northern Crescent","United States",2007,39.64,"Base survey of 2005"
"Oats","Operating costs","Fertilizer  ","dollars per planted acre","No specific size","Northern Crescent","United States",2008,65.42,"Base survey of 2005"
"Oats","Operating costs","Fertilizer  ","dollars per planted acre","No specific size","Northern Crescent","United States",2009,61.62,"Base survey of 2005"
"Oats","Operating costs","Fertilizer  ","dollars per planted acre","No specific size","Northern Crescent","United States",2010,47.58,"Base survey of 2005"
"Oats","Operating costs","Fertilizer  ","dollars per planted acre","No specific size","Northern Crescent","United States",2011,62.56,"Base survey of 2005"
"Oats","Operating costs","Fertilizer  ","dollars per planted acre","No specific size","Northern Crescent","United States",2012,66.73,"Base survey of 2005"
"Oats","Operating costs","Fertilizer  ","dollars per planted acre","No specific size","Northern Crescent","United States",2013,65.55,"Base survey of 2005"
"Oats","Operating costs","Fertilizer  ","dollars per planted acre","No specific size","Northern Crescent","United States",2014,62.8,"Base survey of 2005"
"Oats","Operating costs","Fertilizer  ","dollars per planted acre","No specific size","Northern Crescent","United States",2015,57.76,"Base survey of 2015"
"Oats","Operating costs","Fertilizer  ","dollars per planted acre","No specific size","Northern Crescent","United States",2016,48.87,"Base survey of 2015"
"Oats","Operating costs","Fertilizer  ","dollars per planted acre","No specific size","Northern Crescent","United States",2017,42.98,"Base survey of 2015"
"Oats","Operating costs","Fertilizer  ","dollars per planted acre","No specific size","Northern Crescent","United States",2018,44.19,"Base survey of 2015"
"Oats","Operating costs","Fertilizer  ","dollars per planted acre","No specific size","Northern Crescent","United States",2019,47.95,"Base survey of 2015"
"Oats","Operating costs","Fertilizer  ","dollars per planted acre","No specific size","Northern Crescent","United States",2020,42.95,"Base survey of 2015"
"Oats","Operating costs","Fertilizer  ","dollars per planted acre","No specific size","Northern Crescent","United States",2021,50.94,"Base survey of 2015"
"Oats","Operating costs","Fertilizer  ","dollars per planted acre","No specific size","Northern Crescent","United States",2022,96.13,"Base survey of 2015"
"Oats","Operating costs","Fertilizer  ","dollars per planted acre","No specific size","Northern Crescent","United States",2023,87.56,"Base survey of 2023"
"Oats","Operating costs","Fertilizer  ","dollars per planted acre","No specific size","Northern Crescent","United States",2024,74.88,"Base survey of 2023"
"Oats","Operating costs","Fertilizer  ","dollars per planted acre","No specific size","Northern Great Plains","United States",2005,11.31,"Base survey of 2005"
"Oats","Operating costs","Fertilizer  ","dollars per planted acre","No specific size","Northern Great Plains","United States",2006,12.07,"Base survey of 2005"
"Oats","Operating costs","Fertilizer  ","dollars per planted acre","No specific size","Northern Great Plains","United States",2007,14.55,"Base survey of 2005"
"Oats","Operating costs","Fertilizer  ","dollars per planted acre","No specific size","Northern Great Plains","United States",2008,24.01,"Base survey of 2005"
"Oats","Operating costs","Fertilizer  ","dollars per planted acre","No specific size","Northern Great Plains","United States",2009,22.62,"Base survey of 2005"
"Oats","Operating costs","Fertilizer  ","dollars per planted acre","No specific size","Northern Great Plains","United States",2010,17.47,"Base survey of 2005"
"Oats","Operating costs","Fertilizer  ","dollars per planted acre","No specific size","Northern Great Plains","United States",2011,22.97,"Base survey of 2005"
"Oats","Operating costs","Fertilizer  ","dollars per planted acre","No specific size","Northern Great Plains","United States",2012,24.5,"Base survey of 2005"
"Oats","Operating costs","Fertilizer  ","dollars per planted acre","No specific size","Northern Great Plains","United States",2013,24.06,"Base survey of 2005"
"Oats","Operating costs","Fertilizer  ","dollars per planted acre","No specific size","Northern Great Plains","United States",2014,23.05,"Base survey of 2005"
"Oats","Operating costs","Fertilizer  ","dollars per planted acre","No specific size","Northern Great Plains","United States",2015,42.41,"Base survey of 2015"
"Oats","Operating costs","Fertilizer  ","dollars per planted acre","No specific size","Northern Great Plains","United States",2016,35.89,"Base survey of 2015"
"Oats","Operating costs","Fertilizer  ","dollars per planted acre","No specific size","Northern Great Plains","United States",2017,31.56,"Base survey of 2015"
"Oats","Operating costs","Fertilizer  ","dollars per planted acre","No specific size","Northern Great Plains","United States",2018,32.45,"Base survey of 2015"
"Oats","Operating costs","Fertilizer  ","dollars per planted acre","No specific size","Northern Great Plains","United States",2019,35.2,"Base survey of 2015"
"Oats","Operating costs","Fertilizer  ","dollars per planted acre","No specific size","Northern Great Plains","United States",2020,31.53,"Base survey of 2015"
"Oats","Operating costs","Fertilizer  ","dollars per planted acre","No specific size","Northern Great Plains","United States",2021,37.4,"Base survey of 2015"
"Oats","Operating costs","Fertilizer  ","dollars per planted acre","No specific size","Northern Great Plains","United States",2022,70.58,"Base survey of 2015"
"Oats","Operating costs","Fertilizer  ","dollars per planted acre","No specific size","Northern Great Plains","United States",2023,64.54,"Base survey of 2023"
"Oats","Operating costs","Fertilizer  ","dollars per planted acre","No specific size","Northern Great Plains","United States",2024,55.33,"Base survey of 2023"
"Oats","Operating costs","Fertilizer  ","dollars per planted acre","No specific size","Prairie Gateway","United States",2005,34.18,"Base survey of 2005"
"Oats","Operating costs","Fertilizer  ","dollars per planted acre","No specific size","Prairie Gateway","United States",2006,36.47,"Base survey of 2005"
"Oats","Operating costs","Fertilizer  ","dollars per planted acre","No specific size","Prairie Gateway","United States",2007,43.98,"Base survey of 2005"
"Oats","Operating costs","Fertilizer  ","dollars per planted acre","No specific size","Prairie Gateway","United States",2008,72.57,"Base survey of 2005"
"Oats","Operating costs","Fertilizer  ","dollars per planted acre","No specific size","Prairie Gateway","United States",2009,68.36,"Base survey of 2005"
"Oats","Operating costs","Fertilizer  ","dollars per planted acre","No specific size","Prairie Gateway","United States",2010,52.78,"Base survey of 2005"
"Oats","Operating costs","Fertilizer  ","dollars per planted acre","No specific size","Prairie Gateway","United States",2011,69.41,"Base survey of 2005"
"Oats","Operating costs","Fertilizer  ","dollars per planted acre","No specific size","Prairie Gateway","United States",2012,74.03,"Base survey of 2005"
"Oats","Operating costs","Fertilizer  ","dollars per planted acre","No specific size","Prairie Gateway","United States",2013,72.72,"Base survey of 2005"
"Oats","Operating costs","Fertilizer  ","dollars per planted acre","No specific size","Prairie Gateway","United States",2014,69.67,"Base survey of 2005"
"Oats","Operating costs","Fertilizer  ","dollars per planted acre","No specific size","Prairie Gateway","United States",2015,50.12,"Base survey of 2015"
"Oats","Operating costs","Fertilizer  ","dollars per planted acre","No specific size","Prairie Gateway","United States",2016,42.41,"Base survey of 2015"
"Oats","Operating costs","Fertilizer  ","dollars per planted acre","No specific size","Prairie Gateway","United States",2017,37.29,"Base survey of 2015"
"Oats","Operating costs","Fertilizer  ","dollars per planted acre","No specific size","Prairie Gateway","United States",2018,38.35,"Base survey of 2015"
"Oats","Operating costs","Fertilizer  ","dollars per planted acre","No specific size","Prairie Gateway","United States",2019,41.6,"Base survey of 2015"
"Oats","Operating costs","Fertilizer  ","dollars per planted acre","No specific size","Prairie Gateway","United States",2020,37.27,"Base survey of 2015"
"Oats","Operating costs","Fertilizer  ","dollars per planted acre","No specific size","Prairie Gateway","United States",2021,44.2,"Base survey of 2015"
"Oats","Operating costs","Fertilizer  ","dollars per planted acre","No specific size","Prairie Gateway","United States",2022,83.41,"Base survey of 2015"
"Oats","Operating costs","Fertilizer  ","dollars per planted acre","No specific size","Eastern Uplands","United States",2023,117.53,"Base survey of 2023"
"Oats","Operating costs","Fertilizer  ","dollars per planted acre","No specific size","Eastern Uplands","United States",2024,99.69,"Base survey of 2023"
"Oats","Operating costs","Chemicals","dollars per planted acre","No specific size","U.S. total","United States",2005,2.21,"Base survey of 2005"
"Oats","Operating costs","Chemicals","dollars per planted acre","No specific size","U.S. total","United States",2006,2.3,"Base survey of 2005"
"Oats","Operating costs","Chemicals","dollars per planted acre","No specific size","U.S. total","United States",2007,2.29,"Base survey of 2005"
"Oats","Operating costs","Chemicals","dollars per planted acre","No specific size","U.S. total","United States",2008,2.38,"Base survey of 2005"
"Oats","Operating costs","Chemicals","dollars per planted acre","No specific size","U.S. total","United States",2009,2.53,"Base survey of 2005"
"Oats","Operating costs","Chemicals","dollars per planted acre","No specific size","U.S. total","United States",2010,2.38,"Base survey of 2005"
"Oats","Operating costs","Chemicals","dollars per planted acre","No specific size","U.S. total","United States",2011,2.38,"Base survey of 2005"
"Oats","Operating costs","Chemicals","dollars per planted acre","No specific size","U.S. total","United States",2012,2.45,"Base survey of 2005"
"Oats","Operating costs","Chemicals","dollars per planted acre","No specific size","U.S. total","United States",2013,2.8,"Base survey of 2005"
"Oats","Operating costs","Chemicals","dollars per planted acre","No specific size","U.S. total","United States",2014,2.76,"Base survey of 2005"
"Oats","Operating costs","Chemicals","dollars per planted acre","No specific size","U.S. total","United States",2015,7.05,"Base survey of 2015"
"Oats","Operating costs","Chemicals","dollars per planted acre","No specific size","U.S. total","United States",2016,7.68,"Base survey of 2015"
"Oats","Operating costs","Chemicals","dollars per planted acre","No specific size","U.S. total","United States",2017,7.03,"Base survey of 2015"
"Oats","Operating costs","Chemicals","dollars per planted acre","No specific size","U.S. total","United States",2018,7.3,"Base survey of 2015"
"Oats","Operating costs","Chemicals","dollars per planted acre","No specific size","U.S. total","United States",2019,7.09,"Base survey of 2015"
"Oats","Operating costs","Chemicals","dollars per planted acre","No specific size","U.S. total","United States",2020,6.67,"Base survey of 2015"
"Oats","Operating costs","Chemicals","dollars per planted acre","No specific size","U.S. total","United States",2021,6.88,"Base survey of 2015"
"Oats","Operating costs","Chemicals","dollars per planted acre","No specific size","U.S. total","United States",2022,11.81,"Base survey of 2015"
"Oats","Operating costs","Chemicals","dollars per planted acre","No specific size","U.S. total","United States",2023,6.62,"Base survey of 2023"
"Oats","Operating costs","Chemicals","dollars per planted acre","No specific size","U.S. total","United States",2024,5.5,"Base survey of 2023"
"Oats","Operating costs","Chemicals","dollars per planted acre","No specific size","Heartland","United States",2005,1.65,"Base survey of 2005"
"Oats","Operating costs","Chemicals","dollars per planted acre","No specific size","Heartland","United States",2006,1.72,"Base survey of 2005"
"Oats","Operating costs","Chemicals","dollars per planted acre","No specific size","Heartland","United States",2007,1.76,"Base survey of 2005"
"Oats","Operating costs","Chemicals","dollars per planted acre","No specific size","Heartland","United States",2008,1.84,"Base survey of 2005"
"Oats","Operating costs","Chemicals","dollars per planted acre","No specific size","Heartland","United States",2009,2.03,"Base survey of 2005"
"Oats","Operating costs","Chemicals","dollars per planted acre","No specific size","Heartland","United States",2010,1.96,"Base survey of 2005"
"Oats","Operating costs","Chemicals","dollars per planted acre","No specific size","Heartland","United States",2011,1.96,"Base survey of 2005"
"Oats","Operating costs","Chemicals","dollars per planted acre","No specific size","Heartland","United States",2012,2.05,"Base survey of 2005"
"Oats","Operating costs","Chemicals","dollars per planted acre","No specific size","Heartland","United States",2013,2.13,"Base survey of 2005"
"Oats","Operating costs","Chemicals","dollars per planted acre","No specific size","Heartland","United States",2014,2.16,"Base survey of 2005"
"Oats","Operating costs","Chemicals","dollars per planted acre","No specific size","Heartland","United States",2015,3.96,"Base survey of 2015"
"Oats","Operating costs","Chemicals","dollars per planted acre","No specific size","Heartland","United States",2016,4.09,"Base survey of 2015"
"Oats","Operating costs","Chemicals","dollars per planted acre","No specific size","Heartland","United States",2017,3.92,"Base survey of 2015"
"Oats","Operating costs","Chemicals","dollars per planted acre","No specific size","Heartland","United States",2018,3.87,"Base survey of 2015"
"Oats","Operating costs","Chemicals","dollars per planted acre","No specific size","Heartland","United States",2019,3.79,"Base survey of 2015"
"Oats","Operating costs","Chemicals","dollars per planted acre","No specific size","Heartland","United States",2020,3.58,"Base survey of 2015"
"Oats","Operating costs","Chemicals","dollars per planted acre","No specific size","Heartland","United States",2021,3.71,"Base survey of 2015"
"Oats","Operating costs","Chemicals","dollars per planted acre","No specific size","Heartland","United States",2022,5.66,"Base survey of 2015"
"Oats","Operating costs","Chemicals","dollars per planted acre","No specific size","Heartland","United States",2023,1.3,"Base survey of 2023"
"Oats","Operating costs","Chemicals","dollars per planted acre","No specific size","Heartland","United States",2024,1.33,"Base survey of 2023"
"Oats","Operating costs","Chemicals","dollars per planted acre","No specific size","Northern Crescent","United States",2005,2.02,"Base survey of 2005"
"Oats","Operating costs","Chemicals","dollars per planted acre","No specific size","Northern Crescent","United States",2006,2.1,"Base survey of 2005"
"Oats","Operating costs","Chemicals","dollars per planted acre","No specific size","Northern Crescent","United States",2007,2.16,"Base survey of 2005"
"Oats","Operating costs","Chemicals","dollars per planted acre","No specific size","Northern Crescent","United States",2008,2.25,"Base survey of 2005"
"Oats","Operating costs","Chemicals","dollars per planted acre","No specific size","Northern Crescent","United States",2009,2.48,"Base survey of 2005"
"Oats","Operating costs","Chemicals","dollars per planted acre","No specific size","Northern Crescent","United States",2010,2.39,"Base survey of 2005"
"Oats","Operating costs","Chemicals","dollars per planted acre","No specific size","Northern Crescent","United States",2011,2.4,"Base survey of 2005"
"Oats","Operating costs","Chemicals","dollars per planted acre","No specific size","Northern Crescent","United States",2012,2.52,"Base survey of 2005"
"Oats","Operating costs","Chemicals","dollars per planted acre","No specific size","Northern Crescent","United States",2013,2.61,"Base survey of 2005"
"Oats","Operating costs","Chemicals","dollars per planted acre","No specific size","Northern Crescent","United States",2014,2.65,"Base survey of 2005"
"Oats","Operating costs","Chemicals","dollars per planted acre","No specific size","Northern Crescent","United States",2015,5.65,"Base survey of 2015"
"Oats","Operating costs","Chemicals","dollars per planted acre","No specific size","Northern Crescent","United States",2016,5.84,"Base survey of 2015"
"Oats","Operating costs","Chemicals","dollars per planted acre","No specific size","Northern Crescent","United States",2017,5.6,"Base survey of 2015"
"Oats","Operating costs","Chemicals","dollars per planted acre","No specific size","Northern Crescent","United States",2018,5.52,"Base survey of 2015"
"Oats","Operating costs","Chemicals","dollars per planted acre","No specific size","Northern Crescent","United States",2019,5.4,"Base survey of 2015"
"Oats","Operating costs","Chemicals","dollars per planted acre","No specific size","Northern Crescent","United States",2020,5.1,"Base survey of 2015"
"Oats","Operating costs","Chemicals","dollars per planted acre","No specific size","Northern Crescent","United States",2021,5.29,"Base survey of 2015"
"Oats","Operating costs","Chemicals","dollars per planted acre","No specific size","Northern Crescent","United States",2022,8.07,"Base survey of 2015"
"Oats","Operating costs","Chemicals","dollars per planted acre","No specific size","Northern Crescent","United States",2023,8.71,"Base survey of 2023"
"Oats","Operating costs","Chemicals","dollars per planted acre","No specific size","Northern Crescent","United States",2024,6.61,"Base survey of 2023"
"Oats","Operating costs","Chemicals","dollars per planted acre","No specific size","Northern Great Plains","United States",2005,3.1,"Base survey of 2005"
"Oats","Operating costs","Chemicals","dollars per planted acre","No specific size","Northern Great Plains","United States",2006,3.23,"Base survey of 2005"
"Oats","Operating costs","Chemicals","dollars per planted acre","No specific size","Northern Great Plains","United States",2007,3.31,"Base survey of 2005"
"Oats","Operating costs","Chemicals","dollars per planted acre","No specific size","Northern Great Plains","United States",2008,3.45,"Base survey of 2005"
"Oats","Operating costs","Chemicals","dollars per planted acre","No specific size","Northern Great Plains","United States",2009,3.81,"Base survey of 2005"
"Oats","Operating costs","Chemicals","dollars per planted acre","No specific size","Northern Great Plains","United States",2010,3.67,"Base survey of 2005"
"Oats","Operating costs","Chemicals","dollars per planted acre","No specific size","Northern Great Plains","United States",2011,3.69,"Base survey of 2005"
"Oats","Operating costs","Chemicals","dollars per planted acre","No specific size","Northern Great Plains","United States",2012,3.86,"Base survey of 2005"
"Oats","Operating costs","Chemicals","dollars per planted acre","No specific size","Northern Great Plains","United States",2013,4.01,"Base survey of 2005"
"Oats","Operating costs","Chemicals","dollars per planted acre","No specific size","Northern Great Plains","United States",2014,4.07,"Base survey of 2005"
"Oats","Operating costs","Chemicals","dollars per planted acre","No specific size","Northern Great Plains","United States",2015,13.81,"Base survey of 2015"
"Oats","Operating costs","Chemicals","dollars per planted acre","No specific size","Northern Great Plains","United States",2016,14.27,"Base survey of 2015"
"Oats","Operating costs","Chemicals","dollars per planted acre","No specific size","Northern Great Plains","United States",2017,13.68,"Base survey of 2015"
"Oats","Operating costs","Chemicals","dollars per planted acre","No specific size","Northern Great Plains","United States",2018,13.48,"Base survey of 2015"
"Oats","Operating costs","Chemicals","dollars per planted acre","No specific size","Northern Great Plains","United States",2019,13.21,"Base survey of 2015"
"Oats","Operating costs","Chemicals","dollars per planted acre","No specific size","Northern Great Plains","United States",2020,12.47,"Base survey of 2015"
"Oats","Operating costs","Chemicals","dollars per planted acre","No specific size","Northern Great Plains","United States",2021,12.94,"Base survey of 2015"
"Oats","Operating costs","Chemicals","dollars per planted acre","No specific size","Northern Great Plains","United States",2022,19.72,"Base survey of 2015"
"Oats","Operating costs","Chemicals","dollars per planted acre","No specific size","Northern Great Plains","United States",2023,10.64,"Base survey of 2023"
"Oats","Operating costs","Chemicals","dollars per planted acre","No specific size","Northern Great Plains","United States",2024,8.48,"Base survey of 2023"
"Oats","Operating costs","Chemicals","dollars per planted acre","No specific size","Prairie Gateway","United States",2005,0.8,"Base survey of 2005"
"Oats","Operating costs","Chemicals","dollars per planted acre","No specific size","Prairie Gateway","United States",2006,0.83,"Base survey of 2005"
"Oats","Operating costs","Chemicals","dollars per planted acre","No specific size","Prairie Gateway","United States",2007,0.85,"Base survey of 2005"
"Oats","Operating costs","Chemicals","dollars per planted acre","No specific size","Prairie Gateway","United States",2008,0.89,"Base survey of 2005"
"Oats","Operating costs","Chemicals","dollars per planted acre","No specific size","Prairie Gateway","United States",2009,0.98,"Base survey of 2005"
"Oats","Operating costs","Chemicals","dollars per planted acre","No specific size","Prairie Gateway","United States",2010,0.95,"Base survey of 2005"
"Oats","Operating costs","Chemicals","dollars per planted acre","No specific size","Prairie Gateway","United States",2011,0.95,"Base survey of 2005"
"Oats","Operating costs","Chemicals","dollars per planted acre","No specific size","Prairie Gateway","United States",2012,1,"Base survey of 2005"
"Oats","Operating costs","Chemicals","dollars per planted acre","No specific size","Prairie Gateway","United States",2013,1.03,"Base survey of 2005"
"Oats","Operating costs","Chemicals","dollars per planted acre","No specific size","Prairie Gateway","United States",2014,1.05,"Base survey of 2005"
"Oats","Operating costs","Chemicals","dollars per planted acre","No specific size","Prairie Gateway","United States",2015,5.6,"Base survey of 2015"
"Oats","Operating costs","Chemicals","dollars per planted acre","No specific size","Prairie Gateway","United States",2016,5.79,"Base survey of 2015"
"Oats","Operating costs","Chemicals","dollars per planted acre","No specific size","Prairie Gateway","United States",2017,5.55,"Base survey of 2015"
"Oats","Operating costs","Chemicals","dollars per planted acre","No specific size","Prairie Gateway","United States",2018,5.47,"Base survey of 2015"
"Oats","Operating costs","Chemicals","dollars per planted acre","No specific size","Prairie Gateway","United States",2019,5.36,"Base survey of 2015"
"Oats","Operating costs","Chemicals","dollars per planted acre","No specific size","Prairie Gateway","United States",2020,5.06,"Base survey of 2015"
"Oats","Operating costs","Chemicals","dollars per planted acre","No specific size","Prairie Gateway","United States",2021,5.25,"Base survey of 2015"
"Oats","Operating costs","Chemicals","dollars per planted acre","No specific size","Prairie Gateway","United States",2022,8,"Base survey of 2015"
"Oats","Operating costs","Chemicals","dollars per planted acre","No specific size","Eastern Uplands","United States",2023,2.94,"Base survey of 2023"
"Oats","Operating costs","Chemicals","dollars per planted acre","No specific size","Eastern Uplands","United States",2024,2.33,"Base survey of 2023"
"Oats","Operating costs","Custom services","dollars per planted acre","No specific size","U.S. total","United States",2005,7.44,"Base survey of 2005"
"Oats","Operating costs","Custom services","dollars per planted acre","No specific size","U.S. total","United States",2006,10.7,"Base survey of 2005"
"Oats","Operating costs","Custom services","dollars per planted acre","No specific size","U.S. total","United States",2007,7.44,"Base survey of 2005"
"Oats","Operating costs","Custom services","dollars per planted acre","No specific size","U.S. total","United States",2008,8.97,"Base survey of 2005"
"Oats","Operating costs","Custom services","dollars per planted acre","No specific size","U.S. total","United States",2009,9.18,"Base survey of 2005"
"Oats","Operating costs","Custom services","dollars per planted acre","No specific size","U.S. total","United States",2010,9.24,"Base survey of 2005"
"Oats","Operating costs","Custom services","dollars per planted acre","No specific size","U.S. total","United States",2011,9.15,"Base survey of 2005"
"Oats","Operating costs","Custom services","dollars per planted acre","No specific size","U.S. total","United States",2012,9.53,"Base survey of 2005"
"Oats","Operating costs","Custom services","dollars per planted acre","No specific size","U.S. total","United States",2013,9.04,"Base survey of 2005"
"Oats","Operating costs","Custom services","dollars per planted acre","No specific size","U.S. total","United States",2014,10.17,"Base survey of 2005"
"Oats","Operating costs","Custom services","dollars per planted acre","No specific size","U.S. total","United States",2015,9.72,"Base survey of 2015"
"Oats","Operating costs","Custom services","dollars per planted acre","No specific size","U.S. total","United States",2016,9.62,"Base survey of 2015"
"Oats","Operating costs","Custom services","dollars per planted acre","No specific size","U.S. total","United States",2017,9.94,"Base survey of 2015"
"Oats","Operating costs","Custom services","dollars per planted acre","No specific size","U.S. total","United States",2018,9.83,"Base survey of 2015"
"Oats","Operating costs","Custom services","dollars per planted acre","No specific size","U.S. total","United States",2019,10.27,"Base survey of 2015"
"Oats","Operating costs","Custom services","dollars per planted acre","No specific size","U.S. total","United States",2020,10.32,"Base survey of 2015"
"Oats","Operating costs","Custom services","dollars per planted acre","No specific size","U.S. total","United States",2021,9.82,"Base survey of 2015"
"Oats","Operating costs","Custom services","dollars per planted acre","No specific size","U.S. total","United States",2022,10.53,"Base survey of 2015"
"Oats","Operating costs","Custom services","dollars per planted acre","No specific size","U.S. total","United States",2023,9.74,"Base survey of 2023"
"Oats","Operating costs","Custom services","dollars per planted acre","No specific size","U.S. total","United States",2024,9.56,"Base survey of 2023"
"Oats","Operating costs","Custom services","dollars per planted acre","No specific size","Heartland","United States",2005,10.52,"Base survey of 2005"
"Oats","Operating costs","Custom services","dollars per planted acre","No specific size","Heartland","United States",2006,11,"Base survey of 2005"
"Oats","Operating costs","Custom services","dollars per planted acre","No specific size","Heartland","United States",2007,11.55,"Base survey of 2005"
"Oats","Operating costs","Custom services","dollars per planted acre","No specific size","Heartland","United States",2008,12.52,"Base survey of 2005"
"Oats","Operating costs","Custom services","dollars per planted acre","No specific size","Heartland","United States",2009,12.61,"Base survey of 2005"
"Oats","Operating costs","Custom services","dollars per planted acre","No specific size","Heartland","United States",2010,12.61,"Base survey of 2005"
"Oats","Operating costs","Custom services","dollars per planted acre","No specific size","Heartland","United States",2011,12.87,"Base survey of 2005"
"Oats","Operating costs","Custom services","dollars per planted acre","No specific size","Heartland","United States",2012,13.23,"Base survey of 2005"
"Oats","Operating costs","Custom services","dollars per planted acre","No specific size","Heartland","United States",2013,13.75,"Base survey of 2005"
"Oats","Operating costs","Custom services","dollars per planted acre","No specific size","Heartland","United States",2014,14.18,"Base survey of 2005"
"Oats","Operating costs","Custom services","dollars per planted acre","No specific size","Heartland","United States",2015,9.85,"Base survey of 2015"
"Oats","Operating costs","Custom services","dollars per planted acre","No specific size","Heartland","United States",2016,9.83,"Base survey of 2015"
"Oats","Operating costs","Custom services","dollars per planted acre","No specific size","Heartland","United States",2017,10.07,"Base survey of 2015"
"Oats","Operating costs","Custom services","dollars per planted acre","No specific size","Heartland","United States",2018,9.98,"Base survey of 2015"
"Oats","Operating costs","Custom services","dollars per planted acre","No specific size","Heartland","United States",2019,10.43,"Base survey of 2015"
"Oats","Operating costs","Custom services","dollars per planted acre","No specific size","Heartland","United States",2020,10.54,"Base survey of 2015"
"Oats","Operating costs","Custom services","dollars per planted acre","No specific size","Heartland","United States",2021,10.11,"Base survey of 2015"
"Oats","Operating costs","Custom services","dollars per planted acre","No specific size","Heartland","United States",2022,11.1,"Base survey of 2015"
"Oats","Operating costs","Custom services","dollars per planted acre","No specific size","Heartland","United States",2023,10.31,"Base survey of 2023"
"Oats","Operating costs","Custom services","dollars per planted acre","No specific size","Heartland","United States",2024,9.75,"Base survey of 2023"
"Oats","Operating costs","Custom services","dollars per planted acre","No specific size","Northern Crescent","United States",2005,10.03,"Base survey of 2005"
"Oats","Operating costs","Custom services","dollars per planted acre","No specific size","Northern Crescent","United States",2006,10.49,"Base survey of 2005"
"Oats","Operating costs","Custom services","dollars per planted acre","No specific size","Northern Crescent","United States",2007,11.01,"Base survey of 2005"
"Oats","Operating costs","Custom services","dollars per planted acre","No specific size","Northern Crescent","United States",2008,11.94,"Base survey of 2005"
"Oats","Operating costs","Custom services","dollars per planted acre","No specific size","Northern Crescent","United States",2009,12.02,"Base survey of 2005"
"Oats","Operating costs","Custom services","dollars per planted acre","No specific size","Northern Crescent","United States",2010,12.02,"Base survey of 2005"
"Oats","Operating costs","Custom services","dollars per planted acre","No specific size","Northern Crescent","United States",2011,12.27,"Base survey of 2005"
"Oats","Operating costs","Custom services","dollars per planted acre","No specific size","Northern Crescent","United States",2012,12.81,"Base survey of 2005"
"Oats","Operating costs","Custom services","dollars per planted acre","No specific size","Northern Crescent","United States",2013,13.11,"Base survey of 2005"
"Oats","Operating costs","Custom services","dollars per planted acre","No specific size","Northern Crescent","United States",2014,13.52,"Base survey of 2005"
"Oats","Operating costs","Custom services","dollars per planted acre","No specific size","Northern Crescent","United States",2015,11.87,"Base survey of 2015"
"Oats","Operating costs","Custom services","dollars per planted acre","No specific size","Northern Crescent","United States",2016,11.85,"Base survey of 2015"
"Oats","Operating costs","Custom services","dollars per planted acre","No specific size","Northern Crescent","United States",2017,12.14,"Base survey of 2015"
"Oats","Operating costs","Custom services","dollars per planted acre","No specific size","Northern Crescent","United States",2018,12.03,"Base survey of 2015"
"Oats","Operating costs","Custom services","dollars per planted acre","No specific size","Northern Crescent","United States",2019,12.57,"Base survey of 2015"
"Oats","Operating costs","Custom services","dollars per planted acre","No specific size","Northern Crescent","United States",2020,12.7,"Base survey of 2015"
"Oats","Operating costs","Custom services","dollars per planted acre","No specific size","Northern Crescent","United States",2021,12.18,"Base survey of 2015"
"Oats","Operating costs","Custom services","dollars per planted acre","No specific size","Northern Crescent","United States",2022,13.38,"Base survey of 2015"
"Oats","Operating costs","Custom services","dollars per planted acre","No specific size","Northern Crescent","United States",2023,10.91,"Base survey of 2023"
"Oats","Operating costs","Custom services","dollars per planted acre","No specific size","Northern Crescent","United States",2024,10.41,"Base survey of 2023"
"Oats","Operating costs","Custom services","dollars per planted acre","No specific size","Northern Great Plains","United States",2005,2.34,"Base survey of 2005"
"Oats","Operating costs","Custom services","dollars per planted acre","No specific size","Northern Great Plains","United States",2006,2.45,"Base survey of 2005"
"Oats","Operating costs","Custom services","dollars per planted acre","No specific size","Northern Great Plains","United States",2007,2.57,"Base survey of 2005"
"Oats","Operating costs","Custom services","dollars per planted acre","No specific size","Northern Great Plains","United States",2008,2.78,"Base survey of 2005"
"Oats","Operating costs","Custom services","dollars per planted acre","No specific size","Northern Great Plains","United States",2009,2.8,"Base survey of 2005"
"Oats","Operating costs","Custom services","dollars per planted acre","No specific size","Northern Great Plains","United States",2010,2.8,"Base survey of 2005"
"Oats","Operating costs","Custom services","dollars per planted acre","No specific size","Northern Great Plains","United States",2011,2.86,"Base survey of 2005"
"Oats","Operating costs","Custom services","dollars per planted acre","No specific size","Northern Great Plains","United States",2012,2.94,"Base survey of 2005"
"Oats","Operating costs","Custom services","dollars per planted acre","No specific size","Northern Great Plains","United States",2013,3.06,"Base survey of 2005"
"Oats","Operating costs","Custom services","dollars per planted acre","No specific size","Northern Great Plains","United States",2014,3.15,"Base survey of 2005"
"Oats","Operating costs","Custom services","dollars per planted acre","No specific size","Northern Great Plains","United States",2015,7.48,"Base survey of 2015"
"Oats","Operating costs","Custom services","dollars per planted acre","No specific size","Northern Great Plains","United States",2016,7.47,"Base survey of 2015"
"Oats","Operating costs","Custom services","dollars per planted acre","No specific size","Northern Great Plains","United States",2017,7.65,"Base survey of 2015"
"Oats","Operating costs","Custom services","dollars per planted acre","No specific size","Northern Great Plains","United States",2018,7.58,"Base survey of 2015"
"Oats","Operating costs","Custom services","dollars per planted acre","No specific size","Northern Great Plains","United States",2019,7.92,"Base survey of 2015"
"Oats","Operating costs","Custom services","dollars per planted acre","No specific size","Northern Great Plains","United States",2020,8,"Base survey of 2015"
"Oats","Operating costs","Custom services","dollars per planted acre","No specific size","Northern Great Plains","United States",2021,7.67,"Base survey of 2015"
"Oats","Operating costs","Custom services","dollars per planted acre","No specific size","Northern Great Plains","United States",2022,8.43,"Base survey of 2015"
"Oats","Operating costs","Custom services","dollars per planted acre","No specific size","Northern Great Plains","United States",2023,6.18,"Base survey of 2023"
"Oats","Operating costs","Custom services","dollars per planted acre","No specific size","Northern Great Plains","United States",2024,6.36,"Base survey of 2023"
"Oats","Operating costs","Custom services","dollars per planted acre","No specific size","Prairie Gateway","United States",2005,2.55,"Base survey of 2005"
"Oats","Operating costs","Custom services","dollars per planted acre","No specific size","Prairie Gateway","United States",2006,2.67,"Base survey of 2005"
"Oats","Operating costs","Custom services","dollars per planted acre","No specific size","Prairie Gateway","United States",2007,2.8,"Base survey of 2005"
"Oats","Operating costs","Custom services","dollars per planted acre","No specific size","Prairie Gateway","United States",2008,3.03,"Base survey of 2005"
"Oats","Operating costs","Custom services","dollars per planted acre","No specific size","Prairie Gateway","United States",2009,3.06,"Base survey of 2005"
"Oats","Operating costs","Custom services","dollars per planted acre","No specific size","Prairie Gateway","United States",2010,3.06,"Base survey of 2005"
"Oats","Operating costs","Custom services","dollars per planted acre","No specific size","Prairie Gateway","United States",2011,3.12,"Base survey of 2005"
"Oats","Operating costs","Custom services","dollars per planted acre","No specific size","Prairie Gateway","United States",2012,3.21,"Base survey of 2005"
"Oats","Operating costs","Custom services","dollars per planted acre","No specific size","Prairie Gateway","United States",2013,3.33,"Base survey of 2005"
"Oats","Operating costs","Custom services","dollars per planted acre","No specific size","Prairie Gateway","United States",2014,3.44,"Base survey of 2005"
"Oats","Operating costs","Custom services","dollars per planted acre","No specific size","Prairie Gateway","United States",2015,8.73,"Base survey of 2015"
"Oats","Operating costs","Custom services","dollars per planted acre","No specific size","Prairie Gateway","United States",2016,8.71,"Base survey of 2015"
"Oats","Operating costs","Custom services","dollars per planted acre","No specific size","Prairie Gateway","United States",2017,8.93,"Base survey of 2015"
"Oats","Operating costs","Custom services","dollars per planted acre","No specific size","Prairie Gateway","United States",2018,8.85,"Base survey of 2015"
"Oats","Operating costs","Custom services","dollars per planted acre","No specific size","Prairie Gateway","United States",2019,9.25,"Base survey of 2015"
"Oats","Operating costs","Custom services","dollars per planted acre","No specific size","Prairie Gateway","United States",2020,9.34,"Base survey of 2015"
"Oats","Operating costs","Custom services","dollars per planted acre","No specific size","Prairie Gateway","United States",2021,8.96,"Base survey of 2015"
"Oats","Operating costs","Custom services","dollars per planted acre","No specific size","Prairie Gateway","United States",2022,9.84,"Base survey of 2015"
"Oats","Operating costs","Custom services","dollars per planted acre","No specific size","Eastern Uplands","United States",2023,10.52,"Base survey of 2023"
"Oats","Operating costs","Custom services","dollars per planted acre","No specific size","Eastern Uplands","United States",2024,10.68,"Base survey of 2023"
"Oats","Operating costs","Fuel, lube, and electricity","dollars per planted acre","No specific size","U.S. total","United States",2005,14.79,"Base survey of 2005"
"Oats","Operating costs","Fuel, lube, and electricity","dollars per planted acre","No specific size","U.S. total","United States",2006,20.23,"Base survey of 2005"
"Oats","Operating costs","Fuel, lube, and electricity","dollars per planted acre","No specific size","U.S. total","United States",2007,17.24,"Base survey of 2005"
"Oats","Operating costs","Fuel, lube, and electricity","dollars per planted acre","No specific size","U.S. total","United States",2008,23.27,"Base survey of 2005"
"Oats","Operating costs","Fuel, lube, and electricity","dollars per planted acre","No specific size","U.S. total","United States",2009,15.53,"Base survey of 2005"
"Oats","Operating costs","Fuel, lube, and electricity","dollars per planted acre","No specific size","U.S. total","United States",2010,19.38,"Base survey of 2005"
"Oats","Operating costs","Fuel, lube, and electricity","dollars per planted acre","No specific size","U.S. total","United States",2011,24.36,"Base survey of 2005"
"Oats","Operating costs","Fuel, lube, and electricity","dollars per planted acre","No specific size","U.S. total","United States",2012,24.2,"Base survey of 2005"
"Oats","Operating costs","Fuel, lube, and electricity","dollars per planted acre","No specific size","U.S. total","United States",2013,23.35,"Base survey of 2005"
"Oats","Operating costs","Fuel, lube, and electricity","dollars per planted acre","No specific size","U.S. total","United States",2014,24.06,"Base survey of 2005"
"Oats","Operating costs","Fuel, lube, and electricity","dollars per planted acre","No specific size","U.S. total","United States",2015,18.68,"Base survey of 2015"
"Oats","Operating costs","Fuel, lube, and electricity","dollars per planted acre","No specific size","U.S. total","United States",2016,15.73,"Base survey of 2015"
"Oats","Operating costs","Fuel, lube, and electricity","dollars per planted acre","No specific size","U.S. total","United States",2017,18,"Base survey of 2015"
"Oats","Operating costs","Fuel, lube, and electricity","dollars per planted acre","No specific size","U.S. total","United States",2018,20.28,"Base survey of 2015"
"Oats","Operating costs","Fuel, lube, and electricity","dollars per planted acre","No specific size","U.S. total","United States",2019,19.5,"Base survey of 2015"
"Oats","Operating costs","Fuel, lube, and electricity","dollars per planted acre","No specific size","U.S. total","United States",2020,16.32,"Base survey of 2015"
"Oats","Operating costs","Fuel, lube, and electricity","dollars per planted acre","No specific size","U.S. total","United States",2021,21.66,"Base survey of 2015"
"Oats","Operating costs","Fuel, lube, and electricity","dollars per planted acre","No specific size","U.S. total","United States",2022,30.74,"Base survey of 2015"
"Oats","Operating costs","Fuel, lube, and electricity","dollars per planted acre","No specific size","U.S. total","United States",2023,23.96,"Base survey of 2023"
"Oats","Operating costs","Fuel, lube, and electricity","dollars per planted acre","No specific size","U.S. total","United States",2024,22.37,"Base survey of 2023"
"Oats","Operating costs","Fuel, lube, and electricity","dollars per planted acre","No specific size","Heartland","United States",2005,14.63,"Base survey of 2005"
"Oats","Operating costs","Fuel, lube, and electricity","dollars per planted acre","No specific size","Heartland","United States",2006,16.19,"Base survey of 2005"
"Oats","Operating costs","Fuel, lube, and electricity","dollars per planted acre","No specific size","Heartland","United States",2007,17.88,"Base survey of 2005"
"Oats","Operating costs","Fuel, lube, and electricity","dollars per planted acre","No specific size","Heartland","United States",2008,23.3,"Base survey of 2005"
"Oats","Operating costs","Fuel, lube, and electricity","dollars per planted acre","No specific size","Heartland","United States",2009,15.44,"Base survey of 2005"
"Oats","Operating costs","Fuel, lube, and electricity","dollars per planted acre","No specific size","Heartland","United States",2010,19.24,"Base survey of 2005"
"Oats","Operating costs","Fuel, lube, and electricity","dollars per planted acre","No specific size","Heartland","United States",2011,24.52,"Base survey of 2005"
"Oats","Operating costs","Fuel, lube, and electricity","dollars per planted acre","No specific size","Heartland","United States",2012,24.27,"Base survey of 2005"
"Oats","Operating costs","Fuel, lube, and electricity","dollars per planted acre","No specific size","Heartland","United States",2013,24.03,"Base survey of 2005"
"Oats","Operating costs","Fuel, lube, and electricity","dollars per planted acre","No specific size","Heartland","United States",2014,24,"Base survey of 2005"
"Oats","Operating costs","Fuel, lube, and electricity","dollars per planted acre","No specific size","Heartland","United States",2015,17.16,"Base survey of 2015"
"Oats","Operating costs","Fuel, lube, and electricity","dollars per planted acre","No specific size","Heartland","United States",2016,15.03,"Base survey of 2015"
"Oats","Operating costs","Fuel, lube, and electricity","dollars per planted acre","No specific size","Heartland","United States",2017,17.08,"Base survey of 2015"
"Oats","Operating costs","Fuel, lube, and electricity","dollars per planted acre","No specific size","Heartland","United States",2018,19.29,"Base survey of 2015"
"Oats","Operating costs","Fuel, lube, and electricity","dollars per planted acre","No specific size","Heartland","United States",2019,18.38,"Base survey of 2015"
"Oats","Operating costs","Fuel, lube, and electricity","dollars per planted acre","No specific size","Heartland","United States",2020,15.62,"Base survey of 2015"
"Oats","Operating costs","Fuel, lube, and electricity","dollars per planted acre","No specific size","Heartland","United States",2021,20.81,"Base survey of 2015"
"Oats","Operating costs","Fuel, lube, and electricity","dollars per planted acre","No specific size","Heartland","United States",2022,30.08,"Base survey of 2015"
"Oats","Operating costs","Fuel, lube, and electricity","dollars per planted acre","No specific size","Heartland","United States",2023,27.32,"Base survey of 2023"
"Oats","Operating costs","Fuel, lube, and electricity","dollars per planted acre","No specific size","Heartland","United States",2024,26.37,"Base survey of 2023"
"Oats","Operating costs","Fuel, lube, and electricity","dollars per planted acre","No specific size","Northern Crescent","United States",2005,17.93,"Base survey of 2005"
"Oats","Operating costs","Fuel, lube, and electricity","dollars per planted acre","No specific size","Northern Crescent","United States",2006,19.84,"Base survey of 2005"
"Oats","Operating costs","Fuel, lube, and electricity","dollars per planted acre","No specific size","Northern Crescent","United States",2007,21.91,"Base survey of 2005"
"Oats","Operating costs","Fuel, lube, and electricity","dollars per planted acre","No specific size","Northern Crescent","United States",2008,28.56,"Base survey of 2005"
"Oats","Operating costs","Fuel, lube, and electricity","dollars per planted acre","No specific size","Northern Crescent","United States",2009,18.93,"Base survey of 2005"
"Oats","Operating costs","Fuel, lube, and electricity","dollars per planted acre","No specific size","Northern Crescent","United States",2010,23.57,"Base survey of 2005"
"Oats","Operating costs","Fuel, lube, and electricity","dollars per planted acre","No specific size","Northern Crescent","United States",2011,30.05,"Base survey of 2005"
"Oats","Operating costs","Fuel, lube, and electricity","dollars per planted acre","No specific size","Northern Crescent","United States",2012,29.75,"Base survey of 2005"
"Oats","Operating costs","Fuel, lube, and electricity","dollars per planted acre","No specific size","Northern Crescent","United States",2013,29.45,"Base survey of 2005"
"Oats","Operating costs","Fuel, lube, and electricity","dollars per planted acre","No specific size","Northern Crescent","United States",2014,29.42,"Base survey of 2005"
"Oats","Operating costs","Fuel, lube, and electricity","dollars per planted acre","No specific size","Northern Crescent","United States",2015,22.39,"Base survey of 2015"
"Oats","Operating costs","Fuel, lube, and electricity","dollars per planted acre","No specific size","Northern Crescent","United States",2016,19.6,"Base survey of 2015"
"Oats","Operating costs","Fuel, lube, and electricity","dollars per planted acre","No specific size","Northern Crescent","United States",2017,22.28,"Base survey of 2015"
"Oats","Operating costs","Fuel, lube, and electricity","dollars per planted acre","No specific size","Northern Crescent","United States",2018,25.18,"Base survey of 2015"
"Oats","Operating costs","Fuel, lube, and electricity","dollars per planted acre","No specific size","Northern Crescent","United States",2019,23.98,"Base survey of 2015"
"Oats","Operating costs","Fuel, lube, and electricity","dollars per planted acre","No specific size","Northern Crescent","United States",2020,20.38,"Base survey of 2015"
"Oats","Operating costs","Fuel, lube, and electricity","dollars per planted acre","No specific size","Northern Crescent","United States",2021,27.15,"Base survey of 2015"
"Oats","Operating costs","Fuel, lube, and electricity","dollars per planted acre","No specific size","Northern Crescent","United States",2022,39.24,"Base survey of 2015"
"Oats","Operating costs","Fuel, lube, and electricity","dollars per planted acre","No specific size","Northern Crescent","United States",2023,27.48,"Base survey of 2023"
"Oats","Operating costs","Fuel, lube, and electricity","dollars per planted acre","No specific size","Northern Crescent","United States",2024,25.71,"Base survey of 2023"
"Oats","Operating costs","Fuel, lube, and electricity","dollars per planted acre","No specific size","Northern Great Plains","United States",2005,11.55,"Base survey of 2005"
"Oats","Operating costs","Fuel, lube, and electricity","dollars per planted acre","No specific size","Northern Great Plains","United States",2006,12.78,"Base survey of 2005"
"Oats","Operating costs","Fuel, lube, and electricity","dollars per planted acre","No specific size","Northern Great Plains","United States",2007,14.12,"Base survey of 2005"
"Oats","Operating costs","Fuel, lube, and electricity","dollars per planted acre","No specific size","Northern Great Plains","United States",2008,18.39,"Base survey of 2005"
"Oats","Operating costs","Fuel, lube, and electricity","dollars per planted acre","No specific size","Northern Great Plains","United States",2009,12.19,"Base survey of 2005"
"Oats","Operating costs","Fuel, lube, and electricity","dollars per planted acre","No specific size","Northern Great Plains","United States",2010,15.19,"Base survey of 2005"
"Oats","Operating costs","Fuel, lube, and electricity","dollars per planted acre","No specific size","Northern Great Plains","United States",2011,19.36,"Base survey of 2005"
"Oats","Operating costs","Fuel, lube, and electricity","dollars per planted acre","No specific size","Northern Great Plains","United States",2012,19.16,"Base survey of 2005"
"Oats","Operating costs","Fuel, lube, and electricity","dollars per planted acre","No specific size","Northern Great Plains","United States",2013,18.97,"Base survey of 2005"
"Oats","Operating costs","Fuel, lube, and electricity","dollars per planted acre","No specific size","Northern Great Plains","United States",2014,18.95,"Base survey of 2005"
"Oats","Operating costs","Fuel, lube, and electricity","dollars per planted acre","No specific size","Northern Great Plains","United States",2015,13.03,"Base survey of 2015"
"Oats","Operating costs","Fuel, lube, and electricity","dollars per planted acre","No specific size","Northern Great Plains","United States",2016,11.41,"Base survey of 2015"
"Oats","Operating costs","Fuel, lube, and electricity","dollars per planted acre","No specific size","Northern Great Plains","United States",2017,12.97,"Base survey of 2015"
"Oats","Operating costs","Fuel, lube, and electricity","dollars per planted acre","No specific size","Northern Great Plains","United States",2018,14.65,"Base survey of 2015"
"Oats","Operating costs","Fuel, lube, and electricity","dollars per planted acre","No specific size","Northern Great Plains","United States",2019,13.95,"Base survey of 2015"
"Oats","Operating costs","Fuel, lube, and electricity","dollars per planted acre","No specific size","Northern Great Plains","United States",2020,11.86,"Base survey of 2015"
"Oats","Operating costs","Fuel, lube, and electricity","dollars per planted acre","No specific size","Northern Great Plains","United States",2021,15.8,"Base survey of 2015"
"Oats","Operating costs","Fuel, lube, and electricity","dollars per planted acre","No specific size","Northern Great Plains","United States",2022,22.84,"Base survey of 2015"
"Oats","Operating costs","Fuel, lube, and electricity","dollars per planted acre","No specific size","Northern Great Plains","United States",2023,19.17,"Base survey of 2023"
"Oats","Operating costs","Fuel, lube, and electricity","dollars per planted acre","No specific size","Northern Great Plains","United States",2024,17.93,"Base survey of 2023"
"Oats","Operating costs","Fuel, lube, and electricity","dollars per planted acre","No specific size","Prairie Gateway","United States",2005,10.22,"Base survey of 2005"
"Oats","Operating costs","Fuel, lube, and electricity","dollars per planted acre","No specific size","Prairie Gateway","United States",2006,11.31,"Base survey of 2005"
"Oats","Operating costs","Fuel, lube, and electricity","dollars per planted acre","No specific size","Prairie Gateway","United States",2007,12.49,"Base survey of 2005"
"Oats","Operating costs","Fuel, lube, and electricity","dollars per planted acre","No specific size","Prairie Gateway","United States",2008,16.28,"Base survey of 2005"
"Oats","Operating costs","Fuel, lube, and electricity","dollars per planted acre","No specific size","Prairie Gateway","United States",2009,10.79,"Base survey of 2005"
"Oats","Operating costs","Fuel, lube, and electricity","dollars per planted acre","No specific size","Prairie Gateway","United States",2010,13.44,"Base survey of 2005"
"Oats","Operating costs","Fuel, lube, and electricity","dollars per planted acre","No specific size","Prairie Gateway","United States",2011,17.13,"Base survey of 2005"
"Oats","Operating costs","Fuel, lube, and electricity","dollars per planted acre","No specific size","Prairie Gateway","United States",2012,16.96,"Base survey of 2005"
"Oats","Operating costs","Fuel, lube, and electricity","dollars per planted acre","No specific size","Prairie Gateway","United States",2013,16.78,"Base survey of 2005"
"Oats","Operating costs","Fuel, lube, and electricity","dollars per planted acre","No specific size","Prairie Gateway","United States",2014,16.77,"Base survey of 2005"
"Oats","Operating costs","Fuel, lube, and electricity","dollars per planted acre","No specific size","Prairie Gateway","United States",2015,14.16,"Base survey of 2015"
"Oats","Operating costs","Fuel, lube, and electricity","dollars per planted acre","No specific size","Prairie Gateway","United States",2016,12.4,"Base survey of 2015"
"Oats","Operating costs","Fuel, lube, and electricity","dollars per planted acre","No specific size","Prairie Gateway","United States",2017,14.09,"Base survey of 2015"
"Oats","Operating costs","Fuel, lube, and electricity","dollars per planted acre","No specific size","Prairie Gateway","United States",2018,15.92,"Base survey of 2015"
"Oats","Operating costs","Fuel, lube, and electricity","dollars per planted acre","No specific size","Prairie Gateway","United States",2019,15.16,"Base survey of 2015"
"Oats","Operating costs","Fuel, lube, and electricity","dollars per planted acre","No specific size","Prairie Gateway","United States",2020,12.89,"Base survey of 2015"
"Oats","Operating costs","Fuel, lube, and electricity","dollars per planted acre","No specific size","Prairie Gateway","United States",2021,17.17,"Base survey of 2015"
"Oats","Operating costs","Fuel, lube, and electricity","dollars per planted acre","No specific size","Prairie Gateway","United States",2022,24.82,"Base survey of 2015"
"Oats","Operating costs","Fuel, lube, and electricity","dollars per planted acre","No specific size","Eastern Uplands","United States",2023,28.58,"Base survey of 2023"
"Oats","Operating costs","Fuel, lube, and electricity","dollars per planted acre","No specific size","Eastern Uplands","United States",2024,26.52,"Base survey of 2023"
"Oats","Operating costs","Repairs","dollars per planted acre","No specific size","U.S. total","United States",2005,11.42,"Base survey of 2005"
"Oats","Operating costs","Repairs","dollars per planted acre","No specific size","U.S. total","United States",2006,13.86,"Base survey of 2005"
"Oats","Operating costs","Repairs","dollars per planted acre","No specific size","U.S. total","United States",2007,12.33,"Base survey of 2005"
"Oats","Operating costs","Repairs","dollars per planted acre","No specific size","U.S. total","United States",2008,12.62,"Base survey of 2005"
"Oats","Operating costs","Repairs","dollars per planted acre","No specific size","U.S. total","United States",2009,12.94,"Base survey of 2005"
"Oats","Operating costs","Repairs","dollars per planted acre","No specific size","U.S. total","United States",2010,13.11,"Base survey of 2005"
"Oats","Operating costs","Repairs","dollars per planted acre","No specific size","U.S. total","United States",2011,13.57,"Base survey of 2005"
"Oats","Operating costs","Repairs","dollars per planted acre","No specific size","U.S. total","United States",2012,13.92,"Base survey of 2005"
"Oats","Operating costs","Repairs","dollars per planted acre","No specific size","U.S. total","United States",2013,14.35,"Base survey of 2005"
"Oats","Operating costs","Repairs","dollars per planted acre","No specific size","U.S. total","United States",2014,14.53,"Base survey of 2005"
"Oats","Operating costs","Repairs","dollars per planted acre","No specific size","U.S. total","United States",2015,24.52,"Base survey of 2015"
"Oats","Operating costs","Repairs","dollars per planted acre","No specific size","U.S. total","United States",2016,24.71,"Base survey of 2015"
"Oats","Operating costs","Repairs","dollars per planted acre","No specific size","U.S. total","United States",2017,25.01,"Base survey of 2015"
"Oats","Operating costs","Repairs","dollars per planted acre","No specific size","U.S. total","United States",2018,26.07,"Base survey of 2015"
"Oats","Operating costs","Repairs","dollars per planted acre","No specific size","U.S. total","United States",2019,26.77,"Base survey of 2015"
"Oats","Operating costs","Repairs","dollars per planted acre","No specific size","U.S. total","United States",2020,27.16,"Base survey of 2015"
"Oats","Operating costs","Repairs","dollars per planted acre","No specific size","U.S. total","United States",2021,29.04,"Base survey of 2015"
"Oats","Operating costs","Repairs","dollars per planted acre","No specific size","U.S. total","United States",2022,32.86,"Base survey of 2015"
"Oats","Operating costs","Repairs","dollars per planted acre","No specific size","U.S. total","United States",2023,35.14,"Base survey of 2023"
"Oats","Operating costs","Repairs","dollars per planted acre","No specific size","U.S. total","United States",2024,36.07,"Base survey of 2023"
"Oats","Operating costs","Repairs","dollars per planted acre","No specific size","Heartland","United States",2005,10.88,"Base survey of 2005"
"Oats","Operating costs","Repairs","dollars per planted acre","No specific size","Heartland","United States",2006,11.27,"Base survey of 2005"
"Oats","Operating costs","Repairs","dollars per planted acre","No specific size","Heartland","United States",2007,11.58,"Base survey of 2005"
"Oats","Operating costs","Repairs","dollars per planted acre","No specific size","Heartland","United States",2008,11.97,"Base survey of 2005"
"Oats","Operating costs","Repairs","dollars per planted acre","No specific size","Heartland","United States",2009,12.2,"Base survey of 2005"
"Oats","Operating costs","Repairs","dollars per planted acre","No specific size","Heartland","United States",2010,12.43,"Base survey of 2005"
